:020000041101E8
:10010000F7B5164B0192C318021D002000938823F7
:100110005B05D3181B685C1C1AD09CB2402C18D805
:100120008D781E0CAC466746CD782D023D43AE421D
:1001300006D1019800280ED110000C70240A4C70D2
:1001400003249BB20733A343D218009B9A42DED309
:10015000FEBD4432F9E71000FAE7C046FC0F00008C
:10016000802213B503000324019189B252010731A3
:100170009B18A14304305A1A88235B05C3181B68D7
:10018000591C03D190429241104016BD99B24029AA
:1001900007D80B000733A343C0189042ECD30020CC
:1001A000F3E74430F9E7134B134A1B68126810B5A4
:1001B000F424934201D81A00F024104BA4021B68C7
:1001C0009A4210D813000E4A12689A420ED3013395
:1001D00007D1F0239B029C4203D10A49054808F04D
:1001E00027FA200010BDF824A402ECE7FC24A402A6
:1001F000F7E7C04600C0031100D0031100E003116F
:1002000000F00311FFFFFF7FF0B59BB015000490D5
:100210000391402A00D9A0E006AB59801A80FFF76D
:10022000C2FF0400042816D9002206A9FFF768FFC0
:10023000052810D906AB1B88AB420CD1002D07D086
:10024000514B2A000499C01808F0CAF9002802D1BD
:1002500001201BB0F0BD06AB1D8020000699FFF702
:100260007FFF041E7BD1069B0793FFF79CFF802333
:100270005B01C61880230700DB029E4201D3F026F3
:10028000B60288235B05F31801931B68013302D083
:10029000019808F04DF93D49019808F0C9F93B1D56
:1002A0000293331D05938822029B52059B181B68FD
:1002B00008935A1C3CD044219AB20091402A04D899
:1002C0000320D11D814389B2009103991B0C8B42FD
:1002D00024D0402A22D80122300008A9FFF710FFBD
:1002E000021E1BD1380008A9FFF70AFF04000428EA
:1002F00031D9009A059B9B1880225201B218934273
:1003000040D288235B05C118009A09A808F048FA72
:100310001D4B009A09A9F01808F022FA009A029BD6
:100320009446634402931A4B029AFB189A42BAD33A
:1003300088235B05FC1821680198013908F078F9D9
:10034000200008F0F5F8039A07AB5A8030000799AF
:10035000FFF706FF0400002C03D1002079E70428F2
:10036000FBD988235B05E018069908F061F903239F
:10037000EA1C9A4300D16BE7034B0499E01808F09C
:10038000EFF965E70424ECE704000011FFFFFF7FAD
:10039000F80F0000F7B505001400402A21D8002707
:1003A00001AE71803780FFF7FEFE042816D93A00AF
:1003B0003100FFF7A5FE042810D93688BC420BD0C7
:1003C000BD4209D0221CB44200D9321C064B92B265
:1003D000C118280008F0E4F930B2FEBDC04300B2F5
:1003E000FBE703204042F8E70400001137B5042280
:1003F00004000D0001A81649FFF7CCFF02000428F5
:100400000BD1019BA34208D3AB4204D0104901A8F1
:100410000195FFF7F9FE01203EBD0E4C2368200038
:10042000019308F085F8019920000139019108F045
:10043000FFF880235B01E418074B9C42EED10422B5
:10044000034901A80195FFF7DFFE0020E4E7C0465D
:100450005555000000C00311000004118022F8B5BA
:10046000964C974BD200002120001C6008F0F0F859
:100470002300944A88331A60934B1A786A23002A1F
:1004800000D01133E3620A232365904B37221B7897
:100490000820A3638E4B2118E361102323628D4B48
:1004A0003B256361C823DB00A36123008C331A6002
:1004B0002823013AE26320646364CA67043A211D79
:1004C000CA672100BC310D602100C03108602100E5
:1004D000C4310B6021000635CC310D602100083D90
:1004E000C8310D602100D0310A602200D432106082
:1004F0002200D832136022000227E0322100176068
:100500004222DC310A6021001B3DE4310D602100F4
:10051000E83108602100EC310B6023000521F43341
:1005200019602300F0331A602300183290331A60E8
:1005300023009433186023001E3A98331A60AF23C7
:10054000DB002360644BFA262363644B644DE36055
:10055000644BF031A3642300FF31FC33B600A1608B
:1005600021611E60A5627325E5656D3D6565A56524
:1005700096255D4AAD00E264666258606766A566CE
:1005800000270925A767E566584F594D6067200089
:100590002567E2673A6015279C30676007001A20DC
:1005A00038602000A0300700212038602000A830EB
:1005B00007004C4838602000F830066026006427A9
:1005C000A436376026005F3FAC3637602600033F15
:1005D000B03637602600C637B436376026000027AD
:1005E000B836376038269E60424E96205E64424E92
:1005F0005A66DE61414E9A645E62F53EFF3E9E623F
:100600001E269A67354A8000DE661F675F67DD65D4
:100610001D661862DA67BE23394A5B00E250394B27
:10062000D838235004302250C4225200A350C6238D
:10063000E4205B00E1500433334AE1503349344B4A
:10064000D1603449800019503349E938FF381950D6
:1006500032490430195032493248D161324911636C
:10066000324951631900F4310860CE20304940000E
:1006700011603049195019002F48F83108602F498E
:10068000D16582212E4A89005A501A002D4908321C
:10069000D1671A002C49B432116088212B4A890095
:1006A0005A501A002A49883211602A4ADA6407F03F
:1006B0006FFE012007F044FFF8BDC0460004FF1F95
:1006C0003062FF1F006DFF1FD440FF1F4A0AFF1F4B
:1006D0003A07000080C3C9019A020000DC0500004F
:1006E0006A18000050C3000088130000F009FF1FC3
:1006F000204E00006509FF1F68100000C4090000BB
:1007000040420F0010270000FC00FF1FC11BFF1F0D
:100710000000FF1F152CFF1F9D2FFF1F352EFF1FF1
:10072000811FFF1F7126FF1F9D1FFF1F4921FF1FF4
:100730000D1FFF1F9528FF1F7D29FF1FD918FF1FC1
:10074000A127FF1FC524FF1FD124FF1F0D1EFF1F60
:10075000C51EFF1F851DFF1F0223F0B50124634D39
:10076000634E2B70634B34701A68634B89B004205E
:100770005A7006F09DFB07F05BFEFFF76FFE07F077
:100780003FFF1F2200215D4B1E271A705C4B6F44F8
:100790001C705C4B19705C4B19689143163A0A4304
:1007A0001A60602219689143403A0A431A6007F0C0
:1007B000E7FF07F07DFE554B9847C120FF21544BC2
:1007C00080001A588A431A50C522920098588843CC
:1007D000BF390143995098584E4908408021C901BA
:1007E0000143802099509958C0050902090A014324
:1007F000995080214848490107F062FF03232200F5
:10080000464901940093464808F012F816224549DB
:1008100002A807F0C5FF02AC61782078023405F029
:1008200045FFA742F8D1404C404B226803201A40B4
:10083000A023DB0213432360802322689B0413431D
:10084000236022683A4B1A4080239B0313432360A2
:10085000384A394B934200D8012008F019F807F0C4
:100860008FFE80232268DB0413432360287808F07E
:1008700007F83078C0B207F023FE07F021FD2F49BA
:10088000042007F035FF06F009F906F055FD00F0E9
:1008900013FE00F0BBFE2A482A4906F0F3FB2A4B60
:1008A0002A4819782A4B32781C782A4BC9B21E780C
:1008B000D2B22B780196009406F0E4FB082126487A
:1008C000264A06F0DFFB8023A12225489200234917
:1008D0005B0106F0D7FB234B2348196806F0D2FBD7
:1008E00000F022F9002009B0F0BDC0464A0AFF1FFF
:1008F000D440FF1F34F00040D85FFF1F480AFF1F9D
:10090000490AFF1F680AFF1FBCF00040E1A2000077
:1009100000E100E0FF00FFFFD840FF1F5C53FF1F16
:10092000D850FF1F5A90011114F00040FF7FF8FFCC
:10093000FFFF9FFF0080FF1F006DFF1F3B000108AE
:10094000D0880111020101034B0AFF1FE688011143
:10095000440AFF1F450AFF1F14890111780A00008D
:1009600044890111800AFF1F98890111704770475F
:1009700030B503A804880B20002C0ED14968074D20
:1009800008784978090201430A20A94205D10121CA
:1009900020001980024B1B7A137030BD192A000009
:1009A000C05FFF1FF7B5150008AA16884A680F4FE9
:1009B00014785278120222430A24BA4214D1012236
:1009C000DBB2019200962A0007F0D8FB041E0BD17F
:1009D000074B1B68002B07D068782A780002104369
:1009E00042425041013098472000FEBD02290000DC
:1009F000DC5DFF1F30B5012503790400BFB02B4239
:100A000011D00A49408806F025FF28420BD0084B38
:100A100001A95B8D4D800B80064B00221B7A6088FC
:100A20000B7103F0BBFB3FB030BDC046D45DFF1F70
:100A3000F03DFF1FC05FFF1F10B50549054806F0D8
:100A4000BFFE0421044A054806F07CFE10BDC046E6
:100A5000D45DFF1FFFFF000070900111F03DFF1FEC
:100A600010B5024804F078FA10BDC046F50901112E
:100A700001230370054B1A7A42700C2282709A7916
:100A8000C270DB79037105207047C046C05FFF1F4D
:100A9000022310B50370013B43700533837010339C
:100AA0000371443B43712A3383714433C371002380
:100AB0000372064B04001B8843720A30FFF7D8FF0D
:100AC000831D0A30C0B2E37010BDC046C05FFF1F77
:100AD00010B5142007F084FE124B14220021186078
:100AE00007F0B6FD002007F003FC012007F008FD29
:100AF000022007F015FC032003F076FC042005F02B
:100B00000DFD052002F0AAFE062003F081FB072060
:100B100001F012F9082006F0F5FD092000F096FE1C
:100B200010BDC046E05DFF1F07F0C2FB012007F0CB
:100B30006FFD07F025FC002B01D000221A800A204F
:100B400070470000F0B56C4B85B01B68002B17D0C8
:100B50006A4C2021200000F0D9FB694D2B78002B36
:100B600010D19825674C6D0020212B00220063488E
:100B700000F0F3FB0100A84202D1200000F0A2FB2C
:100B800005B0F0BD6E796F78002E2CD0701E032159
:100B900007F0E6FB5C4B0131C9B21E78012940D158
:100BA000A878FF21784307F03BFEC3B20193E878B1
:100BB000FF21784307F034FEC3B202932879FF2166
:100BC000784307F02DFE23000322C0B260331642A3
:100BD00004D10199A070217002996170033401362B
:100BE000A342F4D1BDE7A878FF21784307F018FEAF
:100BF000C3B20193E878FF21784307F011FEC3B236
:100C000002932879FF21784307F00AFEC0B2019BC6
:100C100001362370029BA07063700334202EF6D13E
:100C20009FE702293DD10325002375430193EDB2CF
:100C3000542E20D8E8430023C0B202950393FF212D
:100C4000784307F0EDFD20700298FF21784307F00C
:100C5000E7FD60700398FF21784307F0E1FD019BF9
:100C6000083601331835A0700193F6B2EDB20334A3
:100C7000202BDDD175E7A92E09D86B1CDBB20393BD
:100C800002235B425B1BDBB200200293D7E7032306
:100C90005B425B1BDBB203930023A81CC0B2029330
:100CA000CDE7700073B2C0B2002B03DAFF239B1BA9
:100CB0005B00D8B2FF21784307F0B2FD0600A878A8
:100CC000FF21704307F0ACFDC7B2E878FF21704305
:100CD00007F0A6FDC3B201932879FF21704307F006
:100CE0009FFD0023C0B2019A013327706270A0708B
:100CF0000334202BF7D134E7105EFF1F445FFF1F42
:100D0000A45FFF1F145EFF1FEE5DFF1FF0B585B0EF
:100D10001F000AAB15000E241B8800292CD0002AC6
:100D20002AD0033C002B27D10B78013C022B23D186
:100D30004B681A785B781B0213431C4A93421BD101
:100D40000334092F18D12B79EA78A9780397EC7925
:100D500017480294AC7901946C79009406F092F9EA
:100D6000144E3A002900300000F0F9F8041E06D0B5
:100D7000114806F087F98024200005B0F0BD3A0044
:100D800029000E4807F00CFD3579737872793178B7
:100D90000395F5780A480295B5780195B5790095DF
:100DA00006F070F9FFF7CEFEE6E7C046F3FF00005D
:100DB000AA890111A45FFF1FEA890111E45DFF1FE9
:100DC000068A011110B50E4800F08AF900210720AB
:100DD00005F052FD0221072005F068FC00210320E8
:100DE00005F04AFD0221032005F060FC00210420EB
:100DF00005F042FD0221042005F058FC10BDC0465C
:100E0000F05DFF1F7FB5072005F030FC04000320D4
:100E100005F02CFC0500042005F028FC01214D40C4
:100E20004C40EBB241401F4DE2B21F4CC9B20091A1
:100E30002800210000F05CF9002812D025796378A1
:100E4000627921780395E57818480295A57801958F
:100E5000A579009506F016F90022154B1A70FFF7D8
:100E600071FE2378002B13D06379002B10D0FF2163
:100E70001220A3790E4ECB1A9BB2584307F0F8FA12
:100E8000357802300135EDB2C0B2854201D23570FD
:100E90007FBD0023074A3370137801331370FFF7C7
:100EA00051FEF5E7F05DFF1FA45FFF1F448A0111AB
:100EB000ED5DFF1FEE5DFF1F70B5154C200000F0CB
:100EC0003FF80023134A14481370144A2370137018
:100ED00000F06AF943424341114D12492B6000284A
:100EE00000D11149114806F0CDF82B68002B08D02D
:100EF00000232370FFF726FEFFF724FE0C4806F0C0
:100F0000C1F803210B4A0C4806F01CFC70BDC0461A
:100F1000A45FFF1FEE5DFF1F009F2400ED5DFF1F1C
:100F2000105EFF1F8C8A0111898A0111918A0111BB
:100F3000B08A0111B4900111343EFF1F7047704711
:100F400000280BD001230370FE338022437083708E
:100F5000C3700371002382714371C371704710B570
:100F60000123041E23D0002921D0DB18092A1ED119
:100F70000A7801337E2A1AD10A7AEF2A17D18B78A0
:100F8000072B09D8002B09D0981E052808D807F090
:100F900017FA101728374F54812B57D0042306E037
:100FA0004A780323042A02D1CB7863700023180007
:100FB00010BD4A780323042AF9D1CB78A371F5E751
:100FC0004A78052AF3D10A79032A04D17F22CB7803
:100FD00013406371EAE704239A42E8D1033BE371CB
:100FE000F4E74B78042B34D10A79002ADFD1C87892
:100FF0004A798242DBD10133012AD8D82270D5E761
:10100000CA780423032AD2D14A78072ACFD1EF2005
:10101000CA79103A0242CAD10B79A3704B79E370B6
:101020008B792371CB79202BC0D11F3BE371BDE7B6
:101030004A780323042AB9D0B9E74A780523042A59
:10104000B5D1CA78012AB2D8E271AFE74B78062B46
:10105000ACD00323ABE7000002788A4204D001231E
:1010600001708370002070478378032B18D80133F8
:10107000DBB28370042BF5D143789342F2D04270F7
:10108000002A05D000238380C38003720120EAE791
:10109000037A8280C2800272584258414000E2E7DF
:1010A0004378002BDED083880C4A934201D0013371
:1010B0008380037A002B07D182883B2AD2D9012270
:1010C0000272C3800320CEE7C38801339BB20E2B8C
:1010D00001D8C380C6E70023F3E7C046FFFF000046
:1010E00010B5002803D02022002107F0B1FA10BD6E
:1010F000F7B51E0008AB1B780C000500110001932A
:10110000002839D0201E37D02800FFF7A5FF0700A0
:10111000280031000A30FFF79FFF060028000199E0
:101120001430FFF799FF02000020012F04D123782B
:10113000380059424B412370022E1ED10721032053
:10114000AB7F01330B401749AB7758430B00C35CAF
:101150000918A37000234D788978E57021716371B7
:10116000E3710120022A12D1637901320133134065
:1011700063710023E3710120FEBD032EF2D1637879
:101180002021DF2B01D85B18D9B26170E9E7032A6F
:10119000F2D1A3791D32DF2B01D89B18DAB2A271EC
:1011A000E9E7C046D090011170B5041E66D08423D3
:1011B000354A5B0111680B4313604023334A1168C1
:1011C0000B4313608023DB051A6831490A401A601B
:1011D0008022196852010A432E491A600A682E4B70
:1011E0001A40B0235B0313430B6080232B4ADB03BD
:1011F00011680B4313602A4B984763000500834234
:101200003FD860082100401907F032F9254A030051
:1012100090422FD91300DA0717D51A00032B00D2FA
:1012200003222149013A8B4200D90B00110061438E
:1012300001335C43481B8D4200D9681A611BA542EB
:1012400000D9291B884200D8130008240020174920
:10125000174AFF34087014802222164C25682A434E
:101260002260154A1360154B154A1860012313704C
:101270000B7070BD0228CED20223CCE70120404281
:10128000F7E70220FBE7C0460800004014000040DA
:10129000FFEFFFFF2C380040FFFFC0FF0C3800407D
:1012A000D1A50000FEFF0000FDFF00000870004017
:1012B000007000402C300040147000402C70004042
:1012C0001070004030B5002817D002230C4C411894
:1012D000884206D101232278100018401A42FAD120
:1012E00030BD22781A42F3D0064A1268072AEFD896
:1012F0000578054A01301560EAE701204042EFE732
:101300002870004020700040607000400B000028F2
:1013100005D00321594300234118884200D170476A
:101320000370437083700330F7E7F0B500220624A2
:10133000130080260427A446340014413D000442D3
:1013400000D06546DB0001322B43082AF4D11A0C89
:101350000A701A0A4A708B70F0BDF0B504001500CF
:10136000070085B0002819D0171E17D009224A435C
:10137000170010370192BB4222D303232E004B43A8
:10138000C3180293330009330393029B9C4208D194
:10139000019B10220021E81807F05AF9380005B027
:1013A000F0BD31006078FFF7C0FF2078F11CFFF737
:1013B000BCFFA078B11DFFF7B8FF0334039EE1E73F
:1013C0000027EBE770B5160004AA148805AA157863
:1013D0004A685078117800022A4A08438018052884
:1013E0004BD806F0EDFF03131E29343F0720092CCC
:1013F0000BD80A22121BAA4200D92A0022491A80BD
:101400003000091907F0CCF9002070BD0720112C1D
:10141000FBD81222121BAA4200D92A001B491A80AB
:10142000EEE707200E2CF0D80F22121BAA4200D99B
:101430002A0017491A80E3E70720032CE5D8042285
:10144000121BAA4200D92A0012491A80D8E70720A5
:10145000032CDAD80422121BAA4200D92A000E4912
:101460001A80CDE70720022CCFD80322121BAA42F4
:1014700000D92A0009491A80C2E700220A201A80EE
:10148000C3E7C046DCD5FFFF12910111AC5FFF1F1F
:1014900002910111FD900111F8900111F4900111D8
:1014A00010B50D21024A034806F04CF910BDC046A4
:1014B000E8900111643EFF1F10B5084CE368002B53
:1014C00008D18022064B52021B689B186360054BB3
:1014D0001B68236006F0E4FEA06010BDE85FFF1FFC
:1014E000C8F00040CCF0004070B5184A936A916A89
:1014F0009942FBD116498A689A421FD39A1A8B6087
:10150000144B0126186893B2D202D20E43434243D1
:1015100000204C681B0A1B1912029B180E4C0A680B
:101520004B60551CA3420CD8002801D04B600A60C8
:101530000A4A136008680A4B186070BD581E821A68
:10154000DDE7084A30009B182A00EAE700F0004077
:10155000E85FFF1F140AFF1F40420F00C8F0004061
:10156000CCF00040C0BDF0FF70B51F4C23793F2B7D
:1015700001D93F2323711D4B22791A701878C0B20C
:1015800006F0BEFE18231A491A4A0B801A49138026
:101590000B805380A379194980200B800C21938004
:1015A00001334B43164D191C0001834200D9011C25
:1015B0002980D1806379002B01D101336371237AB3
:1015C000012B01D8022323726279237A0D485343F9
:1015D0000A21584307F024F90B4D2860E379052BC5
:1015E00001D81023E37170BDDC5FFF1F480AFF1FA5
:1015F0004E3FFF1F8040FF1F4C3FFF1F4A3FFF1F12
:10160000483FFF1F71020000CC5FFF1F064B70B503
:101610001900064A31CA31C102225A7100229A7158
:10162000FFF7A2FF70BDC046DC5FFF1F38910111BC
:101630007047000070B50400013806280DD806F088
:10164000BFFE041135551D0C57002A4805F01AFD40
:10165000294B0221187806F0B3FF2100274805F036
:1016600011FD70BD264805F00DFD234B08211878AB
:1016700007F01EF90022234B1A72EEE780220025A4
:10168000204B52001A81FA22DD721F4B1A4E5B7AF0
:10169000920008215A43307806F05AFE290030782B
:1016A00006F0BEFE194805F0EDFCD6E7184805F037
:1016B000E9FC114B0821187807F0FAF81548FFF7F4
:1016C000E7F9114B144A9B799380144A1380002246
:1016D0000C4BDA720132FF321A81114B1B78002B4E
:1016E000BBD0104A136006F0FBFEB6E70E48DAE7FF
:1016F0000E48D8E7D48A0111F85FFF1F528B011101
:10170000E38A0111CC5FFF1FDC5FFF1FF78A011125
:101710000A8B0111593FFF1F8040FF1F4A3FFF1FE7
:10172000D85FFF1F34F00040218B0111428B011163
:101730000300F0B50A4D8E18B14202D15200801854
:10174000F0BD0C782F6824093C5D0F271C700C78C5
:1017500001313C402F683C5D5C700233ECE7C046D1
:10176000443FFF1F13220F4B10B51A7012230E4C6B
:101770000E492370093A093B0D48637007F010F8D1
:101780002D2301220B490C482373FFF7D1FF0122BF
:101790000A49FFF7CDFF01220949FFF7C9FF0023DE
:1017A000037010BDF661FF1FD761FF1F1291011179
:1017B000D961FF1F6709FF1FE461FF1F6609FF1F53
:1017C0006509FF1F10B5FFF7CDFF084C084B2078C7
:1017D00021000130C0B2187006F0BAFF2178054A26
:1017E0000139C9B2002005F0CBFE10BDD761FF1F43
:1017F000F661FF1FD961FF1F10B5114B1A781870E1
:10180000002A0ED000280BD10E4B1A78062A07D8D2
:101810005423D340DB0703D50B4B187801F09CFE13
:1018200010BD0028FCD0074B1B78012B02D0033BD6
:10183000022BF5D8044B0121187806F0C1FEEFE722
:10184000FA61FF1F2162FF1F2262FF1FF0B5634B89
:1018500087B01870624805F015FC624805F012FC6C
:10186000614805F00FFC06F06BFD03225F496048FC
:10187000FFF75EFF2D24030088211C700422490518
:101880000130FFF755FF302302220470437083704C
:10189000584C594B2000DA8758490432FEF77AFD3C
:1018A000062813D0200006F0A3FD022809D003214A
:1018B000200006F0D5FF8D23E3706E3B23711933B2
:1018C0006371062220004D49FEF79EFC4C4B01251A
:1018D0001B686427FC335C64FFF774FF0723494EE1
:1018E000494C3370053B23700433A370033BE37012
:1018F0002371ED33637145490F3345486570A3711A
:1019000005F0C0FB434B444804935979794305F0F3
:10191000B9FBA37821780593A3796278039363795F
:101920003E48029323790193E3780093059B05F0E9
:10193000A9FB0020FFF760FF3278394E2300290011
:10194000307801F0CBFD374A0021374B12783078E0
:1019500001F0C4FD354B284A1D70049B1F4C5B7978
:101960007B4319000A3193811382D18151822078FF
:10197000202106F0FDFC0120404205F04DFE012033
:10198000404205F0E9FEFFF78BFDFFF755F82848C8
:1019900005F078FB01204042FFF78EFAFFF712FABC
:1019A00080210A220901207806F0D2FC280006F0E6
:1019B0000FFDF02000F048FF2900207806F000FE1F
:1019C000207801F045FF1B4806F022FDFEF7CEFF10
:1019D000194805F057FB07B0F0BDC046F85FFF1F80
:1019E000618B01118F8B0111AA8B0111F43FFF1F35
:1019F000AC5FFF1F6509FF1F803FFF1FADAC0000FC
:101A00003062FF1F783FFF1F593FFF1FD961FF1F43
:101A1000C08B0111DC5FFF1FD38B0111F08B011113
:101A20002262FF1FF661FF1FD761FF1FC861FF1F02
:101A3000238C0111FA5FFF1F438C0111F8B520239D
:101A40000E000D001E40194261D0654B654C1B789D
:101A5000002B42D0FFF748FD634B644E99686268E3
:101A6000737A8A1ADB039A423ED36160FEF77EFFE7
:101A7000637A002B2ED0013BDBB26372002B29D19D
:101A8000E27A002A11D0A27AE372002A02D0A3726D
:101A9000FEF76DFF564A574F138838000133138005
:101AA000FEF7F6FF390006F02BFE64227379524EE2
:101AB00053431900514A0A319381D18113825182D3
:101AC000307801F049FD04224D4B012130781A7025
:101AD00006F076FD237A013323724A48217A05F015
:101AE000D1FA20206840F8BDA37A002BC0D0002393
:101AF000A372FEF73CFF3E4A3E4F13883800013385
:101B00001380FEF7C5FF390006F0FAFDB0E70BB20F
:101B1000002B15DA3C4B187806F002FE041E0CD0A0
:101B20000378912B06D143780E2B03D18188374857
:101B300005F0A8FA200006F0EBFC80200002D1E7B7
:101B40000224214209D0324805F09CFA254B01209D
:101B50001E72FFF751FE2000C4E70824214207D07F
:101B60002C4805F08FFAFFF7BFFCFEF7FFFEF2E707
:101B7000CB0615D51E4B28481A7AD98805F082FA6B
:101B8000FEF7F5FE164B1B78002B07D1FEF768FF1A
:101B9000164B1B68DB0701D5FFF7D1F91020A1E731
:101BA0000124214208D01D4805F06CFA1C4800F0C1
:101BB00087F806F04DFCCEE780242401214202D0B4
:101BC000FFF720F9C7E7042408002040214200D194
:101BD00089E7144805F056FAFFF7B0F9BBE7C046AD
:101BE000FA61FF1FCC5FFF1FE85FFF1FDC5FFF1F75
:101BF000C05FFF1F593FFF1F2262FF1F803FFF1F73
:101C00002162FF1F6E8C0111F85FFF1F768C01119E
:101C10009F8C0111CE8C0111D98C0111ED8C011119
:101C20003C3FFF1F088D0111F0B51B4B1B4F1B885C
:101C30003A8804001A4E1B4D85B09A420DD832885E
:101C40009A420AD3184B1A882B889A4205D1174A10
:101C5000174B12881B889A421BD0052000F050FEBB
:101C60003B8802AA13803388019053802B88114D42
:101C700093800F4B02A91B88D3800F4B2A781888BA
:101C800002F096FB0D4B08212878019A1C7006F093
:101C9000FFFA05B0F0BDC046C661FF1F4E3FFF1FF3
:101CA0004C3FFF1F4A3FFF1FC461FF1FC261FF1F60
:101CB000483FFF1F2262FF1F503FFF1FC061FF1FF1
:101CC00013B50C4B1C78002C11D1002801D00A4B05
:101CD00018600A4A0A4B11780A4A10780A4A019297
:101CE0000A4A0092002205F03BFB200016BD112499
:101CF000FBE7C0462162FF1FBC61FF1F2062FF1F80
:101D00001062FF1F2262FF1FFC61FF1F0062FF1FA6
:101D100010B5064B12201B78052B06D1044B13225D
:101D20001988044B187800F0C7FF10BD2162FF1F0F
:101D3000503FFF1F2262FF1F10B500240122114BEC
:101D400052421870104B1C70104B1A8001F080FD2D
:101D500004220F4B21001A700E480C3206F0E0FBF3
:101D6000102221000C4806F0DBFB07220B4B1C6005
:101D70000B4B1C700B4B1C700B4B1A700B4B1C70DD
:101D800010BDC0462262FF1F2162FF1F503FFF1F90
:101D90002062FF1F1062FF1F0062FF1FFC61FF1F18
:101DA000D661FF1FD561FF1F523FFF1FD461FF1F88
:101DB000F8B5174C0600257806A814240078052DE0
:101DC00023D1B41F134FA5B21824BD421DD88D1FB7
:101DD000ADB2BD4219D8FA256D00AA4215D21D0038
:101DE0000D4F0A3DADB2BD420FD80C4C26800C4CB5
:101DF00021800C4900240A800B4A1380FFF714FF4E
:101E00000A4B0421187806F053FD2000F8BDC046A7
:101E10002162FF1F790C0000750C00004E3FFF1F70
:101E20004C3FFF1F4A3FFF1F483FFF1F2262FF1F1B
:101E3000F0B50BB20D0089B0002B00DB84E1AC4E95
:101E4000307806F06DFC041E2DD00378A22B00D153
:101E500033E1D02B2CD0912B22D143780E2B1FD1E4
:101E60008388A44A934211D1A34A83681278052A31
:101E700016D1032018567F2812D0A04B1B68002BC8
:101E80000ED05B68002B0BD0984709E09C4A934228
:101E900006D181689B488B784A78097805F0F2F87A
:101EA000200006F035FB80200002684009B0F0BD3C
:101EB00080780728F4D806F0EBFB0800F3FF1C003D
:101EC0003C003C007300A700D7006378002B0CD1C6
:101ED0000121894B19708C4B1A78002A54D08B4BF6
:101EE000307801F0FBFA00284ED00722824B1A709E
:101EF0004AE061780029F8D1E378002B0AD0844ABF
:101F0000844B1278307801F0E9FA60706378002B26
:101F1000C6D0EAE7784B1B78022BC1D0012130787C
:101F200006F0A6FB0028F1D10121307806F048FB2D
:101F3000ECE76378002BD8D16F4F032807D13B78AB
:101F4000052B02D101333B701EE00223FBE7724BED
:101F50001A88724B0293002A0BD01B78002B03D0F7
:101F60000121307806F094F93B78062B04D1013B2F
:101F7000E9E7029B1A70F7E7042B43D10121029B8A
:101F80003078197006F01CFB5C4B1B68002B00D1ED
:101F900086E71B68002B00D182E7574A107873E769
:101FA0006378554F002B27D10622211D5C4806F08F
:101FB000F7FB62895B4B5C491A80A2895B4B1A80F4
:101FC000E3890B800521397059490A80594A1380E9
:101FD000228A594B1A80594B1B78012B09D11F209B
:101FE00000F08EFCFA22920042430421307806F081
:101FF0004FF90022494B7AE7312B00D075E70022D8
:10200000464B1A7003239EE706220021444806F03F
:1020100087FA0023464A04211380464A3078138009
:10202000454A138006F044FC0821307806F040FC55
:10203000A379083B5A4253412F4A03331370324B62
:102040001B78002B06D0354B30781A78002A06D042
:1020500001F082FA0122334B52421A8094E70121A7
:10206000197006F0ADFAF5E70821307806F020FC8B
:102070006378002B00D013E72D4B2F4F0293E3889A
:10208000029A042113802B4B307803932389039AFF
:10209000138063893B8006F0EBFA002800D0FFE64E
:1020A000274B1B68002B00D1FAE6039902983A8867
:1020B000098800881B689847F2E64379132B00D003
:1020C000EEE60389012B0AD11E4B1B78022B06D1A9
:1020D0000821307806F0ECFBFFF71AFEE0E6052059
:1020E00000F00EFC08210200307806F0D1F8D7E6A7
:1020F0002262FF1F051400002162FF1FBC61FF1F49
:10210000222000002A8D0111783FFF1F593FFF1F39
:10211000F661FF1FD761FF1FF861FF1FFA61FF1F04
:10212000C961FF1F503FFF1FD061FF1FD261FF1F1A
:10213000C661FF1FC461FF1FC261FF1FC861FF1F8F
:10214000B861FF1FC061FF1F8020C001014200D0A5
:10215000ABE6CB0731D5324B1B78002B1DD0314E6F
:1021600005AC3378052B1AD1023B23702E4B21008E
:102170001B7823722D4B1B7863722D4B187801F05E
:1021800051F9002809D007202A4B30701B68002B1A
:1021900003D01B68002B00D09847012085E60E2055
:1021A000254B06221B7825492370254B1B7863702D
:1021B00002ABC01806F0F4FAD8E702230800184072
:1021C000194209D0174B1B78052B03D11D4B1888DA
:1021D00006F0EEFA022068E60424214203D0FFF75D
:1021E00023FD200061E6082308001840194200D1B1
:1021F0005CE6154B1C78012C03D0022C0DD0082076
:1022000053E6124B124A134913481B881288098857
:1022100000880094FFF7CCFDF1E7FFF779FDEEE7CA
:10222000FA61FF1F2162FF1F523FFF1FD461FF1F92
:102230002262FF1FBC61FF1FD661FF1F533FFF1FBC
:10224000D561FF1F503FFF1FC061FF1F483FFF1FA9
:102250004A3FFF1F4C3FFF1F4E3FFF1F10B5034C6F
:102260000B000122210000F06BFA10BD1D240111AA
:102270000B8870B506000D000224162B11D92B0017
:102280000322094900F05CFA041E0AD1074B2A8890
:102290001B88191C934200D9111C300089B200F030
:1022A000EFFA200070BDC046492401113662FF1FBD
:1022B00010B54A780400013A0B000220012A07D821
:1022C0000A78002A04D005222000024900F038FADA
:1022D00010BDC046772401110A7810B50B00040028
:1022E0000220002A04D007222000024900F028FA28
:1022F00010BDC046232501110A7810B50B0004005B
:102300000220002A04D009222000024900F018FA15
:1023100010BDC0468925011110B5034C0B000B22DE
:10232000210000F00DFA10BDB925011110B5034CC4
:102330000B000D22210000F003FA10BD2B26011125
:1023400010B5034C0B000F22210000F0F9F910BD6D
:10235000852601110A7810B50B0004000220002A1E
:1023600004D011222000024900F0EAF910BDC04655
:1023700095260111002310B51322190000F0E0F991
:1023800010BD000010B5034C0B001722210000F017
:10239000D7F910BDE7260111002310B51922190045
:1023A00000F0CEF910BD000010B5034C0B001B224D
:1023B000210000F0C5F910BD21270111F7B584896E
:1023C0000D0006000121002C22D000238268D35684
:1023D0001778002B1EDA0C2C1AD90C3CA4B2131956
:1023E00040880093230002F012FF431E9841013001
:1023F0007B06DB0F6B703F23013C1F40A4B22870AB
:10240000AF70AC80002C07D0B3680133AB60002103
:102410000800FEBD0020EBE7AC60F8E70B78037026
:102420004B8843704B881B0A83700B79C370042060
:1024300070470420022B06D10020537811781B022C
:10244000009A0B43138070470B8803700B881B0A9C
:102450004370022070470420009983420AD15378C8
:1024600010781B0203430B80D37890781B02034340
:1024700000204B807047F8B50D004B7801240021F7
:10248000461C03702B788B4201D82000F8BD6B7876
:10249000B01C4F1C012B10D1890069184B880222F7
:1024A00033704B88B9001B0A7370691806F0A8F9DD
:1024B00004360434A4B2F9B2E4E7122359436B188A
:1024C0005A88043132705B8810221B0A73706918B5
:1024D00006F096F912361234ECE770B5049D14003C
:1024E0001E00052B01D8042070BD637812781B02F2
:1024F00013432B80E378A2781B02134302226B80E4
:102500002A71211D681D063E06F07AF9B2B22A81B1
:10251000E92AE8D82800A11D0A3006F071F9002048
:10252000E2E7002310B50A789A4201D8900010BD66
:102530009A008A185488013304705488DBB2240A44
:102540004470948884709288120AC2700430EAE75A
:1025500010B51100029C062B04D004201022142B6D
:1025600001D010BD022222714B7808781B02034370
:102570002380CB7888781B02034363800431601D7D
:1025800006F03EF90020ECE710B50C788B780431AA
:102590005C43E4B203702200013006F031F9601CA4
:1025A00010BD0420022B06D10020537811781B02A5
:1025B000009A0B431380704710B50C000A88023153
:1025C00006F01EF9208810BD70B504000D000498B7
:1025D0001100012B01D8042070BD16785278120228
:1025E000324302800200F13255701470E125002C54
:1025F00000D10C35023B9AB24280AA42EBD802319C
:10260000043006F0FDF80020E6E70420009983423C
:102610000AD1537810781B0203430B80D37890784B
:102620001B02034300204B80704710B50C000A8842
:10263000023106F0E5F8208810BD000070B50121D8
:102640001E000420049C0E400B4218D1CB40DDB28A
:102650008D4214D90A49DBB2098899420FD323006D
:10266000EE331D703300580011184978165C0902CA
:10267000314301332152D9B28D42F4D8002070BDCC
:102680007A3FFF1F10B50C000A88023106F0B8F837
:10269000208810BD10B50C788B7804315C43E4B20F
:1026A00003702200013006F0ABF8601C10BD10B5BD
:1026B00011000298032B01D8042010BD1478527821
:1026C000043B120222430280CA788C781202224311
:1026D00042809AB28280EB2AEED80431063006F0AE
:1026E0008FF80020E9E710B50C000B8803700B8809
:1026F0001B0A43704B8883704B881B0AC3708A88FF
:102700000430063106F07CF8A088043080B210BD99
:102710000420012B03D100201378009A1370704716
:1027200010B50C000B8803700B881B0A43704A8895
:102730000230043106F064F86088023080B210BDC7
:10274000F0B589B003931E4B029242000700D05AA5
:10275000019102F050F81325061E2DD0029B012492
:102760000370019B002B04D00019039998470019AE
:1027700084B26B461B7A5BB2002B0FDA1021380053
:1027800002F0A8FB1925002813D130003219E1B25C
:1027900002F0F2FC051E0CD10C34A4B2042304AAEE
:1027A000380005A993800696948101F0DFFD051E8F
:1027B00002D0300006F004F8280009B0F0BDC04691
:1027C0003462FF1F70B505000C0000280CD00020FB
:1027D000814209D010222000044906F011F801209E
:1027E0002B7823736B78637370BDC04644910111DD
:1027F000F0B506000D0017001C0085B002291BD0A3
:102800000020102907D1022B07D0102B03D115E08F
:102810000020102C08D005B0F0BD69463800FFF745
:10282000D1FF2A0069460BE069463000FFF7CAFF76
:1028300022006946380004E0022BE9D12A00390061
:10284000300005F01DFEE6E7031CF02800D9F02358
:10285000032008499AB2013A0B80D3170340064976
:102860009B189B100B80D30F04499B185B100B80A7
:102870007047C0467E3FFF1F7C3FFF1F7A3FFF1F10
:10288000054B10B51B888B4205D3044B4000C15249
:10289000034804F0F7FB10BD7E3FFF1F3462FF1FAB
:1028A0003D8D0111014B4000185A70473462FF1FE3
:1028B0001722014B1A8070473462FF1F70B5050064
:1028C0000E2005F075FE041E13D0D02303700023E4
:1028D0000622837007494570033005F091FF064BCF
:1028E0002100DA8A62811B7E2373044B187805F07D
:1028F0001FFD70BD5062FF1F4062FF1FCE3FFF1FD4
:10290000262803D8024B4000C05A70470148FCE714
:10291000803FFF1FFFFF000070B506000C00094D4F
:102920001C220021280005F0FBFD074B1E70074B01
:102930001C7005F0D5FC0123002801D000231220D3
:102940002B7070BD4062FF1FCE3FFF1F6162FF1FF3
:1029500070B505000D4C0800E260A1601022002156
:10296000656005F05DFE012803D11021A06802F02A
:1029700004FE10220021280005F052FE012803D198
:102980001021606802F0F9FD70BDC0464062FF1F73
:1029900070B5041E05D1002903D006220D4805F0AC
:1029A0002FFF0D4B1D78012D11D1002C05D10222D6
:1029B0001A7005F0FDFC280070BD00221A70074B4C
:1029C0001B78FF2BF7D02000FFF778FFF3E70025F7
:1029D000F1E7C0465062FF1F4062FF1FCE3FFF1F5E
:1029E000030010B5002801D1002010BD00780B4A6B
:1029F000002803D15988D1821B7913761378022BD2
:102A0000F2D10023984200D103331370044B1B789A
:102A1000FF2B01D0FFF752FF0120E6E74062FF1FC6
:102A2000CE3FFF1F002911D000280CD04B79012880
:102A300003D140225242134303E03F2213400328B4
:102A400002D001204B7170474022F4E70800FAE7FA
:102A500070B5094D0100287800280BD0074C0622DC
:102A6000200005F0CDFE21002878FFF7DBFF2000D5
:102A700005F0AEFD70BDC0466062FF1F3A62FF1FE9
:102A800000290AD0012808D13F224B799343C02B5B
:102A900003D0403B5A425341981C704770B5174DC4
:102AA00006002B78FF2B15D00A2005F081FD041EAF
:102AB00010D0D0230370C83B8370114B11491B7891
:102AC0004670C3700622043005F09AFE2100287873
:102AD00005F02EFC0C4B1B78012B0DD10B4B1B680A
:102AE000002B03D09B68002B00D09847084B042193
:102AF0001878084A05F02CFC70BDC046CE3FFF1F79
:102B00006062FF1F3A62FF1F5C62FF1F8862FF1F47
:102B10008C62FF1F60EA0000014B98687047C04656
:102B20004062FF1F014BDB68186870474062FF1F5F
:102B3000074B10B5DA68136801331360054B18783A
:102B4000FF2803D08021C90105F03AFD10BDC04621
:102B50004062FF1FCE3FFF1FF7B50E0002F04EF997
:102B6000051E1CD00E4B06621F78002F00D107787F
:102B7000AB791020019305F01BFD041E0FD0D0236C
:102B80000380C73B8370019BE91DC370062204309C
:102B900005F036FE21003800E66005F0C9FBF7BD00
:102BA000CC3FFF1F014B18787047C0466062FF1F83
:102BB000054B002805D1054B1A78054B002A00D19A
:102BC000014B18007047C0465062FF1F6062FF1F34
:102BD0003A62FF1F014B58687047C0464062FF1FB2
:102BE000024B1868431E9841C0B270476462FF1FD1
:102BF000421E03000120152A03D9FF3B5A425341CC
:102C0000D8B27047F0B51C0000230E0085B00390C9
:102C100002920B70029A934201D3002019E0E55C06
:102C20005A1CD2B2002DF8D0029851198142F4DC1E
:102C30000233DFB2A35C18000193FFF7D9FF00282D
:102C400007D0013D019A0399EBB233708A4202D159
:102C5000E01905B0F0BDDB19DBB2DBE710B50C0005
:102C600002F024F903001220002B03D02100588821
:102C700005F0AEFD10BD000070B50E4D8400635927
:102C8000002B15D0186A002801D005F089FB2B59BC
:102C9000586A002801D005F083FB2B59986A002858
:102CA00001D005F07DFB285905F07AFB00232B515C
:102CB00070BDC0467062FF1F1C4B70B504000E0053
:102CC000150099420AD11A4B1B68002B01D1122022
:102CD00070BD1B68002BFAD09847F9E7154B994255
:102CE00015D1134B1B68002B0AD01B68002B07D093
:102CF0009847002804D1104B1C70104B1D70E7E75B
:102D000029002000FFF7AAFF0028E1D1F3E708001F
:102D100002F074F80028DAD003780320A342D7D158
:102D20002900300005F054FDD2E7C046FEFF000048
:102D30006C62FF1FFFFF00006962FF1F6862FF1FD8
:102D4000F7B50400808802F059F80025A84203D0A6
:102D50000578A08802F08EF81C4E3378002B1FD027
:102D6000AB421DD11A4B28001978FFF777FF0028D6
:102D700018D000233370A3790820A778A688019380
:102D800005F016FC011E0DD0D0230370CA3B8370E2
:102D9000019B477086808371280005F0C9FA01E025
:102DA000002DE8D1A0880B4B8200D358002B01D016
:102DB000FFF762FF1721A088FFF762FDA08801F0EE
:102DC00057FDA08801F062FEF7BDC0466962FF1F93
:102DD0006862FF1F7062FF1FF0B587B01D000CAB6B
:102DE0001B88070001930DAB1B88142002930EABC8
:102DF0001B88160003930FAB1B880091049310AB44
:102E00001B88059305F0D4FB041E1AD0D023037051
:102E1000CB3B47708370C670062229000430002D1A
:102E200011D005F0EDFC019B21006381029B00980D
:102E3000A381039BE381049B2382059BA37405F07C
:102E400077FA07B0F0BD05F06BFBECE7F7B5009340
:102E500008AB1B8807000C200D001600019305F03D
:102E6000A7FB041E13D0280001F0C8FF00280FD0D4
:102E70000078D0232370C93BA370009B21002381DD
:102E8000019B6770A580E680638105F051FAF7BD6C
:102E9000014B1878EDE7C046CE3FFF1F13B5040085
:102EA00064890389C2888188C0780094FFF7CEFFC7
:102EB00013BD000010B5044C2068002803D005F0B5
:102EC0006FFA0023236010BD7462FF1FA122F0B5CA
:102ED000818892004A43384B384F1B6804009B1886
:102EE0009D2292009B18827989B01A603B68002B62
:102EF0005FD01D78324B1B68002B04D05B68002B21
:102F000001D000209847260008363100E079FFF70D
:102F1000B7FD237DE0710200E0780493638A290005
:102F20000393238A0293E3890193A38800933300D8
:102F3000FFF752FFE378002B0BD1E289A379A18838
:102F400002920196E27928000092012201F060FFCE
:102F5000E0703B68002B20D0FFF7ACFF194D2878BC
:102F600000281AD0184B1978FFF778FE002814D0E3
:102F70002B78E67808200793A78805F019FB011E37
:102F800009D0D0230370CA3B467083708780867156
:102F9000079805F0CDF900232B701721A088FFF7C3
:102FA0006FFCA08801F064FCA08801F06FFD09B0FF
:102FB000F0BD064B9DE7C0463409FF1F7462FF1F3A
:102FC0008862FF1F6962FF1F6862FF1FCE3FFF1FFD
:102FD000F8B5070008000E0001F010FF041E18D01D
:102FE0002620FFF78DFC051E00D12578062005F070
:102FF000DFFA041E0DD00021062205F091FAD0233D
:103000002370C23B21006770A370A680E8B205F070
:103010008FF9F8BDF0B585B001930AAB1B780700B6
:1030200002930BAB1B7808000D000092039301F094
:10303000E5FE061E22D0102005F0BAFA041E1DD0AF
:103040001022002105F06CFA2620FFF759FC002819
:1030500000D13078D0232370C13BA370009B2100A6
:103060002372019B67706372029BA580A372039B0E
:10307000C0B2E3720C9BE36005F05AF905B0F0BDF5
:10308000F7B50D00019001F0B9FE071E20D00E200B
:1030900005F08EFA041E1BD02620FFF731FC061E19
:1030A00000D13E78D0232380C53B0622A370F91DB2
:1030B000E01C05F0A5FB019B2A0063810123DD4094
:1030C0001A401D40210022736573F0B205F030F9FB
:1030D000F7BD0000F0B585B0029010000D0017009C
:1030E0000A9E039301F08AFE041E31D0029B002B3E
:1030F0002ED1039B02795B0724D5122313430422AC
:10310000002E08D10B99002905D10C99002902D174
:103110000D9900291AD01A430D9B2271002B00D063
:10312000C9E0002E00D1CFE0002D00D0CCE0606AD5
:10313000002801D005F034F91C21300005F0E8FA30
:10314000606205E002239A430E33D7E7934323716D
:10315000654BBA00D458002C00D1AAE0002E10D044
:10316000236A002B03D11C2005F03AFB20625E4B42
:10317000BA00D358186A002803D01C22310005F089
:103180003FFB0C9B002B12D0574CBB001D596B6AA8
:10319000002B03D1162005F023FB6862BB00E35827
:1031A000586A002803D016220C9905F029FB0D9BC4
:1031B000002B11D04C4DBC006659B36A002B03D1D3
:1031C000142005F00DFBB0622B59986A002803D03B
:1031D00014220D9905F014FB380001F00FFE051EB6
:1031E00067D0414BBA00D358002B62D01A6A342002
:1031F000002A00D11C389A6A002A01D0143080B20B
:103200000B9A002A01D01C3080B25B6A002B01D0DF
:10321000163080B205F0CCF9041E4AD018220021E5
:1032200005F07EF92620FFF76BFB0190002801D105
:103230002B780193D0232370029B200063700A2314
:10324000294EA370039BBD00A371AB59A780196AD7
:103250001830002905D01C22A06005F0D1FA20000A
:1032600034307359996A002907D0030014221433AB
:10327000E060029305F0C4FA02980B9B002B08D083
:1032800003001C221C330B992061029305F0B8FA4D
:1032900002987359596A002903D01622606105F01B
:1032A000AFFA6B462100187905F042F83800FFF7B5
:1032B000E3FC05B0F0BD10220D9B0D991B69A01811
:1032C000236205F09DFA2CE70B9B002B00D13FE712
:1032D000012D00D03CE7606A002801D005F060F8BD
:1032E0001C210B982AE7C0467062FF1F10B5044CE2
:1032F0002068002803D005F053F80023236010BD98
:103300006462FF1F0B4B07B51A68002A01D1002029
:103310000EBD6946531C012012780731FFF772FC7D
:103320000028F4D002780123100018401A42EED091
:10333000EEE7C0468062FF1FF0B51F4F01203B68DB
:1033400087B0002B25D09B78059300F0DDFB00288B
:1033500021D00A20FFF7D4FA04000B20FFF7D0FA9F
:10336000164B05001E78731E9E413B68F6B2191D70
:10337000D878FFF757FB3B682900DA7A04330392C9
:103380009A7901930292009033002000059A05F08B
:1033900097FA07B0F0BDFFF7B5FF002805D006206B
:1033A000FFF7AEFA04000720D8E70820FFF7A8FAD5
:1033B00004000920D2E7C0466462FF1F6062FF1F5D
:1033C00070B50A4E040033780D00FF2B0DD0042099
:1033D00005F0EEF8011E08D0D0230370CE3B4570F7
:1033E0008370C470307804F0A3FF70BDDC3FFF1F12
:1033F00070B5040006200D0005F0DAF8011E0AD0B1
:10340000D0230370CD3B8370054B44701B688580CF
:10341000187804F08DFF002C01D0FFF767FF70BD16
:103420006462FF1FF8B5264F06003B680D001124AB
:10343000002B05D10522234B1B78134202D1122405
:103440002000F8BD204A10241268002AF8D0127813
:10345000002AF5D0DB0719D52B789A1E012A1AD835
:103460000C2005F0BDF9132438600028E8D00023B3
:103470000A22437029000670023005F0C1F9FFF7F7
:103480005BFF041E0AD0FFF731FFD9E700F03CFBD9
:103490000028E1D1E4E7002BE2D0D0E70B4B1B780A
:1034A000032BCDD11D20FFF72BFA094B18800028E4
:1034B000C6D0084B04211878074A04F049FFBFE73B
:1034C0006462FF1F6162FF1F8062FF1F6062FF1F57
:1034D0005E62FF1F8C62FF1F60EA0000F7B5019378
:1034E000194B14001A78052306000F0012201A4207
:1034F00021D0012920D1154B1D68002D1BD00220A1
:103500001F2C18D8002C02D0019B002B13D0104B7D
:103510001F221E706E1C0021300005F001F8019979
:103520002200300005F06CF9310020002C70002FD3
:1035300006D004F0CDFEFEBD064B12201D68DCE770
:1035400005F006F9F7E7C0466162FF1F8062FF1FC2
:10355000DC3FFF1F7C62FF1FF8B50F4E122433685B
:10356000002B17D01B780F3C834213D100250B4F43
:103570000221387805F09CF9094B042138781D8028
:1035800005F096F9074B28001D8033685C7004F045
:1035900037FF04002000F8BD6462FF1F8C62FF1F2C
:1035A0007862FF1F5E62FF1F70B5012823D11B4C9C
:1035B0002388002B03D01A4A1578002D07D0194B09
:1035C0001B68002B02D01878FFF7C6FF70BD3B2B9D
:1035D00002D93C3B2380F9E7134E0221307805F0F5
:1035E00067F9FA222388920002215A43307804F0C6
:1035F0004FFE2580EAE70B4B1B68002BE6D00B4BF8
:103600001B785B07E2D5084B0221187805F050F9CA
:103610000022024B1A80FFF769FED7E77862FF1F8E
:103620005C62FF1F6462FF1F8C62FF1F6162FF1FED
:10363000F8B51E4D2868002803D004F0B1FE002321
:103640002B601B4E3068002803D004F0A9FE002335
:103650003360184F05243B7818002040234221D0C6
:10366000154800F055FA3B78234213D0202005F08E
:10367000B7F82860002813D02022002104F050FF62
:10368000202005F0ADF8041E306005D02022002176
:1036900004F046FF002004E0286804F081FE2C605E
:1036A0001320F8BD00F034FAF4E7C0468062FF1F33
:1036B0007C62FF1F6162FF1FD03FFF1F10B50A4CE5
:1036C00023681A1E0ED0002808D10130587004F06B
:1036D00097FE002805D02368002B02D00021FFF7B9
:1036E00087FE0122100010BD6462FF1FF7B5274E50
:1036F000050033680191181E21D05C78244F012CFD
:1037000030D1FFF7FFFD002825D02000FFF7F8F8A3
:103710000400412814D91F4B022118781E4A04F0D6
:1037200017FE1E4B3C3C1C80022233685A703B78CB
:10373000002B14D128000199FFF75AFE0120FEBD8D
:10374000FA2292004243002AEED0124B022118784E
:1037500004F09EFDE8E7FFF7D3F80200F3E700234B
:103760003B70EBE73B78002BE8D1032004F020FF0F
:10377000011E08D0D0230370CC3B457083703368A2
:10378000187804F0D5FDFFF7B1FDD7E76462FF1F9D
:103790005C62FF1F8C62FF1F60EA00007862FF1FFF
:1037A00010B5204B8188994234D016D81E4B9942CF
:1037B00007D81E4B994221D81D4B994219D00020A1
:1037C00010BD1C4B9942FAD1836899785A78090246
:1037D00018781143FFF78AFFF2E7174B99421DD083
:1037E000164B0020CB18052BEAD8154803F04AFCED
:1037F0000EE083681878FFF761FFE1E7114A8368FC
:103800008818424250411B78C0B21900FFF7D8FD1A
:103810000120D5E783680C481978E7E783680B48EF
:103820001978E3E75120000009200000072000007C
:10383000062000000A20000052200000ADDFFFFF3C
:103840004C8D0111F8DFFFFF798D0111928D01116F
:10385000014B18707047C046DD3FFF1F10B5064C86
:10386000207001F0A7FA207804F062FF052120788B
:1038700000F06CFD10BDC0468C62FF1F0BB273B52B
:103880000D00002B00DBCBE08B4B187804F048FFD9
:10389000041E0ED00378912B0FD0A22B00D1A8E0EC
:1038A000864B1878FF2852D0210004F041FD0028F3
:1038B0004DD180200002684076BD43780F2B76D032
:1038C00013D8052B70D00E2BEAD180887C4B984200
:1038D0002BD87C4B98421BD87B4B9842E0D1A368F5
:1038E0001878591CFFF754F838E03E2BD8D183786C
:1038F000032B79D06CD8012B73D0022BD0D1734B12
:103900001B68002B23D05B68002B20D098471EE05B
:103910006F4BC0180C28C3D804F02AFE1DC2C21574
:103920000BC20B0B0B3223C23C006A4BC01807289A
:10393000B6D8694B1B68002B09D01B68002B06D03A
:10394000200098470AE0A3681878FFF7A7F820003E
:1039500004F0DEFDADE7A068FFF742F800289FD035
:10396000F5E7A3681B78002BF1D0584B1B68002BA0
:10397000EDD01B68002BEAD0210058489847EDE7AE
:10398000524B1B68002BE2D01B68002BDFD02100BC
:103990005348F3E7534B1B68002BD8D05B68002BD0
:1039A000D5D021004648E9E7FFF7CAF9CFE780887C
:1039B0004D4B984203D04D4B984200D070E7494B95
:1039C0001B68002BC3D05B68002BC0D02100D5E75B
:1039D000152B0CD04648162B00D061E703F052FBA4
:1039E000B5E7FFF773FAB2E7FFF758FAAFE74148D8
:1039F000F4E7414B1B78042B07D100236A46138060
:103A00000179408800F0C8FCA1E7364B1B68002B09
:103A10009DD05B68002B9AD001003848984796E704
:103A2000012421420AD0294B1B68002B04D05B687B
:103A3000002B01D00020984701203CE78B070AD5D6
:103A4000254B1B68002B04D05B68002B01D02000A5
:103A5000984702202FE70421280008400D4200D19A
:103A60002AE7274E3388002B21D0013B9BB23380BD
:103A7000002B1AD1FFF7B4F800280AD0214B1C7094
:103A8000154B1B68002B04D05B68002B01D0200075
:103A90009847FFF79FF8694601F086FD6846FEF7F4
:103AA000D7FF1D20FEF72CFF3080042003E7024BD8
:103AB000187804F0FDFEF8E78C62FF1FDD3FFF1F62
:103AC0000E20000001200000091000008462FF1F8A
:103AD000FEDFFFFFAFDFFFFF8862FF1F0C2000004B
:103AE0000B2000006C62FF1F0D200000132000005F
:103AF000E88D0111AC8D01116162FF1FFFFF000015
:103B00005E62FF1F5C62FF1F10B501F0F7F910BD88
:103B1000014B18607047C0468862FF1F0B88002069
:103B2000162B01D817230420014A13807047C04682
:103B30003662FF1F00207047074A03001188814248
:103B400007D091880020994202D1013080001018DE
:103B500070470020FAE7C0469462FF1FF0B58F78E7
:103B600006000D00C5B01E2F15D1FFF7E5FF051E9D
:103B700003D10024200045B0F0BD00223B003100FD
:103B8000C078009200F0B2FB0400A81C00F0D2FB49
:103B9000FF23EB70EEE7264B062403931B78FF2BE5
:103BA000E8D0182FE6D87B08224A013BDB000292BE
:103BB0009A589446002ADDD0029AD3185B68002BED
:103BC000D8D00878002802D14B78012B02D10624E6
:103BD000122FCFD107AFAB88697800976446AA68E7
:103BE000A047041EC6D1AB78029A5B08013BDB00FC
:103BF000D318390030005B689847041E0BD1AB78AE
:103C0000042BB6D0039A310010782200009700F000
:103C10006DFB0400AEE76A78002AABD1AA7805A94B
:103C20003B88087130000A704B80FEF717FBA0E755
:103C3000E03FFF1F549101111D4B37B5050098421D
:103C40000BD000290AD1FFF777FF002805D11948CA
:103C5000FFF772FF002800D0058037BD01291AD177
:103C6000FFF76AFF041EF8D001235B420380A378AC
:103C7000FF2BF2D0FE2B07D00023E0781422009314
:103C800029001E3300F032FBA01C00F053FB01237F
:103C90005B426380E1E70229DFD1013901F01AF9C3
:103CA0000028DAD12800FFF747FF041EDFD1D4E750
:103CB000FEFF0000FFFF0000022210B5074B52423A
:103CC0001A80074801325A809A80DA8000F07EFA22
:103CD000044801F081F8002010BDC0469462FF1F27
:103CE0005D3B0111393C01110388F7B50400002B3D
:103CF00002D102252800FEBD426802211378254822
:103D00005268FEF775FD00282ED0234F01253A8812
:103D1000002AEFD0802321885B0201259B1A99425B
:103D2000E8DC0C2004F05CFD061E31D03B882288C4
:103D30009C4600231800019561469DB2491989B23D
:103D4000AA421BD8002801D062443A8000233000E8
:103D5000082208C0210004F053FD104A1368002B0C
:103D600013D100251660C5E76268022113780C485C
:103D70005268FEF73DFD0028C7D1BAE760681D0113
:103D80004019418101330198D6E71A001B68E6E724
:103D90001325AFE7C2910111DE3FFF1F9062FF1FA5
:103DA000C0910111014B18707047C046E03FFF1FE2
:103DB00014230A0010B51A40194204D00122102120
:103DC00001F0A4F810BD4B06F9D40120884340004F
:103DD000F8E710B514008B0604D50122102101F07C
:103DE00095F810BD08230A001A40194202D14BB2BF
:103DF000002B0FDA102101F089F8002808D02300E9
:103E0000F2331B78002BECD0F1342378012BE8D16E
:103E10000020E6E703208907FAD4E2E7F0B51F00A7
:103E2000184B85B01C68019002910392002C27D199
:103E3000200005B0F0BDA5683301ED186B89019A2B
:103E4000934211D3029A93420ED8002F04D10A9BB9
:103E5000002B10D12C00EBE73B002978039A68680F
:103E6000FEF7C6FC0028F2D10136B6B2A388B342F1
:103E7000E1D82468DAE7A3680A9A5B891380E9E746
:103E80000026F3E79062FF1F37B50C000A884988C7
:103E90000123914217D3002A15D0651D23792A00EA
:103EA00002210A48FEF7A4FC102300280BD0237936
:103EB0006188208800242A000094FFF7AFFF0A23BE
:103EC000A04200D0230018003EBDC046C29101119F
:103ED00013B50A0008884988012388420BD80028B6
:103EE00009D00024137905320094FFF797FF0A23C5
:103EF000A04200D02300180016BD13B50A000888A0
:103F00004988012388420BD8002809D0002413795E
:103F100005320094FFF782FF0A23A04200D023005D
:103F2000180016BDF0B58BB003904A8808880E00C3
:103F30000123824255D3002853D00023012704AC2B
:103F400023700022718813000092FFF767FF051E9F
:103F50003ED02078002835D12B78022B18D16770FD
:103F60006A8983000130E31880005A806968022260
:103F7000201804F045FC23780133DBB22370042BB6
:103F800019D93B006889013080B2002BD9D01FE0DD
:103F900002236370122358436A89231804305A801D
:103FA00069681022201804F02BFC23780133DBB25F
:103FB0002370002BE5D10C4A6B899B185A42534160
:103FC000DBB2DFE76378012BE4D12B78022BC7D07B
:103FD00022780A23002A04D021000398FEF768F90A
:103FE000002318000BB0F0BD0100FFFF0F4BF0B530
:103FF00004001868002816D083685D89A54207D898
:104000008288AE18B44203DA12019A18934201D1A1
:104010000068EFE71E005F891036A74204D100292F
:1040200000D00D801800F0BD3300EFE79062FF1F55
:1040300070B505000C0008880021FFF7D7FF0300CA
:104040000120002B04D022002800197AFFF7C1FEBE
:1040500070BDF7B50C00002501902300EE331B78EE
:10406000AB4201D800200AE06B00E65A0021300084
:10407000E718FFF7BBFF002802D126800130FEBD04
:10408000017A0198FFF794FE002802D03B88238034
:10409000F5E70135EDB2E0E710B50400088800212E
:1040A000FFF7A4FF03000120002B03D02000197AA2
:1040B000FFF77EFE10BD0000054B1B68002B01D1F1
:1040C000180004E09A6852898242F6D198887047B5
:1040D0009062FF1FF0B50E27002687B0039302AB56
:1040E000FF183E8005001F4B40891400984207D0FE
:1040F0002B78013000976A6880B2FFF78FFE0600C8
:1041000002212B7818486A68FEF772FB00280FD04E
:104110006C892000FFF7D0FF002802D0013C041971
:10412000A4B2039B002B00D01C80300007B0F0BD70
:1041300002212B780D486A68FEF75AFB0028E7D168
:1041400002212B780A486A68FEF752FB002807D044
:10415000002EDED03B88A342DBD17489013CDFE72F
:104160006C89DEE7FFFF0000C2910111C0910111CF
:10417000BE91011110B50C00FFF7DEFC0300022018
:10418000002B0AD0002C00D023609B781720FE2B38
:1041900003D00138FF2B00D1002010BD73B50D00F6
:1041A00001A904001600FFF7E5FF172805D0002E2F
:1041B00004D129002000FEF7F7F876BD0122102176
:1041C000200000F0A3FE0028F3D0F6E7014B1860B2
:1041D0007047C046A062FF1F37B56B469D1D0100AA
:1041E00004000222280004F0DBFA2B88B02B0ED149
:1041F0002379122B09D12300FA331B78012B06D126
:104200000121608800F0E0F801E01B2BF8D037BDF9
:1042100010B5054B0421187000F098F8FFF74CFD1D
:10422000FEF746FB10BDC046A462FF1F0020F0B59C
:104230000BB20F0087B0834234DA274B187804F0B2
:104240006FFA051E2BD00378A02B25D103AE3100C9
:10425000FEF7B4F8041E0BD1B378DB0724D51F4B4F
:1042600006341B68002B03D031006888984704008F
:10427000A868002801D004F0A3FA002C08D1184A3D
:10428000039B1340174A934206D0B3781B2B03D0ED
:104290000121688800F098F8280004F039F980209E
:1042A0000002784007B0F0BD0F4B1B68002B10D008
:1042B000310068889847041EDAD07378002BD7D174
:1042C000B27801A90A704B800C716888FDF7C6FFAF
:1042D000CEE70624F1E7C046A462FF1F9C62FF1FE1
:1042E00000FFFF0000011200A062FF1FF7B5019060
:1042F000FC200D0017001E0004F05AF904001320E2
:10430000002C12D0B02320002370089BF422677089
:10431000658026710830002B08D0190004F070FA6F
:104320002100019804F004F80020FEBD089904F073
:10433000F7F8F5E710B5041E06D00078FD2803D87D
:1043400004F0B6F9FF23237010BD00000A1F93B2DA
:1043500010B504000220032B05D882400020024B38
:10436000D1529B189C7010BDC462FF1F0B8870B5A2
:10437000043B04000D000220032B0BD80121200078
:1043800000F0A8FD03001420002B03D0290020001A
:1043900000F028FC70BD000007B51300034A00922E
:1043A0000A00012100F088FC0EBDC046D545011170
:1043B00007B5019203220092024B0A00122100F07D
:1043C000A5FC0EBD5346011107B56B4601AA11802D
:1043D0000449D88008780633012802D1190003F077
:1043E000FFFF07BDA562FF1F0C4B10B5187000231F
:1043F000FF210B4A1380138193819380094A5380D4
:104400001370517293819372D174D3821375517763
:1044100004F0A6F800F0FCF910BDC046D462FF1FFE
:10442000C462FF1FA662FF1FF0B58DB06B4600206F
:1044300003910C229B5E834200DBB0E05D4B187859
:1044400004F06EF9051E00D1A4E00378902B00D093
:104450009DE006AF01004688380000F01FFA796839
:104460000400002900D19CE03B88052B6ED13B89DC
:10447000032B1CD905AC200000F0A2F86288172A93
:1044800061D83989131D994231D179682378043173
:104490000291D90738D5607800F08EF9071E06D052
:1044A000002303712378012B08D0132B23D0A86895
:1044B000002800D178E004F083F975E06288029961
:1044C00009A800F0A6F80290380000F08BF909AABC
:1044D0002378387A0192002231000092029A00F08B
:1044E00012F9380000F064F9029B002BDFD0300095
:1044F00000F080F9DBE70378032BD8D162880299BA
:1045000009A800F0D6F8DEE7122B13D1029909A80A
:1045100000F0B5F8021EEAD127498B88002BC6D0DF
:10452000887909A92378019161780091310000F020
:10453000EAF8BCE7002302AA93833000617809AA55
:10454000FFF72AFFB3E71D4B0993F6E7042B02D0D0
:104550009A1F012AABD8184A043B9B00995A00299C
:10456000A5D0D218907831003A0000F0AEF80028BB
:104570009DD13B88042B03D001213000FFF724FF9D
:10458000012C04D1A868002801D004F019F92800F2
:1045900003F0BEFF8020039B0002434018000DB0D3
:1045A000F0BD012800D182E701213000FFF70CFFA8
:1045B000EDE7C046D462FF1FC462FF1F0100170071
:1045C0000B7803704B784370CB788A781B021343C7
:1045D000438070470A88030002700A88120A4270FA
:1045E0000A88012A06D14A8882704A88120AC27053
:1045F0000420704702208242FBD14A8804309A701E
:104600004A88120ADA708A881A718A88120A5A71DC
:10461000EFE710B50400012082420CD94B780A78EC
:104620001B0213432380834206D1CB788A781B0276
:1046300013436380002010BD022BFBD1CB788A7816
:104640001B02134363804B790A791B021343A38037
:10465000F0E70B8803700B881B0A43704B8883704C
:104660004B881B0AC3708B8803718B881B0A4371AC
:10467000CB888371CB881B0AC37108207047030065
:104680000120082A14D14A780878120202431A80BD
:10469000CA788878120202435A804A79087912024D
:1046A00002439A80CA798879120202430020DA8094
:1046B000704710B504000120022A05D100204B7874
:1046C0000A781B021343238010BDF8B506001020A2
:1046D0000F00150003F06CFF04000120002C0ED029
:1046E000A0230C22290023806780201D002D07D0E5
:1046F00004F086F82100300003F01AFE0020F8BD17
:1047000003F00EFFF6E7F7B51E00009008AB14208B
:1047100017001D78019103F04BFF041E12D0A22355
:104720000370019B47704380099B057146710C2201
:104730000830002B07D0190004F062F8210000981F
:1047400003F0F6FDF7BD099903F0EAFEF6E737B589
:10475000041E0FD04388002B0CD00025C1881323E2
:10476000007A172201950095FFF7CDFFFF236580A2
:104770006372257037BD000010B50C4904004A88EB
:10478000002A09D08B89002B05D00020CB8A022279
:10479000834201D010BD012213000A2043430020B0
:1047A0004032C854C81842800472F3E7A662FF1F63
:1047B0000023438003707047094B00211A0010B595
:1047C0005C88002C06D01C79844203D10A234B4319
:1047D000D01810BD01310A330329F1D10020F8E7C8
:1047E000A662FF1F10B50400407A03F061FFFF23AB
:1047F000637210BD7047043010B580B203F050FEF4
:10480000002803D00421494203F0CAFE10BD000075
:1048100070B50025124CA0682580A581A580A8420E
:1048200002D003F0CDFFA56000250E4C0E4B606D4D
:104830001D80230058331D70A84202D003F0C0FF32
:10484000656500256068002801D003F0B9FF0135D7
:1048500008340A2DF6D1054802F014FC70BDC0469C
:104860006C63FF1F1063FF1F6063FF1F208E011129
:1048700070B5041E0CD1074D2880A881A880A868B7
:10488000002802D003F09CFFAC60034802F0FAFB62
:1048900070BDC0466C63FF1F2C8E01110023F0B564
:1048A0004E8843600A7904000F0089B0022A00D0C4
:1048B0008BE0C98803291ED9BB685A781878120280
:1048C00002430592DA789D7812021543DA791B7A51
:1048D00067481B0213435BBA9AB20380059B0433FB
:1048E0008B4227D1042D08D06B1F022B16D929002B
:1048F000604802F0C7FB01201AE05F4B3101CB5A40
:10490000002B0BD0F4215D48FF3102F0BBFB3000DF
:10491000FFF7AEFF5A4A1369013313610421059B67
:10492000B86823812580494203F03AFE6060002088
:1049300009B0F0BD524C042D0CD06B1F022B18D9BE
:1049400083212B004D48890002F09CFBE368013372
:10495000E360D0E7484B3101CB5A002B09D04748E0
:10496000484902F08FFB3000FFF782FF23690133D3
:104970002361414B360106930023069AB3529319E3
:10498000059A9D80100007939A81FFF734FF079BDB
:10499000051E986015D00421B868494203F000FE56
:1049A000FA880100043A280003F02AFF069AFB88DF
:1049B000B25A043B9B18069AB35223680133236012
:1049C00099E7A3690133A36195E72B4B3101059367
:1049D00033010693059B3001CB5A05990D18A96840
:1049E000002B30D000292ED0012A2CD1FA8805982E
:1049F000944663449BB232011352A88998421AD359
:104A000062469B1AC818B96803F0FAFE059B06991E
:104A1000AA89CB5A934200D06DE70A000021238176
:104A2000AB882380AB686360059BD152144A5368FE
:104A3000013353605FE7124A93680133936030009B
:104A4000FFF716FF57E70A4A059F128802933301C2
:104A50009C466744BB8900919921094C0193636985
:104A60000948890002F00EFB636901336361E6E7E0
:104A7000D662FF1F388E01116C63FF1F518E01112A
:104A8000DC62FF1F13020000688E011170B5051E65
:104A900018D10D4C0D4B1880230058331870606DE1
:104AA000002802D003F08CFE656525005035606853
:104AB000002801D003F084FE0834AC42F7D104484A
:104AC00002F0E0FA70BDC0461063FF1F6063FF1F75
:104AD0008F8E0111F0B51600A12285B092000193CE
:104AE00042433D4B05001B680C009B18D933FF3334
:104AF0001F78FDF7D7FE0430874204DD2800FDF75C
:104B0000D1FE0430C7B2B74207D3320000212800DB
:104B1000019B03F095FC05B0F0BD3900300003F0B7
:104B2000A7FC2300C5B250331D700393019B3900CD
:104B30006365300003F014FCCBB20293002B02D06B
:104B4000039B01351D700026230050331B78B342B0
:104B500004D8606D002839D10020DCE7029A3800C3
:104B6000002A04D0013B1000B34200D03800F50009
:104B70006519287003F094FE019B686001001A78A3
:104B8000164802F07FFA686800280ED02A7801994A
:104B900003F036FE019A2B780136D318104A0193A0
:104BA000D369F6B20133D361CEE7230050331870D6
:104BB0006065A54205D10A4A1320D36A0133D36246
:104BC000A9E7606803F0FCFD0834F2E703F0F8FDA4
:104BD00000236365C0E7C0463409FF1F9B8E0111A7
:104BE000DC62FF1FF7B50C0006000421606803F0CB
:104BF000D7FC23890500037023891B0A437023888F
:104C0000837023881B0AC370278902240437FFB2EC
:104C1000F42F15D8224B9E4214D10C2003F0C8FC6F
:104C20001134011E0CD0902303708E3B0371043BA2
:104C300043801C4B8560C780187803F079FB002403
:104C40002000FEBD5C217143174B591801930B00E6
:104C500058331B78002B19D103003A003000FFF7BE
:104C600039FF041E05D0114B22001148D96A02F009
:104C700009FA5C237343019AD1180B0058331B784F
:104C8000002BDDD1300003F083FCD9E7074A094847
:104C9000536A07240133536202F0F4F9E9E7C0468E
:104CA000FEFF0000D462FF1F1063FF1FDC62FF1FC6
:104CB000AF8E0111CA8E0111F0B587B00090172098
:104CC0000F0016000193FFF796FD1325041E19D05F
:104CD0000C98031E02D00199201D9847030AE37027
:104CE000052302AAA0700430908127700098667096
:104CF00003A993800494FFF775FF051E02D02000DE
:104D000003F05EFD280007B0F0BD0000F0B587B0ED
:104D10001F000CAB1B780391059301210DAB06001E
:104D20001C78049200F0D6F81425002821D0200029
:104D3000FFF722FD0135041E1BD01149059B0A789F
:104D400003700132D2B2131EC68001D101231A00B2
:104D50000B7022713000049B03990097FFF7ACFFA2
:104D6000051E09D1230021000648074A093303F034
:104D7000BFFB280007B0F0BD002363802370F8E775
:104D8000D862FF1F4F47011130750000F8B50500CC
:104D90000E00064C064F2368002B02D0310028007D
:104DA00098470434BC42F6D1F8BDC0467C63FF1F6F
:104DB0009063FF1F0123064A5B4253800023137157
:104DC0005362044A136053609360D3601361704769
:104DD0009063FF1F7C63FF1F0200002310B506498C
:104DE0009C000859002801D1625010BD0133052BE9
:104DF000F6D11320F9E7C0467C63FF1F034A5388AE
:104E0000181A434258414042104070479063FF1FB8
:104E1000F0B585B002930AAB1F780CAB1B880090ED
:104E200008000E0001920393FFF7E8FF0500112030
:104E3000002D1BD10E48FFF7E1FF04001520002CC8
:104E400014D006220B99A771E01D03F0D9FC019B39
:104E500030002371029B29006371009B66802370E0
:104E6000039B6562E381FFF791FF280005B0F0BD69
:104E7000FFFF000010B5FFF7C1FF04000220002C67
:104E800012D060880121FFF781FF606A002801D0FD
:104E900003F086FA28220021200003F041FB0123C1
:104EA00000205B426380207110BD000030B5074ACE
:104EB000074C5588010013780020A54204D05B1AE6
:104EC00059424B415842104030BDC0469063FF1FCD
:104ED000FFFF0000084A10B501230C00904208D0E3
:104EE000FFF78CFF031E04D0037923405A1E934121
:104EF000DBB2180010BDC046FEFF0000024B18795F
:104F0000431E9841C0B270479063FF1F70B5040004
:104F10000D001600FFF772FF002804D10D4B9C42D4
:104F200000D0143070BD416A03790520002907D0F4
:104F300012221A40102A02D10520002EF2D10F2091
:104F4000DB06EFD5897E0C20A942894149424942BE
:104F50000840E7E7FEFF0000030010B5002800D17D
:104F600010BD0348034A41889142F9D09847F7E7BA
:104F70009063FF1FFFFF0000002330B5C45CCD5CD1
:104F80006C40D4540133102BF8D130BD0F230022D4
:104F900010B5C45C64002243CA54C25CD209013B10
:104FA000F7D210BD0200010010B52032103103F01D
:104FB00047FB10BDF0B58BB0039010200593170090
:104FC000049103F00DFC0090102003F009FC009BFD
:104FD00013240190002B05D000280CD11324009835
:104FE00003F0DEF9019B002B02D0180003F0D8F982
:104FF00020000BB0F0BD102003F0F2FB06001020E3
:1050000003F0EEFB13240500002E00D1AEE00028D3
:1050100019D01022002103F083FA320029000398EE
:1050200003F00EFB041E0ED133787F2B51D83000D5
:105030000099FFF7ABFF009B1B787F2B53D801999A
:105040000098FFF7A3FF300003F0AAF9002D02D06B
:10505000280003F0A5F9002CC1D1102003F0C0FBFB
:105060000600102003F0BCFB0290002E7CD000282C
:1050700078D03A000F3223000125121105D00F33EA
:105080003B4015B25A4253411BB26A1E1201002B1B
:1050900033D0049BD2B298180099029AFFF76CFFA4
:1050A000013D10220021300003F03AFAADB2049F16
:1050B0002D017D19AF4242D0002C33D0300003F0D7
:1050C0006FF9029B002B00D189E7180003F068F903
:1050D00085E729003000FFF759FF28002549009A8D
:1050E000FFF74AFFA7E729000098FFF74FFF2800C6
:1050F0002049019AFFF740FFA5E70F210F400499CF
:105100008A18D9B28F4208D9D15C06A81954013344
:10511000102BF6D1029A0199C0E7791A4842414111
:10512000C901F2E73900300006AAFFF725FF320077
:10513000039806A903F084FA10370400BAE7002C9C
:10514000BCD13000029906AAFFF716FF320006A96B
:10515000039803F075FA082204003100059803F063
:105160004FFBABE71324A9E71324AAE7002800D0DC
:105170006EE733E7D8910111F0B58BB00F00160040
:105180000225009000283FD0002A3DD00B1DDBB245
:105190001800029303F024FB1135041E34D0FDF7F0
:1051A000C1FC05003A000099201D03F021FBEBB281
:1051B0000393E3702B0CDBB22F0A00936370FFB2F2
:1051C0002B0E2370A7700193FDF7A6FC102201009F
:1051D00006A803F00DFB2100029A04AB06A8FFF716
:1051E000E9FE051E0DD1039B08223370009B04A924
:1051F000B370019B7770F370301D03F0F9FAFDF77F
:1052000097FC200003F0CCF828000BB0F0BDF0B5FF
:105210008FB00D00149E039004920593002A03D1D1
:10522000022420000FB0F0BD002EF9D00398FFF744
:10523000E5FD1424071EF4D07278337812021A4365
:10524000B3781B041343F27812061A43036A0192DF
:10525000934201D30133E3D1002D03D03B790124E4
:105260009B07DED50822002106A803F059F9059B0B
:1052700013240433DBB21800029303F0B1FA051EC5
:10528000CFD0059A0499043003F0B2FA0422310019
:10529000280003F0ADFA3900102210310AA803F0FB
:1052A000A7FA2900029A06AB0AA8FFF783FE041E9C
:1052B0000FD1082206A908A803F09AFA0822311D86
:1052C00008A803F0DDF8012807D101990398FDF73C
:1052D00043FC280003F064F8A3E70124F9E7000089
:1052E00070B51C4C05002368181E10D0002D14D179
:1052F0001A78002A0CD1981C083203F081FA03F0C6
:10530000EFF90135002808D123681D70012070BD18
:105310000A331800082203F073FA2368002BF5D033
:10532000122003F045F9061E0DD0C1232168037039
:10533000457002311022023003F062FA2368310016
:10534000587802F0F5FF206803F02AF80023236064
:10535000DCE7C046B863FF1FF8B504002020FDF766
:10536000CFFA154FA600F3590500002B1FD00028D7
:105370000ED0D878FF280CD0290003F091F900282E
:1053800007D1F3590D49DB780D48220001F07AFE70
:10539000F8BD0C492A000C55BB59611803330A4863
:1053A00003F0A6F8BB590549DB780848EDE7210072
:1053B000074801F067FEEBE7D463FF1FC8910111B6
:1053C000DC8E0111BC63FF1FFD650111068F011109
:1053D0002F8F011170B50B4C85002B590100002B4C
:1053E0000BD0DA78084801F04DFE2B59D87803F03D
:1053F0005FF9FF222B59DA7070BD044801F042FEBC
:10540000FAE7C046D463FF1F498F01112F8F0111A6
:1054100070B506008CB00C001500002130226846E3
:1054200003F07EF831001022684603F0E1F91D20F8
:1054300021000322684403F0DBF96846FFF7B2FD60
:105440002D21040003222800694403F0D1F9200033
:105450000CB070BDF0B50700160097B001931CABFF
:105460001D7830221EAB00910AA800211C7803F0A1
:1054700057F8102239000AA803F0BAF910220021C7
:1054800002A803F04DF80722310002A803F0B0F99A
:10549000072202AB9818631E9C41019903F0A8F9FA
:1054A00002AB9C732B005A1E934102AAD3730021B6
:1054B000102206A803F034F806221D9907A803F06D
:1054C00097F91A2002ABC01806221F9903F090F931
:1054D000102200990EA803F08BF9102202AB0EA93E
:1054E00008781C78013A6040D2B20870013301316B
:1054F000002AF5D10AA8FFF755FD102212A90400D1
:105500000EA803F07DF9102206AB0EA908781D78CD
:10551000013A6840D2B2087001330131002AF5D156
:105520000AA8FFF73FFD044310222098E4B212A915
:1055300003F05EF9200017B0F0BD70B50E00140046
:105540008CB00100102268461D0003F051F93100B3
:10555000082204A803F04CF92100082206A803F051
:1055600047F96846FFF71EFD04001022280008A92D
:1055700003F03EF920000CB070BDF8B506000D0038
:1055800000243719AC4200D3F8BD02F069FF030ACA
:105590003B70631CDBB201379D4203D90234F054E7
:1055A000E4B2EEE71C00EDE773B506000C0002253F
:1055B000002819D0002917D0032101A8FFF7DDFF2B
:1055C0006B469A793F231A40013313436A463000F1
:1055D000937101A92200FFF71BFF051E04D10322CE
:1055E000E01C01A903F00CF9280076BD03785807E8
:1055F000DA08C00FD20080009B0710439B0F1843AE
:10560000C0B2704707230B40C908C9000B430370A1
:105610007047000070B50400FFF7DCFE134DA400D6
:105620006359002B21D0186A002801D002F0B8FE7F
:105630002B59986E002801D002F0B2FE2B59D86E7B
:10564000002801D002F0ACFE2B59186F002801D0C1
:1056500002F0A6FE2B59586F002801D002F0A0FEE0
:10566000285902F09DFE00232B5170BDD463FF1F0B
:105670000E4B8000C35870B50C00002B0FD09D68F6
:10568000002D0CD02B78201D0B706B784B70A97CF3
:10569000FFF7B8FF2B7E23726B69E36070BD1022A9
:1056A0000021200002F03CFFF8E7C046D463FF1F52
:1056B000014B18607047C046D063FF1F074A0300C4
:1056C0008000825810B5002A06D0D088984203D1B5
:1056D000012901D1FFF79EFF10BDC046D463FF1F13
:1056E000F0B5264E95B087000B93BB590500099184
:1056F00012200A92002B31D0D888FFF77FFB0400DC
:105700001420002C2AD0280010A9FFF7B1FFBB59A4
:105710001E781D6A002E23D00895FDF743FA070076
:105720000020FDF745FA0790A379E61D069310AD1A
:105730000CA9089800F0E2FA0EA9280000F0D7FAA8
:105740000B9B0A990493069B09980293079B039667
:10575000019300970EAB0CAAFFF77CFE15B0F0BDCD
:10576000FDF720FA06903000FDF722FAE31DA77935
:10577000079310AB06000893DAE7C046D463FF1F17
:1057800030B50C4C85002A59030085B00120002A51
:105790000ED018006946FFF76BFF2B591A78D8888E
:1057A000054B002A00D1054B6A46072100F0D9FBC2
:1057B00005B030BDD463FF1FEF5C0111FD5C01112A
:1057C00030B5094C8500295985B01022684625312D
:1057D00003F016F82A591121044BD0886A4600F0CC
:1057E000C0FB05B030BDC046D463FF1F995D0111F9
:1057F00030B5094C8500295985B0102268463531ED
:1058000002F0FEFF2A591121044BD0886A4600F0AD
:10581000A8FB05B030BDC046D463FF1FD75D0111A2
:10582000F7B54D4F86001020F4590D0002F0D8FF57
:10583000F3592062186A132200286CD0033A290019
:105840009C6802F0DDFFF3591A780192002A58D1C2
:105850001E6A227D317B944651400122019F1142F4
:1058600001D167461740217D914339432175377B2C
:105870004F40BC4660460027800701D44F081740C0
:10588000012102208F40227D82433A432275377BDB
:105890005740BC4660460027400701D497080F4098
:1058A0000420227DBF0082433A432275627D002797
:1058B00094466046727B42400A4201D167460F40DF
:1058C0000121627D8A433A436275777B5740BC462B
:1058D00060460027800701D457080F400220627DF0
:1058E0007F00824317436775767B00227E407607F0
:1058F00001D4BA080A400426617D9200B1430A43EC
:1059000062756A78002A08D06278002A05D00522DC
:105910000533DA7700221000FEBD042229791142F6
:1059200005D1A17C114202D10533033AF1E7019A76
:1059300021782C78002A02D10A00210014001822B4
:105940000429E8D8042CE6D805206043034A05332F
:105950001218525CDDE7C046D463FF1FE8910111C5
:1059600010B50A001121024B00F0FBFA10BDC04631
:10597000335E01110B0030B587B001AD2B806B4653
:1059800004001100981D082202F03AFF2A000B21A2
:105990002000024B00F0E5FA07B030BD5B5E01115C
:1059A00010B50A001121024B00F0DBFA10BDC04611
:1059B000AF5E011113B50B0011006A4613706B4600
:1059C00004000622581C02F01BFF6A460821200032
:1059D000014B00F0C6FA13BDCF5E011110B50A00ED
:1059E0001121024B00F0BDFA10BDC0461F5F01112E
:1059F0007FB505000B4BAA00D4580800002C0FD02F
:105A0000666F237FE28821780396266F0296E66E02
:105A10000196A46E0094FDF75DFB2800FFF7FAFDE8
:105A20007FBDC046D463FF1F10B51721FFF7E0FF0D
:105A300010BD000070B50A000D00064B02210400E5
:105A400000F08FFA060029782000FFF7D1FF300020
:105A500070BDC046FF5D011170B586B000236A4677
:105A60001370836804001D78681E0A2859D801A99C
:105A700002F0A6FC060633373B3F43474B4F53002B
:105A8000180000F042F9062312284BD000281BD141
:105A90006088FFF7B3F90823002813D04279002A61
:105AA00047D1264B1A78072312070BD5244B1A68C7
:105AB0000723002A06D01668002E03D0290001AA69
:105AC000B04703006A4613706B461B786088002B52
:105AD0002AD1FFF741FC06B070BD180000F06CF948
:105AE000D4E7180000F087F9D0E7180000F093F928
:105AF000CCE7180000F0ADF9C8E7180000F0C3F9D2
:105B0000C4E7180000F0F6F9C0E7180000F0F6F955
:105B1000BCE7180000F013FAB8E7180000F013FA19
:105B2000B4E707236A46137069466088FFF782FF6F
:105B3000D1E70523012AC5D1024BB8E76162FF1FF7
:105B4000CC63FF1FD063FF1FF8B52C4F8600F359BD
:105B500004000D00002B40D0DA8882423DD15A78F3
:105B6000062A33D11A78002A2ED0012099681A6AA1
:105B7000097D014206D0157B054203D007225A70E9
:105B80000120F8BD0220014204D0157B054201D05E
:105B90000922F4E70420014204D0127B024201D022
:105BA0000B22ECE7164B1B68002BE9D05B68002B3F
:105BB000E6D020009847BB5900215B78122BDFD13B
:105BC0002000FFF715FFDBE70E4BECE7112A04D1AD
:105BD000002900D032252900F2E7002D08D120004D
:105BE000FFF70CF9002803D0102302791343037147
:105BF00021002800FDF7ECF9C2E7C046D463FF1F7F
:105C0000CC63FF1FD063FF1F70B50E4E8500AB59EC
:105C10000400002B13D01B78002B11D10A4B1B68FA
:105C2000002B04D05B68002B01D0200098477359EB
:105C30005B78122B03D100212000FFF7D9FE70BD45
:105C4000024BECE7D463FF1FD063FF1FCC63FF1F41
:105C5000094B8000C3581020002B0CD01A6A002A70
:105C600009D09B68002B06D0127A1B7E101C9A422A
:105C700000D9181CC0B27047D463FF1F70B5030071
:105C80000D0014000220002A30D000292ED01370FD
:105C90000B78081D53704B789370FFF7A7FCE070EA
:105CA000012002212B7A23716B7B034063716A7B95
:105CB0000A401343042263716E7B164033436371C1
:105CC0006E7BF608F600334363712B7B0340A371B0
:105CD000287B014000200B43A371297B0A4013431A
:105CE000A3712A7BD208D2001343A37170BD10B5F3
:105CF0000A0001000120FFF7C1FF10BD10B50A0026
:105D000001000220FFF7BAFF10BD70B506000C00BD
:105D10000220002E30D000292ED07378201D0B7069
:105D2000B3784B70F178FFF76DFC0122357925725D
:105D300071794B10080013409340104003438810C2
:105D400010408000C9080343C9000B436373B17955
:105D50004B1008001340934010400343881002404A
:105D60009200C9081343C9000B4321202373FCF799
:105D7000C7FD854201D2122070BD2220257AFCF792
:105D8000BFFD8542F7D823781820042BF4D8637818
:105D9000012BF1D80020EFE7030010B50220002905
:105DA00009D0002B07D00322481C0A7019000D32BD
:105DB00002F026FD002010BD03000222080010B5ED
:105DC000002B06D0002904D00E32591C02F018FD19
:105DD0000022100010BD030010B50220002909D0D8
:105DE000002B07D00422481C0A7019000C3202F064
:105DF00007FD002010BD10B5FFF7DEFF10BD03004A
:105E00000220002906D0002B04D0052200200A70B1
:105E10001B784B70704703000220002B08D000292C
:105E200006D05B7800200B70013B082B00D918309E
:105E30007047030010B50220002909D0002B07D0BD
:105E40000622481C0A7019000A3202F0D9FC002010
:105E500010BD10B5FFF7B0FF10BD02000B0002200F
:105E600010B500290ED0002A0CD007211970118816
:105E700059701188090A997011180822D81C02F06B
:105E8000BFFC002010BD03000A00022010B5002B4B
:105E90000CD000290AD09978587809020143118062
:105EA000901CD91C082202F0ABFC002010BD03009E
:105EB00010B50220002909D0002B07D00822481C69
:105EC0000A701900921802F09BFC002010BD02001D
:105ED0000B00022010B500290BD0002A09D009219F
:105EE0001970117818185970511C062202F088FC9C
:105EF000002010BD10B5FFF75FFF10BD02000B00C2
:105F0000022010B5002A09D0002907D05178197055
:105F100011180622581C02F073FC002010BD03006B
:105F200010B50220002909D0002B07D00A22481CF6
:105F30000A701900063202F063FC002010BD10B593
:105F4000FFF73AFF10BD02000B00022010B5002A37
:105F500006D0002904D018005178FFF753FB002029
:105F600010BDF0B585B017001E006A460623050077
:105F7000080091819380FEF73EFC1324011E0290DD
:105F80000CD03800B047041E05D1280001A9FEF747
:105F9000EDF9041E02D0029802F012FC2800FFF76F
:105FA000DBF9200005B0F0BDF0B504008BB0019125
:105FB00015000021102202A802F0B2FA334EA70009
:105FC000B85900283CD0C388A34239D10378002BAC
:105FD00036D14278062A18D10200010055323531F7
:105FE0000C3006ABFFF7A9FA002829D12000FFF7F3
:105FF0002FFE020006A902A802F002FC200002A95E
:1060000002F03EFB01200BB0F0BD816E002917D0DD
:106010000B8A112A28D19D420ED101981231093ADA
:1060200002F02EFA012807D1BB5920009D6EFFF720
:106030000FFE29000200DEE732212000FFF7D8FC26
:106040002000FEF7DBFE061E1BD0416A002918D097
:106050000B8AAB4215D108220198123102F010FAD6
:1060600001280ED1716A0AE09D42E9D10822019807
:10607000123102F005FA0128E2D1BB59996E8A7EED
:10608000B9E7200002F0DCFBBCE7C046D463FF1F89
:10609000F0B56B4D87007E5985B03378029003933D
:1060A000002B00D087E0B368346A0193707806282B
:1060B00017D101221B7D134202D0217B114218D13E
:1060C0000222134202D0217B114251D104221342F9
:1060D00003D0237B134200D08BE0019B5A7DEB5908
:1060E00091E007380428F8D802F06AF9032E4267D5
:1060F0008300B36E002B03D11C2002F071FBB0664D
:10610000EB599C6E002C1CD010220021200002F0C4
:1061100007FA0298FFF79CFD01002000FFF72DFA17
:1061200002F09EF92082200008211230FFF725FAA4
:106130000298FFF78DFDA076EB592100D888FFF774
:106140000FFC0822EB591CE0B36E002B05D01A009F
:10615000198AF0881232FFF70DFC0222019B197D8B
:10616000EB5911423DD0207B10423AD0073208E073
:10617000F488FCF72FFD01002000FFF711FC0A2234
:10618000EB595A70029B9C002A595378073B042B09
:1061900011D8D088FEF732FE00284ED0C3895A08A5
:1061A000D2182849029B0298CB542B59411804332A
:1061B000254802F09DF905B0F0BDFCF7F3FC0300A3
:1061C0000120834201D100200393EB59DE88FCF7C4
:1061D000EFFC039902003000FFF7ECFB019AEB594A
:1061E000117D042211420CD0217B114209D00B22D7
:1061F000C7E7F688FCF790FC01003000FFF7EEFBE4
:106200006BE7019A527D01210A4204D0607B08426B
:1062100001D00C22B5E702210A4204D0607B08427B
:1062200001D00E22ADE704210A4204D0627B0A426B
:1062300001D01022A5E71222A3E7FA225200B0E70C
:10624000D463FF1FD863FF1F0766011110B5064B0B
:106250001A780423100018401A4200D00348FFF7B0
:1062600027FA002010BDC0466162FF1FE43FFF1FF8
:1062700070B50400FFF7D4FA051E43D12000FFF7E4
:106280007FFA234EA400A0598268937CDB0708D5CF
:106290000321036A1B790B40012B02D1017F0B43C1
:1062A0000377431DD97F8B1E022B0DD8022900D006
:1062B0000121C088FCF7E4FE042133591A7F59708C
:1062C0000A431A77280070BD01290CD1022310223D
:1062D000437000210C3002F023F930591021353081
:1062E000FFF74BF9EEE70529ECD10223D1184370F3
:1062F00010220C3002F084FA04233259117F0B4330
:106300001377EAE708251828DCD1053DDAE7C0460F
:10631000D463FF1FF0B58BB0059143887E4F9E007C
:10632000F45915000493002C15D1012902D0002046
:106330000BB0F0BD101D57781678FFF757F9EB68D2
:10634000320002932B7A0499019300903B002000C5
:10635000FCF760FEEBE7E388049A934201D0082043
:10636000E6E72378012B00D1D4E0059B581E0928CD
:1063700000D9CFE002F024F805CE0A29CC506C8574
:106380009AB229000498FFF773FFD1E72000290093
:106390001022453002F034FAB9594B78042B02D15F
:1063A000013B4B70C3E70B000A00253335320C313B
:1063B0000498FFF795F90498FFF702FA0522431EA7
:1063C0009841BB59C0005A70B2E720002900102242
:1063D000553002F015FA049B4F4C9D002959049842
:1063E0000A0006AB55320C31FFF77AF92959102211
:1063F000453106A802F044F8012808D10498FFF7B7
:10640000F7F90590002804D106222B595A700598F7
:106410008EE708230593FAE763780C2B7AD1E36EB5
:10642000002B03D11C2002F0DBF9E066BB59D86ECB
:1064300000286FD01022290002F0E2F9BB5904981D
:10644000DC6EFFF705FC0D22A076BB595A706EE793
:10645000E06E00285ED063780D2B5BD12B8808227C
:106460000382A91C123002F0CBF9BB599A68517D06
:106470000222114226D0186A407B104222D00C32F0
:10648000E4E763780E2B45D1236F002B03D1162050
:1064900002F0A6F92067BB59186F002803D010221C
:1064A000290002F0ADF90F22BB59CFE763780F2B1B
:1064B00030D1206F0622691C103002F0A1F9BB59BF
:1064C0009A68517D0422114203D0196A497B114216
:1064D000D5D100210498FFF78BFA28E7636F002BD2
:1064E0000DD0BB59586F0028F3D01022290002F0BC
:1064F00087F90122BB5952425B6F1A61E9E7142008
:1065000002F06EF9BB5960675B6F002BE9D126E79B
:106510002978DFE707200BE7D463FF1F10B5064C8F
:10652000207002F0A5F906212078FDF70FFF03483F
:10653000FEF752FC10BDC046E763FF1FBD560111B8
:1065400000200BB270B50D00834216DA264B187886
:1065500002F0E6F8041E0DD00378922B0ED0A02B8B
:1065600037D0224B1878FF283AD0210001F0E0FE06
:10657000002835D180200002684070BD43780E2B82
:106580000BD03E2BEDD18378052B12D0082BE8D110
:1065900081798088FFF7D8FA08E0154B82889A4203
:1065A000DFD183681878591CFEF79AFE002817D1AE
:1065B000D7E7104B1B785B0712D50F4B1B68002BDE
:1065C0000ED09B68002B0BD0C289811D8088984714
:1065D000ECE7FFF741FAA068002801D002F0F0F8DC
:1065E000200001F095FFC5E7E763FF1FDD3FFF1FB8
:1065F000182000006162FF1FD063FF1F10B50078F4
:10660000FFF712FA10BD10B50078FFF7FDFA10BDC4
:106610000C234343084A10B59B185A68002A03D03C
:10662000012901D1904710BD9B68002BFBD00029A8
:10663000F9D19847F7E7C0460464FF1F0123834060
:10664000094A10B5946B1C439463506B9843506394
:10665000D46B20009843012901D120001843D06356
:10666000116B0B43136310BD00800040064B0121EA
:106670005A68C2400A4204D01B68C3401800084050
:1066800070471B6DF9E7C046008000400122064BB1
:106690008240002903D0D9680A43DA607047D9687C
:1066A0009143D960FAE7C0460038004030B5032472
:1066B00044430F4BE25C1B199C785D7801232D1B32
:1066C0000135AB40013BA340A140DB430C00122845
:1066D00007D80849920052181168194021431160E7
:1066E00030BD054A11680B4023431360F8E7C046EC
:1066F0002F92011108F0004014F00040C21F70B545
:10670000D4B20623092C0BD80125084C954000294A
:1067100008D00021FFF7CAFF23682B432360002322
:10672000180070BD2368AB43F8E7C046003800404E
:10673000214BF0B51B185B78022B21D10324444375
:106740001E4A1F4EA35C1219947801221500854041
:10675000B76B013CE4B23D43A240B563194C12282B
:1067600015D89B0000290CD117495B1899680A437A
:106770009A600123205C154A834011680B43136023
:10678000F0BD11495B18996891439960F1E70E4B90
:1067900000290DD159690A435A61225C1328E8D0B7
:1067A0000123203A93400A49086803430B60E7E756
:1067B000596991435961F0E7E863FF1F2F92011176
:1067C000008000407492011100F00040A0F00040F1
:1067D000A4F00040F8B500241B4E1C4D1C4B1B5D63
:1067E000012B1FD1194A9269E2401A420BD00122B3
:1067F000B25693402200143AD2B2022A09D815495F
:106800004A6913434B61013402360C35172CE5D12C
:10681000F8BD0022B2560F499200521891680B43FE
:106820009360F0E7022BEED1E7B23800FFF71EFFCE
:1068300001235840C1B23800FFF77AFF3800FFF754
:1068400015FF6877DFE7C04601920111E863FF1F7B
:10685000E963FF1F00F00040012202388240054B2F
:10686000002903D059690A435A6170475969914315
:106870005961FAE700380040F8B50E0001210F0019
:106880008740114A0400D368FD43BB43D360831E95
:106890008B4201D8FFF7E0FF00212000FFF72EFF19
:1068A0000A4A0B4B5168012E05D139431B1951601F
:1068B0005E700020F8BD2940516002221C196270F0
:1068C0009A6915409D61F4E700380040008000405F
:1068D000E863FF1F012210B58240074B002906D054
:1068E00019680A431A600121FFF7C6FF10BD196835
:1068F00091431960F7E7C046008000400C2370B553
:10690000002543430A4A29009B181D70094B0400C7
:106910001B185D70FFF7B0FF0123A3400649280054
:106920000A681A430A6005490A689A430A6070BDFA
:106930000464FF1FE863FF1F348000403080004084
:1069400070B504000E00FF2813D003250540FFF7A3
:10695000D5FF084AA3089B009B183F22ED00AA40E0
:10696000AE40196820009143314319600121FFF7BF
:106970008DFE70BD18380040F8B50C244443134B0D
:106980000500E4186368002B03D1A3681220002BD4
:106990001AD0022201270E4B00215B195A702800E1
:1069A0002770FFF769FF63681E1E08D0A3683E00CA
:1069B000002B04D02800FFF759FE4640F6B228000D
:1069C0003100FFF73BFE0020F8BDC0460464FF1F06
:1069D000E863FF1FF7B5C420FF222B4B8000195836
:1069E000002491433F3A0A431A508022274F520213
:1069F000274E1A60274B1D5D002D21D0A31E012BB1
:106A000003D80121E0B2FFF727FF012D18D11F4B5A
:106A10009B69E3402B4213D0E3B218000193FFF7C8
:106A200025FE01000198FFF755FFE3B2143B022B4E
:106A30001DD801217156184A8D405369AB435361EB
:106A40003B7F002B0DD0E5B22800FFF795FF280013
:106A5000FFF70CFE7B7F0100834202D02800FFF786
:106A6000D7FD01340C370236172CC3D1F7BD0121F5
:106A700000237156F3568D40074A9B009B189A6875
:106A8000AA439A60DCE7C04600E100E0E863FF1F2C
:106A900001920111E963FF1F00F0004070B5134D32
:106AA00007202C78002C1FD19822210052002800AA
:106AB00001F0CEFD0123C420FF222B700C4B80007F
:106AC0001C635C630B4B1C605C600B4B195891435F
:106AD0003F3A0A431A50802252021A600D20074A98
:106AE000074901F0D5FC200070BDC046E863FF1FD8
:106AF00000800040A0F0004000E100E0D5690111F5
:106B0000D5670111F8B50600012826D00B22082709
:106B1000164C01239340164A164DD3677301ED18A6
:106B2000287C0021FFF7B2FD0021687CFFF7AEFD55
:106B30000025802338002373257125702573257265
:106B4000656001F005FD380001F08AFD0A4BAE4298
:106B500007D1EB2292009E50F8BD11221927074C55
:106B6000D7E7F12292009D50F6E7C0460040004072
:106B700004E100E09C65FF1F0000FF1F0090004043
:106B8000F0B587B0050001F033FD04902800FFF751
:106B9000B9FF012D00D17DE00523042708260393CA
:106BA000444C06330193444B6A019B181A7CFF2A1C
:106BB00002D15B7CFF2B6BD0300001F0D9FD30009F
:106BC00001F0C6FC3C4B6A0102936B010593029BEA
:106BD00002219E18307CFFF769FD0221707CFFF7CF
:106BE00065FD39000027307CFFF7AAFE707C039911
:106BF000FFF7A6FE27737169049B18114B08C01894
:106C000001F036FC802327612373030ADBB2237172
:106C1000F37EC0B22070BB4244D01B232373029B7F
:106C20006A019B181A7E0123002A3DD08722227216
:106C3000636062687F3313436A0194466360029B1A
:106C400063449B7E002B03D002236268134363607E
:106C50001A4A002D2AD1EB21194B89005350019B70
:106C6000184A9B089B009B180322019CC0202240CD
:106C7000FF24D200944080001958A14380249440FE
:106C800022000A431A500123019A93400D4A1360CF
:106C900007B0F0BD092308270393DB1919260A4C16
:106CA000019380E70323B9E72272C5E7F121074B7F
:106CB000D3E7C046004000409C65FF1F0000FF1F57
:106CC000591AFF1F00E100E000900040991AFF1FD1
:106CD00010B50020FFF754FF10BD10B50120FFF7DD
:106CE0004FFF10BDF0B587B005930CAB1D78174F63
:106CF0006E01F35D029002AC112003910492002B0F
:106D00001ED1637A0C380193002B19D1190020226F
:106D1000F01901F09DFC0E4BF31807CC07C39C46FD
:106D20006246236828001360FFF72AFF0123F3550A
:106D3000002D07D129000820064A01F0A9FB0020F8
:106D400007B0F0BD1920044A0199F6E79C65FF1FC2
:106D5000AC65FF1FD16C0111DB6C0111F0B5504B1C
:106D600087B0009343010193009B150042019E18D8
:106D7000B37E04000F00002B59D00620002D1DD03B
:106D800000291BD033790338002B17D07289954224
:106D900014D8012B14D033895B1993420EDC01F017
:106DA000F7FC3389F0682A00C018390001F0F8FCBC
:106DB0003389EB18338101F0C3FC002007B0F0BD2C
:106DC0002A00F06801F0ECFC0023F38002333371F9
:106DD000F16835812B1C102D00D91023651E6A42E5
:106DE0005541A0220220D2016D4215402D4A013B9F
:106DF000AD186A682C4E8243600184466A60009A2E
:106E00009BB2624406321088013B471C1780085C25
:106E10009BB22870B342F6D10820002C00D0192074
:106E200001F0F6FC02236A6813436B60C5E7013C7E
:106E300062425441A02203930123D20164421440D0
:106E4000184A1A48A418E26F110019401A420FD1CB
:106E500020221648002D12D1402214490595237D89
:106E60001342AAD1059B581C05908B42F7DD04E024
:106E7000039A511C03918242E5DD0D209EE70491A7
:106E8000237D134205D03B78013DADB2237001371D
:106E9000E0E7049B5E1C04968342F1DDEDE7C0460B
:106EA0009C65FF1F00400040FFFF0000A08601001E
:106EB000030010B50620072B09D8054A137001F00E
:106EC000C7FCD7210020034B034A89005A5010BD4C
:106ED0000C40FF1F0000FF1FD91AFF1F10B50A004A
:106EE00001000020FFF73AFF10BD0000F0B599B097
:106EF0001E9F1400614E019103937B0600D4604EE7
:106F000010233A001A40049201221F424BD09743AB
:106F1000DB1806AA5370002206AB02331A70BA07B8
:106F200005D5002844DA2D2240421A70013C202366
:106F30003A001A4005921F4203D0019B102B40D10A
:106F4000023C002843D13022012507AB1A70039B75
:106F50002E009D4200DA1E001123A41B1F4207D100
:106F60002700002F41DCE343DB17621E1C40141B8B
:106F700006AB981C0378002B02D00121FFF7AEFF6F
:106F8000059B002B09D0019B082B37D106ABD81CE1
:106F9000302301210370FFF7A1FF049B2700002B82
:106FA00042D030274FE020231742B2D01033B0E751
:106FB0007A0702D52B221A70B8E73A07B7D52022F4
:106FC000F9E7019B083B5A425341E41AB9E700250F
:106FD0000199029001F0C4F9725C07A94A55019B1E
:106FE000029A01359342F3D9B1E706ABD81C2023AE
:106FF00001210370013FFFF771FFB2E7019B102BE6
:10700000CBD106AA2033D01C0121D370FFF766FF35
:10701000782306AA0121D370D01CBCE7012106AB5E
:107020005818FFF75BFF013F002FF7DCE343DB1746
:10703000621E1C40141BB4E706ABD81C012107706C
:10704000FFF74CFF013EAE42F6DC013D04D22025A5
:10705000002C0ADC19B0F0BD06ABD81C07ABEB5C0A
:1070600001210370FFF73AFFEFE706ABD81C0121BF
:107070000570013CFFF732FFEAE7C0469D8F011122
:10708000788F01110FB40021F0B589B00EAC40CC5F
:10709000039107943378002B0AD1002903D0039879
:1070A00089B2FFF71BFF09B0F0BC08BC04B0184759
:1070B000252B08D0039B002B01D10021039637001C
:1070C00001317E1CE6E7002905D0039889B2FFF75D
:1070D00005FF0023039300227378771C2B2B2DD000
:1070E0000DD8202B2CD0232B2CD02A2B33D120CCE5
:1070F000B71C002D12DA1A3B6D421A430EE02D2BFD
:1071000018D0302B20D01800303800250A2109284B
:10711000EBD83B7818003038092817D93B782E2B4C
:1071200057D17B78791C1800303809284CD80023B7
:107130000A2717E010233E001A43CDE70423FAE79D
:107140000823F8E72023F6E70123F4E74D43ED1881
:107150000137303DDDE701256D42DFE77B431B183A
:107160000131303B08780600303E092EF6D9D8436D
:107170000F00C01703403978682903D020208143CD
:107180004C2900D101373E78782E09D8622E26D8B6
:107190000021412E95D0582E00D1B8E0252E07D0E1
:1071A0000B2004ABC018252301210370FFF796FEC6
:1071B0003978002900D1B9E00B2004ABC018017068
:1071C0000121FFF78BFE4BE02A2B05D108CCB91C1F
:1071D000CDE701235B42CEE70F000023CBE7300071
:1071E00063381528DAD801F053FA16009D00D9FF4C
:1071F000D9FFD9FFD9FF9D00D9FFD9FFD9FFD9FF0A
:107200003B00A3008600D9FFD9FF4700D9FF9F00AC
:10721000D9FFD9FF9400D20615D42E0009E0202210
:1072200004ABDA720B2304AA9B1801211800FFF7A4
:1072300055FE013E002EF2DC01236A1E002D00DC0B
:107240001D005D1B551908CC04AAD3720B239B1893
:1072500001211800FFF742FE2026013D002D01DC30
:1072600000212EE704ABDE720B2304AA9B18012138
:107270001800FFF733FEF0E7210040C90491002E0B
:1072800000D12C4E3400F3182178002901D09C4203
:107290001AD1A41BD2060ED40595059B9C4215DB82
:1072A000E10FEB17A5424B410021DBB26A1E8B4276
:1072B00000D0611B55183000A1B2FFF70FFE202649
:1072C000A5420FDC049CCBE70134DDE70B2004ABC7
:1072D000C018202301210370FFF700FE059B013B2E
:1072E0000593DAE70B2004ABC01801210670013DBD
:1072F000FFF7F4FDE4E7691C02D1012109350A43D7
:10730000009210212A0001CCFFF7F0FDA8E74021F0
:107310000A4310212068261D00922A00FFF7E6FD8F
:1073200034009DE702210A430A21F3E7013FC8E642
:107330000821EFE7C28F011130B587B002AA110012
:10734000064B31CB31C11B680B60002102980091C4
:10735000049A0399FFF7C6FC07B030BD8C92011167
:1073600070B506000C001D00042909D00C2904D0BA
:10737000012905D00224200070BD0948FFF782FED4
:1073800021003000FBF7C8FA041EF4D1059A0499D5
:107390002800FBF7DDFAFCF74BF9FEF757FFEAE7A9
:1073A000C98F011130B50D7802232C009C4318427F
:1073B00001D02B431C0008252300AB43284201D0F9
:1073C0002B00234320241D00A543204201D01C4351
:1073D00025002A230D70184204D011781E3B0B4360
:1073E000137030BD0028FCD10C2113788B43F7E7D4
:1073F000F8B51D0006AB1B88140007AA0E000B2071
:107400001778002B27D10A78022A49D14A68507888
:1074100011780002244A08438018042840D800F05C
:10742000CFFF03121D1B2300F06800F071FF021C48
:10743000C0B2B84200D93A1CD2B22000F1682A800A
:1074400001F0DEF906E00222F3681B882A8023702F
:107450001B0A63700020F8BD0622EEE701232B8093
:10746000F3681B782370F5E7F368002B16D0082229
:107470002A801A8822701A88120A62705A88A270AA
:107480005A88120AE2709A8822719A88120A6271E6
:10749000DA88A271DB881B0AE371DBE72B80D9E76E
:1074A00001202B80D7E7C04600D6FFFFF7B51600B6
:1074B0000A781D0008AB1F880C000123022A18D18E
:1074C0004A685078117800022B4A08438018032834
:1074D0000FD800F075FF02254439E06800F018FF6E
:1074E000C0B20723B84204D37B190193152B02DDE8
:1074F0000D231800FEBDE0682A003100C01901F01C
:107500007FF96B4600209B88E268D0541B4B1B68B8
:10751000834203D01B68834200D098470023E8E7EA
:107520000B23002FE5D1022DE2D1737832781B02B4
:107530001343E2681380114B1B68002BEED01B68CD
:10754000002BEBD00120E8E70B23002FD1D1062D33
:10755000CED12A003100E06801F052F9DEE70B23BA
:10756000002FC6D1012DC3D132787533012AC0D87E
:10757000E3681A70D2E7C04600D6FFFFF465FF1F2C
:1075800070B50C001500072837D800F019FF041457
:1075900036361B36242E182015290BD8184E1622E5
:1075A0000021300000F0BCFF22002900300001F073
:1075B00027F9002070BD18200229FBD11288114B39
:1075C0001A80F6E718200829F4D10A000E4829008D
:1075D00001F0E6F8EDE718200129EBD10B4B10780C
:1075E0000B49DA69FFF7DEFEE3E718200129E1D154
:1075F000064B10780749DA6BF4E70220DAE7C04659
:10760000DC65FF1F8A40FF1F8040FF1F1040FF1FE7
:107610003840FF1F5840FF1F030010B50020DB0754
:1076200004D50721024A034800F08CF810BDC0467B
:107630009C9201111040FF1F054A030010680028AA
:1076400003D082889A4201D1806870470068F6E7CB
:10765000EC67FF1F0A88030008009A4204D08A885A
:1076600004309A4200D0002070470000F8B5F222A2
:1076700000230D4F0D4E7968050042433370994247
:1076800000D07B600A4C0021200000F049FF00235D
:107690001A007C60AB4202D100203370F8BD013388
:1076A0002280DBB2F234F5E7E468FF1FE268FF1FD7
:1076B000F067FF1F73B56B46019006006846150022
:1076C0001980FCF711FB041E11D1002D0FD0768913
:1076D000002E11D00C2001F083F800280ED0084AAB
:1076E0000460136886808560002B02D11060200042
:1076F00076BD1A001B68F7E70224F8E71324F6E7C3
:10770000EC67FF1F012100220A4B10B549420A4CC9
:10771000198099809A719A70084B20700120198005
:107720005A60FFF7A3FF2078FCF73CFB0448FDF705
:1077300053FB10BDFC65FF1FEC68FF1FE468FF1FD3
:10774000F1770111022310B5002802D0FFF7B2FF34
:107750000300180010BD0000030010B50020DB0777
:1077600004D50421024A0348FFF7A4FF10BDC04618
:10777000B09201119040FF1FF0B50E2687B0039321
:107780000CAB1F8802ABF61805000800310002920E
:10779000FCF72CFC04000120002C0FD03088FFF7F0
:1077A0004BFF03000E20002B08D05E68002E05D092
:1077B00021002800039B029A0097B04707B0F0BD54
:1077C0000A4B10B5984207D10122002352420A8089
:1077D0008B708A808B7110BDFFF73CFF0028FAD0B8
:1077E00001235B42038000238370F4E7FFFF000066
:1077F000F8B5050001290AD1134E00243388F22779
:10780000AB4219D028001149FFF7DAFF06E0022940
:1078100004D10139FDF75EFB0028EDD0F8BD3B0037
:1078200063437268D018D35A002B09D03A00002164
:1078300000F076FE0134E4B2054B1B78A342EED88B
:1078400001235B423380DDE7E468FF1FFC65FF1F17
:10785000E268FF1F10B5FFF7FDFE03000020834222
:1078600000D0987810BD0000F0B589B01C000EABB8
:1078700080CB03901E8810AB1B78049202930B7A86
:107880000D00DB0616D42B780593022B24D0049828
:10789000FFF7D2FE002812D003689C46002B0ED0C2
:1078A000029B2200019329003B0064460398009646
:1078B000A04705E00498FFF7BFFE002802D10E2084
:1078C00009B0F0BD8368002BF9D00A222900039883
:1078D00098470028D7D0F3E76B6858781A786B4B35
:1078E000000210439842D2D8043B984210D2684B11
:1078F000984242D015D8674BC0180128C7D80B2032
:10790000002EDDD1EB681A7859683A80200028E013
:10791000614BC018032800D979E000F051FD846A5A
:10792000789E5E4B9842B2D10B20002EC8D1012325
:107930003B80EB6831001B7823706889013080B28E
:10794000FCF754FB3A88031E0ED0017802328A18E5
:107950003A80428962704289120AA270596802789C
:10796000E01C00F04DFF06E004323A8031000422B2
:10797000601C00F0D5FD0020A2E70B20002E9FD157
:10798000EB6807A91E8804233B80330A3000267069
:107990006370FCF72BFB051E28D004AB9A890E23DD
:1079A00004A95B183E49C668FCF794FB00280BD17C
:1079B0002B783C486A680599FAF71AFF002803D12A
:1079C000012304AA5B42D3813278022A06D171686E
:1079D000201D00F015FF3B8802333B800E2304AAD4
:1079E0009B181B88A3701B0AE370C4E704ABDE81FD
:1079F000F4E70B20002E00D062E7E9680398FFF758
:107A000029FF02233B802070000A6070B3E70B203F
:107A1000002E00D054E70222EB681B883A802370C6
:107A20001B0A6370A7E7E86800F072FCC2B20300AB
:107A30000720B24200D243E70DD00299DBB27118A1
:107A4000994202DB921BD3B20293029BE9681A00AF
:107A50003B8089195AE70023F6E70B20002E00D05F
:107A60002EE70722EB683A801A7822705A78627003
:107A70005A88A2705A88120AE2701A792271DA883A
:107A80006271DB881B0AA37175E7C04604290000F8
:107A90000228000000D8FFFFFFD6FFFF03280000E8
:107AA000FFFF0000C0910111F0B58DB06B460020C2
:107AB000089120229B5E83423DDAA64B187800F0A5
:107AC0002FFE071E32D00378B02B2CD1007902385C
:107AD00016281FD800F0FCFD17001E001E001E0017
:107AE00031001E0096001E001D011E0052011E00E6
:107AF00073011E00CD011E0050021E001E001E005C
:107B00008E021E00E302944B94491B8878880B80F8
:107B1000FAF7AEFB3800FCF75FFB914B1B68002BBC
:107B200001D038009847380000F0F2FC8020089B14
:107B30000002434018000DB0F0BDEE22002187483E
:107B400000F0EEFC0BAA3B7B7989388900923A0061
:107B50000D32FCF763F90400804B1B78002C3FD1F9
:107B600046E0804B788805937F4B4100CB5A0BAEA3
:107B7000073BDBB232880293002301937B4B210049
:107B800006930093059BFFF76FFE744D002810D1FC
:107B9000069B3A8A1B889A420BD13800059912300D
:107BA00000F06EFC002804D02B7862899B00EB1853
:107BB0005A80162306A81B18328820007989FCF702
:107BC00089FA2B7804009A00AA1851880029C3D09A
:107BD0000133DBB22B70002807D006A9C98A918037
:107BE000634A12889A42BCD802E00121494291803E
:107BF000002B04D059497888FAF76EFB8AE73E8952
:107C00000A2479E000253E89574B06937B88069A23
:107C10005B009B5A033B9D4202DB002DF0D05BE0F2
:107C2000162206A812183B7B798900923A00300090
:107C30000D32FCF7F3F80590002858D04689017AF8
:107C40007888FCF7B5F8041E44D1464B7888079332
:107C5000069B4100C95A454B0439C9B206AAD28ACB
:107C600006930291019400930599079BFFF7FCFD91
:107C7000041E2FD1069B39491A88931C002D26D14A
:107C80004B807988384B4900CB5A5119033B8B42C2
:107C900020DD059B31485B8941190B71A91C013519
:107CA000C9B2EDB2059145191B0A2B71059B2D49EF
:107CB0000433181800F0A4FD2C4B059A1B88D31828
:107CC000DDB22C4B9E4205D00136B6B29CE7498806
:107CD0009942D6D0002D0CD0204C2800618800F0AD
:107CE0009FFD207021007888FAF706FB12E7059CBB
:107CF000F0E7002C00D183E77B78142B00D109E753
:107D000016493B794E800B700C717888FAF7A6FA09
:107D100000E7162406ABE41821003889FCF766F961
:107D2000011E00D1B7E1788822880F4C45002C5BFA
:107D30000A4D013CE4B2029400240F4B01940095DB
:107D4000FFF792FD041E00D014E129007888FAF7AD
:107D5000E3FADFE6EC68FF1F7E3FFF1F0466FF1FAC
:107D6000F865FF1FF866FF1F3462FF1FE867FF1FFB
:107D70007C3FFF1FFFFF00000666FF1F162406ABB7
:107D8000E41821003889FCF731F9011E00D182E1A5
:107D900078882288AE4C45002C5BAE4D013CE4B2A5
:107DA00002947C89AC4B01940095FFF75DFD041EA5
:107DB00000D0DFE029007888FAF7B8FAAAE60025B3
:107DC000A44B1D803B00F6331B78A24A78880792AB
:107DD000AB4208D99E4B12880693069943005B5A22
:107DE000013B9A4203DB0799FAF7AAFA92E61624B6
:107DF0006B00FB18059306ABE418059B210018895E
:107E0000FCF7F4F8011E03D1059B01241E8973E7DA
:107E10007888924B2288069C099343001B5B904E06
:107E2000013BDBB20293002300960193099BFFF70D
:107E30001BFD041E02D0059B1E895DE77B88069A08
:107E40005B009B5A079A108832881218934202DC12
:107E50001B1A013B33807F4C02303288099900198C
:107E600000F0CEFC2388328801359B182380EDB2C8
:107E7000A8E70BAA3B7B7989388900923A000D323A
:107E8000FBF7CCFF00250590059B002B04D10A24AD
:107E9000002D00D16EE060E0059B7888197AFBF731
:107EA00087FF0100041E63D1694C6C4B78880694EF
:107EB0000993069B4400E45A694B063CE4B20BAEBE
:107EC000328807930294019100930599099BFFF76B
:107ED000CBFC041E4CD1079B5E491B881A1D002D4C
:107EE00030D14A80059B5B4C5A8963191A716B1C0F
:107EF0009BB2E318120A1A71162306A832881B18BF
:107F000079890598FCF7E6F8FF21AA1C2E1D033598
:107F10000B00059092B2B6B2ADB2002803D006AB0A
:107F2000DB8AD9B21B0AA218651911712B714C4D4D
:107F3000301D2A884949201800F062FC2B88F61869
:107F4000B5B2A1E74988914207D17A8806995200D3
:107F5000525AEB18053A9A42C4DC3E4C280061881C
:107F600000F086FA207021007888FAF7F3F9D1E55D
:107F7000002DF2D13E89BFE6162606ABF618310079
:107F80003889FCF733F83D000400FA3500282DD07D
:107F9000037A9B060CD400227B8939897888009269
:107FA0003A000C32FFF7E8FB041E10D03E8915E0C2
:107FB0003088FFF741FB00281AD08368002B17D0C8
:107FC0002100122278889847041EE4D0EEE72B782F
:107FD000002B02D17888FAF7CDF900262B78002BF8
:107FE00000D097E5002C00D194E585E60124DDE77B
:107FF0000E24DBE7162506ABED1829003889FBF7C0
:10800000F5FF041E47D0037A9B0611D4154A7B88DE
:108010001188994203D01448814207D11380134B31
:10802000F2261D780023D9B2A94221D30924A1E761
:108030002888FFF701FB00282FD08368002B2CD065
:108040002100122278889847041EDFD092E7C046AC
:108050003462FF1F0466FF1F0666FF1FF866FF1FDE
:10806000E867FF1FE468FF1FFFFF0000E268FF1FD3
:1080700031005943546801336018615A0029D2D144
:108080003C0008342100F22200F0BAFB210078887D
:10809000FAF778F93EE501246CE70E246AE71D4BF8
:1080A0001A887B889A4231D07888FAF775F931E5D9
:1080B000F223059851684343CD18C95A00291FD0AF
:1080C0003B7A012B0BD16C88AB887888AA1D009471
:1080D000FFF752FB041E02D000233B722E88F222CF
:1080E0000021280000F01CFA00232B80059B01339F
:1080F000DBB20593084B05991B78064A8B42D7D80B
:1081000001235B421380002CCED0F5E5002634001D
:108110000596EFE7E468FF1FE268FF1F70B50400F3
:108120000E001500FFF796FA031E08D1310005482E
:10813000FFF790FA03001120002B02D01C800020D2
:108140009D7070BDFFFF0000F8B50B4F06003B7837
:108150000D001400FF2B0ED00A2000F029FA011E9A
:1081600009D0B1230380002346800371C5800481B8
:10817000387800F0DDF8F8BDD140FF1FF7B50F00EB
:1081800008A90600088809A90B240988002821D11C
:108190000234022B1ED1557813782D021D432B007B
:1081A0008B4301937334002B14D1FB68300019000A
:1081B0000093FFF74FFB019C85420BD02A00300053
:1081C0000099FFF7ABFF041E04D12A003000798923
:1081D000FFF7BAFF2000FEBDF0B50E7885B0039022
:1081E0000AA805880120022E0DD14C6827786478F2
:1081F00024023C43054FBC4205D10398DBB20196F3
:108200000095FFF7BBFF05B0F0BDC0460229000096
:1082100010B504000C4800F05BF90C48A16B00F0AD
:1082200057F90B48E16B00F053F90A48216C00F054
:108230004FF9094B0948196800F04AF9084B1B68C7
:10824000002B00D09847FEE7089001111E90011105
:108250002D9001113C90011104ED00E04B900111B3
:10826000F068FF1F002307B501A80193FFF7D0FFB7
:10827000044A05480021121A00F0EAF9F8F76CFAEE
:10828000FEE7C046F468FF1FD440FF1F0000000057
:1082900001B40248844601BC604700BF8B52010014
:1082A00001B40248844601BC604700BF156B010061
:1082B00001B40248844601BC604700BFED4A01009A
:1082C00001B40248844601BC604700BFB92FFF1FBC
:1082D00001B40248844601BC604700BF4D1F000046
:1082E00001B40248844601BC604700BF512500002C
:1082F00001B40248844601BC604700BFB14E000093
:1083000001B40248844601BC604700BFDD6601003D
:1083100001B40248844601BC604700BFDD52010041
:1083200001B40248844601BC604700BF21460100F9
:1083300001B40248844601BC604700BF594F0100A8
:1083400001B40248844601BC604700BF5133FF1F9F
:1083500001B40248844601BC604700BF5952010085
:1083600001B40248844601BC604700BF090E00000A
:1083700001B40248844601BC604700BF01240000EC
:1083800001B40248844601BC604700BF8552010029
:1083900001B40248844601BC604700BFADAE000096
:1083A00001B40248844601BC604700BF014C010093
:1083B00001B40248844601BC604700BF291C00008C
:1083C00001B40248844601BC604700BFB538FF1FB6
:1083D00001B40248844601BC604700BF6DBC000088
:1083E00001B40248844601BC604700BFE1170000A9
:1083F00001B40248844601BC604700BF9136FF1FAC
:1084000001B40248844601BC604700BF691F0000F8
:1084100001B40248844601BC604700BF35550000E6
:1084200001B40248844601BC604700BF212400001B
:1084300001B40248844601BC604700BFC9A90000DE
:1084400001B40248844601BC604700BF5118FF1FB9
:1084500001B40248844601BC604700BFC51D00004E
:1084600001B40248844601BC604700BF29510100A5
:1084700001B40248844601BC604700BF090E0000F9
:1084800001B40248844601BC604700BFCD4C0100E6
:1084900001B40248844601BC604700BF5930FF1F49
:1084A00001B40248844601BC604700BFE9280000CF
:1084B00001B40248844601BC604700BF8538FF1FF5
:1084C00001B40248844601BC604700BFB537FF1FB6
:1084D00001B40248844601BC604700BFE53A010090
:1084E00001B40248844601BC604700BF3138FF1F19
:1084F00001B40248844601BC604700BFA9460100A0
:1085000001B40248844601BC604700BF3D1800002A
:1085100001B40248844601BC604700BF434D0100DE
:1085200001B40248844601BC604700BF154D0100FC
:1085300001B40248844601BC604700BF8935FF1F73
:1085400001B40248844601BC604700BF456B01008E
:1085500001B40248844601BC604700BF4937FF1F91
:1085600001B40248844601BC604700BF791800008E
:1085700001B40248844601BC604700BFA138FF1F18
:1085800001B40248844601BC604700BF2132FF1F8E
:1085900001B40248844601BC604700BF7D18FF1F3C
:1085A00001B40248844601BC604700BF5549010040
:1085B00001B40248844601BC604700BF1D4D010064
:1085C00001B40248844601BC604700BF0D5201005F
:1085D00001B40248844601BC604700BFC5210000C9
:1085E00001B40248844601BC604700BFF30E00009E
:1085F00001B40248844601BC604700BFD1A5000019
:1086000001B40248844601BC604700BF792DFF1FBA
:1086100001B40248844601BC604700BFA54F010079
:1086200001B40248844601BC604700BF1D4B0100F5
:1086300001B40248844601BC604700BF7D36FF1F7D
:1086400001B40248844601BC604700BFE548000011
:1086500001B40248844601BC604700BFB70E000069
:1086600001B40248844601BC604700BF0937FF1FC0
:1086700001B40248844601BC604700BFC94A0100FA
:1086800001B40248844601BC604700BF311B0000B2
:1086900001B40248844601BC604700BFC938FF1FCF
:1086A00001B40248844601BC604700BF5147010045
:1086B00001B40248844601BC604700BF1147010075
:1086C00001B40248844601BC604700BFB54C0100BC
:1086D00001B40248844601BC604700BFDD38FF1F7B
:1086E00001B40248844601BC604700BFD91B0000AA
:1086F00001B40248844601BC604700BFB134FF1F8B
:1087000001B40248844601BC604700BF056A00000E
:1087100001B40248844601BC604700BFF94C010027
:1087200001B40248844601BC604700BFF54E010019
:1087300001B40248844601BC604700BF5D170000D9
:1087400001B40248844601BC604700BF9DA90000F7
:1087500001B40248844601BC604700BF55220000B6
:1087600001B40248844601BC604700BFD534FF1FF6
:1087700001B40248844601BC604700BFC936FF1FF0
:1087800001B40248844601BC604700BF5D38FF1F4A
:1087900001B40248844601BC604700BF75A90000CF
:1087A00001B40248844601BC604700BF810E00004E
:1087B00001B40248844601BC604700BF2526000082
:1087C00001B40248844601BC604700BFD94901009A
:1087D00001B40248844601BC604700BF8D1200000E
:1087E00001B40248844601BC604700BF3D4B010014
:1087F00001B40248844601BC604700BF45510100F6
:1088000001B40248844601BC604700BFE94C010046
:1088100001B40248844601BC604700BFD12FFF1F4E
:1088200001B40248844601BC604700BF350E000019
:1088300001B40248844601BC604700BF45500000B7
:1088400001B40248844601BC604700BF091B000018
:1088500001B40248844601BC604700BFD91AFF1F1B
:1088600001B40248844601BC604700BF055E0000B9
:1088700001B40248844601BC604700BFC92600001D
:1088800001B40248844601BC604700BFEDA500006A
:1088900001B40248844601BC604700BFF931FF1FA4
:1088A00001B40248844601BC604700BF017F00005C
:1088B00001B40248844601BC604700BFB3520100C6
:1088C00001B40248844601BC604700BF851F000018
:1088D00053444B2056657273696F6E2049442025BE
:1088E000303878200A007266436C6B202564207251
:1088F00063436C6B20256420737973436C6B202574
:10890000642074704361705B2530327820253032EA
:10891000785D0A0073697A656F662873747275638F
:1089200074206C6C5F706B745F6465736329203DA9
:108930002025642C206275662073697A65203D20AD
:1089400025640A0073697A656F6628675F70436FF4
:108950006E6E656374696F6E427566666572292016
:108960003D2025642C2073697A656F662870436FFB
:108970006E6E436F6E7465787429203D2025642CDB
:108980002073697A656F66286C61726765486561F6
:1089900070293D2564200A005B5245535420434111
:1089A0005553455D2025640A20004D454C423A2030
:1089B0004C6F74757320777269746520636D643DC4
:1089C00030782530327820703D25303278202530BF
:1089D0003278202530327820253032782025303208
:1089E00078206C656E3D25750A004D454C423A2055
:1089F0004C6F747573206672616D652072656A656F
:108A0000637465640A004D454C423A207374617486
:108A10006520706F7765723D2575206D6F64653DCB
:108A20002575206272696768743D257520737065CD
:108A300065643D2575207267623D25752C25752C72
:108A400025750A004D454C423A20627574746F6E6C
:108A500020737461746520706F7765723D25752091
:108A60006D6F64653D2575206272696768743D2588
:108A7000752073706565643D2575207267623D25BC
:108A8000752C25752C25750A006F6B004641494CE5
:108A9000004D454C423A2057533238313220535022
:108AA00049312F50333420696E69743D25730A00B3
:108AB0004D454C423A2057533238313220626C6176
:108AC000636B20626F6F74206672616D65207365E1
:108AD0006E740A00476170726F6C655F73746172C7
:108AE000740A00476170726F6C655F6164766572CD
:108AF0007374696E670A00476170726F6C655F43DB
:108B00006F6E6E65637465640A00476170726F6CA6
:108B1000655F446973636F6E6E656374696F6E0A37
:108B200000476170726F6C655F7761697474696E1C
:108B3000675F61667465725F74696D65726F757485
:108B40000A00476170726F6C65206572726F7221E6
:108B50000A005B47415020524F4C452025645D0A76
:108B6000000A4D454C4220626F6F743A204D757378
:108B700069632D4C696768742D56332D323231315B
:108B80003031202F2053543137483636420A004DB9
:108B9000454C423A2055415254302050392F5031E3
:108BA00030203131353230300A004D454C423A20C8
:108BB000424C4520696E697420626567696E0A00DF
:108BC0004D454C423A20424C45206E616D653D2535
:108BD000730A004D454C423A2061647620696E74F8
:108BE000657276616C20756E6974733D25750A0037
:108BF0004D454C423A2061647620646174613D25A4
:108C000030327820253032782025303278202530D7
:108C100032782025303278202530327820253032C5
:108C2000780A004D454C423A207265676973746555
:108C300072204C6F74757320464646302F46464668
:108C4000330A003D3D3D3D3D53696D706C65424CBE
:108C5000455065726970686572616C5F496E6974D0
:108C600020446F6E653D3D3D3D3D3D3D0A006164E4
:108C7000764E25750A003D3D3E204843495F434FEF
:108C80004D4D414E445F434F4D504C4554455F451B
:108C900056454E545F434F44453A2025780A004DCF
:108CA000454C423A205342505F52455345545F4130
:108CB00044565F455654202D3E20656E61626C65BA
:108CC000206164766572746973696E670A0054493D
:108CD0004D45525F4556540A00566261743A20254C
:108CE00064206D562C2025642025250A004D454C16
:108CF000423A20474150526F6C655F537461727401
:108D00004465766963650A00434D4420646174617B
:108D1000206576656E74730A00303132333435362F
:108D2000373839414243444546005B484349204473
:108D30004C455D25642025642025640A005B415470
:108D4000545F4D54555D202564200A0067617050C2
:108D500065726950726F63657373484349436D640C
:108D6000436F6D706C657465457674204F70636FEA
:108D7000646520307825580A0043544520506172BC
:108D8000616D2073746174757320307825303258AA
:108D90000A0043544520656E61626C6520737461FE
:108DA000747573203078253032580A00676170502E
:108DB000726F63657373424C454576656E747320BC
:108DC0004843495F4C455F434F4E4E454354494FDE
:108DD0004E4C4553535F49515F5245504F52545F7B
:108DE0004556454E54200A0067617050726F6365A6
:108DF0007373424C454576656E7473204843495FF2
:108E00004C455F434F4E4E454354494F4E5F495189
:108E10005F5245504F52545F4556454E54200A000C
:108E20005B5341525F465245455D0A005B524541E6
:108E30005F465245455D0A005B5341525F525820E0
:108E40004552525D204E6F53617220632025780A8F
:108E5000005B5341525F5258204552522025645DB9
:108E60002025642025640A005B5341525F5258203C
:108E70004552522025642025645D202564207025FC
:108E8000303878204C20256420432025640A005B7C
:108E90005345475F465245455D0A005B5345475F72
:108EA0005052545D2530387820253032780A005BE6
:108EB000534255462046554C4C5D20455252202584
:108EC00064203078253032780A005B5342554620C2
:108ED000465241472046554C4C5D0A0025732C757F
:108EE000706461746520636F6E6E656374696F6E24
:108EF00048616E646C652025642074696D657249F3
:108F0000442025640A0025732C73746172742063F5
:108F10006F6E6E656374696F6E48616E646C652018
:108F200025642074696D657269642025640A007087
:108F300050616972696E67506172616D735B25641F
:108F40005D204E554C4C200A00736D53746F705267
:108F5000737054696D657220636F6E6E65637469BA
:108F60006F6E48616E646C652025642074696D6560
:108F70007249442025640A003031323334353637A3
:108F800038396162636465666768696A6B6C6D6EC7
:108F90006F707172737475767778797A00303132C8
:108FA00033343536373839414243444546474849DA
:108FB0004A4B4C4D4E4F5051525354555657585999
:108FC0005A003C4E554C4C3E004741505F4465763C
:108FD000696365496E69743A204741505F50524F4A
:108FE00046494C455F43454E5452414C207C2047F6
:108FF00041505F50524F46494C455F504552495091
:10900000484552414C200A005B4861726420666109
:10901000756C742068616E646C65725D0A004C52F8
:109020002020203D203078253038780A0050432019
:1090300020203D203078253038780A0050535220C7
:10904000203D203078253038780A0049435352209B
:109050003D203078253038780A00020003000400F3
:10906000050006000700080009000C000D001600AE
:1090700071090111A50901110000000002000000A2
:1090800086900111192A0F180A000000F1590000FA
:10909000FD240000414601002944011141650111F0
:1090A0007D3801112D420111311E0111A97A0111E2
:1090B0003D1A0111370B01110D0D011100000000C7
:1090C0000C00000002000000CE900111F3FFF0FF41
:1090D000FF000000FF000000FFFFFFFF00FFFFFF99
:1090E00000FFFFFF00FF6010C5130111000000002A
:1090F000000000004449590056322E310030303211
:1091000030006769746875622E636F6D2F707676B4
:109110007800454C4B2D424C45444F4D000000001B
:109120000200000034910111292A282A272A262A20
:10913000252A242A0A180000050000001F501D10CF
:10914000023CB400FB349B5F8000008000100000F4
:1091500000000000332401111D3B011157240111AF
:10916000253F0111DB240111FB3E011151250111A5
:10917000D13E0111A3250111994001110B260111C6
:10918000994001113D260111534001115125011152
:10919000893E0111C9250111314001110000000073
:1091A00000000000AF26011131400111112701110B
:1091B000353B0111052A042A012A002A0229032825
:1091C0000128002801180018736D537461727452DD
:1091D000737054696D6572000000000000000000AB
:1091E00000000000000000870101020102010102ED
:1091F0000102030304010301010101010303020150
:1092000003000D000E0010001100130014010701EF
:1092100008010A010B011C011D02040205020702DC
:10922000080219021A021C021D030103020317009F
:109230000201000504000807000B0A001716001DB4
:109240001C010201010504010E0D0111100114138E
:10925000011716011A19020201020B0A020E0D0271
:109260001110021413021716030504030807030B59
:109270000A030E0D0001020307090A0B0E0F10115D
:1092800012141718191A1B1F202122000506FFFFB0
:1092900000C201000100000000000000F173011194
:1092A000AD7401110000000002000000C691011120
:1092B00000000000D9810111000000000200000040
:0492C000C491011143
:020000041FFFDC
:1000000000000000D10A01118C90011188900111AB
:10001000E05DFF1F00000000000000000000000085
:1000200000000000000000000000000000000000D0
:1000300000000000000000000000000000000000C0
:1000400000000000000000000000000000000000B0
:1000500000000000000000000000000000000000A0
:100060000000000000000000000000000000000090
:100070000000000000000000000000000000000080
:100080000000000000000000000000000000000070
:100090000000000000000000000000000000000060
:1000A0000000000000000000000000000000000050
:1000B0000000000000000000000000000000000040
:1000C0000000000000000000000000000000000030
:1000D0000000000000000000000000000000000020
:1000E0000000000000000000000000000000000010
:1000F0000000000000000000000000000000000000
:1001000000000000000000000000000000000000EF
:1001100000000000000000000000000000000000DF
:1001200000000000000000000000000000000000CF
:1001300000000000000000000000000000000000BF
:1001400000000000000000000000000000000000AF
:10015000000000000000000000000000000000009F
:10016000000000000000000000000000000000008F
:10017000000000000000000000000000000000007F
:10018000000000000000000000000000000000006F
:100190004532FF1FA530FF1FC166010000000000AF
:1001A000000000000000000000000000000000004F
:1001B000000000000000000000000000000000003F
:1001C000000000000000000000000000000000002F
:1001D000000000000000000000000000000000001F
:1001E000000000000000000000000000000000000F
:1001F00000000000000000000000000000000000FF
:1002000000000000000000000000000000000000EE
:1002100000000000000000000000000000000000DE
:1002200000000000000000000000000000000000CE
:1002300000000000000000000000000000000000BE
:1002400000000000000000000000000000000000AE
:10025000000000000000000000000000000000009E
:10026000000000000000000000000000000000008E
:10027000000000000000000000000000000000007E
:10028000000000000000000000000000000000006E
:10029000000000000000000000000000000000005E
:1002A000000000000000000000000000000000004E
:1002B000000000000000000000000000000000003E
:1002C000000000000000000000000000000000002E
:1002D000000000000000000000000000000000001E
:1002E000000000000000000000000000000000000E
:1002F00000000000000000000000000000000000FE
:1003000000000000000000000000000000000000ED
:1003100000000000000000000000000000000000DD
:1003200000000000000000000000000000000000CD
:1003300000000000000000000000000000000000BD
:1003400000000000000000000000000000000000AD
:10035000000000000000000000000000000000009D
:10036000000000000000000000000000000000008D
:100370006582011100000000000000000000000084
:10038000000000000000000000000000000000006D
:10039000000000000000000000000000000000005D
:1003A000000000000000000000000000591AFF1FBC
:1003B000000000000000000000000000000000003D
:1003C000000000000000000000000000000000002D
:1003D000000000000000000000000000000000001D
:1003E000000000000000000000000000000000000D
:1003F00000000000000000000000000000000000FD
:08183800006DFF1F4118FF1FA6
:10184000024981F3088802F05BFA0000006DFF1F77
:1018500010B502F06DF8072804D0122808D002282D
:1018600008D010BD044A0420136B01331363F8E75A
:101870000220F6E71420F4E7DC62FF1FF8B507004A
:101880000C0026002500503630785135002804D150
:101890000300287058342370F8BD2978CA00481E08
:1018A0008141A3183800A25C5B68C9B2FFF7D0FF82
:1018B00000280DD12B78DA00A218013350602B706C
:1018C0003378044A013B3370136A01331362D8E75B
:1018D0000123DFE7DC62FF1F5C234343074910B5A8
:1018E000C9180B0058331B78012B05D1FFF7C6FF31
:1018F000034A936A0133936210BDC0461063FF1F11
:10190000DC62FF1F10B502F00BF9064A012113003B
:1019100010CB4942D967044B136002F011F8200044
:1019200010BDC04600E100E01000100010B504003A
:1019300002F0F6F8024B1C6002F002F810BDC0463F
:1019400000E100E0431E5A425341A022F0B5D2010B
:101950005B421340154D164A40019B182A18127E0F
:101960008BB00191002A1BD01A000832D46F0022DC
:10197000E6B206AFE4B294420EDC2818C369002B2D
:1019800008D0019902AA117106AA049202AA16733C
:1019900003A898470BB0F0BD1978B9540132EAE7B3
:1019A0001A7D1A7806AB01261A70E6E79C65FF1FC0
:1019B00000400040F0B5254B04004001C25C85B0FA
:1019C000002A2BD01A18117E002927D0917E0029D9
:1019D00024D01179022921D11689D788D168F51B25
:1019E000ADB22A1C102D00D9102292B2BE4217D1DE
:1019F0001818012303710023C269C38003819A422E
:101A000006D06846032103730171029301A8904731
:101A10000820002C00D0192001F0FAFA05B0F0BD22
:101A2000013C65426C41A0256442ED012C40084D0B
:101A30001B186419074D0633013A92B2AA42EDD041
:101A40001888461C1E80085C2070F5E79C65FF1F07
:101A500000400040FFFF00000F220E4B10B59868B9
:101A6000104002380A280BD801F024FF0D0A0B0A97
:101A70000A110A0A0A0A060002210020FFF762FF83
:101A800010BD0121F9E70020FFF794FFF8E7DB6FB5
:101A9000F6E7C046004000400F220E4B10B5986894
:101AA000104002380A280BD801F004FF0E0A0B0A76
:101AB0000A120A0A0A0A060002210120FFF742FF61
:101AC00010BD01210800F9E70120FFF773FFF7E7D8
:101AD000DB6FF5E70090004013B5334C2378072BFC
:101AE0003DD8324B1A78324B002A39D180221968FE
:101AF00052020A431A60252001F0E6FD20232D4AF8
:101B000011680B43802113606B460422C9050868E5
:101B10000733104228D080210422C905C86810422A
:101B20002ED080212020C905CA688243CA601422B1
:101B30001A701A78002A2FD18021C905C86820326E
:101B40000243CA6014221A701A78002A28D11A4B4C
:101B50001A7D22785A601D221A705932DA6013BD3C
:101B60001A6816490A40C5E7086802430A60142249
:101B70001A701A78002ACED01A78013AD2B2F7E752
:101B8000C8680243CA6014221A7019784A1ED2B279
:101B90001A700029F9D1C4E71A78013AD2B2C7E71E
:101BA0001A78013AD2B2CEE70C40FF1FD440FF1F93
:101BB0003CF000400440FF1F00200040FFFFFEFFFC
:101BC000564B70B51B68012B03D1554A936D0133F9
:101BD000936501F0A5FE534B534A1860534B544C88
:101BE0001A600123534A1360534A13602378002B71
:101BF00006D006225149524801F0CAFF0023237043
:101C0000504A514B10681B78C1B2002B0ED14F4C7B
:101C1000C0B223785BB2002B4FDB237824785BB211
:101C200064B21B0424021B191B1813600B1C5029DF
:101C30004ED95023464A47491078DBB2FF2202288A
:101C40004BD10868444C454D267890432A789642FB
:101C500054D9227824782E78023B5D10A31B6B4365
:101C60005201D31A10335B111843086001F038FF9A
:101C7000031F012B45D83A4B1B78002B06D0394B5C
:101C80001B78002B02D0002002F022F8A122364B54
:101C900092009978354B4A431B689B188322920027
:101CA0009B181B78033B012B03D8AF20400002F0A8
:101CB00087F801222E4BDA8270BD237824785BB23C
:101CC00064B2FF33FF341B0424021B190138ABE755
:101CD000CAB2022AAED20223ACE70868254C264DD0
:101CE000267890432A78964208D9227824782D784D
:101CF000023B5B10641B63435201B2E72378DBB203
:101D0000B2E70228D5D11D4B1B78013B022B03D92A
:101D10001B4B1B78022BCCD16C20C8E79809FF1F06
:101D2000FC0FFF1F2862FF1FFF3F0000141003403D
:101D30002C62FF1F0C10034000100340D50BFF1F47
:101D40007211FF1FB40003408C09FF1F680AFF1FB8
:101D5000490AFF1F94000340460AFF1F470AFF1F5E
:101D6000F908FF1F2209FF1F300DFF1F3409FF1F55
:101D7000BC0BFF1F440AFF1F450AFF1F1C09FF1F62
:101D80002309FF1F10B502F013F80022014B1A803F
:101D900010BDC0462462FF1F10B501F039FFA1211C
:101DA000054A89009478054A61431268044B521829
:101DB000528C1A8010BDC046300DFF1F3409FF1F22
:101DC0002462FF1F10B50D4B0D4A9978A1239B008B
:101DD0004B431268D218531DD97F0A4B1B88994276
:101DE00009D2441C07D0C82805D0D2695B1A5A43CF
:101DF000054B5343C01801F09BFF10BD300DFF1F72
:101E00003409FF1F2462FF1F7102000070B5244DCA
:101E10002B68002B28D001F0ABFF2B68D8402B6833
:101E20000400002B27D001F013FE2B68D8401D4B77
:101E30001D4A9978A1239B004B431268D118D25CAC
:101E400091239B00002A20D0CA580132CA50174B58
:101E500017491B680868834214D3D23B181A012A19
:101E60001AD0144B186070BD01F082FF124B196834
:101E700001F04EFFD3E701F0EBFD0F4B196801F0C5
:101E800047FFD4E70D495B18E8E7CA500C4B1B68C5
:101E9000DB68E418201AE4E7F530FF30E1E7C046DC
:101EA0001C08FF1F300DFF1F3409FF1F9C09FF1F77
:101EB0002862FF1FA009FF1F1808FF1F2DFF3F000A
:101EC0003062FF1F70B504000D00282916D10300F1
:101ED000A433C2881B889B1A0B4A9BB293420DD92C
:101EE00006006A3605223100653001F0E9FE00285F
:101EF00004D13100200001F023FE70BD2900200034
:101F000001F03EFEF9E7C046FE7F0000F8B505008F
:101F1000012001F025FE134CA36AA26A9342FBD173
:101F2000114E336001F01CFF104903000860104897
:101F3000426894460F4A17680022BC4501D24268A5
:101F4000BA1A0D4802603268AD18A422E562606AD0
:101F5000520302436262094A1278002A01D00F3B01
:101F60000B60F8BD00F00040340AFF1FE408FF1FBB
:101F700028100040180AFF1F1C0AFF1F1C09FF1F22
:101F800070B580241025E405A3682B43A36001F0FD
:101F90004FFEA368AB43A36070BD0000F7B5160009
:101FA00080221C001023D2050191916805000B438B
:101FB000936000225A4BD7301A6001F0F9FC9D2340
:101FC0002A002F009B00EB58CA3201210092FC37F7
:101FD000002B01D00021009A386801F099FD2900FA
:101FE000009BCB311A784F4BD3351A604B780A7867
:101FF0001B0213438A7812041A43CB781B0613433F
:10200000494A1BBA13604B790A791B0213438A7938
:1020100012041A43CB7931001B061343434A1BBAFF
:1020200013606B782A781B021343AA7812041A43B0
:10203000EB781B0613433E4A1BBA1360019A330226
:1020400013433C4A13603C4B22001B1B9C46032954
:102050003DDCB3089A0013005142B21A032A46D15C
:10206000354AE018511A827840781204000202437F
:10207000E05C043302430A600022FF2B4BDDF022B8
:102080002E4B12011A600F222D4B1A602D4A136835
:10209000002BFCD00023224A27491360091B321D64
:1020A0000B191B68043A180A23706070180C1B0E79
:1020B000A070E3700434002AF2DC802210213B6817
:1020C000D20501333B6093688B439360F7BD634651
:1020D000D578981893782D061B042B43157804396E
:1020E0002B43557804322D022B430360AFE7022ABD
:1020F0000AD1114AE05C511AE218527812020243E6
:102100000A6004339BB2B7E7012AB5D10A4A521AD2
:10211000E15C1160F5E7084959180A600433ACE73F
:10212000000004403C0004403800044034000440F7
:10213000300004400C00044000010440040004404E
:102140001000044014000440F7B5150080221C0064
:102150001023D2050091916807000B439360002380
:10216000654AD730136001F023FC9D233E009B009D
:10217000F9583B00CA363200FC33002900D07FE01A
:10218000586801F0C5FC390032785C4BCB311A60DD
:102190004B780A781B0213438A78AC4612041A4320
:1021A000CB78281D1B061343554A1BBA13604B7985
:1021B0000A791B0213438A7912041A43CB791B064E
:1021C0001343504A1BBA13604B7A0A7A1B0213431B
:1021D0008A7A12041A43CB7A21001B0613434A4A17
:1021E0001BBA1360009A2B021343484A1360220063
:1021F000474B1B1B0093009BCE785B1801938B7899
:1022000036061B0433430E78043833434E780431CA
:1022100036023343019E33600328ECDC0321A80817
:10222000431C9B002940800003292BD13849E51825
:102230005E18A9786D78E35C09042D0229431943DF
:102240003160030008330021FF2B2DDD314B324973
:1022500019600F21314B1960012327490B60304B66
:1022600019680029FCD006211B680B40042B20D0E4
:1022700080220020D20593680A318B439360FEBD13
:1022800001217DE7022908D121495D18E11849782B
:10229000E35C090219432960D3E70129D3D11C4922
:1022A0005918E35C0B60CCE7194818180160043337
:1022B000CAE7002310490B606346002B0CDC3B008F
:1022C000FC335A68102101325A608022D20593688B
:1022D00001208B439360D2E7009B9B181B68190A6F
:1022E00013705170190C1B0ED37004235B42917054
:1022F0009C440432E0E7C046000004403C00044037
:102300003800044034000440300004400C00044015
:102310000001044004000440080F000010000440C5
:102320001400044070B5061E19D002225A4B9B7946
:102330009343012B13D1594B1A78FF2A0FD15A78A6
:10234000FF2A0CD19A78FF2A09D1DA78FF2A06D120
:102350001A79FF2A03D15B79FF2B00D199E0504B0A
:102360000C201A78012A08D000224E4D1A702978C4
:102370000B00093B042B01D8212070BD4B1F012B02
:10238000FAD9454CA37B042B00D982E0A279032A19
:1023900000D97EE09A1ED2B2012A02D860881F2896
:1023A00077D9002E56D0012E73D1A0880128E3D012
:1023B000002907D1581E032803D801F07BFA121711
:1023C00015122E702978481E032811D80025364B87
:1023D0001D602823237501F0D3FAA84227D0A580D9
:1023E000CAE702212970EDE70421FBE70321F9E7A1
:1023F00007390129C0D82D490968C96A8906BBD5A2
:102400002B4908780028B7D1012A01D9002BB3D174
:1024100002230B708021274D2633890128782375EC
:1024200001F046FB80212878890101F0A1FA0123FF
:10243000A380214B1B78002B0AD0FA2280211F4B4E
:1024400092001B8809025A431A4B187801F0B8FA17
:10245000002092E701F064FB2B78A680073B012B5C
:1024600003D917482E7001F0BBFC114B114C1A78A0
:10247000002A06D080210022207889011A7001F0FC
:1024800017FB01F05DFA80212078090201F010FBB2
:10249000DEE7122071E7C046A60BFF1F6B09FF1F86
:1024A0001A09FF1F1C09FF1F4809FF1F3062FF1F89
:1024B0002309FF1F1B09FF1F2109FF1F2C09FF1FF5
:1024C0000010004010B5002901D001F0B9FB10BD8B
:1024D000F7B5604B01919978A1239B004B435E4A6D
:1024E000060014681022E418D6235B00E058362357
:1024F000FF33E35C00279343222B41D1574B0F3A24
:102500001A600760012501F0F3F9019B1880E823A8
:102510005B00E35C002B01D0B34258DD0023504F39
:10252000FB70AD33FF33E3581A68002A03D09B8851
:10253000DB439B071DD03823FF33E35C002B18D00F
:102540009B235B00E35C002B13D1D133FF33E35CAF
:10255000B3420EDAA4235B00E15AE018090A023103
:1025600001F0AEFA23000122FE33013E01351A8745
:10257000FA70E8235B00E35C002B2AD0A8B2FEBD12
:1025800003683D00002BBED081880430090A023167
:1025900001F096FAD6235B00E3581F60B2E72300F0
:1025A000B133BA00FF339858013781880430090AE3
:1025B000023101F085FAE8235B00E35CBB42EEDC0C
:1025C000E822F61AED1800235200A354A6E70027CC
:1025D000F1E7200001F024FA00281FD0002E1DDDB5
:1025E0007319882647190193B600200001F050FAAC
:1025F0005A30800020184068013581880430090A6B
:10260000023101F05DFA200001F01AFAA3590133FA
:10261000A351BD4202D0019B9D42E6D1114BE35C28
:10262000002BABD095239B00E35C002BA6D00E4B78
:10263000E15A0029A2D00D4AA35C994202D9013384
:10264000A3549BE700231A212000A35401F0C8FAE9
:1026500094E7C046300DFF1F3409FF1F00140340EC
:10266000E010FF1F5A020000720200005E0200002C
:102670000D4970B54A6E0D4CD2038B69D20BA24244
:1026800006D80B4D0224AA4204D901F009FA70BD04
:1026900002246442E21815007E2425402242F4D030
:1026A000A3432B438B61F0E700F000400A200000B9
:1026B000FC1C0000F8B51D4B1D4F1A78002A10D1E4
:1026C000BA7B002A02D101321A7003E0032AFAD041
:1026D000022AF8D001F054F900220120154B1A709B
:1026E000F8BD154B154D1C68154B9E7801232B70BA
:1026F0002878C0B200F09EFBBB7B002B0BD101F011
:10270000CFFAA1239B007343E41883239B00E418B2
:1027100023782B70E4E7032B02D101F039F9F0E7BD
:102720000020022BDCD101F01BF9EAE71C09FF1F96
:10273000A60BFF1F2309FF1F3409FF1F490AFF1FB4
:10274000300DFF1FF0B587B00EAD2F780FAD2D788F
:102750000593AC46634614000E4D0CAA12782E78F1
:1027600003930D9B009201932200059B029701F0B9
:10277000EFF82E70012C01D0042C08D180220649DC
:102780008B889343054A1278D20113438B8007B09C
:10279000F0BDC0461C09FF1F6C11FF1F7809FF1F09
:1027A0000B001B3B70B504003020E02B0DD813004C
:1027B000E025493BFF3B9BB2ED00AB4205D8034B04
:1027C000200019825A8201F043FA70BD8410FF1F65
:1027D00010B501F0A5F8054B00205B68052B04D966
:1027E000034A5268D20200D4980810BD001000407D
:1027F000FCE100E070B501F093F90D4B1B68FC3370
:10280000DC691D6AFFF7E4FF6419844204D2094BB6
:1028100001241B68002B07D004220024064B1A70E9
:10282000064A93690133936101F08AF8200070BD74
:102830003062FF1F9809FF1F2309FF1FFC0FFF1FB6
:1028400070B50C4D2B68FC335C6A01F069F9FFF739
:10285000BFFF2B680025FC339B6AE318834204D238
:10286000054B1B68AB4200D1051B01F069F828003D
:1028700070BDC0463062FF1F9809FF1FD722044B6E
:1028800092009B5810B5002B00D0984710BDC04651
:102890000000FF1F10B500F0F5FFFFF7EFFF27491D
:1028A000274BCA6D274C1A4084235B001343CB652A
:1028B000254B1B68186A01F053F9244B244A1A600F
:1028C000244B254A1A60A022244B52001A60244B44
:1028D000187801F0D5F82000224901F0C1F8002352
:1028E000A3600233A360204B2049236003232048C8
:1028F000A36001F0B5F810221E4BFF201A60802261
:1029000052031A60802292031A60802212041A6015
:1029100001F0DEF9012001F0E3F9FA20400001F0B6
:102920007FF9582001F04CFA134801F071F80120AA
:1029300001F03EF9072001F0DBF910BD00F0004086
:1029400000FEFEFF141000403062FF1F0000034035
:102950000180063DBC00034034080000A400034091
:102960004A0AFF1F71020000C3090000FFFF3F0079
:102970002810004000E100E030750000674E336829
:1029800088331B6883F3088801F0E2F9644A6549DB
:10299000136800200B401360634B644A1B6893422A
:1029A00000D1A6E001F0E4F80221614A13688B43EC
:1029B0001360FFF76FFF5F4B5F4C1878C0B201F0F8
:1029C00087F80023A3600233A3605C4B01202360DF
:1029D00001F0C6F80323A36001F0AAF8040000F098
:1029E0009FFF050001F0A4F8554B186001F050F965
:1029F000544B1968621A531EA14200D21300802260
:102A0000D203934201D39B029B0A3268D16AC90761
:102A100000D471E04C491C0C09689BB24C435943EB
:102A20002402090A641803264849FC3293680A689C
:102A300047489B1A474A0768126847499B18474A04
:102A40009A1833409208DB190A600360042B03D9FB
:102A5000013233400A6003600E684149A619300014
:102A600001F056F93F4F3E493B68C3183B603000C8
:102A7000019301F0A5F83C4E3068081838493060E1
:102A8000884205D9019B01333B6001F099F8316020
:102A900001F07EF9354B1B78002B0DD000F040FF84
:102AA000334B621B196812188A4232D24919091B2A
:102AB000091A304800F0D4FF2F4E337A002B0ED085
:102AC00000F02EFF621BF1681218914224D94919B7
:102AD000091B091A294800F0C3FF00233372284B51
:102AE00083F3088800F014FF002001F041F801F0A2
:102AF0006FF901F03DF85CE7DC0199000234641ADB
:102B00005900641A09214B438033CB40A408E418D0
:102B100089E7FA218900CCE71A49DBE73062FF1F19
:102B20001CF00040FFFFC1FF0C0AFF1FB64121034C
:102B300010000040490AFF1F14100040C3090000A4
:102B4000100AFF1F340AFF1F380AFF1F200AFF1F49
:102B5000280AFF1F1C0AFF1F240AFF1FC4090000C8
:102B6000710200006008FF1F2C0AFF1F1C09FF1FD5
:102B7000E408FF1F00100040740BFF1F3C100040D2
:102B800000000020DC050000A022054B92009B58AD
:102B900010B5002B01D0984710BD01F0F1F8FBE70C
:102BA0000000FF1FA122054B92009B5810B5002B7F
:102BB00001D0984710BD01F0E3F8FBE70000FF1FCC
:102BC000A222054B92009B5810B5002B01D09847CC
:102BD00010BD01F0D5F8FBE70000FF1FA322054B55
:102BE00092009B5810B5002B01D0984710BD01F002
:102BF000C7F8FBE70000FF1FA422054B92009B587B
:102C000010B5002B01D0984710BD01F0B9F8FBE7D3
:102C10000000FF1F70B500F083FE4F4B186001F0FD
:102C200047F80400C30702D401F01AF870BD00226F
:102C30004A4B1A604A4B18780138042829D800F00A
:102C400039FE0320181C2400200000F0D9FF0128C1
:102C5000ECD0444C2378042B6ED101F061F80028AD
:102C6000E4D000F075FF582001F0AAF80223237089
:102C7000DCE7200001F064F8E9E7200000F0C0FE86
:102C8000E5E7200000F03CFFE1E7200000F0B0FFA6
:102C9000DDE700F025FF0500012808D1324B1B7845
:102CA000053B012B03D82000FFF76EFFD1E72D4B2A
:102CB0001B78022B01D0052B20D1022D28D12B4BC4
:102CC0009B7BAB431CD12000FFF76CFF264B187891
:102CD0000128BED16405BCD4244925224B7B034284
:102CE00005D1233A13405A42534126331A000B7D33
:102CF0009342AED9322001F053F8AAE7022D07D152
:102D0000194B1B78052B11D12000FFF759FFDDE788
:102D1000012D0BD1012B03D12000FFF75FFF98E7B6
:102D2000062B03D12000FFF767FF92E7200001F098
:102D300027F8022D8DD1C9E7032B04D10C4B987CC9
:102D400000F02EFE72E7072B00D06FE7094B987B4F
:102D500000F0CEFE6AE7C0469C09FF1F9809FF1FDE
:102D60009009FF1F2309FF1F1C09FF1FA60BFF1F50
:102D7000BC0BFF1FD40BFF1FFA210A4B0A4A490064
:102D80001A640A4A5A500A4A04395A50094A083100
:102D90009A64094A5A50094A5C315A50084ADA661C
:102DA0007047C0460000FF1F4527FF1F4128FF1F37
:102DB000F527FF1F2523FF1FB526FF1FC51DFF1F7A
:102DC000991DFF1FF7B50B0CFF270122009300236D
:102DD0003C001E001D009446019089B262469A4054
:102DE0001000084018413618B6B2FF2F02D1012E4C
:102DF00000D19FB2009802401A41AD18ADB2FF2C2D
:102E000002D1012D00D19CB20133102BE6D1032059
:102E1000012E07D1012D04D1019B2401E4191C705E
:102E20000138FEBD102EFCD10238102DF9D0023031
:102E3000F7E700008023F7B59C46264B264F019309
:102E40002649274A274D284C284B02281AD160468C
:102E500038600868264E30408026360330430860CC
:102E600001990978002909D11660224A2A60224A6C
:102E70002260E02219689143A03A1BE08021C90238
:102E80001160F2E766463E600F68194E3E408027AB
:102E9000FF023E430E600199097800290DD11760A9
:102EA00001280ED1154A2A60154A2260E0221968CD
:102EB0009143C03A0A431A60F7BD8021890211602C
:102EC000EEE7E0210F4A02432A600F4A22601A68A7
:102ED0008A43F0E74B0AFF1FE0000340D80003409D
:102EE00090000340000003405000034040000340B6
:102EF000FFFFE3FF0280063D804508220180063D7A
:102F0000806608220080069880550822F8B51E4B7E
:102F100080261A68002014003440324232D11A68E8
:102F20001A4F32431A6001223B68063093433B60DC
:102F300000F016FE0122164D2B681E432E603B68E2
:102F40000A2613433B608027BF00124B1B683B429D
:102F500011D1013EF6B2FF2E09D17E220E4B1C6824
:102F60002B68E40B1440934323432B6005E00820B7
:102F700000F0F6FDE9E7002EEFD180222B68600813
:102F800093432B60F8BDC046C4F000405CF00040A5
:102F900018F0004068F0004060F0004010B500F00C
:102FA00017FE01215820034A00F012FDFFF7AEFF83
:102FB00010BDC046600AFF1F10B5782200210348EB
:102FC00000F00EFD00F0ECFD002010BD2465FF1F99
:102FD00070B5040000F0A4FD00230C200B4A010092
:102FE00059438D18515C00290DD0A14208D101230D
:102FF00000246B7000F03CFD00F0A2FC200070BDCE
:1030000001330A2BEBD11224F6E7C0462465FF1FDB
:1030100070B5040000F084FD002319001D000D4A66
:103020001078002806D0A0420CD1557001310C3226
:103030000A29F5D1002B0AD100F0B2FD00F080FC86
:10304000002070BD5078461EB0411B18EEE700F01E
:103050000FFDF3E72465FF1FF7B504000C200023E4
:1030600084460E4D019267465F43E85D7E19A0429B
:1030700012D000280BD10A4B9C4662461B780833BD
:103080001370019B70707C557160B360FEBD01339D
:103090000A2BE8D10320F9E70720F7E72465FF1F93
:1030A0002065FF1F8020F8B5484BC0051B68C12470
:1030B0008360474BFF251A68012313434361454B47
:1030C000A4001A68444B40211A60444B1A68444BD0
:1030D0001A60444B1A59AA431A51C52292009E58AD
:1030E000AE433143802699509F583F49F6010F4027
:1030F0003E439E509E5880273602360A30439850F1
:1031000080201A5900020A4002431A5104341A5905
:10311000364E3F04324080263A431A511A59360639
:103120001202120A32431A5108341A5980260A40F0
:1031300002431A51C32292009F58B446AF4337430B
:103140009F509F58294E0F4007439F509F5837402C
:1031500080263604374380269F509F5836063F020C
:103160003F0A37439F50C0221F59AF433A431A5179
:103170001A591202120A1643C6221E5192009C5876
:10318000AC4365462C439C509C5800250C40204382
:103190009850C72080001A58154C1140C0221202C6
:1031A0000A431A50134B1B78DB08AB4201DC0020AA
:1031B000F8BD2378002B06D0A368002B00D09847D9
:1031C00001350C34EEE71220F2E7C0460840FF1F3D
:1031D0000440FF1FB0F000401C65FF1FB4F000402A
:1031E0001865FF1F00E100E0FF00FFFFFFFF00FF89
:1031F0002465FF1F2065FF1F030010B51F2809D895
:10320000072200201340072404490A78A2431343ED
:103210000B7010BD00230620F5E7C0462065FF1F98
:10322000054B06491B780A6805485B0702401B0BE3
:10323000134300200B6070472065FF1F1CF0004007
:10324000FFFFC1FF70B50C25FFF7EAFF0A4B1C78A2
:103250000A4BE4086543ED18002C01D1200070BD35
:103260002B78002B06D06B68002B00D09847013CD0
:103270000C3DF1E71220F2E72065FF1F1865FF1FE4
:103280001FB5002102220B0001910091052000F0E2
:10329000CFFB02230B490A681A42FCD12023039377
:1032A000039B5A1E0392002BFAD1074A1368002B86
:1032B000FCDA0B246C442000012100F099FB2078FB
:1032C00004B010BD90C8004000C8004013B5040011
:1032D0000A4B0193019B002B01D1112016BDFFF772
:1032E000CFFF23000340044205D0052000F038FC46
:1032F000019B013BEDE71800F0E7C046FFFFFF0729
:1033000007B500F00DFC80220821D205936A0191D7
:10331000002B01D10739916202210C4A11600199F9
:10332000481E01900029FAD1033111600531019145
:103330000199481E01900029FAD11160002B02D199
:103340008022D205936200F0FBFA07BD00C0004066
:10335000F0B52D4C89B02378002B4FD1FEF7D2FA6F
:1033600002232A4F03903A681A42FCD12023069385
:10337000069B5A1E0692002BFAD1254E3368002B6D
:10338000FCDA0120FFF7A2FF011E02D0112009B0D4
:10339000F0BD030003220190009005AD9F2000F0D6
:1033A00047FB0321280000F023FB02233A681A425E
:1033B000FCD120230793079B5A1E0792002BFAD1BA
:1033C0003368002BFCDA0120FFF780FF0028DDD1F5
:1033D0000398FEF7ABFAAA786B7811041B020B4333
:1033E00029780B4363601300113B0A49052B07D86A
:1033F00001239340A3600B60012323700020C6E7E4
:1034000080231B03F6E7C046F03FFF1F90C8004033
:1034100000C800409808FF1F1E4B30B55A68187846
:103420001D4B85B0D31859424B4101210093002315
:1034300000F066FA194B1A4A02259A6300221A65AF
:1034400010325A658022C4219D65164B1648D2025F
:10345000DA6789004258154B80241A4080231B04E8
:1034600013434350642341200393E40500F02CF9F7
:10347000402000F029F96562039D6B1E0393002D27
:10348000FAD103236362FFF73BFFA562FFF760FFFA
:1034900005B030BDFC3FFF1F95FFFEF700C80040A0
:1034A000050001FF04E100E000E100E0FFFF00FF94
:1034B00010B5064B18705960FFF7AEFF00211320BE
:1034C000034AFFF7C9FD002010BDC046FC3FFF1FA7
:1034D0001934FF1FF0B587B0029103920400FEF784
:1034E00011FA019000F01CFB802302250122234EDB
:1034F000DB0535605D629A6200F022FA204F3B687E
:103500002B42FCD120230493049B5A1E0492002BCF
:10351000FAD11C4D2B68002BFCDA0120FFF7D6FEF8
:10352000002802D0112007B0F0BD2000039A0299B4
:1035300000F0A6FB022304003A681A42FCD12023C3
:103540000593059B5A1E0592002BFAD12B68002B80
:10355000FCDA0120FFF7BAFE051EE3D100F0E0FA25
:1035600080230322DB0535605A629D6200F0E8F992
:103570000198FEF7DBF9E0B2D5E7C04600C0004095
:1035800090C8004000C80040F0B5802489B0060013
:10359000FEF7B8F9E405A36A02250393029000F050
:1035A000BFFA0123304F3D606562A36200F0C8F9A5
:1035B0002E4C23682B42FCD120230593059B5A1ED9
:1035C0000592002BFAD12A4D2B68002BFCDA012042
:1035D000FFF77CFE002803D01124200009B0F0BDC5
:1035E000244B2360022322681A42FCD12023069335
:1035F000069B5A1E0692002BFAD12B68002BFCDA90
:103600000120FFF763FE021EE6D11B4B03211E6063
:10361000030001900090202000F00AFA02232268A3
:103620001A42FCD120230793079B5A1E0792002BB6
:10363000FAD12B68002BFCDA0320FFF747FE041EAB
:10364000CAD100F06DFA80230322DB053C605A6288
:103650009C6200F075F9039B002B01D1FFF750FE2F
:103660000298FEF763F9B8E700C0004090C8004038
:1036700000C800400100000694C8004007B50002E1
:1036800001910422000A01A9FFF724FF0EBD0000EA
:1036900073B5050005240B4AA3005B429B1819680B
:1036A0006B46DE1D3000FFF78DFB022804D1337816
:1036B0002B55013CEFD276BD052CFCD00128FAD168
:1036C0000230F8E7140900111F2807D801238022CF
:1036D0008340D20591680B43936070473F2808D818
:1036E0000123802220388340D20551690B43536166
:1036F000F3E75F28F1D80123802240388340D205C8
:10370000116A0B431362E8E71F2807D801228021C2
:103710008240C9058B6893438B6070473F2808D867
:103720000122802120388240C9054B6993434B61B7
:10373000F3E75F28F1D80122802140388240C90593
:103740000B6A93430B62E8E71F2810D8802302001E
:10375000DB05153A1968012A06D820229143196021
:1037600019680A431A60704701228240F6E73F2831
:1037700011D880230200DB05353AD968032A06D820
:1037800010229143D960D9680A43DA60EBE701223D
:1037900020388240F5E75F28E5D842238022181AB6
:1037A000413B8340D205516A99435162516A0B43B0
:1037B0005362D8E710B50400012813D1A02218499C
:1037C00092050B685B015B0913430B60154B164AAE
:1037D00019681140154A0A431A60402219680A43C1
:1037E0001A6010BD0028FCD101000A2000F040FA48
:1037F00021000B2000F03CFAC0220A4B920019680D
:103800000A4340211A601A688A431A60B0220449A8
:1038100012060B685B015B0913430B60E1E7C046CE
:1038200014F000401CF000407F00FEFF80FD01000E
:1038300072B6074A1368013313600422054B1A60FD
:103840000023054A13608022D2055360FEE7C0467C
:103850007808FF1FC0F00040C4F0004005490B6825
:10386000002B05D1044A0A6004490A60044A136027
:103870007047C046140AFF1F841E0000380AFF1F4D
:10388000C4F000400023034A1360034A1360034A54
:103890001360704754F0004040F1004044F1004094
:1038A00002B4714649084900095649008E4402BCD9
:1038B0007047C04602B4714649084900095C490096
:1038C0008E4402BC7047C04603B4714649084000AC
:1038D0004900095E49008E4403BC704703B4714639
:1038E000490840004900095A49008E4403BC70470A
:1038F00001B40248844601BC604700BFCD0C010002
:1039000001B40248844601BC604700BFC56D010098
:1039100001B40248844601BC604700BF79970000AB
:1039200001B40248844601BC604700BFC95C010085
:1039300001B40248844601BC604700BFE92700008B
:1039400001B40248844601BC604700BF9DA9000045
:1039500001B40248844601BC604700BF9D6A000074
:1039600001B40248844601BC604700BF19FA000058
:1039700001B40248844601BC604700BF0D520100FB
:1039800001B40248844601BC604700BFA9D80000CA
:1039900001B40248844601BC604700BF75F80000CE
:1039A00001B40248844601BC604700BF4DF90000E5
:1039B00001B40248844601BC604700BF894400004E
:1039C00001B40248844601BC604700BF8B5201002D
:1039D00001B40248844601BC604700BF0167010092
:1039E00001B40248844601BC604700BFB70E000026
:1039F00001B40248844601BC604700BF3D7101002C
:103A000001B40248844601BC604700BF0534010090
:103A100001B40248844601BC604700BF8D1101001B
:103A200001B40248844601BC604700BF71B0000089
:103A300001B40248844601BC604700BF496D0100E3
:103A400001B40248844601BC604700BF59760100BA
:103A500001B40248844601BC604700BF6D0B010001
:103A600001B40248844601BC604700BF2D6C0100D0
:103A700001B40248844601BC604700BF21A9000090
:103A800001B40248844601BC604700BFEDA50000B8
:103A900001B40248844601BC604700BFD9B00000B1
:103AA00001B40248844601BC604700BFD1AE0000AB
:103AB00001B40248844601BC604700BFB352010014
:103AC00001B40248844601BC604700BFC115010033
:103AD00001B40248844601BC604700BF891401005C
:103AE00001B40248844601BC604700BFDD0C010000
:103AF00001B40248844601BC604700BFC1F7000022
:103B000001B40248844601BC604700BFF53501009E
:103B100001B40248844601BC604700BF2144000054
:103B200001B40248844601BC604700BF75A900008B
:103B300001B40248844601BC604700BF156B010018
:103B400001B40248844601BC604700BF85C1000043
:103B500001B40248844601BC604700BF6DF6000016
:103B600001B40248844601BC604700BF01890000DF
:103B700001B40248844601BC604700BF016C0100EB
:103B800001B40248844601BC604700BF51B8000040
:103B900001B40248844601BC604700BFE94C010003
:103BA00001B40248844601BC604700BFADAE0000CE
:103BB00001B40248844601BC604700BFE512010021
:103BC00001B40248844601BC604700BF090E0000F2
:103BD00001B40248844601BC604700BFED680100A3
:103BE00001B40248844601BC604700BF53B90000DD
:103BF00001B40248844601BC604700BFF9350100AA
:103C000001B40248844601BC604700BF0134010092
:103C100001B40248844601BC604700BFF9ED0000D2
:103C200001B40248844601BC604700BF8512010010
:103C300001B40248844601BC604700BFDD3F00007C
:103C400001B40248844601BC604700BFE9D40000CB
:103C500001B40248844601BC604700BF116E0000F9
:103C600001B40248844601BC604700BFDD0A010080
:103C700001B40248844601BC604700BFAD66011133
:103C800001B40248844601BC604700BF957301003F
:103C900001B40248844601BC604700BFC166010010
:103CA00001B40248844601BC604700BFE9F6000049
:103CB00001B40248844601BC604700BFBD0B01004F
:103CC00001B40248844601BC604700BFCD4C0100EE
:103CD00001B40248844601BC604700BFED6B01009F
:103CE00001B40248844601BC604700BF691101006D
:103CF00001B40248844601BC604700BFF90D0100D1
:103D000001B40248844601BC604700BF71820111C2
:103D100001B40248844601BC604700BF090E0000A0
:103D200001B40248844601BC604700BF01D70000CF
:103D300001B40248844601BC604700BF89370100D6
:103D400001B40248844601BC604700BF0934010049
:103D500001B40248844601BC604700BFC9A9000005
:103D600001B40248844601BC604700BFBD5C01004D
:103D700001B40248844601BC604700BFE90B010062
:103D800001B40248844601BC604700BFE917010046
:103D900001B40248844601BC604700BFD54401001D
:103DA00001B40248844601BC604700BF613701008E
:103DB00001B40248844601BC604700BF8D82000008
:103DC00001B40248844601BC604700BF791201007B
:103DD00001B40248844601BC604700BF855201001F
:103DE00001B40248844601BC604700BFC1A5000081
:103DF00002000000C2910111010000007C9001113D
:103E000002000000BE91011101000000303EFF1FC2
:103E1000020000008490011101000000C85FFF1F34
:103E200002000000BC91011103000000D45DFF1FDF
:103E30001200000002000000C29101110100000008
:103E4000C490011102000000BE91011101000000A8
:103E5000C090011102000000CC900111020000008E
:103E6000E45DFF1F02000000C2910111010000008B
:103E70002091011102000000BE910111010000001B
:103E8000393FFF1F020000003291011101000000C4
:103E90001291011102000000BE9101110100000009
:103EA000383FFF1F020000003091011101000000A7
:103EB000AC5FFF1F02000000BE9101110100000075
:103EC000373FFF1F020000002E910111010000008A
:103ED0000291011102000000BE91011101000000D9
:103EE000363FFF1F020000002C910111010000006D
:103EF000FD90011102000000BE91011101000000BF
:103F0000353FFF1F020000002A910111010000004F
:103F1000F890011102000000BE91011101000000A3
:103F2000343FFF1F02000000289101110100000032
:103F3000F490011102020202020200003516011182
:103F400031160111198D011190011D001800180082
:103F5000FFFF07010203040506020106000000003E
:103F60000000000000000000000000000000000051
:103F7000000000000000000003000B000500F0003E
:103F80000000B4000028002800283075A000A00020
:103F9000A000A00000080008E001F00010001000E0
:103FA00010001000100010005000500050001000D1
:103FB0001000D0070000000000000F000100050005
:103FC000307507001000010081FF00000000FF00B5
:103FD000A1370111A935011139330111FFFF01008A
:103FE000FF0000001563011191600111A95F01112B
:103FF00000000000000000000000080004000000B5
:104000003B0001085902E00188212800FF00000060
:1040100002000000C291011101000000A8920111EC
:1040200002000000BE910111010000008D40FF1F41
:1040300002000000BA91011101000000DC65FF1FC1
:1040400002000000BE910111010000008C40FF1F22
:1040500002000000B8910111010000008A40FF1F1A
:1040600002000000BE910111010000008840FF1F06
:1040700002000000B6910111010000008040FF1F06
:10408000180018001D009001020000030202000049
:1040900002000000C291011101000000BC92011158
:1040A00002000000BE91011101000000D040FF1F7E
:1040B00002000000B49101110000000000000000A7
:1040C00002000000BC91011103000000FC65FF1F0D
:0240D00020FFCF
:040000051FFF184180
:00000001FF
