:020000041101E8
:10010000F7B5164B0192C318021D002000938823F7
:100110005B05D3181B685C1C1AD09CB2402C18D805
:100120008D781E0CAC466746CD782D023D43AE421D
:1001300006D1019800280ED110000C70240A4C70D2
:1001400003249BB20733A343D218009B9A42DED309
:10015000FEBD4432F9E71000FAE7C046FC0F00008C
:10016000802213B503000324019189B252010731A3
:100170009B18A14304305A1A88235B05C3181B68D7
:10018000591C03D190429241104016BD99B24029AA
:1001900007D80B000733A343C0189042ECD30020CC
:1001A000F3E74430F9E7134B134A1B68126810B5A4
:1001B000F424934201D81A00F024104BA4021B68C7
:1001C0009A4210D813000E4A12689A420ED3013395
:1001D00007D1F0239B029C4203D10A49054808F04D
:1001E0004FFE200010BDF824A402ECE7FC24A4027A
:1001F000F7E7C04600C0031100D0031100E003116F
:1002000000F00311FFFFFF7FF0B59BB015000490D5
:100210000391402A00D9A0E006AB59801A80FFF76D
:10022000C2FF0400042816D9002206A9FFF768FFC0
:10023000052810D906AB1B88AB420CD1002D07D086
:10024000514B2A000499C01808F092FD002802D1F1
:1002500001201BB0F0BD06AB1D8020000699FFF702
:100260007FFF041E7BD1069B0793FFF79CFF802333
:100270005B01C61880230700DB029E4201D3F026F3
:10028000B60288235B05F31801931B68013302D083
:10029000019808F09DFF3D49019808F0F1FD3B1DD4
:1002A0000293331D05938822029B52059B181B68FD
:1002B00008935A1C3CD044219AB20091402A04D899
:1002C0000320D11D814389B2009103991B0C8B42FD
:1002D00024D0402A22D80122300008A9FFF710FFBD
:1002E000021E1BD1380008A9FFF70AFF04000428EA
:1002F00031D9009A059B9B1880225201B218934273
:1003000040D288235B05C118009A09A808F098FE1E
:100310001D4B009A09A9F01808F04AFE009A029BAA
:100320009446634402931A4B029AFB189A42BAD33A
:1003300088235B05FC1821680198013908F0A0FDAD
:10034000200008F045FF039A07AB5A803000079958
:10035000FFF706FF0400002C03D1002079E70428F2
:10036000FBD988235B05E018069908F089FD032373
:10037000EA1C9A4300D16BE7034B0499E01808F09C
:1003800017FE65E70424ECE704000011FFFFFF7F80
:10039000F80F0000F7B505001400402A21D8002707
:1003A00001AE71803780FFF7FEFE042816D93A00AF
:1003B0003100FFF7A5FE042810D93688BC420BD0C7
:1003C000BD4209D0221CB44200D9321C064B92B265
:1003D000C118280008F034FE30B2FEBDC04300B2A0
:1003E000FBE703204042F8E70400001137B5042280
:1003F00004000D0001A81649FFF7CCFF02000428F5
:100400000BD1019BA34208D3AB4204D0104901A8F1
:100410000195FFF7F9FE01203EBD0E4C2368200038
:10042000019308F0D5FE019920000139019108F0EF
:1004300027FD80235B01E418074B9C42EED1042288
:10044000034901A80195FFF7DFFE0020E4E7C0465D
:100450005555000000C00311000004118022F8B5BA
:10046000964C974BD200002120001C6008F0E0FC65
:100470002300944A88331A60934B1A786A23002A1F
:1004800000D01133E3620A232365904B37221B7897
:100490000820A3638E4B2118E361102323628D4B48
:1004A0003B256361C823DB00A36123008C331A6002
:1004B0002823013AE26320646364CA67043A211D79
:1004C000CA672100BC310D602100C03108602100E5
:1004D000C4310B6021000635CC310D602100083D90
:1004E000C8310D602100D0310A602200D432106082
:1004F0002200D832136022000227E0322100176068
:100500004222DC310A6021001B3DE4310D602100F4
:10051000E83108602100EC310B6023000521F43341
:1005200019602300F0331A602300183290331A60E8
:1005300023009433186023001E3A98331A60AF23C7
:10054000DB002360644BFA262363644B644DE36055
:10055000644BF031A3642300FF31FC33B600A1608B
:1005600021611E60A5627325E5656D3D6565A56524
:1005700096255D4AAD00E264666258606766A566CE
:1005800000270925A767E566584F594D6067200089
:100590002567E2673A6015279C30676007001A20DC
:1005A00038602000A0300700212038602000A830EB
:1005B00007004C4838602000F830066026006427A9
:1005C000A436376026005F3FAC3637602600033F15
:1005D000B03637602600C637B436376026000027AD
:1005E000B836376038269E60424E96205E64424E92
:1005F0005A66DE61414E9A645E62F53EFF3E9E623F
:100600001E269A67354A8000DE661F675F67DD65D4
:100610001D661862DA67BE23394A5B00E250394B27
:10062000D838235004302250C4225200A350C6238D
:10063000E4205B00E1500433334AE1503349344B4A
:10064000D1603449800019503349E938FF381950D6
:1006500032490430195032493248D161324911636C
:10066000324951631900F4310860CE20304940000E
:1006700011603049195019002F48F83108602F498E
:10068000D16582212E4A89005A501A002D4908321C
:10069000D1671A002C49B432116088212B4A890095
:1006A0005A501A002A49883211602A4ADA6408F03E
:1006B0001FFC012008F0FCFAF8BDC0460004FF1F33
:1006C0009C6AFF1F9075FF1F0441FF1F4A0AFF1F0E
:1006D0003A07000080C3C9019A020000DC0500004F
:1006E0006A18000050C3000088130000F009FF1FC3
:1006F000204E00006509FF1F68100000C4090000BB
:1007000040420F0010270000FC00FF1FC11BFF1F0D
:100710000000FF1F152CFF1F9D2FFF1F352EFF1FF1
:10072000811FFF1F7126FF1F9D1FFF1F4921FF1FF4
:100730000D1FFF1F9528FF1F7D29FF1FD918FF1FC1
:10074000A127FF1FC524FF1FD124FF1F0D1EFF1F60
:10075000C51EFF1F851DFF1F0223F0B50124634D39
:10076000634E2B70634B34701A68634B89B004205E
:100770005A7007F021F808F0BBFCFFF76FFE08F095
:100780008FFB1F2200215D4B1E271A705C4B6F44AC
:100790001C705C4B19705C4B19689143163A0A4304
:1007A0001A60602219689143403A0A431A6008F0BF
:1007B000F7FC08F00DFB554B9847C120FF21544B27
:1007C00080001A588A431A50C522920098588843CC
:1007D000BF390143995098584E4908408021C901BA
:1007E0000143802099509958C0050902090A014324
:1007F000995080214848490108F0B2FC03232200A7
:10080000464901940093464808F0C2FA1622454929
:1008100002A808F015FC02AC61782078023406F0DA
:10082000C9FBA742F8D1404C404B226803201A4034
:10083000A023DB0213432360802322689B0413431D
:10084000236022683A4B1A4080239B0313432360A2
:10085000384A394B934200D8012008F0D9F908F002
:10086000AFFB80232268DB0413432360287808F061
:1008700097FA3078C0B208F06BFA08F0D1FA2F4935
:10088000042008F005FB06F08DFD07F0D9F901F012
:10089000D7F801F07FF92A482A4907F077F82A4B60
:1008A0002A4819782A4B32781C782A4BC9B21E780C
:1008B000D2B22B780196009407F068F808212648F8
:1008C000264A07F063F88023A12225489200234995
:1008D0005B0107F05BF8234B2348196807F056F8D3
:1008E00000F022F9002009B0F0BDC0464A0AFF1FFF
:1008F0000441FF1F34F000404068FF1F480AFF1FFB
:10090000490AFF1F680AFF1FBCF00040E1A2000077
:1009100000E100E0FF00FFFF0841FF1F8C53FF1FB5
:100920000851FF1FE19A011114F00040FF7FF8FF0A
:10093000FFFF9FFF0080FF1F9075FF1F3B00010816
:1009400000920111020101034B0AFF1F16920111CF
:10095000440AFF1F450AFF1F44920111780A000054
:1009600074920111800AFF1FC892011170477047ED
:1009700030B503A804880B20002C0ED14968074D20
:1009800008784978090201430A20A94205D10121CA
:1009900020001980024B1B7A137030BD192A000009
:1009A0002868FF1FF7B5150008AA16884A680F4F78
:1009B00014785278120222430A24BA4214D1012236
:1009C000DBB2019200962A0008F070F8041E0BD1E9
:1009D000074B1B68002B07D068782A780002104369
:1009E00042425041013098472000FEBD02290000DC
:1009F0000C5EFF1F30B5012503790400BFB02B4208
:100A000011D00A49408807F0BDFB28420BD0084BA3
:100A100001A95B8D4D800B80064B00221B7A6088FC
:100A20000B7103F03DFE3FB030BDC046045EFF1FBA
:100A3000F03DFF1F2868FF1F10B50549054807F066
:100A400057FB0421044A054807F014FB10BDC046BB
:100A5000045EFF1FFFFF0000F89A0111F03DFF1F29
:100A600010B5024804F0FAFC10BDC046F5090111AA
:100A700001230370054B1A7A42700C2282709A7916
:100A8000C270DB79037105207047C0462868FF1FDC
:100A9000022310B50370013B43700533837010339C
:100AA0000371443B43712A3383714433C371002380
:100AB0000372064B04001B8843720A30FFF7D8FF0D
:100AC000831D0A30C0B2E37010BDC0462868FF1F06
:100AD00010B5142008F054FA124B142200211860AB
:100AE00008F0A6F9002008F0EBFA012008F060FBFE
:100AF000022008F01DFA032003F0F8FE042005F0A0
:100B00008FFF052003F02CF9062003F003FE0720D9
:100B100001F094FB082007F08DFA092001F05EF93E
:100B200010BDC046105EFF1F08F05AF8012008F003
:100B30007FFA08F0F5F9032382B054280ED8434316
:100B4000DAB2D0430023C0B2FF210A4008401202AB
:100B50000B401B041043184302B07047A92806D865
:100B600055384343DBB2DA430020D2B2ECE75630CB
:100B70005843C0B2C3430022DBB2E5E7F0B5030A35
:100B8000040C071CD8B285B00E004843FF2108F0C2
:100B90007FF8C5B2E0B2FF21704308F079F8C4B223
:100BA000F8B2FF21704308F073F8FF231D4018408E
:100BB0002D021C4024042843204305B0F0BD000052
:100BC00013B52638C0B211280FD80A4A0A4B115C57
:100BD0000A4A1B5C125CFF242340180021400902D2
:100BE000224012040843104316BD002211001300D6
:100BF000F1E7C0464E9B0111609B01113C9B011126
:100C000037B500240325019028006043044B0322DC
:100C1000C01801A9013408F013FA202CF4D137BD13
:100C2000985FFF1F10B50C220249034800F0A4FB97
:100C300010BDC0461C5EFF1FF85FFF1FF0B5B34B31
:100C40008FB003931B68002B00D185E0B04F2021AB
:100C5000380000F01FFEAF4C2378002B5FD0637983
:100C6000180025381C285AD808F0CAF83400780033
:100C7000780078007800780078007800A200A20060
:100C8000A200E600050105010501050105010501B8
:100C90000501230159005900590059005900590014
:100CA000590059001D00A2780DAB1A70E2785A70F5
:100CB00022799A7061780D98FFF760FF05AB187084
:100CC00002040002000E120E5A7098700598FFF789
:100CD00097FF24E00025904B0DAE0293029AEB00A3
:100CE0001078C018C0B2FFF726FF03041B0E737004
:100CF00003236B4330700002000EB07001936178E3
:100D00003068FFF73BFF019B0204F8540002FB1818
:100D1000120E000E01355A709870202DDED19825E4
:100D20007E4C6D0020212B002200794800F0D9FD77
:100D30000100A84210D1200000F04AFD784B0100CC
:100D40001C6801341C60002800D1CFE00023039A06
:100D50007448136006F01AFE0FB0F0BD6E490A78B1
:100D6000097849B200291EDB5200D5B21800FFF7FE
:100D700027FF0DAE3070030400021B0E000E7370CF
:100D8000B0706078FF21684307F082FFC1B20D9810
:100D9000FFF7F4FE0304307000021B0E000E7370A8
:100DA000B0700D9893E7FF25AD1A6D00EDB2DDE749
:100DB0002D2B37D0FF2600252E2B35D13000019565
:100DC000554A1378127852B2002A30DB5B00DCB24D
:100DD000FF273B1B9BB239005843029308F000F9F0
:100DE00004AB1872029B01986543584339004019BF
:100DF00008F0F6F804AB587220003900704308F090
:100E0000EFF804AB9872434B06985978FFF7B6FE9B
:100E100007AB187002040002000E120E5A70987090
:100E2000079854E70026FF2528000196C8E7FF240D
:100E3000E41A6400E4B2CBE7374B1878030700D517
:100E40006DE7C000C0B2FFF776FE08AB1870020471
:100E50000002120E000E5A70987061780898FFF721
:100E60008DFE09AB187002040002000E120E5A70BB
:100E7000987009982BE7284A1278120700D54EE798
:100E80001800FFF79DFE0AAB187002040002120E54
:100E9000000E5A70987061780A98FFF76FFE0BABDE
:100EA000187002040002000E120E5A7098700B980F
:100EB0000DE72420184B1B781B095843C0B2FFF7DD
:100EC0003AFE0CAB187002040002120E000E5A70AB
:100ED000987061780C98FFF751FE0DAB0204187002
:100EE0000002120E000E5A7098705AE701220E4B43
:100EF0006343D3410D4A934200D92DE7054A2100AF
:100F000013780B48527906F041FD25E7645EFF1F18
:100F1000985FFF1FF85FFF1F415EFF1F685EFF1FA6
:100F20003C5EFF1FDA920111295C8FC251B81E0589
:100F300020930111F0B5C5B01D004AAB0590160015
:100F40000E201F88002911D0002A0FD04B681A7874
:100F50005B781B0213433C4A934209D10122059856
:100F60000192EBB23200009707F0A0FD45B0F0BD52
:100F7000364A0A209342F9D10130002FF6D10230CF
:100F8000142DF3D82A003100314808F059F829000F
:100F9000304806F0FBFC2900300006F065FE2E4CC0
:100FA0002A003100200000F086F9050001282DD12B
:100FB0002A49059807F0E6F8284080B2002804D1B5
:100FC000274806F0E3FC0020D0E73900F22207A80A
:100FD00007F02EFFFFF726FE0C2202AB214908A8DE
:100FE000DA8208F02DF8204B02AA1B8807A9938209
:100FF00005983A0003F054FB1C4D0100A079637979
:1010000022780090280006F0C1FCDCE7002805D01B
:101010001748290006F0BAFC8020A7E7154B187086
:10102000FFF700FEFFF70AFE2579637862792178E1
:101030000395E57810480295A5780195A479009468
:1010400006F0A4FCBFE7C04602290000D9FF00005B
:10105000285EFF1F51930111F85FFF1F145EFF1FF1
:10106000789301111C5EFF1F7E3EFF1FBF9301118D
:1010700008940111405EFF1F38940111F8B51D005E
:1010800006AB16001A8807AB1F784B68597818789A
:101090000B4B090201430A20994210D10130002A6A
:1010A0000DD1FFF7BFFD3C1C0C2F00D90C24E4B27E
:1010B00022003000034907F0C3FF00202C80F8BD58
:1010C000D4FF00001C5EFF1F094B10B504009842BE
:1010D00005D0012904D12000064907F009F810BD08
:1010E0000229FCD1013904F077F90028F3D0F6E7A2
:1010F000FEFF0000145EFF1F10B50E4800F0AAF9B5
:101100000021072006F03CF80221072005F052FFDD
:101110000021032006F034F80221032005F04AFFE5
:101120000021042006F02CF80221042005F042FFE3
:1011300010BDC046425EFF1F30B5072085B005F0E8
:1011400019FF0400032005F015FF0500042005F039
:1011500011FF01214D404C40EBB241401D4DE2B228
:101160001D4CC9B200912800210000F07BF9002835
:1011700014D025796378627921780395E57817484A
:101180000295A5780195A579009506F0FFFB002250
:10119000134B1A70FFF746FDFFF750FD2378002B25
:1011A0000CD06379412B09D00D49A2790B78120933
:1011B0000133DBB20132934202D20B7005B030BD75
:1011C0000023084A0B70137801331370FFF736FDC4
:1011D000F4E7C046425EFF1FF85FFF1F78940111DD
:1011E000405EFF1F415EFF1F70B51B4C200000F0EA
:1011F00051F80022194B1A70194B1A70FFF712FDA3
:101200001849194806F074FF184804F067F81848A0
:1012100000F0B4FA43424341164D17492B600028B1
:1012200000D11649164806F0B1FB2B68002B0CD0F4
:10123000002325782370FFF701FD2570FFF7FEFCE2
:10124000627861790F4806F0A1FB06210E4A0F482B
:1012500006F010FF70BDC046F85FFF1F415EFF1F24
:10126000405EFF1F145EFF1FFFFF0000C910011149
:10127000009F2400645EFF1FBD940111BA94011108
:10128000C2940111E1940111749B0111343EFF1FBE
:101290007047704700280DD00123FF2203707F3371
:1012A000437000230271BE3A4271293A8370C370C1
:1012B0008271C3717047030010B50220002B0DD05E
:1012C00000290BD0032A1CD10C78EF2C07D14878C9
:1012D00001284FD18B78772B00D0033010BD04202C
:1012E000CC2CFBD18C78332CF8D14978232903D12D
:1012F00001221A700020F1E710002429EED100220B
:10130000F7E7072A1ED10A780420562AE6D18A79FF
:10131000AA2AE3D14A79F02A0CD14A789A708A78BD
:10132000DA70CA781A71FF225A70BE3A5A710022D6
:10133000DA71DFE703200F2AD0D10A799A70DA70C8
:101340000A79EFE704208242C8D10C781000BB2C48
:10135000C4D1CA78442AC1D14A7803201400253C5C
:10136000132CBBD85A7189780A1C002900D101229C
:101370009A71DCE70420B1E7030010B5002823D000
:10138000081E21D000200B2A1ED966220A70513A6D
:101390004A701A785442624123328A705A79CA706C
:1013A00020220A715A79412A00D0987948719A7896
:1013B0000C208A71DA78CA711B790B7200234B7288
:1013C00006338B729333CB7210BD000002788A42D1
:1013D00004D0012301708370002070478378032BB1
:1013E00018D80133DBB28370042BF5D143789342D4
:1013F000F2D04270002A05D000238380C38003729C
:101400000120EAE7037A8280C28002725842584182
:101410004000E2E74378002BDED083880C4A9342F9
:1014200001D001338380037A002B07D182883B2AC5
:10143000D2D901220272C3800320CEE7C3880133D0
:101440009BB20E2B01D8C380C6E70023F3E7C0464A
:10145000FFFF000010B5002803D02022002107F074
:10146000E7FC10BDF7B51E0008AB1B780C000500AB
:101470001100019300283DD0201E3BD02800FFF72B
:10148000A5FF0700280031000A30FFF79FFF060084
:10149000280001991430FFF799FF02000020012F66
:1014A00004D12378380059424B412370022E22D1B7
:1014B00007210320AB7F01330B401C49AB77584316
:1014C0000B00C35C0918A3704123637100234E789D
:1014D0008978E6702171E3710120022A18D1EB7F2F
:1014E000013201331340124AEB77D35C637100235E
:1014F000E3710120FEBD032EEFD163782020190097
:101500002039C9B29F2901D81B18D8B26070E3E70F
:10151000032AEFD1A37920211A00103AD2B2CF2AA0
:1015200001D85B18D9B2A171E3E7C046969B0111BF
:10153000929B011170B5041E52D084232B4A5B018B
:1015400011680B4313604023294A11680B43136051
:101550008023DB051A6827490A401A60802219682F
:1015600052010A4324491A600A68244B1A40B023E6
:101570005B0313430B608023214ADB0311680B4399
:101580001360204B9847630083422CD863081818D7
:10159000210007F025FD1C4A030090421CD91300CE
:1015A000012219000825002011405B18174C18492A
:1015B000FF3520700D802221164D2E6831432960A1
:1015C00015490B60154B1860154B1860154B1860CA
:1015D000154B1A70227070BD0228E1D20223DFE79A
:1015E00001204042F7E70220FBE7C0460800004028
:1015F00014000040FFEFFFFF2C380040FFFFC0FF4A
:101600000C380040D1A50000FEFF0000087000402B
:10161000007000402C300040147000402C700040DE
:101620004C7000405070004010700040034B10B5EB
:101630001868002801D0FFF77DFF10BD1068FF1F5C
:1016400030B51F4B1F4D1B882A8887B09B1A8022FC
:101650001C1C9BB21201934201D31B4B1C88142209
:10166000002101A807F0E4FB184B69461B782A8883
:101670009B029B18164A00209B1802936A4602237D
:101680001373144AA4B2049201220A75124A0094F8
:101690001060124A11680B431360694605F078FA2E
:1016A000002809D12B881B199BB22B8005F088FBE1
:1016B000002803D00B2000E00A20404207B030BDD4
:1016C0000860FF1F0660FF1FAE9B01110C60FF1F2B
:1016D0000E60FF1F60700040507000404C70004072
:1016E0001B4A1C4910880B8870B5984202D2FFF73C
:1016F000A7FF70BD0124184B18480578254202D079
:10170000013B002BF9D116480368013303601548EB
:101710000378002B0BD100220221134B0C201A70EE
:10172000124A13688B43136007F002FBE1E7104B8A
:10173000104C1B78DBB223700F4B1B889BB20B80C5
:10174000002313800370FFF77BFF0028E3D1D0E76D
:101750000660FF1F0860FF1F214E00002870004038
:101760000060FF1F0B60FF1F0D60FF1F4C700040EB
:101770000A60FF1F0C60FF1F0460FF1F37B50500E4
:10178000FFF7D8FE041E18D10E4B01000E4A0C20A4
:101790001D6007F045FA00280DD105F081FB0028F7
:1017A0000DD16B461C700949009805F0D5F9041E4F
:1017B00003D0052400E00324644220003EBD04243D
:1017C000FAE7C0461068FF1F2D160111E11601113E
:1017D000F7B505000C00002847D0002945D080232C
:1017E000DB00994243D807F0F3F9224EA3B23278D6
:1017F00001932148214BD7B2002A22D1290022008F
:101800001F7007F01DFC1E4B019A0C201A801D4B07
:101810001F800123337007F05BFC051E05D0377075
:10182000032407F025FA644209E0FFF709FF041ECC
:1018300017D00C20357007F07BFA07F019FA20005A
:10184000FEBD01271E7822007E40B302C018290089
:1018500007F0F6FB0C4B019A1E700C4B1A800C4BD8
:101860001F7007F005FA0024E9E70124DBE70224F2
:10187000D9E7C0460D60FF1F0E60FF1F0C60FF1F01
:101880000860FF1F0660FF1F0A60FF1F0460FF1F44
:101890000B60FF1F0B00002805D0032159430023D4
:1018A0004118884200D17047037043708370033041
:1018B000F7E7F0B500220624130080260427A4468B
:1018C000340014413D00044200D06546DB00013283
:1018D0002B43082AF4D11A0C0A701A0A4A708B702A
:1018E000F0BDF0B504001500070085B0002819D040
:1018F000171E17D009224A43170010370192BB4226
:1019000022D303232E004B43C31802933300093321
:101910000393029B9C4208D1019B10220021E818EE
:1019200007F086FA380005B0F0BD31006078FFF7A7
:10193000C0FF2078F11CFFF7BCFFA078B11DFFF7B6
:10194000B8FF0334039EE1E70027EBE770B516000C
:1019500004AA148805AA15784A68507811780002FC
:101960002A4A0843801805284BD807F0D1FA0313F8
:101970001E29343F07221000062C0AD8121BAA4247
:1019800000D92A0022491A803000091907F058FBB3
:10199000002070BD0720112CFBD81222121BAA4276
:1019A00000D92A001B491A80EEE707200E2CF0D838
:1019B0000F22121BAA4200D92A0017491A80E3E716
:1019C0000720032CE5D80422121BAA4200D92A00C2
:1019D00012491A80D8E70720032CDAD80422121BF8
:1019E000AA4200D92A000E491A80CDE70720022C0E
:1019F000CFD80322121BAA4200D92A0009491A8013
:101A0000C2E700220A201A80C3E7C046DCD5FFFFE8
:101A1000DA9B01111468FF1FCA9B0111C59B0111BC
:101A2000C09B0111BC9B011110B50D21024A034856
:101A300006F020FB10BDC046B09B0111943EFF1F75
:101A400010B5084CE368002B08D18022064B5202E7
:101A50001B689B186360054B1B68236007F0A8F99F
:101A6000A06010BD5068FF1FC8F00040CCF00040DF
:101A700070B5184A936A916A9942FBD116498A68EF
:101A80009A421FD39A1A8B60144B0126186893B29E
:101A9000D202D20E4343424300204C681B0A1B195A
:101AA00012029B180E4C0A684B60551CA3420CD8BE
:101AB000002801D04B600A600A4A136008680A4B8C
:101AC000186070BD581E821ADDE7084A30009B1866
:101AD0002A00EAE700F000405068FF1F140AFF1FC9
:101AE00040420F00C8F00040CCF00040C0BDF0FF05
:101AF00070B51F4C23793F2B01D93F2323711D4B18
:101B000022791A701878C0B207F0FAFA18231A4925
:101B10001A4A0B801A4913800B805380A379194904
:101B200080200B800C21938001334B43164D191CF0
:101B30000001834200D9011C2980D1806379002BE8
:101B400001D101336371237A012B01D8022323725F
:101B50006279237A0D4853430A21584307F098F8D5
:101B60000B4D2860E379052B01D81023E37170BD7C
:101B70004468FF1F480AFF1F7E3FFF1FB040FF1F42
:101B80007C3FFF1F7A3FFF1F783FFF1F710200005D
:101B90003468FF1F064B70B51900064A31CA31C1BF
:101BA00002225A7100229A71FFF7A2FF70BDC0464F
:101BB0004468FF1FFC9B01117047000070B50400D2
:101BC000013806280DD807F0A3F9041337571F0C66
:101BD00059002B4805F0DAFE2A4B0221187807F04D
:101BE000AFF9294B210029481C7005F0CFFE70BDCC
:101BF000274805F0CBFE234B0821187807F0B8FAE8
:101C00000022244B1A72ECE780220025214B52005F
:101C10001A81FA22DD72204B1A4E5B7A920008215B
:101C20005A43307807F0D4F92900307807F098F853
:101C30001A4805F0ABFED4E7194805F0A7FE114B92
:101C40000821187807F094FA1648FEF721FF124B86
:101C5000154A9B799380154A138000220D4BDA7246
:101C60000132FF321A81124B1B78002BB9D0114A76
:101C7000136007F07DF9B4E70F48DAE70F48D8E7BB
:101C8000179501116568FF1F6468FF1F9595011185
:101C9000269501113468FF1F4468FF1F3A95011112
:101CA0004D950111893FFF1FB040FF1F7A3FFF1F75
:101CB0004068FF1F34F000406495011185950111C3
:101CC0000300F0B50A4D8E18B14202D152008018BF
:101CD000F0BD0C782F6824093C5D0F271C700C7830
:101CE00001313C402F683C5D5C700233ECE7C0463C
:101CF000743FFF1F10220F4B10B51A700F230E4CAC
:101D00000E492370093A063B0D48637007F098F9B5
:101D10002D2301220B490C486372FFF7D1FF0122EA
:101D20000A49FFF7CDFF01220949FFF7C9FF002348
:101D3000037010BD626AFF1F436AFF1FDA9B011127
:101D4000456AFF1F6709FF1F4D6AFF1F6609FF1FD6
:101D50006509FF1F10B5FFF7CDFF084C084B207831
:101D600021000130C0B2187007F04AF92178054A05
:101D70000139C9B2002006F09BF810BD436AFF1F6D
:101D8000626AFF1F456AFF1F10B5114B1A78187061
:101D9000002A0ED000280BD10E4B1A78062A07D83D
:101DA0005423D340DB0703D50B4B187801F056FEC4
:101DB00010BD0028FCD0074B1B78012B02D0033B41
:101DC000022BF5D8044B0121187807F0B9F8EFE79A
:101DD000666AFF1F8D6AFF1F8E6AFF1FF0B5664B94
:101DE00087B01870654805F0D1FD654805F0CEFD57
:101DF000644805F0CBFD06F01BFF032262496348EF
:101E0000FFF75EFF2D24030088211C700422490582
:101E10000130FFF755FF30230222047043708370B6
:101E20005B4C5C4B2000DA875B490432FEF7B2FA68
:101E3000062813D0200006F023FF022809D0032132
:101E4000200007F0E5F88D23E3706E3B2371193312
:101E50006371062220005049FEF7D6F94F4B012549
:101E60001B68FC335C64FFF775FF07234C4E4D4C39
:101E70003370053B23700433A370033BE37023717D
:101E8000D233637148492A3348486570A37105F01D
:101E90007DFD6423464F47487979594305F076FD27
:101EA0002178A37862780591A179434803916179FB
:101EB000029121790191E1780091059905F066FD83
:101EC0000020FFF761FF32783C4E23002900307874
:101ED00001F086FD3A4A00213A4B1278307801F041
:101EE0007FFD6422384B244C1D707B7953431900CD
:101EF000284A0A3193811382D1815182207820218E
:101F000006F0DEFF0120404206F01EF801204042AC
:101F100006F0BAF8FFF788FDFEF78EFD2B4805F0B6
:101F200035FD01204042FFF75FF9FFF7E5F880211A
:101F30000A222078090107F04BF8FA22802192004A
:101F40004901207807F044F8280006F0B1FFF0209E
:101F500000F0FCFE2900207806F0F2FF207801F066
:101F6000F9FE1B4806F0CCFFFEF700FD194805F00E
:101F70000DFD07B0F0BDC0466568FF1FA4950111B7
:101F8000D2950111ED9501112440FF1F1468FF1F28
:101F90006509FF1FB03FFF1FADAC00009C6AFF1F2B
:101FA000A83FFF1F893FFF1F456AFF1F03960111CE
:101FB0004468FF1F16960111339601118E6AFF1FA8
:101FC000626AFF1F436AFF1F346AFF1F6696011192
:101FD0006668FF1F9396011173B520240E000D0053
:101FE0002640214209D0414B4148197A0131C9B2FA
:101FF000197205F0CBFC200017E00BB2002B16DAAB
:102000003C4B187806F06CFE041E0CD00378912B24
:1020100006D143780E2B03D18188374805F0B6FCF2
:10202000200006F0F5FE80200002684076BD022404
:10203000214208D0314805F0A9FC2C4B01201E722A
:10204000FFF7A2FED7E70824214207D02C4805F06D
:102050009DFCFFF70DFDFEF789FCCCE7CB0615D5FF
:10206000284B29481A7AD98805F090FCFEF77FFCA6
:10207000264B1B78002B07D1FEF7F2FC244B1B6884
:10208000DB0701D5FFF705F91020CEE70124214237
:1020900008D0204805F07AFC1F4800F093F806F0BD
:1020A0008FFEA8E78024640121420DD01B4B174A04
:1020B0001968127801311960194B1A481B7800927F
:1020C0002A0005F063FC96E780242401214202D017
:1020D000FFF732F88FE70424080020402142A5D002
:1020E000114805F053FCFFF7D3F884E73468FF1F6D
:1020F000BE9601116568FF1FC6960111EF9601118A
:102100001E9701112868FF1F29970111666AFF1F9A
:102110004468FF1F3D9701116C3FFF1F6068FF1F60
:102120006468FF1F5897011189970111F0B51B4B87
:102130001B4F1B883A8804001A4E1B4D85B09A42EB
:102140000DD832889A420AD3184B1A882B889A42A3
:1021500005D1174A174B12881B889A421BD00520BD
:1021600000F050FE3B8802AA138033880190538010
:102170002B88114D93800F4B02A91B88D3800F4BE6
:102180002A78188802F096FB0D4B08212878019ACE
:102190001C7006F085FF05B0F0BDC046326AFF1F17
:1021A0007E3FFF1F7C3FFF1F7A3FFF1F306AFF1FEC
:1021B0002E6AFF1F783FFF1F8E6AFF1F803FFF1FA1
:1021C0002C6AFF1F13B50C4B1C78002C11D1002872
:1021D00001D00A4B18600A4A0A4B11780A4A107853
:1021E0000A4A01920A4A0092002205F051FD20009D
:1021F00016BD1124FBE7C0468D6AFF1F286AFF1F2A
:102200008C6AFF1F7C6AFF1F8E6AFF1F686AFF1FB0
:102210006C6AFF1F10B5064B12201B78052B06D1E8
:10222000044B13221988044B187800F0C7FF10BD27
:102230008D6AFF1F803FFF1F8E6AFF1F10B50024AD
:102240000122114B52421870104B1C70104B1A8017
:1022500001F080FD04220F4B21001A700E480C3251
:1022600006F0BEFD102221000C4806F0B9FD072241
:102270000B4B1C600B4B1C700B4B1C700B4B1A70E8
:102280000B4B1C7010BDC0468E6AFF1F8D6AFF1F6E
:10229000803FFF1F8C6AFF1F7C6AFF1F6C6AFF1F55
:1022A000686AFF1F426AFF1F416AFF1F823FFF1FCC
:1022B000406AFF1FF8B5174C0600257806A81424BD
:1022C0000078052D23D1B41F134FA5B21824BD42A9
:1022D0001DD88D1FADB2BD4219D8FA256D00AA4296
:1022E00015D21D000D4F0A3DADB2BD420FD80C4CAA
:1022F00026800C4C21800C4900240A800B4A138054
:10230000FFF714FF0A4B0421187806F031FF200074
:10231000F8BDC0468D6AFF1F790C0000750C0000E7
:102320007E3FFF1F7C3FFF1F7A3FFF1F783FFF1F4D
:102330008E6AFF1FF0B50BB20D0089B0002B00DBD9
:1023400084E1AC4E307806F0CBFC041E2DD003782F
:10235000A22B00D133E1D02B2CD0912B22D143786A
:102360000E2B1FD18388A44A934211D1A34A8368BC
:102370001278052A16D1032018567F2812D0A04BB8
:102380001B68002B0ED05B68002B0BD0984709E030
:102390009C4A934206D181689B488B784A78097899
:1023A00005F0F4FA200006F033FD802000026840BA
:1023B00009B0F0BD80780728F4D806F0E1FE0800E7
:1023C000F3FF1C003C003C007300A700D7006378BB
:1023D000002B0CD10121894B19708C4B1A78002AE3
:1023E00054D08B4B307801F0FBFA00284ED00722F6
:1023F000824B1A704AE061780029F8D1E378002B0B
:102400000AD0844A844B1278307801F0E9FA60707F
:102410006378002BC6D0EAE7784B1B78022BC1D03B
:102420000121307806F024FD0028F1D10121307817
:1024300006F086FDECE76378002BD8D16F4F0328B8
:1024400007D13B78052B02D101333B701EE00223FC
:10245000FBE7724B1A88724B0293002A0BD01B7851
:10246000002B03D00121307806F01AFE3B78062BB2
:1024700004D1013BE9E7029B1A70F7E7042B43D133
:102480000121029B3078197006F05AFD5C4B1B68E5
:10249000002B00D186E71B68002B00D182E7574A4A
:1024A000107873E76378554F002B27D10622211D42
:1024B0005C4806F0C5FD62895B4B5C491A80A289C5
:1024C0005B4B1A80E3890B800521397059490A80DA
:1024D000594A1380228A594B1A80594B1B78012B79
:1024E00009D11F2000F08EFCFA2292004243042101
:1024F000307806F0D5FD0022494B7AE7312B00D029
:1025000075E70022464B1A7003239EE7062200213E
:10251000444806F065FC0023464A04211380464ADD
:1025200030781380454A138006F022FE0821307867
:1025300006F01EFEA379083B5A4253412F4A03334B
:102540001370324B1B78002B06D0354B30781A783D
:10255000002A06D001F082FA0122334B52421A803F
:1025600094E70121197006F0EBFCF5E708213078BB
:1025700006F0FEFD6378002B00D013E72D4B2F4FA4
:102580000293E388029A042113802B4B3078039343
:102590002389039A138063893B8006F069FC002835
:1025A00000D0FFE6274B1B68002B00D1FAE6039909
:1025B00002983A88098800881B689847F2E64379B0
:1025C000132B00D0EEE60389012B0AD11E4B1B789A
:1025D000022B06D10821307806F0CAFDFFF71AFE5B
:1025E000E0E6052000F00EFC08210200307806F03D
:1025F00057FDD7E68E6AFF1F051400008D6AFF1F86
:10260000286AFF1F22200000AB970111A83FFF1F7F
:10261000893FFF1F626AFF1F436AFF1F646AFF1F33
:10262000666AFF1F356AFF1F803FFF1F3C6AFF1F5E
:102630003E6AFF1F326AFF1F306AFF1F2E6AFF1FAC
:10264000346AFF1F246AFF1F2C6AFF1F8020C0010D
:10265000014200D0ABE6CB0731D5324B1B78002BC3
:102660001DD0314E05AC3378052B1AD1023B2370B7
:102670002E4B21001B7823722D4B1B7863722D4B40
:10268000187801F051F9002809D007202A4B307042
:102690001B68002B03D01B68002B00D0984701203B
:1026A00085E60E20254B06221B7825492370254BF5
:1026B0001B78637002ABC01806F0C2FCD8E7022397
:1026C00008001840194209D0174B1B78052B03D17D
:1026D0001D4B188806F03CFD022068E604242142C8
:1026E00003D0FFF723FD200061E60823080018400F
:1026F000194200D15CE6154B1C78012C03D0022C4A
:102700000DD0082053E6124B124A134913481B8878
:102710001288098800880094FFF7CCFDF1E7FFF7E5
:1027200079FDEEE7666AFF1F8D6AFF1F823FFF1F7C
:10273000406AFF1F8E6AFF1F286AFF1F426AFF1F41
:10274000833FFF1F416AFF1F803FFF1F2C6AFF1F4F
:10275000783FFF1F7A3FFF1F7C3FFF1F7E3FFF1F19
:1027600010B5034C0B000122210000F06BFA10BDE4
:10277000212901110B8870B506000D000224162BCB
:1027800011D92B000322094900F05CFA041E0AD17A
:10279000074B2A881B88191C934200D9111C300052
:1027A00089B200F0EFFA200070BDC0464D2901113A
:1027B000A26AFF1F10B54A780400013A0B000220FC
:1027C000012A07D80A78002A04D0052220000249ED
:1027D00000F038FA10BDC0467B2901110A7810B507
:1027E0000B0004000220002A04D007222000024926
:1027F00000F028FA10BDC046272A01110A7810B54A
:102800000B0004000220002A04D009222000024903
:1028100000F018FA10BDC0468D2A011110B5034C06
:102820000B000B22210000F00DFA10BDBD2A011192
:1028300010B5034C0B000D22210000F003FA10BD6F
:102840002F2B011110B5034C0B000F22210000F0BB
:10285000F9F910BD892B01110A7810B50B0004009D
:102860000220002A04D011222000024900F0EAF9D7
:1028700010BDC046992B0111002310B51322190079
:1028800000F0E0F910BD000010B5034C0B0017225A
:10289000210000F0D7F910BDEB2B0111002310B57A
:1028A0001922190000F0CEF910BD000010B5034C3C
:1028B0000B001B22210000F0C5F910BD252C0111D1
:1028C000F7B584890D0006000121002C22D00023D9
:1028D0008268D3561778002B1EDA0C2C1AD90C3CC0
:1028E000A4B2131940880093230002F012FF431E84
:1028F000984101307B06DB0F6B703F23013C1F408A
:10290000A4B22870AF70AC80002C07D0B36801333C
:10291000AB6000210800FEBD0020EBE7AC60F8E7EB
:102920000B7803704B8843704B881B0A83700B79BC
:10293000C370042070470420022B06D10020537876
:1029400011781B02009A0B43138070470B880370A9
:102950000B881B0A437002207047042000998342B1
:102960000AD1537810781B0203430B80D3789078F8
:102970001B02034300204B807047F8B50D004B78D5
:1029800001240021461C03702B788B4201D82000C3
:10299000F8BD6B78B01C4F1C012B10D18900691851
:1029A0004B88022233704B88B9001B0A7370691878
:1029B00006F01EFA04360434A4B2F9B2E4E7122396
:1029C00059436B185A88043132705B8810221B0AF5
:1029D0007370691806F00CFA12361234ECE770B511
:1029E000049D14001E00052B01D8042070BD6378DF
:1029F00012781B0213432B80E378A2781B02134347
:102A000002226B802A71211D681D063E06F0F0F936
:102A1000B2B22A81E92AE8D82800A11D0A3006F0BE
:102A2000E7F90020E2E7002310B50A789A4201D8BE
:102A3000900010BD9A008A1854880133047054889D
:102A4000DBB2240A4470948884709288120AC2709F
:102A50000430EAE710B51100029C062B04D00420D4
:102A60001022142B01D010BD022222714B7808785D
:102A70001B0203432380CB7888781B0203436380C7
:102A80000431601D06F0B4F90020ECE710B50C78B5
:102A90008B7804315C43E4B203702200013006F00D
:102AA000A7F9601C10BD0420022B06D1002053782A
:102AB00011781B02009A0B431380704710B50C006D
:102AC0000A88023106F094F9208810BD70B5040020
:102AD0000D0004981100012B01D8042070BD167858
:102AE00052781202324302800200F13255701470A3
:102AF000E125002C00D10C35023B9AB24280AA425B
:102B0000EBD80231043006F073F90020E6E7042028
:102B1000009983420AD1537810781B0203430B803B
:102B2000D37890781B02034300204B80704710B588
:102B30000C000A88023106F05BF9208810BD000005
:102B400070B501211E000420049C0E400B4218D1D8
:102B5000CB40DDB28D4214D90A49DBB209889942D3
:102B60000FD32300EE331D7033005800111849783D
:102B7000165C0902314301332152D9B28D42F4D897
:102B8000002070BDAA3FFF1F10B50C000A8802315B
:102B900006F02EF9208810BD10B50C788B78043122
:102BA0005C43E4B203702200013006F021F9601C9E
:102BB00010BD10B511000298032B01D8042010BDE0
:102BC00014785278043B120222430280CA788C782F
:102BD0001202224342809AB28280EB2AEED804315C
:102BE000063006F005F90020E9E710B50C000B8867
:102BF00003700B881B0A43704B8883704B881B0A39
:102C0000C3708A880430063106F0F2F8A0880430D8
:102C100080B210BD0420012B03D100201378009A4C
:102C20001370704710B50C000B8803700B881B0ADB
:102C300043704A880230043106F0DAF860880230C6
:102C400080B210BDF0B589B003931E4B02924200D2
:102C50000700D05A019102F050F81325061E2DD01E
:102C6000029B01240370019B002B04D000190399DF
:102C70009847001984B26B461B7A5BB2002B0FDABF
:102C80001021380002F0A8FB1925002813D13000CC
:102C90003219E1B202F0F2FC051E0CD10C34A4B2E0
:102CA000042304AA380005A993800696948101F0B4
:102CB000DFFD051E02D0300005F0D2FF280009B06C
:102CC000F0BDC046A06AFF1F70B505000C000028CB
:102CD0000CD00020814209D010222000044906F0C7
:102CE00087F801202B7823736B78637370BDC0461F
:102CF000089C0111F0B506000D0017001C0085B0FE
:102D000002291BD00020102907D1022B07D0102B3D
:102D100003D115E00020102C08D005B0F0BD6946A5
:102D20003800FFF7D1FF2A0069460BE06946300002
:102D3000FFF7CAFF22006946380004E0022BE9D100
:102D40002A003900300006F053FAE6E7031CF028A9
:102D500000D9F023032008499AB2013A0B80D31717
:102D6000034006499B189B100B80D30F04499B1806
:102D70005B100B807047C046AE3FFF1FAC3FFF1F8C
:102D8000AA3FFF1F054B10B51B888B4205D3044B90
:102D90004000C152034804F0F9FD10BDAE3FFF1FD3
:102DA000A06AFF1FBE970111014B4000185A7047DF
:102DB000A06AFF1F1722014B1A807047A06AFF1FED
:102DC00070B505000E2005F03BFF041E13D0D02384
:102DD000037000230622837007494570033006F014
:102DE00007F8064B2100DA8A62811B7E2373044BAD
:102DF000187806F015F970BDBC6AFF1FAC6AFF1F9A
:102E0000FE3FFF1F262803D8024B4000C05A7047E0
:102E10000148FCE7B03FFF1FFFFF000070B5060050
:102E20000C00094D1C220021280005F0D9FF074B9A
:102E30001E70074B1C7006F003F80123002801D018
:102E4000002312202B7070BDAC6AFF1FFE3FFF1FD6
:102E5000CD6AFF1F70B505000D4C0800E260A1604F
:102E600010220021656005F033FF012803D11021F5
:102E7000A06802F004FE10220021280005F028FFBF
:102E8000012803D11021606802F0F9FD70BDC04631
:102E9000AC6AFF1F70B5041E05D1002903D00622BD
:102EA0000D4805F0A5FF0D4B1D78012D11D1002C0B
:102EB00005D102221A7005F023FF280070BD002200
:102EC0001A70074B1B78FF2BF7D02000FFF778FF15
:102ED000F3E70025F1E7C046BC6AFF1FAC6AFF1F9D
:102EE000FE3FFF1F030010B5002801D1002010BDD8
:102EF00000780B4A002803D15988D1821B791376B8
:102F00001378022BF2D10023984200D103331370BF
:102F1000044B1B78FF2B01D0FFF752FF0120E6E79F
:102F2000AC6AFF1FFE3FFF1F002911D000280CD004
:102F30004B79012803D140225242134303E03F2240
:102F40001340032802D001204B7170474022F4E760
:102F50000800FAE770B5094D0100287800280BD069
:102F6000074C0622200005F043FF21002878FFF7D8
:102F7000DBFF200006F0CCF870BDC046CC6AFF1F16
:102F8000A66AFF1F00290AD0012808D13F224B79E9
:102F90009343C02B03D0403B5A425341981C704787
:102FA00070B5174D06002B78FF2B15D00A2005F0C1
:102FB00047FE041E10D0D0230370C83B8370114B12
:102FC00011491B784670C3700622043005F010FFCB
:102FD0002100287806F024F80C4B1B78012B0DD12A
:102FE0000B4B1B68002B03D09B68002B00D098472D
:102FF000084B04211878084A05F0EAFF70BDC04666
:10300000FE3FFF1FCC6AFF1FA66AFF1FC86AFF1F93
:10301000F46AFF1FF86AFF1F60EA0000014B98681E
:103020007047C046AC6AFF1F014BDB6818687047E9
:10303000AC6AFF1F074B10B5DA68136801331360E1
:10304000054B1878FF2803D08021C90105F078FFCF
:1030500010BDC046AC6AFF1FFE3FFF1FF7B50E0054
:1030600002F04EF9051E1CD00E4B06621F78002F91
:1030700000D10778AB791020019305F0E1FD041E23
:103080000FD0D0230380C73B8370019BE91DC37021
:103090000622043005F0ACFE21003800E66005F0A1
:1030A000BFFFF7BDFC3FFF1F014B18787047C046BC
:1030B000CC6AFF1F054B002805D1054B1A78054B3C
:1030C000002A00D1014B18007047C046BC6AFF1FA0
:1030D000CC6AFF1FA66AFF1F014B58687047C046A5
:1030E000AC6AFF1F024B1868431E9841C0B270477C
:1030F000D06AFF1F421E03000120152A03D9FF3B9F
:103100005A425341D8B27047F0B51C0000230E005C
:1031100085B0039002920B70029A934201D3002073
:1031200019E0E55C5A1CD2B2002DF8D00298511972
:103130008142F4DC0233DFB2A35C18000193FFF795
:10314000D9FF002807D0013D019A0399EBB23370F3
:103150008A4202D1E01905B0F0BDDB19DBB2DBE732
:1031600010B50C0002F024F903001220002B03D04C
:103170002100588805F09CFF10BD000070B50E4D71
:1031800084006359002B15D0186A002801D005F07F
:10319000A7FF2B59586A002801D005F0A1FF2B5931
:1031A000986A002801D005F09BFF285905F098FF88
:1031B00000232B5170BDC046DC6AFF1F1C4B70B54D
:1031C00004000E00150099420AD11A4B1B68002B0F
:1031D00001D1122070BD1B68002BFAD09847F9E787
:1031E000154B994215D1134B1B68002B0AD01B6855
:1031F000002B07D09847002804D1104B1C70104BAF
:103200001D70E7E729002000FFF7AAFF0028E1D1A1
:10321000F3E7080002F074F80028DAD003780320FE
:10322000A342D7D12900300005F042FFD2E7C046C3
:10323000FEFF0000D86AFF1FFFFF0000D56AFF1FD6
:10324000D46AFF1FF7B50400808802F059F8002502
:10325000A84203D00578A08802F08EF81C4E33787F
:10326000002B1FD0AB421DD11A4B28001978FFF755
:1032700077FF002818D000233370A3790820A7789F
:10328000A688019305F0DCFC011E0DD0D02303704D
:10329000CA3B8370019B477086808371280005F0CC
:1032A000BFFE01E0002DE8D1A0880B4B8200D3586F
:1032B000002B01D0FFF762FF1721A088FFF762FD06
:1032C000A08801F057FDA08801F062FEF7BDC0465E
:1032D000D56AFF1FD46AFF1FDC6AFF1FF0B587B0F5
:1032E0001D000CAB1B88070001930DAB1B8814203D
:1032F00002930EAB1B88160003930FAB1B88009143
:10330000049310AB1B88059305F09AFC041E1AD099
:10331000D0230370CB3B47708370C6700622290010
:103320000430002D11D005F063FD019B2100638165
:10333000029B0098A381039BE381049B2382059B4E
:10334000A37405F06DFE07B0F0BD05F049FDECE794
:10335000F7B5009308AB1B8807000C200D00160082
:10336000019305F06DFC041E13D0280001F0C8FF86
:1033700000280FD00078D0232370C93BA370009B96
:1033800021002381019B6770A580E680638105F0A1
:1033900047FEF7BD014B1878EDE7C046FE3FFF1F23
:1033A00013B5040064890389C2888188C0780094B9
:1033B000FFF7CEFF13BD000010B5044C20680028B5
:1033C00003D005F08DFE0023236010BDE06AFF1FCF
:1033D000A122F0B5818892004A43384B384F1B68D0
:1033E00004009B189D2292009B18827989B01A6074
:1033F0003B68002B5FD01D78324B1B68002B04D03C
:103400005B68002B01D00020984726000836310069
:10341000E079FFF7B7FD237DE0710200E0780493C7
:10342000638A29000393238A0293E3890193A38883
:1034300000933300FFF752FFE378002B0BD1E289B2
:10344000A379A18802920196E279280000920122D4
:1034500001F060FFE0703B68002B20D0FFF7ACFF6D
:10346000194D287800281AD0184B1978FFF778FEE4
:10347000002814D02B78E67808200793A78805F059
:10348000DFFB011E09D0D0230370CA3B4670837056
:1034900087808671079805F0C3FD00232B701721E4
:1034A000A088FFF76FFCA08801F064FCA08801F001
:1034B0006FFD09B0F0BD064B9DE7C0463409FF1F04
:1034C000E06AFF1FF46AFF1FD56AFF1FD46AFF1F5F
:1034D000FE3FFF1FF8B5070008000E0001F010FFC7
:1034E000041E18D02620FFF78DFC051E00D125787C
:1034F000062005F0A5FB041E0DD00021062205F0D4
:103500006FFCD0232370C23B21006770A370A6809C
:10351000E8B205F085FDF8BDF0B585B001930AABC2
:103520001B78070002930BAB1B7808000D0000927C
:10353000039301F0E5FE061E22D0102005F080FB6B
:10354000041E1DD01022002105F04AFC2620FFF7A2
:1035500059FC002800D13078D0232370C13BA370E0
:10356000009B21002372019B67706372029BA58000
:10357000A372039BC0B2E3720C9BE36005F050FDA5
:1035800005B0F0BDF7B50D00019001F0B9FE071EC2
:1035900020D00E2005F054FB041E1BD02620FFF780
:1035A00031FC061E00D13E78D0232380C53B062285
:1035B000A370F91DE01C05F01BFC019B2A00638130
:1035C0000123DD401A401D40210022736573F0B2D3
:1035D00005F026FDF7BD0000F0B585B002901000A3
:1035E0000D0017000A9E039301F08AFE041E31D0DD
:1035F000029B002B2ED1039B02795B0724D512235B
:1036000013430422002E08D10B99002905D10C99EF
:10361000002902D10D9900291AD01A430D9B22715D
:10362000002B00D0C9E0002E00D1CFE0002D00D04B
:10363000CCE0606A002801D005F052FD1C2130006A
:1036400005F046FC606205E002239A430E33D7E79B
:1036500093432371654BBA00D458002C00D1AAE0E3
:10366000002E10D0236A002B03D11C2005F088FC0B
:1036700020625E4BBA00D358186A002803D01C227F
:10368000310005F0B5FB0C9B002B12D0574CBB0052
:103690001D596B6A002B03D1162005F071FC68627E
:1036A000BB00E358586A002803D016220C9905F095
:1036B0009FFB0D9B002B11D04C4DBC006659B36A8B
:1036C000002B03D1142005F05BFCB0622B59986AE3
:1036D000002803D014220D9905F08AFB380001F070
:1036E0000FFE051E67D0414BBA00D358002B62D0A5
:1036F0001A6A3420002A00D11C389A6A002A01D0A4
:10370000143080B20B9A002A01D01C3080B25B6A60
:10371000002B01D0163080B205F092FA041E4AD078
:103720001822002105F05CFB2620FFF76BFB0190BF
:10373000002801D12B780193D0232370029B200015
:1037400063700A23294EA370039BBD00A371AB597C
:10375000A780196A1830002905D01C22A06005F046
:1037600047FB200034307359996A002907D00300C1
:1037700014221433E060029305F03AFB02980B9B8D
:10378000002B08D003001C221C330B9920610293EC
:1037900005F02EFB02987359596A002903D01622AE
:1037A000606105F025FB6B462100187905F038FCB7
:1037B0003800FFF7E3FC05B0F0BD10220D9B0D991A
:1037C0001B69A018236205F013FB2CE70B9B002B51
:1037D00000D13FE7012D00D03CE7606A002801D00E
:1037E00005F07EFC1C210B982AE7C046DC6AFF1F0F
:1037F00010B5044C2068002803D005F071FC0023AC
:10380000236010BDD06AFF1F0B4B07B51A68002A52
:1038100001D100200EBD6946531C012012780731EA
:10382000FFF772FC0028F4D0027801231000184042
:103830001A42EED0EEE7C046EC6AFF1FF0B51F4F0C
:1038400001203B6887B0002B25D09B78059300F0C2
:10385000DDFB002821D00A20FFF7D4FA04000B205A
:10386000FFF7D0FA164B05001E78731E9E413B6889
:10387000F6B2191DD878FFF757FB3B682900DA7AB2
:10388000043303929A79019302920090330020004E
:10389000059A05F0F5FB07B0F0BDFFF7B5FF00286E
:1038A00005D00620FFF7AEFA04000720D8E708206D
:1038B000FFF7A8FA04000920D2E7C046D06AFF1F2C
:1038C000CC6AFF1F70B50A4E040033780D00FF2B41
:1038D0000DD0042005F0B4F9011E08D0D0230370E8
:1038E000CE3B45708370C470307805F099FB70BD95
:1038F0000C40FF1F70B5040006200D0005F0A0F974
:10390000011E0AD0D0230370CD3B8370054B447059
:103910001B688580187805F083FB002C01D0FFF729
:1039200067FF70BDD06AFF1FF8B5264F06003B68E1
:103930000D001124002B05D10522234B1B781342C7
:1039400002D112242000F8BD204A10241268002A57
:10395000F8D01278002AF5D0DB0719D52B789A1EFB
:10396000012A1AD80C2005F00BFB1324386000281C
:10397000E8D000230A22437029000670023005F0C7
:1039800037FAFFF75BFF041E0AD0FFF731FFD9E7D4
:1039900000F03CFB0028E1D1E4E7002BE2D0D0E7C7
:1039A0000B4B1B78032BCDD11D20FFF72BFA094BB6
:1039B00018800028C6D0084B04211878074A05F063
:1039C00007FBBFE7D06AFF1FCD6AFF1FEC6AFF1F2E
:1039D000CC6AFF1FCA6AFF1FF86AFF1F60EA000077
:1039E000F7B50193194B14001A78052306000F0050
:1039F00012201A4221D0012920D1154B1D68002D1B
:103A00001BD002201F2C18D8002C02D0019B002BA9
:103A100013D0104B1F221E706E1C0021300005F0C9
:103A2000DFF901992200300005F0E2F931002000B1
:103A30002C70002F06D005F05BF9FEBD064B12205E
:103A40001D68DCE705F0DCFAF7E7C046CD6AFF1F2A
:103A5000EC6AFF1F0C40FF1FE86AFF1FF8B50F4E0E
:103A600012243368002B17D01B780F3C834213D1EC
:103A700000250B4F0221387805F07AFB094B042111
:103A800038781D8005F074FB074B28001D803368D3
:103A90005C7005F07DFB04002000F8BDD06AFF1FBC
:103AA000F86AFF1FE46AFF1FCA6AFF1F70B501288A
:103AB00023D11B4C2388002B03D01A4A1578002DE4
:103AC00007D0194B1B68002B02D01878FFF7C6FFF0
:103AD00070BD3B2B02D93C3B2380F9E7134E0221FA
:103AE000307805F045FBFA222388920002215A43E0
:103AF000307805F0D5FA2580EAE70B4B1B68002BE0
:103B0000E6D00B4B1B785B07E2D5084B02211878F7
:103B100005F02EFB0022024B1A80FFF769FED7E763
:103B2000E46AFF1FC86AFF1FD06AFF1FF86AFF1F01
:103B3000CD6AFF1FF8B51E4D2868002803D005F098
:103B4000CFFA00232B601B4E3068002803D005F00D
:103B5000C7FA00233360184F05243B781800204033
:103B6000234221D0154800F055FA3B78234213D068
:103B7000202005F005FA2860002813D0202200211B
:103B800005F02EF9202005F0FBF9041E306005D069
:103B90002022002105F024F9002004E0286805F027
:103BA0009FFA2C601320F8BD00F034FAF4E7C04609
:103BB000EC6AFF1FE86AFF1FCD6AFF1F0040FF1F6E
:103BC00010B50A4C23681A1E0ED0002808D1013007
:103BD000587005F0DDFA002805D02368002B02D0CC
:103BE0000021FFF787FE0122100010BDD06AFF1FE1
:103BF000F7B5274E050033680191181E21D05C7877
:103C0000244F012C30D1FFF7FFFD002825D02000E4
:103C1000FFF7F8F80400412814D91F4B0221187847
:103C20001E4A05F0D5F91E4B3C3C1C80022233682D
:103C30005A703B78002B14D128000199FFF75AFEE7
:103C40000120FEBDFA2292004243002AEED0124B20
:103C50000221187805F024FAE8E7FFF7D3F802000C
:103C6000F3E700233B70EBE73B78002BE8D1032020
:103C700004F0E6FF011E08D0D0230370CC3B457052
:103C800083703368187805F0CBF9FFF7B1FDD7E7FB
:103C9000D06AFF1FC86AFF1FF86AFF1F60EA0000B2
:103CA000E46AFF1F10B5204B8188994234D016D8A2
:103CB0001E4B994207D81E4B994221D81D4B994261
:103CC00019D0002010BD1C4B9942FAD18368997815
:103CD0005A78090218781143FFF78AFFF2E7174B69
:103CE00099421DD0164B0020CB18052BEAD8154859
:103CF00003F04CFE0EE083681878FFF761FFE1E700
:103D0000114A83688818424250411B78C0B219009A
:103D1000FFF7D8FD0120D5E783680C481978E7E75D
:103D200083680B481978E3E7512000000920000060
:103D300007200000062000000A200000522000009A
:103D4000ADDFFFFFCD970111F8DFFFFFFA970111FB
:103D500013980111014B18707047C0460D40FF1FAA
:103D600010B5064C207001F0A7FA207805F018F97C
:103D70000521207800F06CFD10BDC046F86AFF1FD9
:103D80000BB273B50D00002B00DBCBE08B4B18782A
:103D900004F0A6FF041E0ED00378912B0FD0A22BA7
:103DA00000D1A8E0864B1878FF2852D0210005F0FA
:103DB00037F900284DD180200002684076BD437855
:103DC0000F2B76D013D8052B70D00E2BEAD180881C
:103DD0007C4B98422BD87C4B98421BD87B4B98420B
:103DE000E0D1A3681878591CFFF754F838E03E2B4F
:103DF000D8D18378032B79D06CD8012B73D0022BC8
:103E0000D0D1734B1B68002B23D05B68002B20D0D4
:103E100098471EE06F4BC0180C28C3D805F0B8F8BF
:103E20001DC2C2150BC20B0B0B3223C23C006A4BE6
:103E3000C0180728B6D8694B1B68002B09D01B682F
:103E4000002B06D0200098470AE0A3681878FFF7F7
:103E5000A7F8200004F0DCFFADE7A068FFF742F808
:103E600000289FD0F5E7A3681B78002BF1D0584BB2
:103E70001B68002BEDD01B68002BEAD021005848AE
:103E80009847EDE7524B1B68002BE2D01B68002BD4
:103E9000DFD021005348F3E7534B1B68002BD8D0E9
:103EA0005B68002BD5D021004648E9E7FFF7CAF947
:103EB000CFE780884D4B984203D04D4B984200D0BD
:103EC00070E7494B1B68002BC3D05B68002BC0D048
:103ED0002100D5E7152B0CD04648162B00D061E702
:103EE00003F054FDB5E7FFF773FAB2E7FFF758FAAE
:103EF000AFE74148F4E7414B1B78042B07D100237F
:103F00006A4613800179408800F0C8FCA1E7364B6F
:103F10001B68002B9DD05B68002B9AD001003848AD
:103F2000984796E7012421420AD0294B1B68002BB1
:103F300004D05B68002B01D00020984701203CE7AB
:103F40008B070AD5254B1B68002B04D05B68002B20
:103F500001D02000984702202FE7042128000840C4
:103F60000D4200D12AE7274E3388002B21D0013B98
:103F70009BB23380002B1AD1FFF7B4F800280AD087
:103F8000214B1C70154B1B68002B04D05B68002B69
:103F900001D020009847FFF79FF8694601F086FDA1
:103FA0006846FEF7D7FF1D20FEF72CFF3080042067
:103FB00003E7024B187805F0DBF8F8E7F86AFF1F13
:103FC0000D40FF1F0E20000001200000091000001E
:103FD000F06AFF1FFEDFFFFFAFDFFFFFF46AFF1F86
:103FE0000C2000000B200000D86AFF1F0D200000ED
:103FF00013200000699801112D980111CD6AFF1F4F
:10400000FFFF0000CA6AFF1FC86AFF1F10B501F05A
:10401000F7F910BD014B18607047C046F46AFF1FE6
:104020000B880020162B01D817230420014A138087
:104030007047C046A26AFF1F00207047074A03006E
:104040001188814207D091880020994202D1013025
:104050008000101870470020FAE7C046006BFF1F71
:10406000F0B58F7806000D00C5B01E2F15D1FFF7F3
:10407000E5FF051E03D10024200045B0F0BD00225D
:104080003B003100C078009200F0B2FB0400A81C95
:1040900000F0D2FBFF23EB70EEE7264B06240393E0
:1040A0001B78FF2BE8D0182FE6D87B08224A013B6B
:1040B000DB0002929A589446002ADDD0029AD31867
:1040C0005B68002BD8D00878002802D14B78012BF0
:1040D00002D10624122FCFD107AFAB8869780097A1
:1040E0006446AA68A047041EC6D1AB78029A5B0852
:1040F000013BDB00D318390030005B689847041E91
:104100000BD1AB78042BB6D0039A31001078220083
:10411000009700F06DFB0400AEE76A78002AABD18F
:10412000AA7805A93B88087130000A704B80FEF719
:1041300017FBA0E71040FF1F189C01111D4B37B55E
:10414000050098420BD000290AD1FFF777FF00281D
:1041500005D11948FFF772FF002800D0058037BD50
:1041600001291AD1FFF76AFF041EF8D001235B4230
:104170000380A378FF2BF2D0FE2B07D00023E0783A
:104180001422009329001E3300F032FBA01C00F023
:1041900053FB01235B426380E1E70229DFD1013950
:1041A00001F01AF90028DAD12800FFF747FF041EB2
:1041B000DFD1D4E7FEFF0000FFFF0000022210B5B0
:1041C000074B52421A80074801325A809A80DA809F
:1041D00000F07EFA044801F081F8002010BDC046CE
:1041E000006BFF1F614001113D4101110388F7B5CC
:1041F0000400002B02D102252800FEBD42680221E6
:10420000137825485268FEF775FD00282ED0234FFD
:1042100001253A88002AEFD0802321885B020125FE
:104220009B1A9942E8DC0C2004F0AAFE061E31D04D
:104230003B8822889C4600231800019561469DB268
:10424000491989B2AA421BD8002801D062443A8099
:1042500000233000082208C0210004F0C9FD104AE4
:104260001368002B13D100251660C5E76268022190
:1042700013780C485268FEF73DFD0028C7D1BAE715
:1042800060681D014019418101330198D6E71A0089
:104290001B68E6E71325AFE7869C01110E40FF1F60
:1042A000FC6AFF1F849C0111014B18707047C046C7
:1042B0001040FF1F14230A0010B51A40194204D001
:1042C0000122102101F0A4F810BD4B06F9D4012001
:1042D00088434000F8E710B514008B0604D501228E
:1042E000102101F095F810BD08230A001A40194268
:1042F00002D14BB2002B0FDA102101F089F800280F
:1043000008D02300F2331B78002BECD0F134237853
:10431000012BE8D10020E6E703208907FAD4E2E781
:10432000F0B51F00184B85B01C68019002910392F4
:10433000002C27D1200005B0F0BDA5683301ED1891
:104340006B89019A934211D3029A93420ED8002F9F
:1043500004D10A9B002B10D12C00EBE73B002978FD
:10436000039A6868FEF7C6FC0028F2D10136B6B29F
:10437000A388B342E1D82468DAE7A3680A9A5B8984
:104380001380E9E70026F3E7FC6AFF1F37B50C004E
:104390000A8849880123914217D3002A15D0651D48
:1043A00023792A0002210A48FEF7A4FC10230028E2
:1043B0000BD023796188208800242A000094FFF71D
:1043C000AFFF0A23A04200D0230018003EBDC04624
:1043D000869C011113B50A00088849880123884288
:1043E0000BD8002809D00024137905320094FFF778
:1043F00097FF0A23A04200D02300180016BD13B572
:104400000A0008884988012388420BD8002809D06F
:104410000024137905320094FFF782FF0A23A0429B
:1044200000D02300180016BDF0B58BB003904A8869
:1044300008880E000123824255D3002853D0002360
:10444000012704AC23700022718813000092FFF74B
:1044500067FF051E3ED02078002835D12B78022B2F
:1044600018D167706A8983000130E31880005A8090
:1044700069680222201804F0BBFC23780133DBB208
:104480002370042B19D93B006889013080B2002BBE
:10449000D9D01FE002236370122358436A8923187E
:1044A00004305A8069681022201804F0A1FC237897
:1044B0000133DBB22370002BE5D10C4A6B899B18CA
:1044C0005A425341DBB2DFE76378012BE4D12B780A
:1044D000022BC7D022780A23002A04D02100039897
:1044E000FEF768F9002318000BB0F0BD0100FFFFD4
:1044F0000F4BF0B504001868002816D083685D895A
:10450000A54207D88288AE18B44203DA12019A187D
:10451000934201D10068EFE71E005F891036A74281
:1045200004D1002900D00D801800F0BD3300EFE762
:10453000FC6AFF1F70B505000C0008880021FFF71A
:10454000D7FF03000120002B04D022002800197A95
:10455000FFF7C1FE70BDF7B50C00002501902300E8
:10456000EE331B78AB4201D800200AE06B00E65A1C
:1045700000213000E718FFF7BBFF002802D126809A
:104580000130FEBD017A0198FFF794FE002802D0A9
:104590003B882380F5E70135EDB2E0E710B5040074
:1045A00008880021FFF7A4FF03000120002B03D09F
:1045B0002000197AFFF77EFE10BD0000054B1B6836
:1045C000002B01D1180004E09A6852898242F6D18A
:1045D00098887047FC6AFF1FF0B50E27002687B049
:1045E000039302ABFF183E8005001F4B4089140067
:1045F000984207D02B78013000976A6880B2FFF7A5
:104600008FFE060002212B7818486A68FEF772FBBD
:1046100000280FD06C892000FFF7D0FF002802D0BF
:10462000013C0419A4B2039B002B00D01C80300075
:1046300007B0F0BD02212B780D486A68FEF75AFBDF
:104640000028E7D102212B780A486A68FEF752FB5E
:10465000002807D0002EDED03B88A342DBD174892E
:10466000013CDFE76C89DEE7FFFF0000869C01115B
:10467000849C0111829C011110B50C00FFF7DEFC37
:1046800003000220002B0AD0002C00D023609B786E
:104690001720FE2B03D00138FF2B00D1002010BDC6
:1046A00073B50D0001A904001600FFF7E5FF1728F8
:1046B00005D0002E04D129002000FEF7F7F876BDC2
:1046C00001221021200000F0A3FE0028F3D0F6E71D
:1046D000014B18607047C0460C6BFF1F37B56B4627
:1046E0009D1D010004000222280004F0A9FC2B8873
:1046F000B02B0ED12379122B09D12300FA331B786A
:10470000012B06D10121608800F0E0F801E01B2BAD
:10471000F8D037BD10B5054B0421187000F098F89B
:10472000FFF74CFDFEF746FB10BDC046106BFF1FA8
:104730000020F0B50BB20F0087B0834234DA274B6C
:10474000187804F0CDFA051E2BD00378A02B25D1C4
:1047500003AE3100FEF7B4F8041E0BD1B378DB07CB
:1047600024D51F4B06341B68002B03D0310068880A
:1047700098470400A868002801D004F071FA002CC2
:1047800008D1184A039B1340174A934206D0B378C6
:104790001B2B03D00121688800F098F8280004F052
:1047A00037FB80200002784007B0F0BD0F4B1B683C
:1047B000002B10D0310068889847041EDAD0737837
:1047C000002BD7D1B27801A90A704B800C71688890
:1047D000FDF7C6FFCEE70624F1E7C046106BFF1FCA
:1047E000086BFF1F00FFFF00000112000C6BFF1F92
:1047F000F7B50190FC200D0017001E0004F020FA10
:1048000004001320002C12D0B02320002370089B3A
:10481000F4226770658026710830002B08D01900DB
:1048200004F0E6FA2100019804F0FAFB0020FEBD36
:10483000089904F0D5FAF5E710B5041E06D0007803
:10484000FD2803D804F014FCFF23237010BD0000E2
:104850000A1F93B210B504000220032B05D8824032
:104860000020024BD1529B189C7010BD306BFF1F73
:104870000B8870B5043B04000D000220032B0BD8FD
:104880000121200000F0A8FD03001420002B03D01C
:104890002900200000F028FC70BD000007B51300BF
:1048A000034A00920A00012100F088FC0EBDC046B8
:1048B000D94A011107B5019203220092024B0A0066
:1048C000122100F0A5FC0EBD574B011107B56B4638
:1048D00001AA11800449D88008780633012802D142
:1048E000190004F085FB07BD116BFF1F0C4B10B5C1
:1048F00018700023FF210B4A13801381938193804A
:10490000094A53801370517293819372D174D38288
:104910001375517704F0A4FA00F0FCF910BDC046FD
:10492000406BFF1F306BFF1F126BFF1FF0B58DB088
:104930006B46002003910C229B5E834200DBB0E0BB
:104940005D4B187804F0CCF9051E00D1A4E0037883
:10495000902B00D09DE006AF01004688380000F0A3
:104960001FFA79680400002900D19CE03B88052BE0
:104970006ED13B89032B1CD905AC200000F0A2F8B6
:104980006288172A61D83989131D994231D1796813
:10499000237804310291D90738D5607800F08EF978
:1049A000071E06D0002303712378012B08D0132B98
:1049B00023D0A868002800D178E004F051F975E010
:1049C0006288029909A800F0A6F80290380000F069
:1049D0008BF909AA2378387A0192002231000092DB
:1049E000029A00F012F9380000F064F9029B002BE3
:1049F000DFD0300000F080F9DBE70378032BD8D15B
:104A00006288029909A800F0D6F8DEE7122B13D1CC
:104A1000029909A800F0B5F8021EEAD127498B884F
:104A2000002BC6D0887909A923780191617800917B
:104A3000310000F0EAF8BCE7002302AA93833000BB
:104A4000617809AAFFF72AFFB3E71D4B0993F6E740
:104A5000042B02D09A1F012AABD8184A043B9B00B2
:104A6000995A0029A5D0D218907831003A0000F068
:104A7000AEF800289DD13B88042B03D001213000E3
:104A8000FFF724FF012C04D1A868002801D004F00E
:104A9000E7F8280004F0BCF98020039B00024340A3
:104AA00018000DB0F0BD012800D182E701213000CF
:104AB000FFF70CFFEDE7C046406BFF1F306BFF1F99
:104AC000010017000B7803704B784370CB788A781D
:104AD0001B021343438070470A88030002700A8850
:104AE000120A42700A88012A06D14A8882704A88CE
:104AF000120AC2700420704702208242FBD14A8809
:104B000004309A704A88120ADA708A881A718A8880
:104B1000120A5A71EFE710B50400012082420CD945
:104B20004B780A781B0213432380834206D1CB784B
:104B30008A781B0213436380002010BD022BFBD137
:104B4000CB788A781B02134363804B790A791B0266
:104B50001343A380F0E70B8803700B881B0A437094
:104B60004B8883704B881B0AC3708B8803718B88BA
:104B70001B0A4371CB888371CB881B0AC371082041
:104B8000704703000120082A14D14A7808781202DD
:104B900002431A80CA788878120202435A804A79FE
:104BA0000879120202439A80CA7988791202024374
:104BB0000020DA80704710B504000120022A05D1D8
:104BC00000204B780A781B021343238010BDF8B5F0
:104BD000060010200F00150004F032F80400012038
:104BE000002C0ED0A0230C22290023806780201DDA
:104BF000002D07D004F0FCF82100300004F010FA7A
:104C00000020F8BD04F0ECF8F6E7F7B51E000090C0
:104C100008AB142017001D78019104F011F8041E50
:104C200012D0A2230370019B47704380099B05713A
:104C300046710C220830002B07D0190004F0D8F878
:104C40002100009804F0ECF9F7BD099904F0C8F8C8
:104C5000F6E737B5041E0FD04388002B0CD0002593
:104C6000C1881323007A172201950095FFF7CDFF25
:104C7000FF2365806372257037BD000010B50C49B5
:104C800004004A88002A09D08B89002B05D0002017
:104C9000CB8A0222834201D010BD012213000A20D8
:104CA000434300204032C854C81842800472F3E7DE
:104CB000126BFF1F0023438003707047094B0021D4
:104CC0001A0010B55C88002C06D01C79844203D1F0
:104CD0000A234B43D01810BD01310A330329F1D107
:104CE0000020F8E7126BFF1F10B50400407A04F0B3
:104CF000BFF9FF23637210BD7047043010B580B256
:104D000004F01EF8002803D00421494204F008F8FA
:104D100010BD000070B50025124CA0682580A5814B
:104D2000A580A84202D003F09BFFA56000250E4C91
:104D30000E4B606D1D80230058331D70A84202D0B9
:104D400003F08EFF656500256068002801D003F040
:104D500087FF013508340A2DF6D1054802F016FE0A
:104D600070BDC046D86BFF1F7C6BFF1FCC6BFF1F55
:104D7000A198011170B5041E0CD1074D2880A8819F
:104D8000A880A868002802D003F06AFFAC6003483E
:104D900002F0FCFD70BDC046D86BFF1FAD9801113D
:104DA0000023F0B54E8843600A7904000F0089B0F3
:104DB000022A00D08BE0C98803291ED9BB685A7823
:104DC0001878120202430592DA789D781202154390
:104DD000DA791B7A67481B0213435BBA9AB20380E5
:104DE000059B04338B4227D1042D08D06B1F022B67
:104DF00016D92900604802F0C9FD01201AE05F4B76
:104E00003101CB5A002B0BD0F4215D48FF3102F069
:104E1000BDFD3000FFF7AEFF5A4A1369013313613D
:104E20000421059BB86823812580494203F078FF5F
:104E30006060002009B0F0BD524C042D0CD06B1FF7
:104E4000022B18D983212B004D48890002F09EFDCA
:104E5000E3680133E360D0E7484B3101CB5A002BC4
:104E600009D04748484902F091FD3000FFF782FF22
:104E7000236901332361414B360106930023069ACF
:104E8000B3529319059A9D80100007939A81FFF7FA
:104E900034FF079B051E986015D00421B86849426D
:104EA00003F03EFFFA880100043A280003F0A0FF57
:104EB000069AFB88B25A043B9B18069AB3522368A1
:104EC0000133236099E7A3690133A36195E72B4B75
:104ED0003101059333010693059B3001CB5A0599A7
:104EE0000D18A968002B30D000292ED0012A2CD112
:104EF000FA880598944663449BB232011352A889FC
:104F000098421AD362469B1AC818B96803F070FF1A
:104F1000059B0699AA89CB5A934200D06DE70A00F7
:104F200000212381AB882380AB686360059BD1524D
:104F3000144A5368013353605FE7124A93680133A0
:104F400093603000FFF716FF57E70A4A059F128863
:104F5000029333019C466744BB8900919921094C17
:104F6000019363690948890002F010FD6369013308
:104F70006361E6E7426BFF1FB9980111D86BFF1F11
:104F8000D2980111486BFF1F13020000E99801112C
:104F900070B5051E18D10D4C0D4B188023005833E9
:104FA0001870606D002802D003F05AFE6565250078
:104FB00050356068002801D003F052FE0834AC423E
:104FC000F7D1044802F0E2FC70BDC0467C6BFF1FC5
:104FD000CC6BFF1F10990111F0B51600A12285B00E
:104FE0009200019342433D4B05001B680C009B1847
:104FF000D933FF331F78FDF7D7FE0430874204DD35
:105000002800FDF7D1FE0430C7B2B74207D3320003
:1050100000212800019B03F043FE05B0F0BD3900DC
:10502000300003F0DDFF2300C5B250331D70039341
:10503000019B39006365300003F092FFCBB202930D
:10504000002B02D0039B01351D7000262300503336
:105050001B78B34204D8606D002839D10020DCE70A
:10506000029A3800002A04D0013B1000B34200D05D
:105070003800F5006519287003F0EAFE019B6860AE
:1050800001001A78164802F081FC686800280ED0EA
:105090002A78019903F0ACFE019A2B780136D318D7
:1050A000104A0193D369F6B20133D361CEE72300EE
:1050B000503318706065A54205D10A4A1320D36A9F
:1050C0000133D362A9E7606803F0CAFD0834F2E750
:1050D00003F0C6FD00236365C0E7C0463409FF1F27
:1050E0001C990111486BFF1FF7B50C000600042145
:1050F000606803F015FE23890500037023891B0AED
:1051000043702388837023881B0AC3702789022475
:105110000437FFB2F42F15D8224B9E4214D10C2035
:1051200003F08EFD1134011E0CD0902303708E3BD2
:105130000371043B43801C4B8560C780187803F0E3
:105140006FFF00242000FEBD5C217143174B5918EE
:1051500001930B0058331B78002B19D103003A0040
:105160003000FFF739FF041E05D0114B2200114813
:10517000D96A02F00BFC5C237343019AD1180B002F
:1051800058331B78002BDDD1300003F0C9FFD9E77D
:10519000074A0948536A07240133536202F0F6FBB9
:1051A000E9E7C046FEFF0000406BFF1F7C6BFF1F5E
:1051B000486BFF1F309901114B990111F0B587B071
:1051C000009017200F0016000193FFF796FD13259E
:1051D000041E19D00C98031E02D00199201D984777
:1051E000030AE370052302AAA0700430908127709F
:1051F0000098667003A993800494FFF775FF051E5D
:1052000002D0200003F02CFD280007B0F0BD000004
:10521000F0B587B01F000CAB1B78039105930121FB
:105220000DAB06001C78049200F0D6F81425002877
:1052300021D02000FFF722FD0135041E1BD01149AB
:10524000059B0A7803700132D2B2131EC68001D1C9
:1052500001231A000B7022713000049B0399009700
:10526000FFF7ACFF051E09D1230021000648074ABD
:10527000093303F0EDFC280007B0F0BD0023638084
:105280002370F8E7446BFF1F534C01113075000089
:10529000F8B505000E00064C064F2368002B02D01F
:1052A0003100280098470434BC42F6D1F8BDC0460E
:1052B000E86BFF1FFC6BFF1F0123064A5B42538014
:1052C000002313715362044A136053609360D360E8
:1052D00013617047FC6BFF1FE86BFF1F0200002388
:1052E00010B506499C000859002801D1625010BD34
:1052F0000133052BF6D11320F9E7C046E86BFF1FF9
:10530000034A5388181A434258414042104070479C
:10531000FC6BFF1FF0B585B002930AAB1F780CAB96
:105320001B88009008000E0001920393FFF7E8FF2E
:1053300005001120002D1BD10E48FFF7E1FF0400EE
:105340001520002C14D006220B99A771E01D03F044
:105350004FFD019B30002371029B29006371009B6C
:1053600066802370039B6562E381FFF791FF28004D
:1053700005B0F0BDFFFF000010B5FFF7C1FF04004E
:105380000220002C12D060880121FFF781FF606AA3
:10539000002801D003F0A4FE28220021200003F001
:1053A0001FFD012300205B426380207110BD0000BF
:1053B00030B5074A074C5588010013780020A542F4
:1053C00004D05B1A59424B415842104030BDC04690
:1053D000FC6BFF1FFFFF0000084A10B501230C0003
:1053E000904208D0FFF78CFF031E04D003792340BE
:1053F0005A1E9341DBB2180010BDC046FEFF0000EC
:10540000024B1879431E9841C0B27047FC6BFF1FD6
:1054100070B504000D001600FFF772FF002804D1DC
:105420000D4B9C4200D0143070BD416A03790520B9
:10543000002907D012221A40102A02D10520002E7E
:10544000F2D10F20DB06EFD5897E0C20A9428941DD
:10545000494249420840E7E7FEFF0000030010B55B
:10546000002800D110BD0348034A41889142F9D079
:105470009847F7E7FC6BFF1FFFFF0000002330B5E4
:10548000C45CCD5C6C40D4540133102BF8D130BDDA
:105490000F23002210B5C45C64002243CA54C25CCE
:1054A000D209013BF7D210BD0200010010B5203235
:1054B000103103F03DFE10BDF0B58BB0039010200D
:1054C00005931700049103F05BFD0090102003F09A
:1054D00057FD009B13240190002B05D000280CD110
:1054E0001324009803F0FCFD019B002B02D0180050
:1054F00003F0F6FD20000BB0F0BD102003F040FDDE
:105500000600102003F03CFD13240500002E00D1FE
:10551000AEE0002819D01022002103F061FC320017
:105520002900039803F004FE041E0ED133787F2B6C
:1055300051D830000099FFF7ABFF009B1B787F2B01
:1055400053D801990098FFF7A3FF300003F0C8FD7E
:10555000002D02D0280003F0C3FD002CC1D1102083
:1055600003F00EFD0600102003F00AFD0290002E4D
:105570007CD0002878D03A000F3223000125121188
:1055800005D00F333B4015B25A4253411BB26A1E3D
:105590001201002B33D0049BD2B298180099029AC2
:1055A000FFF76CFF013D10220021300003F018FCD2
:1055B000ADB2049F2D017D19AF4242D0002C33D0F3
:1055C000300003F08DFD029B002B00D189E718000D
:1055D00003F086FD85E729003000FFF759FF28001A
:1055E0002549009AFFF74AFFA7E729000098FFF72F
:1055F0004FFF28002049019AFFF740FFA5E70F2140
:105600000F4004998A18D9B28F4208D9D15C06A8F4
:1056100019540133102BF6D1029A0199C0E7791A77
:1056200048424141C901F2E73900300006AAFFF7BC
:1056300025FF3200039806A903F07AFD1037040015
:10564000BAE7002CBCD13000029906AAFFF716FF7A
:10565000320006A9039803F06BFD08220400310014
:10566000059803F0C5FBABE71324A9E71324AAE7C9
:10567000002800D06EE733E79C9C0111F0B58BB099
:105680000F0016000225009000283FD0002A3DD0D0
:105690000B1DDBB21800029303F072FC1135041EDF
:1056A00034D0FDF7C1FC05003A000099201D03F03D
:1056B000A7FAEBB20393E3702B0CDBB22F0A009333
:1056C0006370FFB22B0E2370A7700193FDF7A6FC49
:1056D0001022010006A803F093FA2100029A04ABFD
:1056E00006A8FFF7E9FE051E0DD1039B08223370C3
:1056F000009B04A9B370019B7770F370301D03F019
:105700007FFAFDF797FC200003F0EAFC28000BB0BD
:10571000F0BDF0B58FB00D00149E03900492059378
:10572000002A03D1022420000FB0F0BD002EF9D0D2
:105730000398FFF7E5FD1424071EF4D07278337840
:1057400012021A43B3781B041343F27812061A4369
:10575000036A0192934201D30133E3D1002D03D0B8
:105760003B7901249B07DED50822002106A803F01F
:1057700037FB059B13240433DBB21800029303F0BC
:10578000FFFB051ECFD0059A0499043003F038FAC8
:1057900004223100280003F033FA390010221031BE
:1057A0000AA803F02DFA2900029A06AB0AA8FFF70F
:1057B00083FE041E0FD1082206A908A803F020FAD0
:1057C0000822311D08A803F013FD012807D1019913
:1057D0000398FDF743FC280003F082FCA3E70124B3
:1057E000F9E7000070B51C4C05002368181E10D0A6
:1057F000002D14D11A78002A0CD1981C083203F01D
:10580000F7FA03F09DFC0135002808D123681D70CC
:10581000012070BD0A331800082203F0E9FA23685A
:10582000002BF5D0122003F00BFA061E0DD0C12379
:1058300021680370457002311022023003F0D8FA5B
:1058400023683100587803F0EBFB206803F048FC34
:1058500000232360DCE7C046246CFF1FF8B504007A
:105860002020FDF7CFFA154FA600F3590500002BB5
:105870001FD000280ED0D878FF280CD0290003F0C4
:10588000B7F9002807D1F3590D49DB780D482200FC
:1058900002F07CF8F8BD0C492A000C55BB59611880
:1058A00003330A4803F0D4F9BB590549DB780848AB
:1058B000EDE72100074802F069F8EBE7406CFF1FB5
:1058C0008C9C01115D990111286CFF1F016B011166
:1058D00087990111B099011170B50B4C85002B59B6
:1058E0000100002B0BD0DA78084802F04FF82B5952
:1058F000D87803F0BDFBFF222B59DA7070BD044845
:1059000002F044F8FAE7C046406CFF1FCA99011143
:10591000B099011170B506008CB00C001500002183
:105920003022684603F05CFA31001022684603F02A
:1059300067F91D2021000322684403F061F96846DD
:10594000FFF7B2FD2D21040003222800694403F073
:1059500057F920000CB070BDF0B50700160097B0E5
:1059600001931CAB1D7830221EAB00910AA80021C8
:105970001C7803F035FA102239000AA803F040F928
:105980001022002102A803F02BFA0722310002A8FE
:1059900003F036F9072202AB9818631E9C41019967
:1059A00003F02EF902AB9C732B005A1E934102AAFE
:1059B000D3730021102206A803F012FA06221D99C3
:1059C00007A803F01DF91A2002ABC01806221F9980
:1059D00003F016F9102200990EA803F011F9102215
:1059E00002AB0EA908781C78013A6040D2B2087068
:1059F00001330131002AF5D10AA8FFF755FD102225
:105A000012A904000EA803F0F3F9102206AB0EA9A8
:105A100008781D78013A6840D2B20870013301312C
:105A2000002AF5D10AA8FFF73FFD04431022209871
:105A3000E4B212A903F0E4F8200017B0F0BD70B58D
:105A40000E0014008CB00100102268461D0003F007
:105A5000D7F83100082204A803F0D2F82100082268
:105A600006A803F0CDF86846FFF71EFD04001022DB
:105A7000280008A903F0C4F820000CB070BDF8B5E8
:105A800006000D0000243719AC4200D3F8BD03F026
:105A900097FB030A3B70631CDBB201379D4203D9BD
:105AA0000234F054E4B2EEE71C00EDE773B50600F3
:105AB0000C000225002819D0002917D0032101A8C5
:105AC000FFF7DDFF6B469A793F231A4001331343FA
:105AD0006A463000937101A92200FFF71BFF051EE3
:105AE00004D10322E01C01A903F082F9280076BD4D
:105AF00003785807DA08C00FD20080009B071043D4
:105B00009B0F1843C0B2704707230B40C908C90058
:105B10000B4303707047000070B50400FFF7DCFE14
:105B2000134DA4006359002B21D0186A002801D01E
:105B300003F0D6FA2B59986E002801D003F0D0FA62
:105B40002B59D86E002801D003F0CAFA2B59186FD0
:105B5000002801D003F0C4FA2B59586F002801D057
:105B600003F0BEFA285903F0BBFA00232B5170BD95
:105B7000406CFF1F0E4B8000C35870B50C00002B0B
:105B80000FD09D68002D0CD02B78201D0B706B78EA
:105B90004B70A97CFFF7B8FF2B7E23726B69E36023
:105BA00070BD10220021200003F01AF9F8E7C0466A
:105BB000406CFF1F014B18607047C0463C6CFF1FD4
:105BC000074A03008000825810B5002A06D0D0880A
:105BD000984203D1012901D1FFF79EFF10BDC046B5
:105BE000406CFF1FF0B5264E95B087000B93BB5954
:105BF0000500099112200A92002B31D0D888FFF7B6
:105C00007FFB04001420002C2AD0280010A9FFF7E5
:105C1000B1FFBB591E781D6A002E23D00895FDF7F1
:105C200043FA07000020FDF745FA0790A379E61D27
:105C3000069310AD0CA9089800F0E2FA0EA928000E
:105C400000F0D7FA0B9B0A990493069B09980293DC
:105C5000079B0396019300970EAB0CAAFFF77CFEFF
:105C600015B0F0BDFDF720FA06903000FDF722FADE
:105C7000E31DA779079310AB06000893DAE7C04647
:105C8000406CFF1F30B50C4C85002A59030085B0CD
:105C90000120002A0ED018006946FFF76BFF2B5930
:105CA0001A78D888054B002A00D1054B6A4607218F
:105CB00000F0D9FB05B030BD406CFF1FF36101114E
:105CC0000162011130B5094C8500295985B01022B7
:105CD0006846253103F08CF82A591121044BD088ED
:105CE0006A4600F0C0FB05B030BDC046406CFF1FE7
:105CF0009D62011130B5094C8500295985B01022EB
:105D00006846353103F074F82A591121044BD088C4
:105D10006A4600F0A8FB05B030BDC046406CFF1FCE
:105D2000DB620111F7B54D4F86001020F4590D00CC
:105D300003F026F9F3592062186A132200286CD068
:105D4000033A29009C6803F053F8F3591A7801923A
:105D5000002A58D11E6A227D317B9446514001228F
:105D6000019F114201D167461740217D914339437C
:105D70002175377B4F40BC4660460027800701D421
:105D80004F081740012102208F40227D82433A4371
:105D90002275377B5740BC4660460027400701D438
:105DA00097080F400420227DBF0082433A432275AA
:105DB000627D002794466046727B42400A4201D1D0
:105DC00067460F400121627D8A433A436275777BC3
:105DD0005740BC4660460027800701D457080F4053
:105DE0000220627D7F00824317436775767B002225
:105DF0007E40760701D4BA080A400426617D9200ED
:105E0000B1430A4362756A78002A08D06278002A92
:105E100005D005220533DA7700221000FEBD0422EA
:105E20002979114205D1A17C114202D10533033AEF
:105E3000F1E7019A21782C78002A02D10A0021008A
:105E4000140018220429E8D8042CE6D80520604361
:105E5000034A05331218525CDDE7C046406CFF1F51
:105E6000AC9C011110B50A001121024B00F0FBFAA5
:105E700010BDC046376301110B0030B587B001ADCE
:105E80002B806B4604001100981D082202F0B0FF21
:105E90002A000B212000024B00F0E5FA07B030BDCC
:105EA0005F63011110B50A001121024B00F0DBFA0B
:105EB00010BDC046B363011113B50B0011006A4653
:105EC00013706B4604000622581C02F091FF6A46CC
:105ED00008212000014B00F0C6FA13BDD363011165
:105EE00010B50A001121024B00F0BDFA10BDC046EA
:105EF000236401117FB505000B4BAA00D45808009C
:105F0000002C0FD0666F237FE28821780396266FDE
:105F10000296E66E0196A46E0094FDF75DFB2800E4
:105F2000FFF7FAFD7FBDC046406CFF1F10B517217B
:105F3000FFF7E0FF10BD000070B50A000D00064B32
:105F40000221040000F08FFA060029782000FFF7F4
:105F5000D1FF300070BDC0460363011170B586B03B
:105F600000236A461370836804001D78681E0A289F
:105F700059D801A902F0CCFF060633373B3F43470F
:105F80004B4F5300180000F042F9062312284BD063
:105F900000281BD16088FFF7B3F90823002813D02D
:105FA0004279002A47D1264B1A78072312070BD5CE
:105FB000244B1A680723002A06D01668002E03D047
:105FC000290001AAB04703006A4613706B461B788C
:105FD0006088002B2AD1FFF741FC06B070BD180085
:105FE00000F06CF9D4E7180000F087F9D0E718004A
:105FF00000F093F9CCE7180000F0ADF9C8E71800FD
:1060000000F0C3F9C4E7180000F0F6F9C0E7180083
:1060100000F0F6F9BCE7180000F013FAB8E7180032
:1060200000F013FAB4E707236A46137069466088E4
:10603000FFF782FFD1E70523012AC5D1024BB8E75C
:10604000CD6AFF1F386CFF1F3C6CFF1FF8B52C4F4B
:106050008600F35904000D00002B40D0DA888242FC
:106060003DD15A78062A33D11A78002A2ED0012041
:1060700099681A6A097D014206D0157B054203D052
:1060800007225A700120F8BD0220014204D0157B7E
:10609000054201D00922F4E70420014204D0127B1A
:1060A000024201D00B22ECE7164B1B68002BE9D013
:1060B0005B68002BE6D020009847BB5900215B7835
:1060C000122BDFD12000FFF715FFDBE70E4BECE7CB
:1060D000112A04D1002900D032252900F2E7002D31
:1060E00008D12000FFF70CF9002803D01023027913
:1060F0001343037121002800FDF7ECF9C2E7C04605
:10610000406CFF1F386CFF1F3C6CFF1F70B50E4EBC
:106110008500AB590400002B13D01B78002B11D144
:106120000A4B1B68002B04D05B68002B01D02000B9
:10613000984773595B78122B03D100212000FFF799
:10614000D9FE70BD024BECE7406CFF1F3C6CFF1F9B
:10615000386CFF1F094B8000C3581020002B0CD057
:106160001A6A002A09D09B68002B06D0127A1B7E7F
:10617000101C9A4200D9181CC0B27047406CFF1F17
:1061800070B503000D0014000220002A30D0002951
:106190002ED013700B78081D53704B789370FFF757
:1061A000A7FCE070012002212B7A23716B7B034056
:1061B00063716A7B0A401343042263716E7B16404D
:1061C000334363716E7BF608F600334363712B7BB8
:1061D0000340A371287B014000200B43A371297B5E
:1061E0000A401343A3712A7BD208D2001343A37140
:1061F00070BD10B50A0001000120FFF7C1FF10BDFE
:1062000010B50A0001000220FFF7BAFF10BD70B5FB
:1062100006000C000220002E30D000292ED073780A
:10622000201D0B70B3784B70F178FFF76DFC0122E5
:106230003579257271794B10080013409340104056
:106240000343881010408000C9080343C9000B4372
:106250006373B1794B10080013409340104003431F
:10626000881002409200C9081343C9000B43212043
:106270002373FCF7C7FD854201D2122070BD222096
:10628000257AFCF7BFFD8542F7D823781820042B28
:10629000F4D86378012BF1D80020EFE7030010B5A4
:1062A0000220002909D0002B07D00322481C0A70C5
:1062B00019000D3202F09CFD002010BD03000222E7
:1062C000080010B5002B06D0002904D00E32591C4E
:1062D00002F08EFD0022100010BD030010B5022058
:1062E000002909D0002B07D00422481C0A7019008D
:1062F0000C3202F07DFD002010BD10B5FFF7DEFF6F
:1063000010BD03000220002906D0002B04D0052276
:1063100000200A701B784B70704703000220002B8E
:1063200008D0002906D05B7800200B70013B082BB9
:1063300000D918307047030010B50220002909D099
:10634000002B07D00622481C0A7019000A3202F0FE
:106350004FFD002010BD10B5FFF7B0FF10BD0200CB
:106360000B00022010B500290ED0002A0CD0072106
:106370001970118859701188090A9970111808222A
:10638000D81C02F035FD002010BD03000A000220D9
:1063900010B5002B0CD000290AD099785878090242
:1063A00001431180901CD91C082202F021FD00201D
:1063B00010BD030010B50220002909D0002B07D022
:1063C0000822481C0A701900921802F011FD0020E2
:1063D00010BD02000B00022010B500290BD0002ACE
:1063E00009D009211970117818185970511C06220A
:1063F00002F0FEFC002010BD10B5FFF75FFF10BDDE
:1064000002000B00022010B5002A09D0002907D095
:106410005178197011180622581C02F0E9FC00206E
:1064200010BD030010B50220002909D0002B07D0B1
:106430000A22481C0A701900063202F0D9FC00201A
:1064400010BD10B5FFF73AFF10BD02000B0002208F
:1064500010B5002A06D0002904D018005178FFF7A3
:1064600053FB002010BDF0B585B017001E006A4632
:1064700006230500080091819380FEF73EFC13245B
:10648000011E02900CD03800B047041E05D1280030
:1064900001A9FEF7EDF9041E02D0029802F0E0FB1C
:1064A0002800FFF7DBF9200005B0F0BDF0B50400CF
:1064B0008BB0019115000021102202A802F090FC7F
:1064C000334EA700B85900283CD0C388A34239D125
:1064D0000378002B36D14278062A18D10200010039
:1064E000553235310C3006ABFFF7A9FA002829D117
:1064F0002000FFF72FFE020006A902A802F078FC98
:10650000200002A902F024FD01200BB0F0BD816E35
:10651000002917D00B8A112A28D19D420ED101984B
:106520001231093A02F064FE012807D1BB5920005C
:106530009D6EFFF70FFE29000200DEE732212000EA
:10654000FFF7D8FC2000FEF7DBFE061E1BD0416AD9
:10655000002918D00B8AAB4215D1082201981231BC
:1065600002F046FE01280ED1716A0AE09D42E9D18F
:1065700008220198123102F03BFE0128E2D1BB59FA
:10658000996E8A7EB9E7200002F0FAFBBCE7C046AC
:10659000406CFF1FF0B56B4D87007E5985B0337896
:1065A00002900393002B00D087E0B368346A019314
:1065B0007078062817D101221B7D134202D0217B5F
:1065C000114218D10222134202D0217B114251D133
:1065D0000422134203D0237B134200D08BE0019BA3
:1065E0005A7DEB5991E007380428F8D802F090FC66
:1065F000032E42678300B36E002B03D11C2002F0F0
:10660000BFFCB066EB599C6E002C1CD01022002100
:10661000200002F0E5FB0298FFF79CFD010020003E
:10662000FFF72DFA02F0CCFD208220000821123065
:10663000FFF725FA0298FFF78DFDA076EB592100B0
:10664000D888FFF70FFC0822EB591CE0B36E002B33
:1066500005D01A00198AF0881232FFF70DFC0222C9
:10666000019B197DEB5911423DD0207B10423AD05D
:10667000073208E0F488FCF72FFD01002000FFF747
:1066800011FC0A22EB595A70029B9C002A5953783C
:10669000073B042B11D8D088FEF732FE00284ED0DD
:1066A000C3895A08D2182849029B0298CB542B5907
:1066B00041180433254802F0CBFA05B0F0BDFCF7D1
:1066C000F3FC03000120834201D100200393EB5926
:1066D000DE88FCF7EFFC039902003000FFF7ECFBCB
:1066E000019AEB59117D042211420CD0217B1142F9
:1066F00009D00B22C7E7F688FCF790FC01003000B8
:10670000FFF7EEFB6BE7019A527D01210A4204D0AC
:10671000607B084201D00C22B5E702210A4204D076
:10672000607B084201D00E22ADE704210A4204D06A
:10673000627B0A4201D01022A5E71222A3E7FA22C7
:106740005200B0E7406CFF1F446CFF1F0B6B011140
:1067500010B5064B1A780423100018401A4200D0D6
:106760000348FFF727FA002010BDC046CD6AFF1F7F
:106770001440FF1F70B50400FFF7D4FA051E43D183
:106780002000FFF77FFA234EA400A0598268937C73
:10679000DB0708D50321036A1B790B40012B02D1CB
:1067A000017F0B430377431DD97F8B1E022B0DD82E
:1067B000022900D00121C088FCF7E4FE04213359EE
:1067C0001A7F59700A431A77280070BD01290CD12D
:1067D00002231022437000210C3002F001FB3059DB
:1067E00010213530FFF74BF9EEE70529ECD10223F4
:1067F000D118437010220C3002F0FAFA04233259F7
:10680000117F0B431377EAE708251828DCD1053DF3
:10681000DAE7C046406CFF1FF0B58BB005914388A6
:106820007E4F9E00F45915000493002C15D10129C8
:1068300002D000200BB0F0BD101D57781678FFF77E
:1068400057F9EB68320002932B7A04990193009078
:106850003B002000FCF760FEEBE7E388049A9342DC
:1068600001D00820E6E72378012B00D1D4E0059B76
:10687000581E092800D9CFE002F04AFB05CE0A29AC
:10688000CC506C859AB229000498FFF773FFD1E7CA
:10689000200029001022453002F0AAFAB9594B789D
:1068A000042B02D1013B4B70C3E70B000A002533D8
:1068B00035320C310498FFF795F90498FFF702FA86
:1068C0000522431E9841BB59C0005A70B2E7200010
:1068D00029001022553002F08BFA049B4F4C9D008A
:1068E000295904980A0006AB55320C31FFF77AF9A2
:1068F00029591022453106A802F07AFC012808D156
:106900000498FFF7F7F90590002804D106222B59C7
:106910005A7005988EE708230593FAE763780C2BE5
:106920007AD1E36E002B03D11C2002F029FBE06634
:10693000BB59D86E00286FD01022290002F058FAF7
:10694000BB590498DC6EFFF705FC0D22A076BB59FD
:106950005A706EE7E06E00285ED063780D2B5BD135
:106960002B8808220382A91C123002F041FABB597D
:106970009A68517D0222114226D0186A407B10424B
:1069800022D00C32E4E763780E2B45D1236F002B25
:1069900003D1162002F0F4FA2067BB59186F0028C3
:1069A00003D01022290002F023FA0F22BB59CFE7AF
:1069B00063780F2B30D1206F0622691C103002F053
:1069C00017FABB599A68517D0422114203D0196A03
:1069D000497B1142D5D100210498FFF78BFA28E7B3
:1069E000636F002B0DD0BB59586F0028F3D01022D5
:1069F000290002F0FDF90122BB5952425B6F1A6176
:106A0000E9E7142002F0BCFABB5960675B6F002B0A
:106A1000E9D126E72978DFE707200BE7406CFF1F65
:106A200010B5064C207002F0CBF806212078FDF757
:106A30000FFF0348FEF752FC10BDC046536CFF1F0A
:106A4000C15B011100200BB270B50D00834216DA54
:106A5000264B187802F044F9041E0DD00378922BCF
:106A60000ED0A02B37D0224B1878FF283AD0210027
:106A700002F0D6FA002835D180200002684070BDAF
:106A800043780E2B0BD03E2BEDD18378052B12D003
:106A9000082BE8D181798088FFF7D8FA08E0154BF8
:106AA00082889A42DFD183681878591CFEF79AFED3
:106AB000002817D1D7E7104B1B785B0712D50F4B77
:106AC0001B68002B0ED09B68002B0BD0C289811D48
:106AD00080889847ECE7FFF741FAA068002801D0CA
:106AE00002F0BEF8200002F093F9C5E7536CFF1FD7
:106AF0000D40FF1F18200000CD6AFF1F3C6CFF1FD8
:106B000010B50078FFF712FA10BD10B50078FFF746
:106B1000FDFA10BD032010B502F0BAFAC42080219E
:106B2000094A8000135809061B021B0A0B43135025
:106B30008023F3211B031360044B054A89005A503C
:106B40000122044B1A6010BD00E100E00000FF1FAD
:106B5000696E0111980301400C4B82B01A780090C5
:106B600001911220002A0ED06A4612780C38032AAE
:106B700009D8D2009B181A790130002A03D19960F4
:106B800001211000197102B07047C046546CFF1FFC
:106B9000F0B57B4B87B000939B6D0200039380237D
:106BA000DB059B6A12200493764B1C78002C02D0E4
:106BB000032A02D9062007B0F0BDD0001B181C79AB
:106BC0000720002CF7D07048846801209040009086
:106BD000009D2040019011202542ECD19B79002B93
:106BE000E9D180235B009340684CA567029323653D
:106BF0008F68674D0223AF4214D06648DB18874286
:106C000010D06548063387420CD06448023387426F
:106C100008D063480233874204D0624BFB185842C5
:106C200043411B010869A84200D1A2E0594DA84286
:106C300000D1A0E0584DA84200D19EE0574DA84297
:106C40001BD0574DA84200D18CE0574DA84200D030
:106C50008AE00F2512E0013D2B01012515E0D60049
:106C60006546B44601266544EE712BE0009A5B1838
:106C7000A267029A22655D7172E00B25002BEAD0B3
:106C8000013D2D01013B2B430325019580263D4D00
:106C90003603AC46D5000595444D4519B542DED2C4
:106CA000D5006646AC4600256644F571039EAE42AB
:106CB00001D0334EB565049D002D03D180250126FA
:106CC000ED05AE6258255543394EAD192F601700BA
:106CD000A860781E8741002636487F423840364FEC
:106CE0002E61C0190F68874200D963E7EF616F6CAE
:106CF0003248DB01384018436864E0202E64E02607
:106D00008B7940029B030340887BB601C002304070
:106D1000034301984E790005034370203601064075
:106D200033430E26487B40003040C0260343087999
:106D3000F60040023040C0260343087B7600C001C5
:106D40003040034301200343AB610D7D0D4BD10067
:106D5000002D8BD00225FF359540591825654871C7
:106D6000002028E70D2589E7002B8FD00225013B65
:106D70008BE7012582E7032580E709257EE7C046EA
:106D800000C80040546CFF1F98030140C00201403E
:106D9000606000406070004010500040105800409B
:106DA000004000400070FFBF00900040FFFFFFEE7A
:106DB0000000014020F8FFFFFF0700007F00FFFFF9
:106DC0000A4A03001178122010B500290CD00221C4
:106DD000FF319940DB00D218012305488160032070
:106DE000937102F075F9002010BDC046546CFF1F6E
:106DF000980301408021174AF8B5174D1778C90547
:106E00000300AE6D12208C6A002F22D00C38032BA9
:106E10001FD8D8001718FF79002F09D1002E01D0F4
:106E20000226AE65002C03D18C620C4901340C6043
:106E3000012199400A4C1218A1678021490099400C
:106E40000B000024074903208B60947101F070FF50
:106E50002000F8BD546CFF1F00C8004000C0004077
:106E6000C002014098030140F8B5002401260A4DF4
:106E70000A4B9B6AE340334208D0E7B23800FFF781
:106E8000B9FFAB68002B01D03800984701340835B2
:106E9000042CEDD1F8BDC046546CFF1FC002014068
:106EA00070B5032002F0F4F8032001F031FFC42094
:106EB0008021124A8000135809061B021B0A0B434B
:106EC00013508023F3211B0313600D4A0D4B8900DF
:106ED0005A50032000210C4A01F0A2FEC1B2040066
:106EE000002908D10125094B202209481D7001F015
:106EF0009FFF084B1D60E0B270BDC04600E100E09E
:106F0000696E01110000FF1F156B0111546CFF1F0A
:106F1000586CFF1F980301400C234343084A10B5E7
:106F20009B185A68002A03D0012901D1904710BD4F
:106F30009B68002BFBD00029F9D19847F7E7C046A2
:106F4000946CFF1F01238340094A10B5946B1C43C6
:106F50009463506B98435063D46B2000984301298D
:106F600001D120001843D063116B0B43136310BD94
:106F700000800040064B01215A68C2400A4204D0FA
:106F80001B68C3401800084070471B6DF9E7C046F6
:106F9000008000400122064B8240002903D0D968BE
:106FA0000A43DA607047D9689143D960FAE7C0466E
:106FB0000038004030B5032444430F4BE25C1B19FA
:106FC0009C785D7801232D1B0135AB40013BA3402C
:106FD000A140DB430C00122807D808499200521840
:106FE000116819402143116030BD054A11680B40FA
:106FF00023431360F8E7C046F39C011108F00040FA
:1070000014F00040C21F70B5D4B20623092C0BD86F
:107010000125084C9540002908D00021FFF7CAFF40
:1070200023682B4323600023180070BD2368AB4303
:10703000F8E7C04600380040214BF0B51B185B78DC
:10704000022B21D1032444431E4A1F4EA35C121974
:107050009478012215008540B76B013CE4B23D43B2
:10706000A240B563194C122815D89B0000290CD1F9
:1070700017495B1899680A439A600123205C154AF6
:10708000834011680B431360F0BD11495B18996888
:1070900091439960F1E70E4B00290DD159690A43DC
:1070A0005A61225C1328E8D00123203A93400A4910
:1070B000086803430B60E7E7596991435961F0E7BA
:1070C000786CFF1FF39C011100800040389D011176
:1070D00000F00040A0F00040A4F00040F8B500240B
:1070E0001B4E1C4D1C4B1B5D012B1FD1194A926975
:1070F000E2401A420BD00122B25693402200143AC9
:10710000D2B2022A09D815494A6913434B610134A6
:1071100002360C35172CE5D1F8BD0022B2560F49C6
:107120009200521891680B439360F0E7022BEED166
:10713000E7B23800FFF71EFF01235840C1B2380004
:10714000FFF77AFF3800FFF715FF6877DFE7C046E3
:10715000C59C0111786CFF1F796CFF1F00F0004087
:10716000012202388240054B002903D059690A43A5
:107170005A617047596991435961FAE700380040F4
:10718000F8B50E0001210F008740114A0400D368B2
:10719000FD43BB43D360831E8B4201D8FFF7E0FF62
:1071A00000212000FFF72EFF0A4A0B4B5168012EE9
:1071B00005D139431B1951605E700020F8BD29408C
:1071C000516002221C1962709A6915409D61F4E7B2
:1071D0000038004000800040786CFF1F012210B58D
:1071E0008240074B002906D019680A431A60012122
:1071F000FFF7C6FF10BD196891431960F7E7C04655
:10720000008000400C2370B5002543430A4A290042
:107210009B181D70094B04001B185D70FFF7B0FF31
:107220000123A340064928000A681A430A60054959
:107230000A689A430A6070BD946CFF1F786CFF1F48
:10724000348000403080004070B504000E00FF28FC
:1072500013D003250540FFF7D5FF084AA3089B007C
:107260009B183F22ED00AA40AE40196820009143D0
:10727000314319600121FFF78DFE70BD18380040C1
:10728000F8B50C244443134B0500E4186368002B45
:1072900003D1A3681220002B1AD0022201270E4B23
:1072A00000215B195A7028002770FFF769FF636897
:1072B0001E1E08D0A3683E00002B04D02800FFF754
:1072C00059FE4640F6B228003100FFF73BFE002091
:1072D000F8BDC046946CFF1F786CFF1FF7B5C42043
:1072E000FF222B4B80001958002491433F3A0A4358
:1072F0001A508022274F5202274E1A60274B1D5DDD
:10730000002D21D0A31E012B03D80121E0B2FFF7ED
:1073100027FF012D18D11F4B9B69E3402B4213D04F
:10732000E3B218000193FFF725FE01000198FFF773
:1073300055FFE3B2143B022B1DD801217156184AA8
:107340008D405369AB4353613B7F002B0DD0E5B2B9
:107350002800FFF795FF2800FFF70CFE7B7F010058
:10736000834202D02800FFF7D7FD01340C370236E4
:10737000172CC3D1F7BD012100237156F3568D4060
:10738000074A9B009B189A68AA439A60DCE7C046AC
:1073900000E100E0786CFF1FC59C0111796CFF1FB4
:1073A00000F0004070B5134D07202C78002C1FD141
:1073B000982221005200280001F03AFD0123C42048
:1073C000FF222B700C4B80001C635C630B4B1C601A
:1073D0005C600B4B195891433F3A0A431A50802284
:1073E00052021A600D20074A074901F019FC2000DB
:1073F00070BDC046786CFF1F00800040A0F00040C8
:1074000000E100E0DD720111DD700111F8B5060048
:10741000012826D00B220827164C01239340164A38
:10742000164DD3677301ED18287C0021FFF7B2FDDC
:107430000021687CFFF7AEFD002580233800237310
:107440002571257025732572656001F061FC380097
:1074500001F046FD0A4BAE4207D1EB2292009E504E
:10746000F8BD11221927074CD7E7F12292009D5051
:10747000F6E7C0460040004004E100E02C6EFF1F2C
:107480000000FF1F00900040F0B587B0050001F03C
:1074900017FC04902800FFF7B9FF012D00D17DE013
:1074A0000523042708260393444C06330193444BD9
:1074B0006A019B181A7CFF2A02D15B7CFF2B6BD0E0
:1074C000300001F0E5FD300001F022FC3C4B6A0188
:1074D00002936B010593029B02219E18307CFFF7FB
:1074E00069FD0221707CFFF765FD39000027307CC3
:1074F000FFF7AAFE707C0399FFF7A6FE2773716958
:10750000049B18114B08C01801F06AFD8023276105
:107510002373030ADBB22371F37EC0B22070BB4237
:1075200044D01B232373029B6A019B181A7E0123FC
:10753000002A3DD087222272636062687F33134342
:107540006A0194466360029B63449B7E002B03D0D8
:1075500002236268134363601A4A002D2AD1EB218B
:10756000194B89005350019B184A9B089B009B189C
:107570000322019CC0202240FF24D20094408000BE
:107580001958A1438024944022000A431A50012331
:10759000019A93400D4A136007B0F0BD09230827F4
:1075A0000393DB1919260A4C019380E70323B9E7FB
:1075B0002272C5E7F121074BD3E7C04600400040E7
:1075C0002C6EFF1F0000FF1F591AFF1F00E100E093
:1075D00000900040991AFF1F10B50020FFF754FFDC
:1075E00010BD10B50120FFF74FFF10BDF0B587B0FB
:1075F00005930CAB1D78174F6E01F35D029002AC42
:10760000112003910492002B1ED1637A0C38019350
:10761000002B19D119002022F01901F009FC0E4BA2
:10762000F31807CC07C39C46624623682800136002
:10763000FFF72AFF0123F355002D07D12900082069
:10764000064A01F0EDFA002007B0F0BD1920044A07
:107650000199F6E72C6EFF1F3C6EFF1FD9750111D3
:10766000E3750111F0B5504B87B0009343010193CE
:10767000009B150042019E18B37E04000F00002BF2
:1076800059D00620002D1DD000291BD03379033896
:10769000002B17D07289954214D8012B14D033894E
:1076A0005B1993420EDC01F093FA3389F0682A00EB
:1076B000C018390001F0C4FC3389EB18338101F0A4
:1076C000D7FA002007B0F0BD2A00F06801F0B8FC3E
:1076D0000023F38002333371F16835812B1C102DA8
:1076E00000D91023651E6A425541A0220220D20112
:1076F0006D4215402D4A013BAD186A682C4E8243FD
:10770000600184466A60009A9BB262440632108827
:10771000013B471C1780085C9BB22870B342F6D12E
:107720000820002C00D0192001F0D2FC02236A6846
:1077300013436B60C5E7013C62425441A0220393AE
:107740000123D20164421440184A1A48A418E26F77
:10775000110019401A420FD120221648002D12D1D3
:10776000402214490595237D1342AAD1059B581C3C
:1077700005908B42F7DD04E0039A511C039182428D
:10778000E5DD0D209EE70491237D134205D03B7873
:10779000013DADB223700137E0E7049B5E1C049607
:1077A0008342F1DDEDE7C0462C6EFF1F0040004034
:1077B000FFFF0000A0860100030010B50620072B84
:1077C00009D8054A137001F00BFDD7210020034BA7
:1077D000034A89005A5010BD3C40FF1F0000FF1FA4
:1077E000D91AFF1F10B50A0001000020FFF73AFF69
:1077F00010BD0000F0B599B01E9F1400614E0191BC
:1078000003937B0600D4604E10233A001A40049282
:1078100001221F424BD09743DB1806AA5370002267
:1078200006AB02331A70BA0705D5002844DA2D22B8
:1078300040421A70013C20233A001A4005921F4230
:1078400003D0019B102B40D1023C002843D13022B1
:10785000012507AB1A70039B2E009D4200DA1E0023
:107860001123A41B1F4207D12700002F41DCE34353
:10787000DB17621E1C40141B06AB981C0378002B00
:1078800002D00121FFF7AEFF059B002B09D0019B21
:10789000082B37D106ABD81C302301210370FFF72A
:1078A000A1FF049B2700002B42D030274FE020236C
:1078B0001742B2D01033B0E77A0702D52B221A70E4
:1078C000B8E73A07B7D52022F9E7019B083B5A42AF
:1078D0005341E41AB9E700250199029001F040FBF9
:1078E000725C07A94A55019B029A01359342F3D96C
:1078F000B1E706ABD81C202301210370013FFFF73D
:1079000071FFB2E7019B102BCBD106AA2033D01C0C
:107910000121D370FFF766FF782306AA0121D370F7
:10792000D01CBCE7012106AB5818FFF75BFF013FF5
:10793000002FF7DCE343DB17621E1C40141BB4E787
:1079400006ABD81C01210770FFF74CFF013EAE4289
:10795000F6DC013D04D22025002C0ADC19B0F0BD74
:1079600006ABD81C07ABEB5C01210370FFF73AFFB5
:10797000EFE706ABD81C01210570013CFFF732FF91
:10798000EAE7C0461E9A0111F99901110FB40021CE
:10799000F0B589B00EAC40CC039107943378002B3E
:1079A0000AD1002903D0039889B2FFF71BFF09B061
:1079B000F0BC08BC04B01847252B08D0039B002B53
:1079C00001D100210396370001317E1CE6E7002932
:1079D00005D0039889B2FFF705FF00230393002227
:1079E0007378771C2B2B2DD00DD8202B2CD0232B4C
:1079F0002CD02A2B33D120CCB71C002D12DA1A3B05
:107A00006D421A430EE02D2B18D0302B20D01800D9
:107A1000303800250A210928EBD83B781800303887
:107A2000092817D93B782E2B57D17B78791C180061
:107A3000303809284CD800230A2717E010233E00CD
:107A40001A43CDE70423FAE70823F8E72023F6E7F3
:107A50000123F4E74D43ED180137303DDDE7012503
:107A60006D42DFE77B431B180131303B087806008D
:107A7000303E092EF6D9D8430F00C017034039789D
:107A8000682903D0202081434C2900D101373E785A
:107A9000782E09D8622E26D80021412E95D0582E56
:107AA00000D1B8E0252E07D00B2004ABC018252349
:107AB00001210370FFF796FE3978002900D1B9E063
:107AC0000B2004ABC01801700121FFF78BFE4BE0C7
:107AD0002A2B05D108CCB91CCDE701235B42CEE7A8
:107AE0000F000023CBE7300063381528DAD801F007
:107AF00047FB16009D00D9FFD9FFD9FFD9FF9D0094
:107B0000D9FFD9FFD9FFD9FF3B00A3008600D9FFD9
:107B1000D9FF4700D9FF9F00D9FFD9FF9400D206B3
:107B200015D42E0009E0202204ABDA720B2304AA3C
:107B30009B1801211800FFF755FE013E002EF2DCD4
:107B400001236A1E002D00DC1D005D1B551908CCA9
:107B500004AAD3720B239B1801211800FFF742FEE1
:107B60002026013D002D01DC00212EE704ABDE7252
:107B70000B2304AA9B1801211800FFF733FEF0E73E
:107B8000210040C90491002E00D12C4E3400F3187E
:107B90002178002901D09C421AD1A41BD2060ED410
:107BA0000595059B9C4215DBE10FEB17A5424B4168
:107BB0000021DBB26A1E8B4200D0611B55183000D9
:107BC000A1B2FFF70FFE2026A5420FDC049CCBE7F5
:107BD0000134DDE70B2004ABC01820230121037022
:107BE000FFF700FE059B013B0593DAE70B2004AB92
:107BF000C01801210670013DFFF7F4FDE4E7691CA0
:107C000002D1012109350A43009210212A0001CC3A
:107C1000FFF7F0FDA8E740210A4310212068261D48
:107C200000922A00FFF7E6FD34009DE702210A4397
:107C30000A21F3E7013FC8E60821EFE7439A011163
:107C400030B587B002AA1100064B31CB31C11B6899
:107C50000B60002102980091049A0399FFF7C6FC7B
:107C600007B030BD509D011170B506000D00002415
:107C7000AC4203DB0448FFF789FE70BD315D034869
:107C8000FFF784FE0134F3E78D9A01114A9A01113E
:107C900070B506000C001D00042909D00C2904D081
:107CA000012905D00224200070BD0948FFF76EFEAF
:107CB00021003000FBF7B2F8041EF4D1059A0499B4
:107CC0002800FBF7C7F8FBF735FFFEF741FDEAE7B1
:107CD000509A011130B50D7802232C009C431842B4
:107CE00001D02B431C0008252300AB43284201D0C0
:107CF0002B00234320241D00A543204201D01C4318
:107D000025002A230D70184204D011781E3B0B4326
:107D1000137030BD0028FCD10C2113788B43F7E79A
:107D2000F8B51D0006AB1B88140007AA0E000B2037
:107D30001778002B27D10A78022A49D14A6850784F
:107D400011780002244A08438018042840D801F022
:107D5000DFF803121D1B2300F06801F081F9021CFB
:107D6000C0B2B84200D93A1CD2B22000F1682A80D1
:107D700001F03EF806E00222F3681B882A80237097
:107D80001B0A63700020F8BD0622EEE701232B805A
:107D9000F3681B782370F5E7F368002B16D00822F0
:107DA0002A801A8822701A88120A62705A88A27071
:107DB0005A88120AE2709A8822719A88120A6271AD
:107DC000DA88A271DB881B0AE371DBE72B80D9E735
:107DD00001202B80D7E7C04600D6FFFFF7B516007D
:107DE0000A781D0008AB1F880C000123022A18D155
:107DF0004A685078117800022B4A084380180328FB
:107E00000FD801F085F802254439E06801F028F91F
:107E1000C0B20723B84204D37B190193152B02DDAE
:107E20000D231800FEBDE0682A003100C01900F0E3
:107E3000DFFF6B4600209B88E268D0541B4B1B6819
:107E4000834203D01B68834200D098470023E8E7B1
:107E50000B23002FE5D1022DE2D1737832781B027B
:107E60001343E2681380114B1B68002BEED01B6894
:107E7000002BEBD00120E8E70B23002FD1D1062DFA
:107E8000CED12A003100E06800F0B2FFDEE70B231C
:107E9000002FC6D1012DC3D132787533012AC0D845
:107EA000E3681A70D2E7C04600D6FFFF846EFF1F5A
:107EB00070B50C001500072837D801F029F8041414
:107EC00036361B36242E182015290BD8184E1622AC
:107ED0000021300000F084FF22002900300000F073
:107EE00087FF002070BD18200229FBD11288114B9A
:107EF0001A80F6E718200829F4D10A000E48290054
:107F000001F09EF8EDE718200129EBD10B4B10781A
:107F10000B49DA69FFF7DEFEE3E718200129E1D11A
:107F2000064B10780749DA6BF4E70220DAE7C0461F
:107F30006C6EFF1FBA40FF1FB040FF1F4040FF1F85
:107F40006840FF1F8840FF1F030010B50020DB07BB
:107F500004D50721024A034800F08CF810BDC04642
:107F6000609D01114040FF1F054A03001068002872
:107F700003D082889A4201D1806870470068F6E792
:107F80007C70FF1F0A88030008009A4204D08A8888
:107F900004309A4200D0002070470000F8B5F22269
:107FA00000230D4F0D4E796805004243337099420E
:107FB00000D07B600A4C0021200000F011FF00235C
:107FC0001A007C60AB4202D100203370F8BD01334F
:107FD0002280DBB2F234F5E77471FF1F7271FF1F6C
:107FE0008070FF1F73B56B46019006006846150050
:107FF0001980FCF7FBF8041E11D1002D0FD07689F3
:10800000002E11D00C2000F0BBFF00280ED0084A33
:108010000460136886808560002B02D11060200008
:1080200076BD1A001B68F7E70224F8E71324F6E789
:108030007C70FF1F012100220A4B10B549420A4CF7
:10804000198099809A719A70084B207001201980CC
:108050005A60FFF7A3FF2078FCF726F90448FDF7E4
:108060003DF910BD8C6EFF1F7C71FF1F7471FF1FE7
:1080700021810111022310B5002802D0FFF7B2FFC1
:108080000300180010BD0000030010B50020DB073E
:1080900004D50421024A0348FFF7A4FF10BDC046DF
:1080A000749D0111C040FF1FF0B50E2687B00393E9
:1080B0000CAB1F8802ABF6180500080031000292D5
:1080C000FCF716FA04000120002C0FD03088FFF7CF
:1080D0004BFF03000E20002B08D05E68002E05D059
:1080E00021002800039B029A0097B04707B0F0BD1B
:1080F0000A4B10B5984207D10122002352420A8050
:108100008B708A808B7110BDFFF73CFF0028FAD07E
:1081100001235B42038000238370F4E7FFFF00002C
:10812000F8B5050001290AD1134E00243388F2273F
:10813000AB4219D028001149FFF7DAFF06E0022907
:1081400004D10139FDF748F90028EDD0F8BD3B0016
:1081500063437268D018D35A002B09D03A0000212B
:1081600000F03EFE0134E4B2054B1B78A342EED88A
:1081700001235B423380DDE77471FF1F8C6EFF1FAC
:108180007271FF1F10B5FFF7FDFE03000020834250
:1081900000D0987810BD0000F0B589B01C000EAB7F
:1081A00080CB03901E8810AB1B78049202930B7A4D
:1081B0000D00DB0616D42B780593022B24D00498EF
:1081C000FFF7D2FE002812D003689C46002B0ED089
:1081D000029B2200019329003B006446039800960D
:1081E000A04705E00498FFF7BFFE002802D10E204B
:1081F00009B0F0BD8368002BF9D00A22290003984A
:1082000098470028D7D0F3E76B6858781A786B4BFB
:10821000000210439842D2D8043B984210D2684BD7
:10822000984242D015D8674BC0180128C7D80B20F8
:10823000002EDDD1EB681A7859683A80200028E0DA
:10824000614BC018032800D979E000F061FE846A10
:10825000789E5E4B9842B2D10B20002EC8D10123EC
:108260003B80EB6831001B7823706889013080B255
:10827000FCF73EF93A88031E0ED0017802328A18C4
:108280003A80428962704289120AA2705968027863
:10829000E01C00F0ADFD06E004323A80310004221B
:1082A000601C00F09DFD0020A2E70B20002E9FD156
:1082B000EB6807A91E8804233B80330A3000267030
:1082C0006370FCF715F9051E28D004AB9A890E23BC
:1082D00004A95B183E49C668FCF77EF900280BD15B
:1082E0002B783C486A680599FAF704FD002803D109
:1082F000012304AA5B42D3813278022A06D1716835
:10830000201D00F075FD3B8802333B800E2304AA3C
:108310009B181B88A3701B0AE370C4E704ABDE81C3
:10832000F4E70B20002E00D062E7E9680398FFF71E
:1083300029FF02233B802070000A6070B3E70B2006
:10834000002E00D054E70222EB681B883A8023708D
:108350001B0A6370A7E7E86800F082FEC2B2030060
:108360000720B24200D243E70DD00299DBB2711868
:10837000994202DB921BD3B20293029BE9681A0076
:108380003B8089195AE70023F6E70B20002E00D026
:108390002EE70722EB683A801A7822705A786270CA
:1083A0005A88A2705A88120AE2701A792271DA8801
:1083B0006271DB881B0AA37175E7C04604290000BF
:1083C0000228000000D8FFFFFFD6FFFF03280000AF
:1083D000FFFF0000849C0111F0B58DB06B460020BA
:1083E000089120229B5E83423DDAA64B187800F06C
:1083F00077FC071E32D00378B02B2CD100790238DD
:1084000016281FD800F0FCFC17001E001E001E00DE
:1084100031001E0096001E001D011E0052011E00AC
:1084200073011E00CD011E0050021E001E001E0022
:108430008E021E00E302944B94491B8878880B80BF
:10844000FAF798F93800FCF749F9914B1B68002BB3
:1084500001D038009847380000F0DAFC8020089BF3
:108460000002434018000DB0F0BDEE220021874805
:1084700000F0B6FC0BAA3B7B7989388900923A0060
:108480000D32FBF74DFF0400804B1B78002C3FD1D1
:1084900046E0804B788805937F4B4100CB5A0BAE6A
:1084A000073BDBB232880293002301937B4B210010
:1084B00006930093059BFFF76FFE744D002810D1C3
:1084C000069B3A8A1B889A420BD1380005991230D4
:1084D00000F08EFE002804D02B7862899B00EB18F8
:1084E0005A80162306A81B18328820007989FCF7C9
:1084F00073F82B7804009A00AA1851880029C3D079
:108500000133DBB22B70002807D006A9C98A9180FD
:10851000634A12889A42BCD802E001214942918004
:10852000002B04D059497888FAF758F98AE73E8930
:108530000A2479E000253E89574B06937B88069AEA
:108540005B009B5A033B9D4202DB002DF0D05BE0B9
:10855000162206A812183B7B798900923A00300057
:108560000D32FBF7DDFE0590002858D04689017AD0
:108570007888FBF79FFE041E44D1464B788807930A
:10858000069B4100C95A454B0439C9B206AAD28A92
:1085900006930291019400930599079BFFF7FCFD58
:1085A000041E2FD1069B39491A88931C002D26D111
:1085B0004B807988384B4900CB5A5119033B8B4289
:1085C00020DD059B31485B8941190B71A91C0135E0
:1085D000C9B2EDB2059145191B0A2B71059B2D49B6
:1085E0000433181800F004FC2C4B059A1B88D31890
:1085F000DDB22C4B9E4205D00136B6B29CE74988CD
:108600009942D6D0002D0CD0204C2800618800F073
:108610003FFB207021007888FAF7F0F812E7059CFC
:10862000F0E7002C00D183E77B78142B00D109E719
:1086300016493B794E800B700C717888FAF790F8E8
:1086400000E7162406ABE41821003889FBF750FF39
:10865000011E00D1B7E1788822880F4C45002C5BC1
:108660000A4D013CE4B2029400240F4B01940095A2
:10867000FFF792FD041E00D014E129007888FAF774
:10868000CDF8DFE67C71FF1FAE3FFF1F946EFF1F2A
:10869000886EFF1F886FFF1FA06AFF1F7870FF1F83
:1086A000AC3FFF1FFFFF0000966EFF1F162406ABB6
:1086B000E41821003889FBF71BFF011E00D182E17D
:1086C00078882288AE4C45002C5BAE4D013CE4B26C
:1086D00002947C89AC4B01940095FFF75DFD041E6C
:1086E00000D0DFE029007888FAF7A2F8AAE6002592
:1086F000A44B1D803B00F6331B78A24A7888079272
:10870000AB4208D99E4B12880693069943005B5AE8
:10871000013B9A4203DB0799FAF794F892E6162494
:108720006B00FB18059306ABE418059B2100188924
:10873000FBF7DEFE011E03D1059B01241E8973E7B2
:108740007888924B2288069C099343001B5B904ECD
:10875000013BDBB20293002300960193099BFFF7D4
:108760001BFD041E02D0059B1E895DE77B88069ACF
:108770005B009B5A079A108832881218934202DCD9
:108780001B1A013B33807F4C023032880999001953
:1087900000F02EFB2388328801359B182380EDB230
:1087A000A8E70BAA3B7B7989388900923A000D3201
:1087B000FBF7B6FD00250590059B002B04D10A248C
:1087C000002D00D16EE060E0059B7888197AFBF7F8
:1087D00071FD0100041E63D1694C6C4B78880694CE
:1087E0000993069B4400E45A694B063CE4B20BAE85
:1087F000328807930294019100930599099BFFF732
:10880000CBFC041E4CD1079B5E491B881A1D002D12
:1088100030D14A80059B5B4C5A8963191A716B1CD5
:108820009BB2E318120A1A71162306A832881B1885
:1088300079890598FBF7D0FEFF21AA1C2E1D033570
:108840000B00059092B2B6B2ADB2002803D006ABD1
:10885000DB8AD9B21B0AA218651911712B714C4D14
:10886000301D2A884949201800F0C2FA2B88F618D2
:10887000B5B2A1E74988914207D17A88069952009A
:10888000525AEB18053A9A42C4DC3E4C28006188E3
:1088900000F0A6FB207021007888F9F7DDFFD1E514
:1088A000002DF2D13E89BFE6162606ABF618310040
:1088B0003889FBF71DFE3D000400FA3500282DD055
:1088C000037A9B060CD400227B8939897888009230
:1088D0003A000C32FFF7E8FB041E10D03E8915E089
:1088E0003088FFF741FB00281AD08368002B17D08F
:1088F0002100122278889847041EE4D0EEE72B78F6
:10890000002B02D17888F9F7B7FF00262B78002BCF
:1089100000D097E5002C00D194E585E60124DDE741
:108920000E24DBE7162506ABED1829003889FBF786
:10893000DFFD041E47D0037A9B0611D4154A7B88BD
:108940001188994203D01448814207D11380134BF8
:10895000F2261D780023D9B2A94221D30924A1E728
:108960002888FFF701FB00282FD08368002B2CD02C
:108970002100122278889847041EDFD092E7C04673
:10898000A06AFF1F946EFF1F966EFF1F886FFF1F68
:108990007870FF1F7471FF1FFFFF00007271FF1FCF
:1089A00031005943546801336018615A0029D2D10B
:1089B0003C0008342100F22200F01AFA21007888E5
:1089C000F9F762FF3EE501246CE70E246AE71D4BD0
:1089D0001A887B889A4231D07888F9F75FFF31E5B1
:1089E000F223059851684343CD18C95A00291FD076
:1089F0003B7A012B0BD16C88AB887888AA1D009438
:108A0000FFF752FB041E02D000233B722E88F22295
:108A10000021280000F0E4F900232B80059B01339E
:108A2000DBB20593084B05991B78064A8B42D7D8D1
:108A300001235B421380002CCED0F5E500263400E4
:108A40000596EFE77471FF1F7271FF1F70B5040088
:108A50000E001500FFF796FA031E08D131000548F5
:108A6000FFF790FA03001120002B02D01C80002099
:108A70009D7070BDFFFF0000F8B50B4F06003B78FE
:108A80000D001400FF2B0ED00A2000F0D9F8011EB3
:108A900009D0B1230380002346800371C58004817F
:108AA000387800F0BDFAF8BD0141FF1FF7B50F009F
:108AB00008A90600088809A90B240988002821D1E3
:108AC0000234022B1ED1557813782D021D432B0042
:108AD0008B4301937334002B14D1FB6830001900D1
:108AE0000093FFF74FFB019C85420BD02A0030001A
:108AF0000099FFF7ABFF041E04D12A0030007989EA
:108B0000FFF7BAFF2000FEBDF0B50E7885B00390E8
:108B10000AA805880120022E0DD14C6827786478B8
:108B200024023C43054FBC4205D10398DBB20196B9
:108B30000095FFF7BBFF05B0F0BDC046022900005D
:108B400010B504000C4800F083FA0C48A16B00F04B
:108B50007FFA0B48E16B00F07BFA0A48216C00F0C9
:108B600077FA094B0948196800F072FA084B1B683C
:108B7000002B00D09847FEE78F9A0111A59A0111AA
:108B8000B49A0111C39A011104ED00E0D29A0111C7
:108B90008071FF1F002307B501A80193FFF7D0FFE5
:108BA000044A05480021121A00F042F9F7F7D4FDF3
:108BB000FEE7C0468471FF1F0441FF1F0000000054
:108BC00001B40248844601BC604700BFC9260000CA
:108BD00001B40248844601BC604700BF75A900008B
:108BE00001B40248844601BC604700BFED4A010061
:108BF00001B40248844601BC604700BF51470100F0
:108C000001B40248844601BC604700BF45510100E1
:108C100001B40248844601BC604700BFF931FF1F20
:108C200001B40248844601BC604700BF5930FF1FB1
:108C300001B40248844601BC604700BF5133FF1FA6
:108C400001B40248844601BC604700BF1D4D0100CD
:108C500001B40248844601BC604700BFA946010038
:108C600001B40248844601BC604700BFD9490100F5
:108C700001B40248844601BC604700BF9DA90000C2
:108C800001B40248844601BC604700BF9136FF1F13
:108C900001B40248844601BC604700BF350E0000A5
:108CA00001B40248844601BC604700BF5118FF1F51
:108CB00001B40248844601BC604700BF456B010017
:108CC00001B40248844601BC604700BFD1A5000042
:108CD00001B40248844601BC604700BF1D4B01003F
:108CE00001B40248844601BC604700BFF54E010054
:108CF00001B40248844601BC604700BF4D1F00001C
:108D000001B40248844601BC604700BF291C000032
:108D100001B40248844601BC604700BF4937FF1FC9
:108D200001B40248844601BC604700BF55490100B8
:108D300001B40248844601BC604700BF1130FF1FE8
:108D400001B40248844601BC604700BFE928000026
:108D500001B40248844601BC604700BFB537FF1F1D
:108D600001B40248844601BC604700BF21240000D2
:108D700001B40248844601BC604700BFF30E000006
:108D800001B40248844601BC604700BF091B0000D3
:108D900001B40248844601BC604700BF4550000052
:108DA00001B40248844601BC604700BFEDA5000045
:108DB00001B40248844601BC604700BF156B010046
:108DC00001B40248844601BC604700BFC51D0000D5
:108DD00001B40248844601BC604700BF8538FF1FCC
:108DE00001B40248844601BC604700BF154D010034
:108DF00001B40248844601BC604700BFE94C010051
:108E000001B40248844601BC604700BFDD38FF1F43
:108E100001B40248844601BC604700BF434D0100D5
:108E200001B40248844601BC604700BFB92FFF1F50
:108E300001B40248844601BC604700BFB70E000081
:108E400001B40248844601BC604700BF51250000C0
:108E500001B40248844601BC604700BF017F0000A6
:108E600001B40248844601BC604700BF7918000085
:108E700001B40248844601BC604700BFC94A0100F2
:108E800001B40248844601BC604700BF7D36FF1F25
:108E900001B40248844601BC604700BFB134FF1FE3
:108EA00001B40248844601BC604700BF792DFF1F12
:108EB00001B40248844601BC604700BF6DBC00009D
:108EC00001B40248844601BC604700BF0124000091
:108ED00001B40248844601BC604700BFF94C010060
:108EE00001B40248844601BC604700BF0937FF1F38
:108EF00001B40248844601BC604700BFADAE00002B
:108F000001B40248844601BC604700BF35550000EB
:108F100001B40248844601BC604700BFB538FF1F5A
:108F200001B40248844601BC604700BF855201007D
:108F300001B40248844601BC604700BF21460100DD
:108F400001B40248844601BC604700BF0D520100D5
:108F500001B40248844601BC604700BF311B0000D9
:108F600001B40248844601BC604700BF090E0000FE
:108F700001B40248844601BC604700BF3138FF1F7E
:108F800001B40248844601BC604700BF3D4B01006C
:108F900001B40248844601BC604700BFA138FF1FEE
:108FA00001B40248844601BC604700BF5D17000061
:108FB00001B40248844601BC604700BFD534FF1F9E
:108FC00001B40248844601BC604700BF2132FF1F44
:108FD00001B40248844601BC604700BF59520100F9
:108FE00001B40248844601BC604700BF090E00007E
:108FF00001B40248844601BC604700BFE11700008D
:1090000001B40248844601BC604700BF55220000FD
:1090100001B40248844601BC604700BF055E000001
:1090200001B40248844601BC604700BF594F0100AB
:1090300001B40248844601BC604700BFA54F01004F
:1090400001B40248844601BC604700BF810E0000A5
:1090500001B40248844601BC604700BFE53A010004
:1090600001B40248844601BC604700BFDD520100E4
:1090700001B40248844601BC604700BF11470100AB
:1090800001B40248844601BC604700BF851F000050
:1090900001B40248844601BC604700BFC936FF1FC7
:1090A00001B40248844601BC604700BF8B520100F6
:1090B00001B40248844601BC604700BF8D12000025
:1090C00001B40248844601BC604700BFB14E0000B5
:1090D00001B40248844601BC604700BFD12FFF1F86
:1090E00001B40248844601BC604700BF014C010046
:1090F00001B40248844601BC604700BFC9A9000012
:1091000001B40248844601BC604700BFDD6601002F
:1091100001B40248844601BC604700BFC52100007D
:1091200001B40248844601BC604700BF7D18FF1FA0
:1091300001B40248844601BC604700BFE548000016
:1091400001B40248844601BC604700BFD91B00003F
:1091500001B40248844601BC604700BF25260000D8
:1091600001B40248844601BC604700BFB54C010011
:1091700001B40248844601BC604700BFB3520100FD
:1091800001B40248844601BC604700BFC938FF1FD4
:1091900001B40248844601BC604700BF691F00005B
:1091A00001B40248844601BC604700BF5D38FF1F20
:1091B00001B40248844601BC604700BF3D1800006E
:1091C00001B40248844601BC604700BF2951010038
:1091D00001B40248844601BC604700BF8935FF1FC7
:1091E00001B40248844601BC604700BFD91AFF1F82
:1091F00001B40248844601BC604700BFCD4C010069
:1092000053444B2056657273696F6E204944202584
:10921000303878200A007266436C6B202564207217
:1092200063436C6B20256420737973436C6B20253A
:10923000642074704361705B2530327820253032B1
:10924000785D0A0073697A656F6628737472756356
:1092500074206C6C5F706B745F6465736329203D70
:109260002025642C206275662073697A65203D2074
:1092700025640A0073697A656F6628675F70436FBB
:109280006E6E656374696F6E4275666665722920DD
:109290003D2025642C2073697A656F662870436FC2
:1092A0006E6E436F6E7465787429203D2025642CA2
:1092B0002073697A656F66286C61726765486561BD
:1092C00070293D2564200A005B52455354204341D8
:1092D0005553455D2025640A20004D454C423A20F7
:1092E000575332383132205350492074696D656FBD
:1092F00075742F6572726F723D25643B2072656EC6
:1093000064657265722064697361626C65642C20A7
:10931000424C45206B65707420616C6976650A006B
:109320004D454C423A2072656E64657220667261EA
:109330006D653D256C75207370693D30206D6F64DF
:10934000653D2530327820706F7765723D25750A4E
:10935000004D454C423A2048617070794C6967680D
:1093600074696E67204646443920777269746520B7
:109370006C656E3D25750A004D454C423A204861AA
:109380007070794C69676874696E67207374617472
:10939000757320726571756573746564207769747F
:1093A000686F75742046464434206E6F7469667920
:1093B00020737562736372697074696F6E0A004D11
:1093C000454C423A2048617070794C69676874690D
:1093D0006E6720737461747573206E6F746966793B
:1093E00020726573756C743D257520706F7765729A
:1093F0003D2575206D6F64653D2530327820737092
:109400006565643D25750A004D454C423A2048612A
:109410007070794C69676874696E6720636F6D6DF1
:10942000616E642072656A65637465642072657339
:10943000756C743D25750A004D454C423A20737495
:1094400061746520706F7765723D2575206D6F645E
:10945000653D25303278206272696768743D2575F4
:109460002073706565643D2575207267623D2575C2
:109470002C25752C25750A004D454C423A20627505
:1094800074746F6E7320706F7765723D2575206DF3
:109490006F64653D25303278206272696768743D7B
:1094A00025752073706565643D2575207267623D82
:1094B00025752C25752C25750A006F6B00464149D2
:1094C0004C004D454C423A205753323831322053EC
:1094D0005049312F50333420696E69743D25730A29
:1094E000004D454C423A20626F6F74207374617472
:1094F000696320626C7565206D6F64653D2530324F
:1095000078206272696768746E6573733D25752093
:10951000646D613D310A00476170726F6C655F7305
:10952000746172740A00476170726F6C655F616488
:109530007665727374696E670A00476170726F6C4A
:10954000655F436F6E6E65637465640A00476170A2
:10955000726F6C655F446973636F6E6E6563746987
:109560006F6E0A00476170726F6C655F7761697436
:1095700074696E675F61667465725F74696D657248
:109580006F75740A00476170726F6C652065727246
:109590006F72210A005B47415020524F4C452025F5
:1095A000645D0A000A4D454C4220626F6F743A2098
:1095B0004D757369632D4C696768742D56332D3270
:1095C0003231313031202F20535431374836364232
:1095D0000A004D454C423A205541525430205039F2
:1095E0002F503130203131353230300A004D454C6A
:1095F000423A20424C4520696E6974206265676971
:109600006E0A004D454C423A20424C45206E616D39
:10961000653D25730A004D454C423A206164762031
:10962000696E74657276616C20756E6974733D2520
:10963000750A004D454C423A20616476206461749D
:10964000613D25303278202530327820253032783F
:10965000202530327820253032782025303278208D
:10966000253032780A004D454C423A2072656769D0
:10967000737465722048617070794C6967687469A9
:109680006E6720464644352F464644392F464644A9
:10969000340A003D3D3D3D3D53696D706C65424C63
:1096A000455065726970686572616C5F496E697476
:1096B00020446F6E653D3D3D3D3D3D3D0A0061648A
:1096C000764E25750A003D3D3E204843495F434F95
:1096D0004D4D414E445F434F4D504C4554455F45C1
:1096E00056454E545F434F44453A2025780A004D75
:1096F000454C423A205342505F52455345545F41D6
:1097000044565F455654202D3E20656E61626C655F
:10971000206164766572746973696E670A005449E2
:109720004D45525F4556540A00566261743A2025F1
:1097300064206D562C2025642025250A004D454CBB
:10974000423A20474150526F6C655F5374617274A6
:109750004465766963650A004D454C423A20686568
:109760006172746265617420256C75206576656E22
:1097700074733D307825303478206761703D2575ED
:10978000206164763D25750A00434D442064617470
:1097900061206576656E74730A003031323334357A
:1097A00036373839414243444546005B48434920F7
:1097B000444C455D25642025642025640A005B41F6
:1097C00054545F4D54555D202564200A0067617034
:1097D0005065726950726F63657373484349436D96
:1097E00064436F6D706C657465457674204F70636B
:1097F0006F646520307825580A0043544520506135
:1098000072616D2073746174757320307825303205
:10981000580A0043544520656E61626C652073747C
:1098200061747573203078253032580A0067617092
:1098300050726F63657373424C454576656E747301
:10984000204843495F4C455F434F4E4E4543544982
:109850004F4E4C4553535F49515F5245504F525400
:109860005F4556454E54200A0067617050726F6321
:10987000657373424C454576656E74732048434961
:109880005F4C455F434F4E4E454354494F4E5F49F1
:10989000515F5245504F52545F4556454E54200A31
:1098A000005B5341525F465245455D0A005B52459D
:1098B000415F465245455D0A005B5341525F525835
:1098C000204552525D204E6F5361722063202578EF
:1098D0000A005B5341525F52582045525220256482
:1098E0005D2025642025640A005B5341525F525875
:1098F000204552522025642025645D202564207077
:1099000025303878204C20256420432025640A0027
:109910005B5345475F465245455D0A005B534547EB
:109920005F5052545D2530387820253032780A0057
:109930005B534255462046554C4C5D2045525220C3
:109940002564203078253032780A005B5342554632
:1099500020465241472046554C4C5D0A0025732C49
:1099600075706461746520636F6E6E656374696F92
:109970006E48616E646C652025642074696D657243
:1099800049442025640A0025732C73746172742085
:10999000636F6E6E656374696F6E48616E646C654B
:1099A0002025642074696D657269642025640A004D
:1099B0007050616972696E67506172616D735B2589
:1099C000645D204E554C4C200A00736D53746F70CB
:1099D00052737054696D657220636F6E6E65637447
:1099E000696F6E48616E646C652025642074696DD2
:1099F000657249442025640A0030313233343536EB
:109A00003738396162636465666768696A6B6C6D73
:109A10006E6F707172737475767778797A00303101
:109A20003233343536373839414243444546474866
:109A3000494A4B4C4D4E4F5051525354555657581E
:109A4000595A003C4E554C4C3E002530327820008F
:109A50004741505F446576696365496E69743A2091
:109A60004741505F50524F46494C455F43454E5425
:109A700052414C207C204741505F50524F46494C48
:109A8000455F5045524950484552414C200A005BC1
:109A900048617264206661756C742068616E646CE4
:109AA00065725D0A004C522020203D203078253020
:109AB00038780A0050432020203D20307825303867
:109AC000780A0050535220203D20307825303878D5
:109AD0000A0049435352203D203078253038780A17
:109AE000000200030004000500060007000800094A
:109AF000000C000D0016000071090111A5090111EB
:109B000000000000020000000E9B0111192A0F182E
:109B10000A000000F1590000FD2400004146010048
:109B20002D490111456A0111813D01113147011192
:109B300035230111D9830111D91F01110000FF0044
:109B4000FFFFFF000000000000FF00FFFFFF00FF1D
:109B500000FFFF00FF0000000000FF00FFFF00FF0C
:109B6000FF0000FF00FFFF00000000FF0000FF00FB
:109B7000FFFF00007D100111350F011100000000F2
:109B8000120C000002000000909B0111D4FFD9FFCD
:109B9000D5FF252D3038FF000000FF000000FF003A
:109BA000FFFFFF00FFFFFF00FF6010FFB460FF0733
:109BB0004D19011100000000000000004449590047
:109BC00056322E3100303032300067697468756269
:109BD0002E636F6D2F70767678005472696F6E65A4
:109BE0007300000002000000F89B0111292A282AB6
:109BF000272A262A252A242A0A1800000500000000
:109C00001F501D10023CB400FB349B5F800000809D
:109C1000001000000000000037290111214001114F
:109C20005B29011129440111DF290111FF430111B1
:109C3000552A0111D5430111A72A01119D45011192
:109C40000F2B01119D450111412B011157450111A8
:109C5000552A01118D430111CD2A011135450111FC
:109C60000000000000000000B32B01113545011178
:109C7000152C011139400111052A042A012A002A54
:109C8000022903280128002801180018736D537455
:109C900061727452737054696D6572000000000047
:109CA0000000000000000000000000870101020128
:109CB0000201010201020303040103010101010188
:109CC0000303020103000D000E0010001100130039
:109CD0001401070108010A010B011C011D02040205
:109CE00005020702080219021A021C021D030103E1
:109CF000020317000201000504000807000B0A0018
:109D00001716001D1C010201010504010E0D0111B1
:109D100010011413011716011A19020201020B0A8D
:109D2000020E0D021110021413021716030504038C
:109D30000807030B0A030E0D0001020307090A0BB3
:109D40000E0F101112141718191A1B1F20212200B0
:109D50000506FFFF00C20100010000000000000036
:109D6000217D0111DD7D01110000000002000000D5
:109D70008A9C011100000000098B01110000000005
:089D800002000000889C0111A3
:020000041FFFDC
:1000000000000000D10A0111149B0111109B011185
:10001000105EFF1F00000000000000000000000054
:1000200000000000000000000000000000000000D0
:1000300000000000000000000000000000000000C0
:1000400000000000000000000000000000000000B0
:1000500000000000000000000000000000000000A0
:100060000000000000000000000000000000000090
:100070000000000000000000000000000000000080
:100080000000000000000000000000000000000070
:100090000000000000000000000000000000000060
:1000A0000000000000000000000000000000000050
:1000B0000000000000000000000000000000000040
:1000C0000000000000000000000000000000000030
:1000D0000000000000000000000000000000000020
:1000E0000000000000000000000000000000000010
:1000F0000000000000000000000000000000000000
:1001000000000000000000000000000000000000EF
:1001100000000000000000000000000000000000DF
:1001200000000000000000000000000000000000CF
:1001300000000000000000000000000000000000BF
:1001400000000000000000000000000000000000AF
:10015000000000000000000000000000000000009F
:10016000000000000000000000000000000000008F
:10017000000000000000000000000000000000007F
:10018000000000000000000000000000000000006F
:100190004532FF1FA530FF1FC166010000000000AF
:1001A000000000000000000000000000000000004F
:1001B000000000000000000000000000000000003F
:1001C000000000000000000000000000000000002F
:1001D000000000000000000000000000000000001F
:1001E000000000000000000000000000000000000F
:1001F00000000000000000000000000000000000FF
:1002000000000000000000000000000000000000EE
:1002100000000000000000000000000000000000DE
:1002200000000000000000000000000000000000CE
:1002300000000000000000000000000000000000BE
:1002400000000000000000000000000000000000AE
:10025000000000000000000000000000000000009E
:10026000000000000000000000000000000000008E
:10027000000000000000000000000000000000007E
:10028000000000000000000000000000000000006E
:10029000000000000000000000000000000000005E
:1002A000000000000000000000000000000000004E
:1002B000000000000000000000000000000000003E
:1002C000000000000000000000000000000000002E
:1002D000000000000000000000000000000000001E
:1002E000000000000000000000000000000000000E
:1002F00000000000000000000000000000000000FE
:1003000000000000000000000000000000000000ED
:1003100000000000000000000000000000000000DD
:1003200000000000000000000000000000000000CD
:1003300000000000000000000000000000000000BD
:1003400000000000000000000000000000000000AD
:10035000000000000000000000000000000000009D
:10036000000000000000000000000000000000008D
:10037000958B01110000000000000000000000004B
:10038000000000000000000000000000000000006D
:10039000000000000000000000000000000000005D
:1003A000000000000000000000000000591AFF1FBC
:1003B000000000000000000000000000000000003D
:1003C000000000000000000000000000000000002D
:1003D000000000000000000000000000000000001D
:1003E000000000000000000000000000000000000D
:1003F00000000000000000000000000000000000FD
:081838009075FF1F4118FF1F0E
:10184000024981F3088802F0F3F900009075FF1F48
:1018500010B502F055FA072804D0122808D0022843
:1018600008D010BD044A0420136B01331363F8E75A
:101870000220F6E71420F4E7486BFF1FF8B50700D5
:101880000C0026002500503630785135002804D150
:101890000300287058342370F8BD2978CA00481E08
:1018A0008141A3183800A25C5B68C9B2FFF7D0FF82
:1018B00000280DD12B78DA00A218013350602B706C
:1018C0003378044A013B3370136A01331362D8E75B
:1018D0000123DFE7486BFF1F5C234343074910B533
:1018E000C9180B0058331B78012B05D1FFF7C6FF31
:1018F000034A936A0133936210BDC0467C6BFF1F9D
:10190000486BFF1F10B502F01BFA064A01211300B5
:1019100010CB4942D967044B136002F0D9F820007C
:1019200010BDC04600E100E01000100010B504003A
:1019300002F006FA024B1C6002F0CAF810BDC04665
:1019400000E100E0431E5A425341A022F0B5D2010B
:101950005B421340154D164A40019B182A18127E0F
:101960008BB00191002A1BD01A000832D46F0022DC
:10197000E6B206AFE4B294420EDC2818C369002B2D
:1019800008D0019902AA117106AA049202AA16733C
:1019900003A898470BB0F0BD1978B9540132EAE7B3
:1019A0001A7D1A7806AB01261A70E6E72C6EFF1F27
:1019B00000400040F0B5254B04004001C25C85B0FA
:1019C000002A2BD01A18117E002927D0917E0029D9
:1019D00024D01179022921D11689D788D168F51B25
:1019E000ADB22A1C102D00D9102292B2BE4217D1DE
:1019F0001818012303710023C269C38003819A422E
:101A000006D06846032103730171029301A8904731
:101A10000820002C00D0192001F0FAFA05B0F0BD22
:101A2000013C65426C41A0256442ED012C40084D0B
:101A30001B186419074D0633013A92B2AA42EDD041
:101A40001888461C1E80085C2070F5E72C6EFF1F6E
:101A500000400040FFFF00000F220E4B10B59868B9
:101A6000104002380A280BD801F024FF0D0A0B0A97
:101A70000A110A0A0A0A060002210020FFF762FF83
:101A800010BD0121F9E70020FFF794FFF8E7DB6FB5
:101A9000F6E7C046004000400F220E4B10B5986894
:101AA000104002380A280BD801F004FF0E0A0B0A76
:101AB0000A120A0A0A0A060002210120FFF742FF61
:101AC00010BD01210800F9E70120FFF773FFF7E7D8
:101AD000DB6FF5E70090004013B5334C2378072BFC
:101AE0003DD8324B1A78324B002A39D180221968FE
:101AF00052020A431A60252001F0E6FD20232D4AF8
:101B000011680B43802113606B460422C9050868E5
:101B10000733104228D080210422C905C86810422A
:101B20002ED080212020C905CA688243CA601422B1
:101B30001A701A78002A2FD18021C905C86820326E
:101B40000243CA6014221A701A78002A28D11A4B4C
:101B50001A7D22785A601D221A705932DA6013BD3C
:101B60001A6816490A40C5E7086802430A60142249
:101B70001A701A78002ACED01A78013AD2B2F7E752
:101B8000C8680243CA6014221A7019784A1ED2B279
:101B90001A700029F9D1C4E71A78013AD2B2C7E71E
:101BA0001A78013AD2B2CEE73C40FF1F0441FF1F32
:101BB0003CF000403440FF1F00200040FFFFFEFFCC
:101BC000564B70B51B68012B03D1554A936D0133F9
:101BD000936501F0FDFF534B534A1860534B544C2F
:101BE0001A600123534A1360534A13602378002B71
:101BF00006D006225149524802F08AF80023237089
:101C0000504A514B10681B78C1B2002B0ED14F4C7B
:101C1000C0B223785BB2002B4FDB237824785BB211
:101C200064B21B0424021B191B1813600B1C5029DF
:101C30004ED95023464A47491078DBB2FF2202288A
:101C40004BD10868444C454D267890432A789642FB
:101C500054D9227824782E78023B5D10A31B6B4365
:101C60005201D31A10335B111843086001F0E0FEF3
:101C7000031F012B45D83A4B1B78002B06D0394B5C
:101C80001B78002B02D0002002F0A2F8A122364BD4
:101C900092009978354B4A431B689B188322920027
:101CA0009B181B78033B012B03D8AF20400001F0A9
:101CB0001FFF01222E4BDA8270BD237824785BB29D
:101CC00064B2FF33FF341B0424021B190138ABE755
:101CD000CAB2022AAED20223ACE70868254C264DD0
:101CE000267890432A78964208D9227824782D784D
:101CF000023B5B10641B63435201B2E72378DBB203
:101D0000B2E70228D5D11D4B1B78013B022B03D92A
:101D10001B4B1B78022BCCD16C20C8E79809FF1F06
:101D2000FC0FFF1F946AFF1FFF3F000014100340C9
:101D3000986AFF1F0C10034000100340D50BFF1FD3
:101D40007211FF1FB40003408C09FF1F680AFF1FB8
:101D5000490AFF1F94000340460AFF1F470AFF1F5E
:101D6000F908FF1F2209FF1F300DFF1F3409FF1F55
:101D7000BC0BFF1F440AFF1F450AFF1F1C09FF1F62
:101D80002309FF1F10B501F003FE0022014B1A804A
:101D900010BDC046906AFF1F10B501F0A1FEA12141
:101DA000054A89009478054A61431268044B521829
:101DB000528C1A8010BDC046300DFF1F3409FF1F22
:101DC000906AFF1F10B50D4B0D4A9978A1239B0017
:101DD0004B431268D218531DD97F0A4B1B88994276
:101DE00009D2441C07D0C82805D0D2695B1A5A43CF
:101DF000054B5343C01801F0C3FD10BD300DFF1F4C
:101E00003409FF1F906AFF1F7102000070B5244D56
:101E10002B68002B28D001F0B3FE2B68D8402B682C
:101E20000400002B27D001F063FD2B68D8401D4B28
:101E30001D4A9978A1239B004B431268D118D25CAC
:101E400091239B00002A20D0CA580132CA50174B58
:101E500017491B680868834214D3D23B181A012A19
:101E60001AD0144B186070BD01F08AFE124B19682D
:101E700001F0E6FDD3E701F03BFD0F4B196801F0DF
:101E8000DFFDD4E70D495B18E8E7CA500C4B1B682F
:101E9000DB68E418201AE4E7F530FF30E1E7C046DC
:101EA0001C08FF1F300DFF1F3409FF1F9C09FF1F77
:101EB000946AFF1FA009FF1F1808FF1F2DFF3F0096
:101EC0009C6AFF1F70B504000D00282916D103007D
:101ED000A433C2881B889B1A0B4A9BB293420DD92C
:101EE00006006A3605223100653001F041FF002806
:101EF00004D13100200001F07BFD70BD29002000DD
:101F000001F0FEFCF9E7C046FE7F0000F8B50500D1
:101F1000012001F00DFD134CA36AA26A9342FBD18C
:101F2000114E336001F0D4FE1049030008601048E0
:101F3000426894460F4A17680022BC4501D24268A5
:101F4000BA1A0D4802603268AD18A422E562606AD0
:101F5000520302436262094A1278002A01D00F3B01
:101F60000B60F8BD00F00040340AFF1FE408FF1FBB
:101F700028100040180AFF1F1C0AFF1F1C09FF1F22
:101F800070B580241025E405A3682B43A36001F0FD
:101F90007FFDA368AB43A36070BD0000F7B51600DA
:101FA00080221C001023D2050191916805000B438B
:101FB000936000225A4BD7301A6001F0A9FC9D2390
:101FC0002A002F009B00EB58CA3201210092FC37F7
:101FD000002B01D00021009A386801F0C1FE2900D1
:101FE000009BCB311A784F4BD3351A604B780A7867
:101FF0001B0213438A7812041A43CB781B0613433F
:10200000494A1BBA13604B790A791B0213438A7938
:1020100012041A43CB7931001B061343434A1BBAFF
:1020200013606B782A781B021343AA7812041A43B0
:10203000EB781B0613433E4A1BBA1360019A330226
:1020400013433C4A13603C4B22001B1B9C46032954
:102050003DDCB3089A0013005142B21A032A46D15C
:10206000354AE018511A827840781204000202437F
:10207000E05C043302430A600022FF2B4BDDF022B8
:102080002E4B12011A600F222D4B1A602D4A136835
:10209000002BFCD00023224A27491360091B321D64
:1020A0000B191B68043A180A23706070180C1B0E79
:1020B000A070E3700434002AF2DC802210213B6817
:1020C000D20501333B6093688B439360F7BD634651
:1020D000D578981893782D061B042B43157804396E
:1020E0002B43557804322D022B430360AFE7022ABD
:1020F0000AD1114AE05C511AE218527812020243E6
:102100000A6004339BB2B7E7012AB5D10A4A521AD2
:10211000E15C1160F5E7084959180A600433ACE73F
:10212000000004403C0004403800044034000440F7
:10213000300004400C00044000010440040004404E
:102140001000044014000440F7B5150080221C0064
:102150001023D2050091916807000B439360002380
:10216000654AD730136001F0D3FB9D233E009B00EE
:10217000F9583B00CA363200FC33002900D07FE01A
:10218000586801F0EDFD390032785C4BCB311A60B4
:102190004B780A781B0213438A78AC4612041A4320
:1021A000CB78281D1B061343554A1BBA13604B7985
:1021B0000A791B0213438A7912041A43CB791B064E
:1021C0001343504A1BBA13604B7A0A7A1B0213431B
:1021D0008A7A12041A43CB7A21001B0613434A4A17
:1021E0001BBA1360009A2B021343484A1360220063
:1021F000474B1B1B0093009BCE785B1801938B7899
:1022000036061B0433430E78043833434E780431CA
:1022100036023343019E33600328ECDC0321A80817
:10222000431C9B002940800003292BD13849E51825
:102230005E18A9786D78E35C09042D0229431943DF
:102240003160030008330021FF2B2DDD314B324973
:1022500019600F21314B1960012327490B60304B66
:1022600019680029FCD006211B680B40042B20D0E4
:1022700080220020D20593680A318B439360FEBD13
:1022800001217DE7022908D121495D18E11849782B
:10229000E35C090219432960D3E70129D3D11C4922
:1022A0005918E35C0B60CCE7194818180160043337
:1022B000CAE7002310490B606346002B0CDC3B008F
:1022C000FC335A68102101325A608022D20593688B
:1022D00001208B439360D2E7009B9B181B68190A6F
:1022E00013705170190C1B0ED37004235B42917054
:1022F0009C440432E0E7C046000004403C00044037
:102300003800044034000440300004400C00044015
:102310000001044004000440080F000010000440C5
:102320001400044070B5061E19D002225A4B9B7946
:102330009343012B13D1594B1A78FF2A0FD15A78A6
:10234000FF2A0CD19A78FF2A09D1DA78FF2A06D120
:102350001A79FF2A03D15B79FF2B00D199E0504B0A
:102360000C201A78012A08D000224E4D1A702978C4
:102370000B00093B042B01D8212070BD4B1F012B02
:10238000FAD9454CA37B042B00D982E0A279032A19
:1023900000D97EE09A1ED2B2012A02D860881F2896
:1023A00077D9002E56D0012E73D1A0880128E3D012
:1023B000002907D1581E032803D801F07BFA121711
:1023C00015122E702978481E032811D80025364B87
:1023D0001D602823237501F03BFBA84227D0A58070
:1023E000CAE702212970EDE70421FBE70321F9E7A1
:1023F00007390129C0D82D490968C96A8906BBD5A2
:102400002B4908780028B7D1012A01D9002BB3D174
:1024100002230B708021274D2633890128782375EC
:1024200001F0CEFB80212878890101F091FB012386
:10243000A380214B1B78002B0AD0FA2280211F4B4E
:1024400092001B8809025A431A4B187801F0A8FB26
:10245000002092E701F074FC2B78A680073B012B4B
:1024600003D917482E7001F0FBFA114B114C1A7862
:10247000002A06D080210022207889011A7001F0FC
:102480009FFB01F025FB80212078090201F098FBD9
:10249000DEE7122071E7C046A60BFF1F6B09FF1F86
:1024A0001A09FF1F1C09FF1F4809FF1F9C6AFF1F15
:1024B0002309FF1F1B09FF1F2109FF1F2C09FF1FF5
:1024C0000010004010B5002901D001F0F1FA10BD54
:1024D000F7B5604B01919978A1239B004B435E4A6D
:1024E000060014681022E418D6235B00E058362357
:1024F000FF33E35C00279343222B41D1574B0F3A24
:102500001A600760012501F0ABFB019B1880E823EE
:102510005B00E35C002B01D0B34258DD0023504F39
:10252000FB70AD33FF33E3581A68002A03D09B8851
:10253000DB439B071DD03823FF33E35C002B18D00F
:102540009B235B00E35C002B13D1D133FF33E35CAF
:10255000B3420EDAA4235B00E15AE018090A023103
:1025600001F086FA23000122FE33013E01351A876D
:10257000FA70E8235B00E35C002B2AD0A8B2FEBD12
:1025800003683D00002BBED081880430090A023167
:1025900001F06EFAD6235B00E3581F60B2E7230018
:1025A000B133BA00FF339858013781880430090AE3
:1025B000023101F05DFAE8235B00E35CBB42EEDC34
:1025C000E822F61AED1800235200A354A6E70027CC
:1025D000F1E7200001F0B4FA00281FD0002E1DDD25
:1025E0007319882647190193B600200001F090FA6C
:1025F0005A30800020184068013581880430090A6B
:10260000023101F035FA200001F0DAFBA359013361
:10261000A351BD4202D0019B9D42E6D1114BE35C28
:10262000002BABD095239B00E35C002BA6D00E4B78
:10263000E15A0029A2D00D4AA35C994202D9013384
:10264000A3549BE700231A212000A35401F088FA29
:1026500094E7C046300DFF1F3409FF1F00140340EC
:10266000E010FF1F5A020000720200005E0200002C
:102670000D4970B54A6E0D4CD2038B69D20BA24244
:1026800006D80B4D0224AA4204D901F019FB70BDF3
:1026900002246442E21815007E2425402242F4D030
:1026A000A3432B438B61F0E700F000400A200000B9
:1026B000FC1C0000F8B51D4B1D4F1A78002A10D1E4
:1026C000BA7B002A02D101321A7003E0032AFAD041
:1026D000022AF8D001F0BCF900220120154B1A7033
:1026E000F8BD154B154D1C68154B9E7801232B70BA
:1026F0002878C0B200F09EFBBB7B002B0BD101F011
:102700001FF9A1239B007343E41883239B00E41863
:1027100023782B70E4E7032B02D101F0E9FAF0E70C
:102720000020022BDCD101F0BBFAEAE71C09FF1FF5
:10273000A60BFF1F2309FF1F3409FF1F490AFF1FB4
:10274000300DFF1FF0B587B00EAD2F780FAD2D788F
:102750000593AC46634614000E4D0CAA12782E78F1
:1027600003930D9B009201932200059B029701F0B9
:1027700057FA2E70012C01D0042C08D18022064972
:102780008B889343054A1278D20113438B8007B09C
:10279000F0BDC0461C09FF1F6C11FF1F7809FF1F09
:1027A0000B001B3B70B504003020E02B0DD813004C
:1027B000E025493BFF3B9BB2ED00AB4205D8034B04
:1027C000200019825A8201F0C3F870BD8410FF1FE7
:1027D00010B501F0FDF9054B00205B68052B04D90D
:1027E000034A5268D20200D4980810BD001000407D
:1027F000FCE100E070B501F0A3FA0D4B1B68FC335F
:10280000DC691D6AFFF7E4FF6419844204D2094BB6
:1028100001241B68002B07D004220024064B1A70E9
:10282000064A93690133936101F052F9200070BDAB
:102830009C6AFF1F9809FF1F2309FF1FFC0FFF1F42
:1028400070B50C4D2B68FC335C6A01F079FAFFF728
:10285000BFFF2B680025FC339B6AE318834204D238
:10286000054B1B68AB4200D1051B01F031F9280074
:1028700070BDC0469C6AFF1F9809FF1FD722044BFA
:1028800092009B5810B5002B00D0984710BDC04651
:102890000000FF1F10B500F0F5FFFFF7EFFF27491D
:1028A000274BCA6D274C1A4084235B001343CB652A
:1028B000254B1B68186A01F03BF8244B244A1A6028
:1028C000244B254A1A60A022244B52001A60244B44
:1028D000187801F065F82000224901F099F90023E9
:1028E000A3600233A360204B2049236003232048C8
:1028F000A36001F08DF910221E4BFF201A60802288
:1029000052031A60802292031A60802212041A6015
:1029100001F05EFA012001F003F8FA20400001F016
:1029200027F8582001F0E4F8134801F069F8012075
:1029300001F02EFA072001F0D3F910BD00F000409D
:1029400000FEFEFF141000409C6AFF1F00000340C1
:102950000180063DBC00034034080000A400034091
:102960004A0AFF1F71020000C3090000FFFF3F0079
:102970002810004000E100E030750000674E336829
:1029800088331B6883F3088801F012F9644A6549AB
:10299000136800200B401360634B644A1B6893422A
:1029A00000D1A6E001F06CF90221614A13688B4363
:1029B0001360FFF76FFF5F4B5F4C1878C0B201F0F8
:1029C00057F90023A3600233A3605C4B012023600E
:1029D00000F0AEFF0323A36000F0C2FF040001F08B
:1029E000F7F8050000F0BCFF554B186001F0D0F877
:1029F000544B1968621A531EA14200D21300802260
:102A0000D203934201D39B029B0A3268D16AC90761
:102A100000D471E04C491C0C09689BB24C435943EB
:102A20002402090A641803264849FC3293680A689C
:102A300047489B1A474A0768126847499B18474A04
:102A40009A1833409208DB190A600360042B03D9FB
:102A5000013233400A6003600E684149A619300014
:102A600000F0EEFF3F4F3E493B68C3183B6030002B
:102A7000019301F05DF83C4E306808183849306029
:102A8000884205D9019B01333B6001F051F8316068
:102A900001F08EF9354B1B78002B0DD001F098F822
:102AA000334B621B196812188A4232D24919091B2A
:102AB000091A304801F0ACF82F4E337A002B0ED0B3
:102AC00001F086F8621BF1681218914224D9491965
:102AD000091B091A294801F09BF800233372284B7F
:102AE00083F3088801F0D4F8002001F0C9F801F060
:102AF0007FF801F0C5F85CE7DC0199000234641A44
:102B00005900641A09214B438033CB40A408E418D0
:102B100089E7FA218900CCE71A49DBE79C6AFF1FA5
:102B20001CF00040FFFFC1FF0C0AFF1FB64121034C
:102B300010000040490AFF1F14100040C3090000A4
:102B4000100AFF1F340AFF1F380AFF1F200AFF1F49
:102B5000280AFF1F1C0AFF1F240AFF1FC4090000C8
:102B6000710200006008FF1F2C0AFF1F1C09FF1FD5
:102B7000E408FF1F00100040740BFF1F3C100040D2
:102B800000000020DC050000A022054B92009B58AD
:102B900010B5002B01D0984710BD00F0C1FFFBE736
:102BA0000000FF1FA122054B92009B5810B5002B7F
:102BB00001D0984710BD00F0B3FFFBE70000FF1FF6
:102BC000A222054B92009B5810B5002B01D09847CC
:102BD00010BD00F0A5FFFBE70000FF1FA322054B7F
:102BE00092009B5810B5002B01D0984710BD00F003
:102BF00097FFFBE70000FF1FA422054B92009B58A4
:102C000010B5002B01D0984710BD00F089FFFBE7FD
:102C10000000FF1F70B500F0DBFF4F4B186000F0A5
:102C2000DFFE0400C30702D400F0EAFF70BD0022FB
:102C30004A4B1A604A4B18780138042829D800F00A
:102C400039FE0320181C2400200000F0B1FE0128EA
:102C5000ECD0444C2378042B6ED100F0C1FF002847
:102C6000E4D000F0B5FE582000F042FF02232370AC
:102C7000DCE7200001F0B4F8E9E7200001F018F8E3
:102C8000E5E7200001F08CF8E1E7200000F070FF9C
:102C9000DDE700F0CDFE0500012808D1324B1B789E
:102CA000053B012B03D82000FFF76EFFD1E72D4B2A
:102CB0001B78022B01D0052B20D1022D28D12B4BC4
:102CC0009B7BAB431CD12000FFF76CFF264B187891
:102CD0000128BED16405BCD4244925224B7B034284
:102CE00005D1233A13405A42534126331A000B7D33
:102CF0009342AED9322001F01BF8AAE7022D07D18A
:102D0000194B1B78052B11D12000FFF759FFDDE788
:102D1000012D0BD1012B03D12000FFF75FFF98E7B6
:102D2000062B03D12000FFF767FF92E7200000F099
:102D3000F7FE022D8DD1C9E7032B04D10C4B987CF3
:102D400000F06EFE72E7072B00D06FE7094B987B0F
:102D500000F07EFF6AE7C0469C09FF1F9809FF1F2D
:102D60009009FF1F2309FF1F1C09FF1FA60BFF1F50
:102D7000BC0BFF1FD40BFF1FFA210A4B0A4A490064
:102D80001A640A4A5A500A4A04395A50094A083100
:102D90009A64094A5A50094A5C315A50084ADA661C
:102DA0007047C0460000FF1F4527FF1F4128FF1F37
:102DB000F527FF1F2523FF1FB526FF1FC51DFF1F7A
:102DC000991DFF1FF7B50B0CFF270122009300236D
:102DD0003C001E001D009446019089B262469A4054
:102DE0001000084018413618B6B2FF2F02D1012E4C
:102DF00000D19FB2009802401A41AD18ADB2FF2C2D
:102E000002D1012D00D19CB20133102BE6D1032059
:102E1000012E07D1012D04D1019B2401E4191C705E
:102E20000138FEBD102EFCD10238102DF9D0023031
:102E3000F7E700008023F7B59C46264B264F019309
:102E40002649274A274D284C284B02281AD160468C
:102E500038600868264E30408026360330430860CC
:102E600001990978002909D11660224A2A60224A6C
:102E70002260E02219689143A03A1BE08021C90238
:102E80001160F2E766463E600F68194E3E408027AB
:102E9000FF023E430E600199097800290DD11760A9
:102EA00001280ED1154A2A60154A2260E0221968CD
:102EB0009143C03A0A431A60F7BD8021890211602C
:102EC000EEE7E0210F4A02432A600F4A22601A68A7
:102ED0008A43F0E74B0AFF1FE0000340D80003409D
:102EE00090000340000003405000034040000340B6
:102EF000FFFFE3FF0280063D804508220180063D7A
:102F0000806608220080069880550822F8B51E4B7E
:102F100080261A68002014003440324232D11A68E8
:102F20001A4F32431A6001223B68063093433B60DC
:102F300000F0FEFC0122164D2B681E432E603B68FC
:102F40000A2613433B608027BF00124B1B683B429D
:102F500011D1013EF6B2FF2E09D17E220E4B1C6824
:102F60002B68E40B1440934323432B6005E00820B7
:102F700000F0DEFCE9E7002EEFD180222B6860082C
:102F800093432B60F8BDC046C4F000405CF00040A5
:102F900018F0004068F0004060F0004010B500F00C
:102FA0006FFD01215820034A00F0AAFDFFF7AEFF94
:102FB00010BDC046600AFF1F10B5782200210348EB
:102FC00000F026FD00F0DCFE002010BDB46DFF1FF8
:102FD00070B5040000F0B4FE00230C200B4A010081
:102FE00059438D18515C00290DD0A14208D101230D
:102FF00000246B7000F0E4FC00F06AFD200070BD5E
:1030000001330A2BEBD11224F6E7C046B46DFF1F43
:1030100070B5040000F094FE002319001D000D4A55
:103020001078002806D0A0420CD1557001310C3226
:103030000A29F5D1002B0AD100F0A2FE00F048FDCC
:10304000002070BD5078461EB0411B18EEE700F01E
:10305000B7FCF3E7B46DFF1FF7B504000C200023A5
:1030600084460E4D019267465F43E85D7E19A0429B
:1030700012D000280BD10A4B9C4662461B780833BD
:103080001370019B70707C557160B360FEBD01339D
:103090000A2BE8D10320F9E70720F7E7B46DFF1FFB
:1030A000B06DFF1F8020F8B5484BC0051B68C124D8
:1030B0008360474BFF251A68012313434361454B47
:1030C000A4001A68444B40211A60444B1A68444BD0
:1030D0001A60444B1A59AA431A51C52292009E58AD
:1030E000AE433143802699509F583F49F6010F4027
:1030F0003E439E509E5880273602360A30439850F1
:1031000080201A5900020A4002431A5104341A5905
:10311000364E3F04324080263A431A511A59360639
:103120001202120A32431A5108341A5980260A40F0
:1031300002431A51C32292009F58B446AF4337430B
:103140009F509F58294E0F4007439F509F5837402C
:1031500080263604374380269F509F5836063F020C
:103160003F0A37439F50C0221F59AF433A431A5179
:103170001A591202120A1643C6221E5192009C5876
:10318000AC4365462C439C509C5800250C40204382
:103190009850C72080001A58154C1140C0221202C6
:1031A0000A431A50134B1B78DB08AB4201DC0020AA
:1031B000F8BD2378002B06D0A368002B00D09847D9
:1031C00001350C34EEE71220F2E7C0463840FF1F0D
:1031D0003440FF1FB0F00040AC6DFF1FB4F0004062
:1031E000A86DFF1F00E100E0FF00FFFFFFFF00FFF1
:1031F000B46DFF1FB06DFF1F030010B51F2809D865
:10320000072200201340072404490A78A2431343ED
:103210000B7010BD00230620F5E7C046B06DFF1F00
:10322000054B06491B780A6805485B0702401B0BE3
:10323000134300200B607047B06DFF1F1CF000406F
:10324000FFFFC1FF70B50C25FFF7EAFF0A4B1C78A2
:103250000A4BE4086543ED18002C01D1200070BD35
:103260002B78002B06D06B68002B00D09847013CD0
:103270000C3DF1E71220F2E7B06DFF1FA86DFF1FB4
:103280001FB5002102220B0001910091052000F0E2
:103290005FFD02230B490A681A42FCD120230393E5
:1032A000039B5A1E0392002BFAD1074A1368002B86
:1032B000FCDA0B246C442000012100F031FD207861
:1032C00004B010BD90C8004000C8004013B5040011
:1032D0000A4B0193019B002B01D1112016BDFFF772
:1032E000CFFF23000340044205D0052000F020FB5F
:1032F000019B013BEDE71800F0E7C046FFFFFF0729
:1033000007B500F01DFD80220821D205936A0191C6
:10331000002B01D10739916202210C4A11600199F9
:10332000481E01900029FAD1033111600531019145
:103330000199481E01900029FAD11160002B02D199
:103340008022D205936200F0C3FB07BD00C000409D
:10335000F0B52D4C89B02378002B4FD1FEF7D2FA6F
:1033600002232A4F03903A681A42FCD12023069385
:10337000069B5A1E0692002BFAD1254E3368002B6D
:10338000FCDA0120FFF7A2FF011E02D0112009B0D4
:10339000F0BD030003220190009005AD9F2000F0D6
:1033A000D7FC0321280000F0BBFC02233A681A4234
:1033B000FCD120230793079B5A1E0792002BFAD1BA
:1033C0003368002BFCDA0120FFF780FF0028DDD1F5
:1033D0000398FEF7ABFAAA786B7811041B020B4333
:1033E00029780B4363601300113B0A49052B07D86A
:1033F00001239340A3600B60012323700020C6E7E4
:1034000080231B03F6E7C0462040FF1F90C8004002
:1034100000C800409808FF1F1E4B30B55A68187846
:103420001D4B85B0D31859424B4101210093002315
:1034300000F036FB194B1A4A02259A6300221A65DE
:1034400010325A658022C4219D65164B1648D2025F
:10345000DA6789004258154B80241A4080231B04E8
:1034600013434350642341200393E40500F02CF9F7
:10347000402000F029F96562039D6B1E0393002D27
:10348000FAD103236362FFF73BFFA562FFF760FFFA
:1034900005B030BD2C40FF1F95FFFEF700C800406F
:1034A000050001FF04E100E000E100E0FFFF00FF94
:1034B00010B5064B18705960FFF7AEFF00211320BE
:1034C000034AFFF7C9FD002010BDC0462C40FF1F76
:1034D0001934FF1FF0B587B0029103920400FEF784
:1034E00011FA019000F02CFC802302250122234ECA
:1034F000DB0535605D629A6200F0EAFA204F3B68B6
:103500002B42FCD120230493049B5A1E0492002BCF
:10351000FAD11C4D2B68002BFCDA0120FFF7D6FEF8
:10352000002802D0112007B0F0BD2000039A0299B4
:1035300000F0C6FA022304003A681A42FCD12023A4
:103540000593059B5A1E0592002BFAD12B68002B80
:10355000FCDA0120FFF7BAFE051EE3D100F0F0FB14
:1035600080230322DB0535605A629D6200F0B0FAC9
:103570000198FEF7DBF9E0B2D5E7C04600C0004095
:1035800090C8004000C80040F0B5802489B0060013
:10359000FEF7B8F9E405A36A02250393029000F050
:1035A000CFFB0123304F3D606562A36200F090FACB
:1035B0002E4C23682B42FCD120230593059B5A1ED9
:1035C0000592002BFAD12A4D2B68002BFCDA012042
:1035D000FFF77CFE002803D01124200009B0F0BDC5
:1035E000244B2360022322681A42FCD12023069335
:1035F000069B5A1E0692002BFAD12B68002BFCDA90
:103600000120FFF763FE021EE6D11B4B03211E6063
:10361000030001900090202000F09AFB0223226812
:103620001A42FCD120230793079B5A1E0792002BB6
:10363000FAD12B68002BFCDA0320FFF747FE041EAB
:10364000CAD100F07DFB80230322DB053C605A6277
:103650009C6200F03DFA039B002B01D1FFF750FE66
:103660000298FEF763F9B8E700C0004090C8004038
:1036700000C800400100000694C8004007B50002E1
:1036800001910422000A01A9FFF724FF0EBD0000EA
:1036900073B5050005240B4AA3005B429B1819680B
:1036A0006B46DE1D3000FFF78DFB022804D1337816
:1036B0002B55013CEFD276BD052CFCD00128FAD168
:1036C0000230F8E7140900111F2807D801238022CF
:1036D0008340D20591680B43936070473F2808D818
:1036E0000123802220388340D20551690B43536166
:1036F000F3E75F28F1D80123802240388340D205C8
:10370000116A0B431362E8E71F2807D801228021C2
:103710008240C9058B6893438B6070473F2808D867
:103720000122802120388240C9054B6993434B61B7
:10373000F3E75F28F1D80122802140388240C90593
:103740000B6A93430B62E8E71F2810D8802302001E
:10375000DB05153A1968012A06D820229143196021
:1037600019680A431A60704701228240F6E73F2831
:1037700011D880230200DB05353AD968032A06D820
:1037800010229143D960D9680A43DA60EBE701223D
:1037900020388240F5E75F28E5D842238022181AB6
:1037A000413B8340D205516A99435162516A0B43B0
:1037B0005362D8E710B50400012813D1A02218499C
:1037C00092050B685B015B0913430B60154B164AAE
:1037D00019681140154A0A431A60402219680A43C1
:1037E0001A6010BD0028FCD101000A2000F028FA60
:1037F00021000B2000F024FAC0220A4B9200196825
:103800000A4340211A601A688A431A60B0220449A8
:1038100012060B685B015B0913430B60E1E7C046CE
:1038200014F000401CF000407F00FEFF80FD01000E
:1038300072B6074A1368013313600422054B1A60FD
:103840000023054A13608022D2055360FEE7C0467C
:103850007808FF1FC0F00040C4F0004005490B6825
:10386000002B05D1044A0A6004490A60044A136027
:103870007047C046140AFF1F841E0000380AFF1F4D
:10388000C4F000400023034A1360034A1360034A54
:103890001360704754F0004040F1004044F1004094
:1038A00002B4714649084900095649008E4402BCD9
:1038B0007047C04602B4714649084900095C490096
:1038C0008E4402BC7047C04603B4714649084000AC
:1038D0004900095E49008E4403BC704703B4714639
:1038E000490840004900095A49008E4403BC70470A
:1038F00001B40248844601BC604700BF6D0B010063
:1039000001B40248844601BC604700BF51B80000C2
:1039100001B40248844601BC604700BF89440000EE
:1039200001B40248844601BC604700BF6911010030
:1039300001B40248844601BC604700BF0189000011
:1039400001B40248844601BC604700BFE9F60000AC
:1039500001B40248844601BC604700BF116E0000FC
:1039600001B40248844601BC604700BF156B0100EA
:1039700001B40248844601BC604700BF85120100C3
:1039800001B40248844601BC604700BF893701008A
:1039900001B40248844601BC604700BF8D8200002C
:1039A00001B40248844601BC604700BFEDA5000099
:1039B00001B40248844601BC604700BF01340100E5
:1039C00001B40248844601BC604700BF21A9000041
:1039D00001B40248844601BC604700BF6DF6000098
:1039E00001B40248844601BC604700BFBD0B010022
:1039F00001B40248844601BC604700BF85C1000095
:103A000001B40248844601BC604700BF8D1101002B
:103A100001B40248844601BC604700BFB70E0000F5
:103A200001B40248844601BC604700BF4DF9000064
:103A300001B40248844601BC604700BFDD0C0100B0
:103A400001B40248844601BC604700BF090E000073
:103A500001B40248844601BC604700BFA9D80000F9
:103A600001B40248844601BC604700BFC1A5000004
:103A700001B40248844601BC604700BFC115010083
:103A800001B40248844601BC604700BFED680100F4
:103A900001B40248844601BC604700BFDD3F00001E
:103AA00001B40248844601BC604700BFC56D0100F7
:103AB00001B40248844601BC604700BFE9D400005D
:103AC00001B40248844601BC604700BF9573010001
:103AD00001B40248844601BC604700BF9DA90000B4
:103AE00001B40248844601BC604700BFF9ED000004
:103AF00001B40248844601BC604700BF791201004E
:103B000001B40248844601BC604700BF0167010060
:103B100001B40248844601BC604700BFD9B0000030
:103B200001B40248844601BC604700BFE9170100A8
:103B300001B40248844601BC604700BF090E000082
:103B400001B40248844601BC604700BF71B0000068
:103B500001B40248844601BC604700BF0D52010019
:103B600001B40248844601BC604700BF53B900005D
:103B700001B40248844601BC604700BFF93501002A
:103B800001B40248844601BC604700BFE90B010054
:103B900001B40248844601BC604700BFC166010011
:103BA00001B40248844601BC604700BF8B5201004B
:103BB00001B40248844601BC604700BFC9A90000A7
:103BC00001B40248844601BC604700BFB352010003
:103BD00001B40248844601BC604700BFC95C0100D3
:103BE00001B40248844601BC604700BF01D7000011
:103BF00001B40248844601BC604700BF8552010001
:103C000001B40248844601BC604700BFDD0A0100E0
:103C100001B40248844601BC604700BF2D6C01001E
:103C200001B40248844601BC604700BF9D6A0000A1
:103C300001B40248844601BC604700BFA18B01115A
:103C400001B40248844601BC604700BFB56F011152
:103C500001B40248844601BC604700BFC1F70000C0
:103C600001B40248844601BC604700BFCD0C01008E
:103C700001B40248844601BC604700BF89140100BA
:103C800001B40248844601BC604700BF016C0100DA
:103C900001B40248844601BC604700BF7997000028
:103CA00001B40248844601BC604700BF19FA000015
:103CB00001B40248844601BC604700BF05340100DE
:103CC00001B40248844601BC604700BFD1AE000089
:103CD00001B40248844601BC604700BFBD5C0100DE
:103CE00001B40248844601BC604700BFF90D0100E1
:103CF00001B40248844601BC604700BF75F800006B
:103D000001B40248844601BC604700BFE9270000B7
:103D100001B40248844601BC604700BFE94C010081
:103D200001B40248844601BC604700BF3D710100F8
:103D300001B40248844601BC604700BF61370100FE
:103D400001B40248844601BC604700BF75A9000069
:103D500001B40248844601BC604700BF496D0100C0
:103D600001B40248844601BC604700BF2144000002
:103D700001B40248844601BC604700BFCD4C01003D
:103D800001B40248844601BC604700BFADAE0000EC
:103D900001B40248844601BC604700BFE51201003F
:103DA00001B40248844601BC604700BFF5350100FC
:103DB00001B40248844601BC604700BFD5440100FD
:103DC00001B40248844601BC604700BF5976010037
:103DD00001B40248844601BC604700BFED6B01009E
:103DE00001B40248844601BC604700BF09340100A9
:103DF00002000000869C011101000000049B0111DB
:103E000002000000829C011101000000303EFF1FF3
:103E1000020000000C9B0111010000003068FF1F30
:103E200002000000809C011103000000045EFF1FDF
:103E30001200000002000000869C01110100000039
:103E4000849B011102000000829C0111010000000E
:103E5000819B0111020000008E9B011102000000F5
:103E6000285EFF1F02000000829C0111010000007B
:103E7000809B0111020000008C9B011101000000D9
:103E80001C5EFF1F02000000809C01110300000067
:103E9000145EFF1F02000000869C0111010000005B
:103EA000E49B011102000000829C0111010000004E
:103EB000693FFF1F02000000F69B01110100000096
:103EC000DA9B011102000000829C01110100000038
:103ED000683FFF1F02000000F49B01110100000079
:103EE0001468FF1F02000000829C01110100000005
:103EF000673FFF1F02000000F29B0111010000005C
:103F0000CA9B011102000000829C01110100000007
:103F1000663FFF1F02000000F09B0111010000003E
:103F2000C59B011102000000829C011101000000EC
:103F3000653FFF1F02000000EE9B01110100000021
:103F4000C09B011102000000829C011101000000D1
:103F5000643FFF1F02000000EC9B01110100000004
:103F6000BC9B01110202020202020000BD1B0111F2
:103F7000B91B01119A97011190011D00180018003A
:103F8000FFFF07010203040506020106000000000E
:103F90000000000000000000000000000000000021
:103FA000000000000000000003000B000500F0000E
:103FB0000000B4000028002800283075A000A000F0
:103FC000A000A00000080008E001F00010001000B0
:103FD00010001000100010005000500050001000A1
:103FE0001000D0070000000000000F0001000500D5
:103FF000307507001000010081FF00000000FF0085
:10400000A53C0111AD3A01113D380111FFFF01003E
:10401000FF0000001968011195650111AD640111DF
:104020000000000000000000000008000400000084
:104030003B0001085902E00188212800FF00000030
:1040400002000000869C0111010000006C9D01111E
:1040500002000000829C011101000000BD40FF1F12
:10406000020000007E9C0111010000006C6EFF1F29
:1040700002000000829C011101000000BC40FF1FF3
:10408000020000007C9C011101000000BA40FF1FEB
:1040900002000000829C011101000000B840FF1FD7
:1040A000020000007A9C011101000000B040FF1FD7
:1040B000180018001D009001020000030202000019
:1040C00002000000869C011101000000809D01118A
:1040D00002000000829C0111010000000041FF1F4E
:1040E00002000000789C01110000000000000000A8
:1040F00002000000809C0111030000008C6EFF1F75
:0241000020FF9E
:040000051FFF184180
:00000001FF
