:020000041101E8
:10010000F7B5164B0192C318021D002000938823F7
:100110005B05D3181B685C1C1AD09CB2402C18D805
:100120008D781E0CAC466746CD782D023D43AE421D
:1001300006D1019800280ED110000C70240A4C70D2
:1001400003249BB20733A343D218009B9A42DED309
:10015000FEBD4432F9E71000FAE7C046FC0F00008C
:10016000802213B503000324019189B252010731A3
:100170009B18A14304305A1A88235B05C3181B68D7
:10018000591C03D190429241104016BD99B24029AA
:1001900007D80B000733A343C0189042ECD30020CC
:1001A000F3E74430F9E7134B134A1B68126810B5A4
:1001B000F424934201D81A00F024104BA4021B68C7
:1001C0009A4210D813000E4A12689A420ED3013395
:1001D00007D1F0239B029C4203D10A49054808F04D
:1001E000DBFC200010BDF824A402ECE7FC24A402F0
:1001F000F7E7C04600C0031100D0031100E003116F
:1002000000F00311FFFFFF7FF0B59BB015000490D5
:100210000391402A00D9A0E006AB59801A80FFF76D
:10022000C2FF0400042816D9002206A9FFF768FFC0
:10023000052810D906AB1B88AB420CD1002D07D086
:10024000514B2A000499C01808F006FB002802D17F
:1002500001201BB0F0BD06AB1D8020000699FFF702
:100260007FFF041E7BD1069B0793FFF79CFF802333
:100270005B01C61880230700DB029E4201D3F026F3
:10028000B60288235B05F31801931B68013302D083
:10029000019808F0A9F93D49019808F07DFC3B1D43
:1002A0000293331D05938822029B52059B181B68FD
:1002B00008935A1C3CD044219AB20091402A04D899
:1002C0000320D11D814389B2009103991B0C8B42FD
:1002D00024D0402A22D80122300008A9FFF710FFBD
:1002E000021E1BD1380008A9FFF70AFF04000428EA
:1002F00031D9009A059B9B1880225201B218934273
:1003000040D288235B05C118009A09A808F06CFB4D
:100310001D4B009A09A9F01808F0C6FA009A029B32
:100320009446634402931A4B029AFB189A42BAD33A
:1003300088235B05FC1821680198013908F02CFC22
:10034000200008F051F9039A07AB5A803000079952
:10035000FFF706FF0400002C03D1002079E70428F2
:10036000FBD988235B05E018069908F015FC0323E8
:10037000EA1C9A4300D16BE7034B0499E01808F09C
:1003800093FA65E70424ECE704000011FFFFFF7F08
:10039000F80F0000F7B505001400402A21D8002707
:1003A00001AE71803780FFF7FEFE042816D93A00AF
:1003B0003100FFF7A5FE042810D93688BC420BD0C7
:1003C000BD4209D0221CB44200D9321C064B92B265
:1003D000C118280008F008FB30B2FEBDC04300B2CF
:1003E000FBE703204042F8E70400001137B5042280
:1003F00004000D0001A81649FFF7CCFF02000428F5
:100400000BD1019BA34208D3AB4204D0104901A8F1
:100410000195FFF7F9FE01203EBD0E4C2368200038
:10042000019308F0E1F8019920000139019108F0E9
:10043000B3FB80235B01E418074B9C42EED10422FE
:10044000034901A80195FFF7DFFE0020E4E7C0465D
:100450005555000000C00311000004118022F8B5BA
:10046000964C974BD200002120001C6008F0FCF84D
:100470002300944A88331A60934B1A786A23002A1F
:1004800000D01133E3620A232365904B37221B7897
:100490000820A3638E4B2118E361102323628D4B48
:1004A0003B256361C823DB00A36123008C331A6002
:1004B0002823013AE26320646364CA67043A211D79
:1004C000CA672100BC310D602100C03108602100E5
:1004D000C4310B6021000635CC310D602100083D90
:1004E000C8310D602100D0310A602200D432106082
:1004F0002200D832136022000227E0322100176068
:100500004222DC310A6021001B3DE4310D602100F4
:10051000E83108602100EC310B6023000521F43341
:1005200019602300F0331A602300183290331A60E8
:1005300023009433186023001E3A98331A60AF23C7
:10054000DB002360644BFA262363644B644DE36055
:10055000644BF031A3642300FF31FC33B600A1608B
:1005600021611E60A5627325E5656D3D6565A56524
:1005700096255D4AAD00E264666258606766A566CE
:1005800000270925A767E566584F594D6067200089
:100590002567E2673A6015279C30676007001A20DC
:1005A00038602000A0300700212038602000A830EB
:1005B00007004C4838602000F830066026006427A9
:1005C000A436376026005F3FAC3637602600033F15
:1005D000B03637602600C637B436376026000027AD
:1005E000B836376038269E60424E96205E64424E92
:1005F0005A66DE61414E9A645E62F53EFF3E9E623F
:100600001E269A67354A8000DE661F675F67DD65D4
:100610001D661862DA67BE23394A5B00E250394B27
:10062000D838235004302250C4225200A350C6238D
:10063000E4205B00E1500433334AE1503349344B4A
:10064000D1603449800019503349E938FF381950D6
:1006500032490430195032493248D161324911636C
:10066000324951631900F4310860CE20304940000E
:1006700011603049195019002F48F83108602F498E
:10068000D16582212E4A89005A501A002D4908321C
:10069000D1671A002C49B432116088212B4A890095
:1006A0005A501A002A49883211602A4ADA6408F03E
:1006B0004BFA012008F048F8F8BDC0460004FF1FBF
:1006C0008462FF1F506DFF1F0441FF1F4A0AFF1F76
:1006D0003A07000080C3C9019A020000DC0500004F
:1006E0006A18000050C3000088130000F009FF1FC3
:1006F000204E00006509FF1F68100000C4090000BB
:1007000040420F0010270000FC00FF1FC11BFF1F0D
:100710000000FF1F152CFF1F9D2FFF1F352EFF1FF1
:10072000811FFF1F7126FF1F9D1FFF1F4921FF1FF4
:100730000D1FFF1F9528FF1F7D29FF1FD918FF1FC1
:10074000A127FF1FC524FF1FD124FF1F0D1EFF1F60
:10075000C51EFF1F851DFF1F0223F0B50124634D39
:10076000634E2B70634B34701A68634B89B004205E
:100770005A7006F017FD08F0F7F8FFF76FFE08F063
:1007800013F81F2200215D4B1E271A705C4B6F442B
:100790001C705C4B19705C4B19689143163A0A4304
:1007A0001A60602219689143403A0A431A6008F0BF
:1007B000A3F907F099FF554B9847C120FF21544BEF
:1007C00080001A588A431A50C522920098588843CC
:1007D000BF390143995098584E4908408021C901BA
:1007E0000143802099509958C0050902090A014324
:1007F000995080214848490107F0DEFE032322007A
:10080000464901940093464808F07EF9162245496E
:1008100002A808F0E9F802AC61782078023406F00A
:10082000BFF8A742F8D1404C404B226803201A4041
:10083000A023DB0213432360802322689B0413431D
:10084000236022683A4B1A4080239B0313432360A2
:10085000384A394B934200D8012008F01DF807F0C0
:100860003BFF80232268DB0413432360287807F0D2
:100870008BFF3078C0B207F097FE07F07DFF2F495D
:10088000042007F0E1FE06F083FA06F0CFFE00F048
:10089000CFFF01F077F82A482A4906F06DFD2A4B70
:1008A0002A4819782A4B32781C782A4BC9B21E780C
:1008B000D2B22B780196009406F05EFD08212648FE
:1008C000264A06F059FD8023A1222548920023499B
:1008D0005B0106F051FD234B2348196806F04CFDDF
:1008E00000F022F9002009B0F0BDC0464A0AFF1FFF
:1008F0000441FF1F34F000402860FF1F480AFF1F1B
:10090000490AFF1F680AFF1FBCF00040E1A2000077
:1009100000E100E0FF00FFFF0841FF1F8C53FF1FB5
:100920000851FF1F8E94011114F00040FF7FF8FF63
:10093000FFFF9FFF0080FF1F506DFF1F3B0001085E
:10094000D88B0111020101034B0AFF1FEE8B01112D
:10095000440AFF1F450AFF1F1C8C0111780A000082
:100960004C8C0111800AFF1FA08C01117047704749
:1009700030B503A804880B20002C0ED14968074D20
:1009800008784978090201430A20A94205D10121CA
:1009900020001980024B1B7A137030BD192A000009
:1009A0001060FF1FF7B5150008AA16884A680F4F98
:1009B00014785278120222430A24BA4214D1012236
:1009C000DBB2019200962A0007F066FD041E0BD1EF
:1009D000074B1B68002B07D068782A780002104369
:1009E00042425041013098472000FEBD02290000DC
:1009F0000C5EFF1F30B5012503790400BFB02B4208
:100A000011D00A49408807F0B3F828420BD0084BB0
:100A100001A95B8D4D800B80064B00221B7A6088FC
:100A20000B7103F035FD3FB030BDC046045EFF1FC3
:100A3000F03DFF1F1060FF1F10B50549054807F086
:100A40004DF80421044A054807F00AF810BDC046D5
:100A5000045EFF1FFFFF0000A4940111F03DFF1F83
:100A600010B5024804F0F2FB10BDC046F5090111B3
:100A700001230370054B1A7A42700C2282709A7916
:100A8000C270DB79037105207047C0461060FF1FFC
:100A9000022310B50370013B43700533837010339C
:100AA0000371443B43712A3383714433C371002380
:100AB0000372064B04001B8843720A30FFF7D8FF0D
:100AC000831D0A30C0B2E37010BDC0461060FF1F26
:100AD00010B5142007F0C0FF124B1422002118603B
:100AE00007F0C2FD002007F0AFFF012007F0ACFEC9
:100AF000022007F0C1FD032003F0F0FD042005F003
:100B000087FE052003F024F8062003F0FBFC0720F5
:100B100001F08CFA082006F083FF092001F056F856
:100B200010BDC046105EFF1F07F0DEFE012007F07B
:100B3000B3FD07F0E1FE032382B054280ED84343EF
:100B4000DAB2D0430023C0B2FF210A4008401202AB
:100B50000B401B041043184302B07047A92806D865
:100B600055384343DBB2DA430020D2B2ECE75630CB
:100B70005843C0B2C3430022DBB2E5E7F0B5030A35
:100B8000040C071CD8B285B00E004843FF2107F0C3
:100B900043FFC5B2E0B2FF21704307F03DFFC4B28E
:100BA000F8B2FF21704307F037FFFF231D401840C4
:100BB0002D021C4024042843204305B0F0BD000052
:100BC00013B52638C0B211280FD80A4A0A4B115C57
:100BD0000A4A1B5C125CFF242340180021400902D2
:100BE000224012040843104316BD002211001300D6
:100BF000F1E7C046FA9401110C950111E894011136
:100C000037B500240325019028006043044B0322DC
:100C1000C01801A9013407F0E7FE202CF4D137BD3C
:100C2000945FFF1F10B50C220249034800F087FBB8
:100C300010BDC0461C5EFF1FF45FFF1FF0B5A84B40
:100C40008FB003931B68002B00D17FE0A54F2021BC
:100C5000380000F017FDA44C2378002B5FD0637997
:100C6000180025381C285AD807F0AEFD3400720051
:100C70007200720072007200720072009C009C0090
:100C80009C00E000FF00FF00FF00FF00FF00FF00EE
:100C9000FF001D0159005900590059005900590021
:100CA000590059001D00A2780DAB1A70E2785A70F5
:100CB00022799A7061780D98FFF760FF05AB187084
:100CC00002040002000E120E5A7098700598FFF789
:100CD00097FF24E00025854B0DAE0293029AEB00AE
:100CE0001078C018C0B2FFF726FF03041B0E737004
:100CF00003236B4330700002000EB07001936178E3
:100D00003068FFF73BFF019B0204F8540002FB1818
:100D1000120E000E01355A709870202DDED19825E4
:100D2000734C6D0020212B0022006E4800F0D1FC96
:100D30000100A8420AD1200000F06CFC011E05D081
:100D40000023039A6B48136006F016FB0FB0F0BD4A
:100D500066490A78097849B200291EDB5200D5B2EB
:100D60001800FFF72DFF0DAE3070030400021B0EBC
:100D7000000E7370B0706078FF21684307F04CFE7E
:100D8000C1B20D98FFF7FAFE0304307000021B0E8B
:100D9000000E7370B0700D9899E7FF25AD1A6D00C5
:100DA000EDB2DDE72D2B37D0FF2600252E2B35D1D8
:100DB000300001954D4A1378127852B2002A30DB88
:100DC0005B00DCB2FF273B1B9BB239005843029308
:100DD00007F002FE04AB1872029B0198654358436A
:100DE0003900401907F0F8FD04AB587220003900B3
:100DF000704307F0F1FD04AB98723B4B06985978AD
:100E0000FFF7BCFE07AB187002040002000E120EC2
:100E10005A70987007985AE70026FF252800019617
:100E2000C8E7FF24E41A6400E4B2CBE72F4B18783C
:100E3000030700D573E7C000C0B2FFF77CFE08AB24
:100E4000187002040002120E000E5A709870617839
:100E50000898FFF793FE09AB187002040002000E19
:100E6000120E5A709870099831E7204A12781207CA
:100E700000D554E71800FFF7A3FE0AAB1870020470
:100E80000002120E000E5A70987061780A98FFF7EF
:100E900075FE0BAB187002040002000E120E5A70A1
:100EA00098700B9813E72420104B1B781B095843AC
:100EB000C0B2FFF740FE0CAB187002040002120E25
:100EC000000E5A70987061780C98FFF757FE0DABC2
:100ED000020418700002120E000E5A7098705AE741
:100EE000605EFF1F945FFF1FF45FFF1F3D5EFF1FEB
:100EF000645EFF1FB28C0111F0B5C5B01D004AAB96
:100F0000059016000E201F88002911D0002A0FD04E
:100F10004B681A785B781B0213433C4A934209D111
:100F2000012205980192EBB23200009707F0B4FA63
:100F300045B0F0BD364A0A209342F9D10130002F66
:100F4000F6D10230142DF3D82A003100314807F0D1
:100F50004BFD2900304806F00FFA2900300006F05A
:100F600079FB2E4C2A003100200000F087F90500A3
:100F700001282DD12A49059806F0FAFD284080B2B3
:100F8000002804D1274806F0F7F90020D0E73900FF
:100F9000F22207A807F068FBFFF744FE0C2202AB21
:100FA000214908A8DA8207F01FFD204B02AA1B88FE
:100FB00007A9938205983A0003F06AFA1C4D0100D4
:100FC000A079637922780090280006F0D5F9DCE753
:100FD000002805D01748290006F0CEF98020A7E7A1
:100FE000154B1870FFF71EFEFFF728FE2579637872
:100FF000627921780395E57810480295A5780195E6
:10100000A479009406F0B8F9BFE7C04602290000B1
:10101000D9FF0000285EFF1FF88C0111F45FFF1F4D
:10102000145EFF1F1F8D01111C5EFF1F7E3EFF1F00
:10103000668D0111AF8D01113C5EFF1FDF8D011127
:10104000F8B51D0006AB16001A8807AB1F784B6871
:10105000597818780B4B090201430A20994210D1A4
:101060000130002A0DD1FFF7DDFD3C1C0C2F00D90B
:101070000C24E4B222003000034907F0B5FC002044
:101080002C80F8BDD4FF00001C5EFF1F094B10B57B
:101090000400984205D0012904D12000064906F039
:1010A0001DFD10BD0229FCD1013904F08DF8002886
:1010B000F3D0F6E7FEFF0000145EFF1F10B50E48E8
:1010C00000F0AAF90021072005F050FD02210720B9
:1010D00005F066FC0021032005F048FD02210320F5
:1010E00005F05EFC0021042005F040FD02210420F3
:1010F00005F056FC10BDC0463E5EFF1F30B5072010
:1011000085B005F02DFC0400032005F029FC050046
:10111000042005F025FC01214D404C40EBB241403C
:101120001D4DE2B21D4CC9B200912800210000F013
:101130007BF9002814D025796378627921780395AA
:10114000E57817480295A5780195A579009506F0F0
:1011500013F90022134B1A70FFF764FDFFF76EFDC1
:101160002378002B0CD06379412B09D00D49A2794B
:101170000B7812090133DBB20132934202D20B70B9
:1011800005B030BD0023084A0B701378013313708B
:10119000FFF754FDF4E7C0463E5EFF1FF45FFF1FFC
:1011A0001F8E01113C5EFF1F3D5EFF1F70B51B4C83
:1011B000200000F051F80022194B1A70194B1A70D8
:1011C000FFF730FD1849194806F088FC184803F06D
:1011D0007DFF184800F090F943424341164D1749EE
:1011E0002B60002800D11649164806F0C5F82B6878
:1011F000002B0DD0002325782370FFF71FFD2570ED
:10120000FFF71CFDA379627861790F4806F0B4F806
:1012100006210E4A0E4806F023FC70BDF45FFF1F46
:101220003D5EFF1F3C5EFF1F145EFF1FFFFF0000BF
:101230008D100111009F2400605EFF1F648E01115C
:10124000618E0111698E0111888E011120950111A5
:10125000343EFF1F7047704700280ED001230370F3
:101260007F3343707F3325228370BF3BC3700023DD
:1012700042710D3A03718271C3717047030010B55A
:101280000220002B0DD000290BD0032A1CD10C7892
:10129000EF2C07D1487801284FD18B78772B00D0DD
:1012A000033010BD0420CC2CFBD18C78332CF8D12A
:1012B0004978232903D101221A700020F1E7100098
:1012C0002429EED10022F7E7072A1ED10A7804204C
:1012D000562AE6D18A79AA2AE3D14A79F02A0CD192
:1012E0004A789A708A78DA70CA781A71FF225A702E
:1012F000BE3A5A710022DA71DFE703200F2AD0D1FB
:101300000A799A70DA700A79EFE704208242C8D12C
:101310000C781000BB2CC4D1CA78442AC1D14A78B9
:1013200003201400253C132CBBD85A7189780A1C61
:10133000002900D101229A71DCE70420B1E7030003
:1013400010B5002823D0081E21D000200B2A1ED95A
:1013500066220A70513A4A701A7854426241233226
:101360008A705A79CA7020220A715A79412A00D0AB
:10137000987948719A780C208A71DA78CA711B7949
:101380000B7200234B7206338B729333CB7210BDFA
:1013900002788A4204D001230170837000207047D4
:1013A0008378032B18D80133DBB28370042BF5D17B
:1013B00043789342F2D04270002A05D00023838004
:1013C000C38003720120EAE7037A8280C28002723E
:1013D000584258414000E2E74378002BDED0838832
:1013E0000C4A934201D001338380037A002B07D14A
:1013F00082883B2AD2D901220272C3800320CEE721
:10140000C38801339BB20E2B01D8C380C6E70023EB
:10141000F3E7C046FFFF000010B5002803D02022EC
:10142000002107F021F910BDF7B51E0008AB1B78AD
:101430000C0005001100019300283DD0201E3BD078
:101440002800FFF7A5FF0700280031000A30FFF74A
:101450009FFF0600280001991430FFF799FF020052
:101460000020012F04D12378380059424B412370CA
:10147000022E22D107210320AB7F01330B401C49F0
:10148000AB7758430B00C35C0918A3704123637109
:1014900000234E788978E6702171E3710120022AD9
:1014A00018D1EB7F013201331340124AEB77D35C42
:1014B00063710023E3710120FEBD032EEFD1637839
:1014C000202019002039C9B29F2901D81B18D8B291
:1014D0006070E3E7032AEFD1A37920211A00103AC4
:1014E000D2B2CF2A01D85B18D9B2A171E3E7C046C6
:1014F000429501113E95011170B5041E66D08423FA
:10150000354A5B0111680B4313604023334A11686D
:101510000B4313608023DB051A6831490A401A60C7
:101520008022196852010A432E491A600A682E4B1C
:101530001A40B0235B0313430B6080232B4ADB0369
:1015400011680B4313602A4B9847630005008342E0
:101550003FD860082100401907F03EFA254A0300F1
:1015600090422FD91300DA0717D51A00032B00D2A7
:1015700003222149013A8B4200D90B00110061433B
:1015800001335C43481B8D4200D9681A611BA54298
:1015900000D9291B884200D81300082400201749CD
:1015A000174AFF34087014802222164C25682A43FB
:1015B0002260154A1360154B154A186001231370F9
:1015C0000B7070BD0228CED20223CCE7012040422E
:1015D000F7E70220FBE7C046080000401400004087
:1015E000FFEFFFFF2C380040FFFFC0FF0C3800402A
:1015F000D1A50000FEFF0000FDFF000008700040C4
:10160000007000402C300040147000402C700040EE
:1016100010700040F0B5002827D0154D0023022699
:10162000AC46144A144C154F8B4207D30122144B7D
:10163000217808001040114212D1F0BD25783542C2
:1016400009D03D68072D06D86546C25C01332A6083
:10165000084D2A00E8E7551E002AFAD1022005E0CD
:10166000013B002BE4D1032000E001204042E4E7ED
:1016700060700040400D0300287000402070004062
:10168000410D03000B00002805D00321594300231E
:101690004118884200D17047037043708370033053
:1016A000F7E7F0B500220624130080260427A4469D
:1016B000340014413D00044200D06546DB00013295
:1016C0002B43082AF4D11A0C0A701A0A4A708B703C
:1016D000F0BDF0B504001500070085B0002819D052
:1016E000171E17D009224A43170010370192BB4238
:1016F00022D303232E004B43C31802933300093334
:101700000393029B9C4208D1019B10220021E81800
:1017100006F0AAFF380005B0F0BD31006078FFF791
:10172000C0FF2078F11CFFF7BCFFA078B11DFFF7C8
:10173000B8FF0334039EE1E70027EBE770B516001E
:1017400004AA148805AA15784A685078117800020E
:101750002A4A0843801805284BD807F08DF8031350
:101760001E29343F07221000062C0AD8121BAA4259
:1017700000D92A0022491A803000091907F034F9EB
:10178000002070BD0720112CFBD81222121BAA4288
:1017900000D92A001B491A80EEE707200E2CF0D84A
:1017A0000F22121BAA4200D92A0017491A80E3E728
:1017B0000720032CE5D80422121BAA4200D92A00D4
:1017C00012491A80D8E70720032CDAD80422121B0A
:1017D000AA4200D92A000E491A80CDE70720022C20
:1017E000CFD80322121BAA4200D92A0009491A8025
:1017F000C2E700220A201A80C3E7C046DCD5FFFFFB
:1018000086950111FC5FFF1F7695011171950111FD
:101810006C9501116895011110B50D21024A03481C
:1018200006F01EF910BDC0465C950111943EFF1FE5
:1018300010B5084CE368002B08D18022064B5202F9
:101840001B689B186360054B1B68236007F044F915
:10185000A06010BD3860FF1FC8F00040CCF0004011
:1018600070B5184A936A916A9942FBD116498A6801
:101870009A421FD39A1A8B60144B0126186893B2B0
:10188000D202D20E4343424300204C681B0A1B196C
:1018900012029B180E4C0A684B60551CA3420CD8D0
:1018A000002801D04B600A600A4A136008680A4B9E
:1018B000186070BD581E821ADDE7084A30009B1878
:1018C0002A00EAE700F000403860FF1F140AFF1FFB
:1018D00040420F00C8F00040CCF00040C0BDF0FF17
:1018E00070B51F4C23793F2B01D93F2323711D4B2A
:1018F00022791A701878C0B207F016F818231A491E
:101900001A4A0B801A4913800B805380A379194916
:1019100080200B800C21938001334B43164D191C02
:101920000001834200D9011C2980D1806379002BFA
:1019300001D101336371237A012B01D80223237271
:101940006279237A0D4853430A21584307F064F81B
:101950000B4D2860E379052B01D81023E37170BD8E
:101960002C60FF1F480AFF1F7E3FFF1FB040FF1F74
:101970007C3FFF1F7A3FFF1F783FFF1F710200006F
:101980001C60FF1F064B70B51900064A31CA31C1F1
:1019900002225A7100229A71FFF7A2FF70BDC04661
:1019A0002C60FF1FA89501117047000070B504005E
:1019B000013806280DD806F05FFF041337571F0CB7
:1019C00059002B4805F0D8FC2A4B0221187806F064
:1019D0005BFF294B210029481C7005F0CDFC70BD30
:1019E000274805F0C9FC234B0821187807F044F874
:1019F0000022244B1A72ECE780220025214B520072
:101A00001A81FA22DD72204B1A4E5B7A920008216D
:101A10005A43307807F050F82900307807F00CF876
:101A20001A4805F0A9FCD4E7194805F0A5FC114BAC
:101A30000821187807F020F81648FFF729F8124B0C
:101A4000154A9B799380154A138000220D4BDA7258
:101A50000132FF321A81124B1B78002BB9D0114A88
:101A6000136006F0C9FFB4E70F48DAE70F48D8E77C
:101A7000C48E01114D60FF1F4C60FF1F428F01118A
:101A8000D38E01111C60FF1F2C60FF1FE78E011118
:101A9000FA8E0111893FFF1FB040FF1F7A3FFF1FE1
:101AA0002860FF1F34F00040118F0111328F0111A7
:101AB0000300F0B50A4D8E18B14202D152008018D1
:101AC000F0BD0C782F6824093C5D0F271C700C7842
:101AD00001313C402F683C5D5C700233ECE7C0464E
:101AE000743FFF1F10220F4B10B51A700F230E4CBE
:101AF0000E492370093A063B0D48637006F074FFE7
:101B00002D2301220B490C486372FFF7D1FF0122FC
:101B10000A49FFF7CDFF01220949FFF7C9FF00235A
:101B2000037010BD4A62FF1F2B62FF1F86950111D3
:101B30002D62FF1F6709FF1F3562FF1F6609FF1F28
:101B40006509FF1F10B5FFF7CDFF084C084B207843
:101B500021000130C0B2187006F026FF2178054A36
:101B60000139C9B2002005F099FE10BD2B62FF1F9C
:101B70004A62FF1F2D62FF1F10B5114B1A781870B3
:101B8000002A0ED000280BD10E4B1A78062A07D84F
:101B90005423D340DB0703D50B4B187801F056FED6
:101BA00010BD0028FCD0074B1B78012B02D0033B53
:101BB000022BF5D8044B0121187806F065FEEFE7FB
:101BC0004E62FF1F7562FF1F7662FF1FF0B5664B06
:101BD00087B01870654805F0CFFB654805F0CCFB71
:101BE000644805F0C9FB06F0CFFE03226249634852
:101BF000FFF75EFF2D24030088211C700422490595
:101C00000130FFF755FF30230222047043708370C8
:101C10005B4C5C4B2000DA875B490432FEF7BAFB71
:101C2000062813D0200006F0EFFC022809D003217B
:101C3000200006F001FE8D23E3706E3B2371193303
:101C40006371062220005049FEF7DEFA4F4B012552
:101C50001B68FC335C64FFF775FF07234C4E4D4C4B
:101C60003370053B23700433A370033BE37023718F
:101C7000D233637148492A3348486570A37105F02F
:101C80007BFB6423464F47487979594305F074FB41
:101C90002178A37862780591A1794348039161790D
:101CA000029121790191E1780091059905F064FB99
:101CB0000020FFF761FF32783C4E23002900307886
:101CC00001F086FD3A4A00213A4B1278307801F053
:101CD0007FFD6422384B244C1D707B7953431900DF
:101CE000284A0A3193811382D181518220782021A0
:101CF00006F0DAFC0120404205F01CFE01204042C3
:101D000005F0B8FEFFF788FDFEF796FE2B4805F0BC
:101D100033FB01204042FFF749FAFFF7CFF980215A
:101D20000A222078090106F0C7FEFA2280219200DB
:101D30004901207806F0C0FE280006F075FDF0206D
:101D400000F0FCFE2900207806F09EFD207801F0CE
:101D5000F9FE1B4806F0F0FDFEF708FE194805F0F5
:101D60000BFB07B0F0BDC0464D60FF1F518F011146
:101D70007F8F01119A8F01112440FF1FFC5FFF1F0D
:101D80006509FF1FB03FFF1FADAC00008462FF1F5D
:101D9000A83FFF1F893FFF1F2D62FF1FB08F01115A
:101DA0002C60FF1FC38F0111E08F01117662FF1FAE
:101DB0004A62FF1F2B62FF1F1C62FF1F139001115D
:101DC0004E60FF1F4090011173B520240E000D00DE
:101DD0002640214209D0414B4148197A0131C9B20C
:101DE000197205F0C9FA200017E00BB2002B16DAC1
:101DF0003C4B187806F090FE041E0CD00378912B13
:101E000006D143780E2B03D18188374805F0B4FA08
:101E1000200006F029FE80200002684076BD0224E2
:101E2000214208D0314805F0A7FA2C4B01201E7240
:101E3000FFF7A2FED7E70824214207D02C4805F07F
:101E40009BFAFFF70DFDFEF791FDCCE7CB0615D50C
:101E5000284B29481A7AD98805F08EFAFEF787FDB3
:101E6000264B1B78002B07D1FEF7FAFD244B1B688D
:101E7000DB0701D5FFF7EFF91020CEE7012421425F
:101E800008D0204805F078FA1F4800F093F806F0D3
:101E90004BFEA8E78024640121420DD01B4B174A5A
:101EA0001968127801311960194B1A481B78009291
:101EB0002A0005F061FA96E780242401214202D02D
:101EC000FFF71CF98FE70424080020402142A5D029
:101ED000114805F051FAFFF7BDF984E71C60FF1FB8
:101EE0006B9001114D60FF1F739001119C900111C7
:101EF000CB9001111060FF1FD69001114E62FF1FA1
:101F00002C60FF1FEA9001116C3FFF1F4860FF1F0C
:101F10004C60FF1F0591011136910111F0B51B4B6B
:101F20001B4F1B883A8804001A4E1B4D85B09A42FD
:101F30000DD832889A420AD3184B1A882B889A42B5
:101F400005D1174A174B12881B889A421BD00520CF
:101F500000F050FE3B8802AA138033880190538022
:101F60002B88114D93800F4B02A91B88D3800F4BF8
:101F70002A78188802F096FB0D4B08212878019AE0
:101F80001C7006F099FC05B0F0BDC0461A62FF1F38
:101F90007E3FFF1F7C3FFF1F7A3FFF1F1862FF1F1E
:101FA0001662FF1F783FFF1F7662FF1F803FFF1FF3
:101FB0001462FF1F13B50C4B1C78002C11D10028A4
:101FC00001D00A4B18600A4A0A4B11780A4A107865
:101FD0000A4A01920A4A0092002205F04FFB2000B3
:101FE00016BD1124FBE7C0467562FF1F1062FF1F7C
:101FF0007462FF1F6462FF1F7662FF1F5062FF1F43
:102000005462FF1F10B5064B12201B78052B06D11A
:10201000044B13221988044B187800F0C7FF10BD39
:102020007562FF1F803FFF1F7662FF1F10B50024FF
:102030000122114B52421870104B1C70104B1A8029
:1020400001F080FD04220F4B21001A700E480C3263
:1020500006F062FB102221000C4806F05DFB07220F
:102060000B4B1C600B4B1C700B4B1C700B4B1A70FA
:102070000B4B1C7010BDC0467662FF1F7562FF1FC0
:10208000803FFF1F7462FF1F6462FF1F5462FF1FC7
:102090005062FF1F2A62FF1F2962FF1F823FFF1F3E
:1020A0002862FF1FF8B5174C0600257806A81424EF
:1020B0000078052D23D1B41F134FA5B21824BD42BB
:1020C0001DD88D1FADB2BD4219D8FA256D00AA42A8
:1020D00015D21D000D4F0A3DADB2BD420FD80C4CBC
:1020E00026800C4C21800C4900240A800B4A138066
:1020F000FFF714FF0A4B0421187806F0BDFC2000FE
:10210000F8BDC0467562FF1F790C0000750C000019
:102110007E3FFF1F7C3FFF1F7A3FFF1F783FFF1F5F
:102120007662FF1FF0B50BB20D0089B0002B00DB0B
:1021300084E1AC4E307806F0EFFC041E2DD003781D
:10214000A22B00D133E1D02B2CD0912B22D143787C
:102150000E2B1FD18388A44A934211D1A34A8368CE
:102160001278052A16D1032018567F2812D0A04BCA
:102170001B68002B0ED05B68002B0BD0984709E042
:102180009C4A934206D181689B488B784A780978AB
:1021900005F0F2F8200006F067FC8020000268409D
:1021A00009B0F0BD80780728F4D806F045FA080099
:1021B000F3FF1C003C003C007300A700D7006378CD
:1021C000002B0CD10121894B19708C4B1A78002AF5
:1021D00054D08B4B307801F0FBFA00284ED0072208
:1021E000824B1A704AE061780029F8D1E378002B1D
:1021F0000AD0844A844B1278307801F0E9FA607092
:102200006378002BC6D0EAE7784B1B78022BC1D04D
:102210000121307806F008FA0028F1D10121307848
:1022200006F032FBECE76378002BD8D16F4F032820
:1022300007D13B78052B02D101333B701EE002230E
:10224000FBE7724B1A88724B0293002A0BD01B7863
:10225000002B03D00121307806F02EFB3B78062BB3
:1022600004D1013BE9E7029B1A70F7E7042B43D145
:102270000121029B3078197006F006FB5C4B1B684D
:10228000002B00D186E71B68002B00D182E7574A5C
:10229000107873E76378554F002B27D10622211D54
:1022A0005C4806F0A1FB62895B4B5C491A80A289FD
:1022B0005B4B1A80E3890B800521397059490A80EC
:1022C000594A1380228A594B1A80594B1B78012B8B
:1022D00009D11F2000F08EFCFA2292004243042113
:1022E000307806F0E9FA0022494B7AE7312B00D02A
:1022F00075E70022464B1A7003239EE70622002151
:10230000444806F009FA0023464A04211380464A4D
:1023100030781380454A138006F0AEFB08213078F0
:1023200006F0AAFBA379083B5A4253412F4A0333D4
:102330001370324B1B78002B06D0354B30781A784F
:10234000002A06D001F082FA0122334B52421A8051
:1023500094E70121197006F097FAF5E70821307823
:1023600006F08AFB6378002B00D013E72D4B2F4F2C
:102370000293E388029A042113802B4B3078039355
:102380002389039A138063893B8006F04DF9002866
:1023900000D0FFE6274B1B68002B00D1FAE603991B
:1023A00002983A88098800881B689847F2E64379C2
:1023B000132B00D0EEE60389012B0AD11E4B1B78AC
:1023C000022B06D10821307806F056FBFFF71AFEE3
:1023D000E0E6052000F00EFC08210200307806F04F
:1023E0006BFAD7E67662FF1F051400007562FF1FC7
:1023F0001062FF1F2220000058910111A83FFF1F0B
:10240000893FFF1F4A62FF1F2B62FF1F4C62FF1FA5
:102410004E62FF1F1D62FF1F803FFF1F2462FF1FD0
:102420002662FF1F1A62FF1F1862FF1F1662FF1F3E
:102430001C62FF1F0C62FF1F1462FF1F8020C0017F
:10244000014200D0ABE6CB0731D5324B1B78002BD5
:102450001DD0314E05AC3378052B1AD1023B2370C9
:102460002E4B21001B7823722D4B1B7863722D4B52
:10247000187801F051F9002809D007202A4B307054
:102480001B68002B03D01B68002B00D0984701204D
:1024900085E60E20254B06221B7825492370254B07
:1024A0001B78637002ABC01806F09EFAD8E70223CF
:1024B00008001840194209D0174B1B78052B03D18F
:1024C0001D4B188806F048FA022068E604242142D1
:1024D00003D0FFF723FD200061E608230800184021
:1024E000194200D15CE6154B1C78012C03D0022C5C
:1024F0000DD0082053E6124B124A134913481B888B
:102500001288098800880094FFF7CCFDF1E7FFF7F7
:1025100079FDEEE74E62FF1F7562FF1F823FFF1FCE
:102520002862FF1F7662FF1F1062FF1F2A62FF1FD3
:10253000833FFF1F2962FF1F803FFF1F1462FF1FA1
:10254000783FFF1F7A3FFF1F7C3FFF1F7E3FFF1F2B
:1025500010B5034C0B000122210000F06BFA10BDF6
:10256000112701110B8870B506000D000224162BEF
:1025700011D92B000322094900F05CFA041E0AD18C
:10258000074B2A881B88191C934200D9111C300064
:1025900089B200F0EFFA200070BDC0463D2701115E
:1025A0008A62FF1F10B54A780400013A0B0002202E
:1025B000012A07D80A78002A04D0052220000249FF
:1025C00000F038FA10BDC0466B2701110A7810B52B
:1025D0000B0004000220002A04D007222000024938
:1025E00000F028FA10BDC046172801110A7810B56E
:1025F0000B0004000220002A04D009222000024916
:1026000000F018FA10BDC0467D28011110B5034C2A
:102610000B000B22210000F00DFA10BDAD280111B6
:1026200010B5034C0B000D22210000F003FA10BD81
:102630001F29011110B5034C0B000F22210000F0DF
:10264000F9F910BD792901110A7810B50B000400C1
:102650000220002A04D011222000024900F0EAF9E9
:1026600010BDC04689290111002310B5132219009D
:1026700000F0E0F910BD000010B5034C0B0017226C
:10268000210000F0D7F910BDDB290111002310B59E
:102690001922190000F0CEF910BD000010B5034C4E
:1026A0000B001B22210000F0C5F910BD152A0111F5
:1026B000F7B584890D0006000121002C22D00023EB
:1026C0008268D3561778002B1EDA0C2C1AD90C3CD2
:1026D000A4B2131940880093230002F012FF431E96
:1026E000984101307B06DB0F6B703F23013C1F409C
:1026F000A4B22870AF70AC80002C07D0B36801334F
:10270000AB6000210800FEBD0020EBE7AC60F8E7FD
:102710000B7803704B8843704B881B0A83700B79CE
:10272000C370042070470420022B06D10020537888
:1027300011781B02009A0B43138070470B880370BB
:102740000B881B0A437002207047042000998342C3
:102750000AD1537810781B0203430B80D37890780A
:102760001B02034300204B807047F8B50D004B78E7
:1027700001240021461C03702B788B4201D82000D5
:10278000F8BD6B78B01C4F1C012B10D18900691863
:102790004B88022233704B88B9001B0A737069188A
:1027A00005F092FF04360434A4B2F9B2E4E7122330
:1027B00059436B185A88043132705B8810221B0A07
:1027C0007370691805F080FF12361234ECE770B5AB
:1027D000049D14001E00052B01D8042070BD6378F1
:1027E00012781B0213432B80E378A2781B02134359
:1027F00002226B802A71211D681D063E05F064FFD0
:10280000B2B22A81E92AE8D82800A11D0A3005F0D1
:102810005BFF0020E2E7002310B50A789A4201D856
:10282000900010BD9A008A185488013304705488AF
:10283000DBB2240A4470948884709288120AC270B1
:102840000430EAE710B51100029C062B04D00420E6
:102850001022142B01D010BD022222714B7808786F
:102860001B0203432380CB7888781B0203436380D9
:102870000431601D05F028FF0020ECE710B50C784E
:102880008B7804315C43E4B203702200013005F020
:102890001BFF601C10BD0420022B06D100205378C2
:1028A00011781B02009A0B431380704710B50C007F
:1028B0000A88023105F008FF208810BD70B50400B9
:1028C0000D0004981100012B01D8042070BD16786A
:1028D00052781202324302800200F13255701470B5
:1028E000E125002C00D10C35023B9AB24280AA426D
:1028F000EBD80231043005F0E7FE0020E6E70420C3
:10290000009983420AD1537810781B0203430B804D
:10291000D37890781B02034300204B80704710B59A
:102920000C000A88023105F0CFFE208810BD00009F
:1029300070B501211E000420049C0E400B4218D1EA
:10294000CB40DDB28D4214D90A49DBB209889942E5
:102950000FD32300EE331D7033005800111849784F
:10296000165C0902314301332152D9B28D42F4D8A9
:10297000002070BDAA3FFF1F10B50C000A8802316D
:1029800005F0A2FE208810BD10B50C788B780431BC
:102990005C43E4B203702200013005F095FE601C38
:1029A00010BD10B511000298032B01D8042010BDF2
:1029B00014785278043B120222430280CA788C7841
:1029C0001202224342809AB28280EB2AEED804316E
:1029D000063005F079FE0020E9E710B50C000B8801
:1029E00003700B881B0A43704B8883704B881B0A4B
:1029F000C3708A880430063105F066FEA088043072
:102A000080B210BD0420012B03D100201378009A5E
:102A10001370704710B50C000B8803700B881B0AED
:102A200043704A880230043105F04EFE608802305F
:102A300080B210BDF0B589B003931E4B02924200E4
:102A40000700D05A019102F050F81325061E2DD030
:102A5000029B01240370019B002B04D000190399F1
:102A60009847001984B26B461B7A5BB2002B0FDAD1
:102A70001021380002F0A8FB1925002813D13000DE
:102A80003219E1B202F0F2FC051E0CD10C34A4B2F2
:102A9000042304AA380005A993800696948101F0C6
:102AA000DFFD051E02D0300005F02EFE280009B023
:102AB000F0BDC0468862FF1F70B505000C000028FD
:102AC0000CD00020814209D010222000044905F0DA
:102AD000FBFD01202B7823736B78637370BDC046B8
:102AE000B4950111F0B506000D0017001C0085B06B
:102AF00002291BD00020102907D1022B07D0102B50
:102B000003D115E00020102C08D005B0F0BD6946B7
:102B10003800FFF7D1FF2A0069460BE06946300014
:102B2000FFF7CAFF22006946380004E0022BE9D112
:102B30002A003900300005F05FFEE6E7031CF028AC
:102B400000D9F023032008499AB2013A0B80D31729
:102B5000034006499B189B100B80D30F04499B1818
:102B60005B100B807047C046AE3FFF1FAC3FFF1F9E
:102B7000AA3FFF1F054B10B51B888B4205D3044BA2
:102B80004000C152034804F0F7FB10BDAE3FFF1FE9
:102B90008862FF1F6B910111014B4000185A70476A
:102BA0008862FF1F1722014B1A8070478862FF1F3F
:102BB00070B505000E2005F087FF041E13D0D0234A
:102BC000037000230622837007494570033005F027
:102BD0007BFD064B2100DA8A62811B7E2373044B46
:102BE000187805F051FF70BDA462FF1F9462FF1FAB
:102BF000FE3FFF1F262803D8024B4000C05A7047F3
:102C00000148FCE7B03FFF1FFFFF000070B5060062
:102C10000C00094D1C220021280005F07DFD074B0A
:102C20001E70074B1C7005F07FFD0123002801D0AA
:102C3000002312202B7070BD9462FF1FFE3FFF1F08
:102C4000B562FF1F70B505000D4C0800E260A16081
:102C500010220021656005F0A7FF012803D1102193
:102C6000A06802F004FE10220021280005F09CFF5D
:102C7000012803D11021606802F0F9FD70BDC04643
:102C80009462FF1F70B5041E05D1002903D00622EF
:102C90000D4805F019FD0D4B1D78012D11D1002CAB
:102CA00005D102221A7005F06FFF280070BD0022C6
:102CB0001A70074B1B78FF2BF7D02000FFF778FF27
:102CC000F3E70025F1E7C046A462FF1F9462FF1FEF
:102CD000FE3FFF1F030010B5002801D1002010BDEA
:102CE00000780B4A002803D15988D1821B791376CA
:102CF0001378022BF2D10023984200D103331370D2
:102D0000044B1B78FF2B01D0FFF752FF0120E6E7B1
:102D10009462FF1FFE3FFF1F002911D000280CD036
:102D20004B79012803D140225242134303E03F2252
:102D30001340032802D001204B7170474022F4E772
:102D40000800FAE770B5094D0100287800280BD07B
:102D5000074C0622200005F0B7FC21002878FFF779
:102D6000DBFF200005F090FC70BDC046B462FF1F81
:102D70008E62FF1F00290AD0012808D13F224B791B
:102D80009343C02B03D0403B5A425341981C704799
:102D900070B5174D06002B78FF2B15D00A2005F0D3
:102DA00093FE041E10D0D0230370C83B8370114BD8
:102DB00011491B784670C3700622043005F084FC6C
:102DC0002100287805F060FE0C4B1B78012B0DD1FB
:102DD0000B4B1B68002B03D09B68002B00D098473F
:102DE000084B04211878084A05F066FE70BDC046FD
:102DF000FE3FFF1FB462FF1F8E62FF1FB062FF1F06
:102E0000DC62FF1FE062FF1F60EA0000014B986870
:102E10007047C0469462FF1F014BDB68186870471B
:102E20009462FF1F074B10B5DA6813680133136013
:102E3000054B1878FF2803D08021C90105F024FD37
:102E400010BDC0469462FF1FFE3FFF1FF7B50E0086
:102E500002F04EF9051E1CD00E4B06621F78002FA3
:102E600000D10778AB791020019305F02DFE041EE8
:102E70000FD0D0230380C73B8370019BE91DC37033
:102E80000622043005F020FC21003800E66005F041
:102E9000FBFDF7BDFC3FFF1F014B18787047C04694
:102EA000B462FF1F054B002805D1054B1A78054B6E
:102EB000002A00D1014B18007047C046A462FF1FD2
:102EC000B462FF1F8E62FF1F014B58687047C046F7
:102ED0009462FF1F024B1868431E9841C0B27047AE
:102EE000B862FF1F421E03000120152A03D9FF3BD1
:102EF0005A425341D8B27047F0B51C0000230E006F
:102F000085B0039002920B70029A934201D3002085
:102F100019E0E55C5A1CD2B2002DF8D00298511984
:102F20008142F4DC0233DFB2A35C18000193FFF7A7
:102F3000D9FF002807D0013D019A0399EBB2337005
:102F40008A4202D1E01905B0F0BDDB19DBB2DBE744
:102F500010B50C0002F024F903001220002B03D05E
:102F60002100588805F040FC10BD000070B50E4DE2
:102F700084006359002B15D0186A002801D005F091
:102F80004BFB2B59586A002801D005F045FB2B5903
:102F9000986A002801D005F03FFB285905F03CFB5A
:102FA00000232B5170BDC046C462FF1F1C4B70B57F
:102FB00004000E00150099420AD11A4B1B68002B21
:102FC00001D1122070BD1B68002BFAD09847F9E799
:102FD000154B994215D1134B1B68002B0AD01B6867
:102FE000002B07D09847002804D1104B1C70104BC1
:102FF0001D70E7E729002000FFF7AAFF0028E1D1B4
:10300000F3E7080002F074F80028DAD00378032010
:10301000A342D7D12900300005F0E6FBD2E7C04635
:10302000FEFF0000C062FF1FFFFF0000BD62FF1F28
:10303000BC62FF1FF7B50400808802F059F8002534
:10304000A84203D00578A08802F08EF81C4E337891
:10305000002B1FD0AB421DD11A4B28001978FFF767
:1030600077FF002818D000233370A3790820A778B1
:10307000A688019305F028FD011E0DD0D023037012
:10308000CA3B8370019B477086808371280005F0DE
:10309000FBFC01E0002DE8D1A0880B4B8200D35847
:1030A000002B01D0FFF762FF1721A088FFF762FD18
:1030B000A08801F057FDA08801F062FEF7BDC04670
:1030C000BD62FF1FBC62FF1FC462FF1FF0B587B067
:1030D0001D000CAB1B88070001930DAB1B8814204F
:1030E00002930EAB1B88160003930FAB1B88009155
:1030F000049310AB1B88059305F0E6FC041E1AD060
:10310000D0230370CB3B47708370C6700622290022
:103110000430002D11D005F0D7FA019B2100638106
:10312000029B0098A381039BE381049B2382059B60
:10313000A37405F0A9FC07B0F0BD05F0EDFAECE7CB
:10314000F7B5009308AB1B8807000C200D00160094
:10315000019305F0B9FC041E13D0280001F0C8FF4C
:1031600000280FD00078D0232370C93BA370009BA8
:1031700021002381019B6770A580E680638105F0B3
:1031800083FCF7BD014B1878EDE7C046FE3FFF1FFB
:1031900013B5040064890389C2888188C0780094CB
:1031A000FFF7CEFF13BD000010B5044C20680028C7
:1031B00003D005F031FA0023236010BDC862FF1F61
:1031C000A122F0B5818892004A43384B384F1B68E2
:1031D00004009B189D2292009B18827989B01A6086
:1031E0003B68002B5FD01D78324B1B68002B04D04E
:1031F0005B68002B01D0002098472600083631007C
:10320000E079FFF7B7FD237DE0710200E0780493D9
:10321000638A29000393238A0293E3890193A38895
:1032200000933300FFF752FFE378002B0BD1E289C4
:10323000A379A18802920196E279280000920122E6
:1032400001F060FFE0703B68002B20D0FFF7ACFF7F
:10325000194D287800281AD0184B1978FFF778FEF6
:10326000002814D02B78E67808200793A78805F06B
:103270002BFC011E09D0D0230370CA3B467083701B
:1032800087808671079805F0FFFB00232B701721BC
:10329000A088FFF76FFCA08801F064FCA08801F013
:1032A0006FFD09B0F0BD064B9DE7C0463409FF1F16
:1032B000C862FF1FDC62FF1FBD62FF1FBC62FF1FF1
:1032C000FE3FFF1FF8B5070008000E0001F010FFD9
:1032D000041E18D02620FFF78DFC051E00D125788E
:1032E000062005F0F1FB041E0DD00021062205F09A
:1032F00013FAD0232370C23B21006770A370A6800D
:10330000E8B205F0C1FBF8BDF0B585B001930AAB9A
:103310001B78070002930BAB1B7808000D0000928E
:10332000039301F0E5FE061E22D0102005F0CCFB31
:10333000041E1DD01022002105F0EEF92620FFF713
:1033400059FC002800D13078D0232370C13BA370F2
:10335000009B21002372019B67706372029BA58012
:10336000A372039BC0B2E3720C9BE36005F08CFB7D
:1033700005B0F0BDF7B50D00019001F0B9FE071ED4
:1033800020D00E2005F0A0FB041E1BD02620FFF746
:1033900031FC061E00D13E78D0232380C53B062297
:1033A000A370F91DE01C05F08FF9019B2A006381D1
:1033B0000123DD401A401D40210022736573F0B2E5
:1033C00005F062FBF7BD0000F0B585B0029010007B
:1033D0000D0017000A9E039301F08AFE041E31D0EF
:1033E000029B002B2ED1039B02795B0724D512236D
:1033F00013430422002E08D10B99002905D10C9902
:10340000002902D10D9900291AD01A430D9B22716F
:10341000002B00D0C9E0002E00D1CFE0002D00D05D
:10342000CCE0606A002801D005F0F6F81C213000DD
:1034300005F09AFB606205E002239A430E33D7E75A
:1034400093432371654BBA00D458002C00D1AAE0F5
:10345000002E10D0236A002B03D11C2005F0FCFAAB
:1034600020625E4BBA00D358186A002803D01C2291
:10347000310005F029F90C9B002B12D0574CBB00F2
:103480001D596B6A002B03D1162005F0E5FA68621E
:10349000BB00E358586A002803D016220C9905F0A7
:1034A00013F90D9B002B11D04C4DBC006659B36A2B
:1034B000002B03D1142005F0CFFAB0622B59986A83
:1034C000002803D014220D9905F0FEF8380001F011
:1034D0000FFE051E67D0414BBA00D358002B62D0B7
:1034E0001A6A3420002A00D11C389A6A002A01D0B6
:1034F000143080B20B9A002A01D01C3080B25B6A73
:10350000002B01D0163080B205F0DEFA041E4AD03E
:103510001822002105F000F92620FFF76BFB01902F
:10352000002801D12B780193D0232370029B200027
:1035300063700A23294EA370039BBD00A371AB598E
:10354000A780196A1830002905D01C22A06005F058
:10355000BBF8200034307359996A002907D0030062
:1035600014221433E060029305F0AEF802980B9B2E
:10357000002B08D003001C221C330B9920610293FE
:1035800005F0A2F802987359596A002903D016224F
:10359000606105F099F86B462100187905F074FA1E
:1035A0003800FFF7E3FC05B0F0BD10220D9B0D992C
:1035B0001B69A018236205F087F82CE70B9B002BF2
:1035C00000D13FE7012D00D03CE7606A002801D020
:1035D00005F022F81C210B982AE7C046C462FF1FA1
:1035E00010B5044C2068002803D005F015F800231E
:1035F000236010BDB862FF1F0B4B07B51A68002A85
:1036000001D100200EBD6946531C012012780731FC
:10361000FFF772FC0028F4D0027801231000184054
:103620001A42EED0EEE7C046D462FF1FF0B51F4F3E
:1036300001203B6887B0002B25D09B78059300F0D4
:10364000DDFB002821D00A20FFF7D4FA04000B206C
:10365000FFF7D0FA164B05001E78731E9E413B689B
:10366000F6B2191DD878FFF757FB3B682900DA7AC4
:10367000043303929A790193029200903300200060
:10368000059A05F009FA07B0F0BDFFF7B5FF00286D
:1036900005D00620FFF7AEFA04000720D8E708207F
:1036A000FFF7A8FA04000920D2E7C046B862FF1F5E
:1036B000B462FF1F70B50A4E040033780D00FF2B73
:1036C0000DD0042005F000FA011E08D0D0230370AD
:1036D000CE3B45708370C470307805F0D5F970BD6D
:1036E0000C40FF1F70B5040006200D0005F0ECF93A
:1036F000011E0AD0D0230370CD3B8370054B44706C
:103700001B688580187805F0BFF9002C01D0FFF701
:1037100067FF70BDB862FF1FF8B5264F06003B6813
:103720000D001124002B05D10522234B1B781342D9
:1037300002D112242000F8BD204A10241268002A69
:10374000F8D01278002AF5D0DB0719D52B789A1E0D
:10375000012A1AD80C2005F07FF9132438600028BC
:10376000E8D000230A22437029000670023004F0DA
:10377000ABFFFFF75BFF041E0AD0FFF731FFD9E76D
:1037800000F03CFB0028E1D1E4E7002BE2D0D0E7D9
:103790000B4B1B78032BCDD11D20FFF72BFA094BC8
:1037A00018800028C6D0084B04211878074A05F075
:1037B00083F9BFE7B862FF1FB562FF1FD462FF1F26
:1037C000B462FF1FB262FF1FE062FF1F60EA0000E9
:1037D000F7B50193194B14001A78052306000F0062
:1037E00012201A4221D0012920D1154B1D68002D2D
:1037F0001BD002201F2C18D8002C02D0019B002BBC
:1038000013D0104B1F221E706E1C0021300004F0DC
:1038100083FF01992200300004F056FF31002000A0
:103820002C70002F06D005F097F9FEBD064B122034
:103830001D68DCE705F0B8F8F7E7C046B562FF1F82
:10384000D462FF1F0C40FF1FD062FF1FF8B50F4E60
:1038500012243368002B17D01B780F3C834213D1FE
:1038600000250B4F0221387805F006F9094B042199
:1038700038781D8005F000F9074B28001D8033685B
:103880005C7004F019FF04002000F8BDB862FF1F4F
:10389000E062FF1FCC62FF1FB262FF1F70B50128FC
:1038A00023D11B4C2388002B03D01A4A1578002DF6
:1038B00007D0194B1B68002B02D01878FFF7C6FF02
:1038C00070BD3B2B02D93C3B2380F9E7134E02210C
:1038D000307805F0D1F8FA222388920002215A4369
:1038E000307804F0E9FF2580EAE70B4B1B68002BDA
:1038F000E6D00B4B1B785B07E2D5084B022118780A
:1039000005F0BAF80022024B1A80FFF769FED7E7EC
:10391000CC62FF1FB062FF1FB862FF1FE062FF1F93
:10392000B562FF1FF8B51E4D2868002803D004F0CB
:1039300073FE00232B601B4E3068002803D004F078
:103940006BFE00233360184F05243B78180020409D
:10395000234221D0154800F055FA3B78234213D07A
:10396000202005F079F82860002813D020220021BB
:1039700004F0D2FE202005F06FF8041E306005D060
:103980002022002104F0C8FE002004E0286804F092
:1039900043FE2C601320F8BD00F034FAF4E7C04673
:1039A000D462FF1FD062FF1FB562FF1F0040FF1FE0
:1039B00010B50A4C23681A1E0ED0002808D1013019
:1039C000587004F079FE002805D02368002B02D03F
:1039D0000021FFF787FE0122100010BDB862FF1F13
:1039E000F7B5274E050033680191181E21D05C7889
:1039F000244F012C30D1FFF7FFFD002825D02000F7
:103A0000FFF7F8F80400412814D91F4B0221187859
:103A10001E4A05F051F81E4B3C3C1C8002223368C4
:103A20005A703B78002B14D128000199FFF75AFEF9
:103A30000120FEBDFA2292004243002AEED0124B32
:103A40000221187804F038FFE8E7FFF7D3F8020006
:103A5000F3E700233B70EBE73B78002BE8D1032032
:103A600005F032F8011E08D0D0230370CC3B45701E
:103A700083703368187805F007F8FFF7B1FDD7E7D2
:103A8000B862FF1FB062FF1FE062FF1F60EA000024
:103A9000CC62FF1F10B5204B8188994234D016D8D4
:103AA0001E4B994207D81E4B994221D81D4B994273
:103AB00019D0002010BD1C4B9942FAD18368997827
:103AC0005A78090218781143FFF78AFFF2E7174B7B
:103AD00099421DD0164B0020CB18052BEAD815486B
:103AE00003F04AFC0EE083681878FFF761FFE1E716
:103AF000114A83688818424250411B78C0B21900AD
:103B0000FFF7D8FD0120D5E783680C481978E7E76F
:103B100083680B481978E3E7512000000920000072
:103B200007200000062000000A20000052200000AC
:103B3000ADDFFFFF7A910111F8DFFFFFA7910111BF
:103B4000C0910111014B18707047C0460D40FF1F16
:103B500010B5064C207001F0A7FA207804F03CFD67
:103B60000521207800F06CFD10BDC046E062FF1F0B
:103B70000BB273B50D00002B00DBCBE08B4B18783C
:103B800004F0CAFF041E0ED00378912B0FD0A22B95
:103B900000D1A8E0864B1878FF2852D0210004F00D
:103BA00073FF00284DD180200002684076BD437825
:103BB0000F2B76D013D8052B70D00E2BEAD180882E
:103BC0007C4B98422BD87C4B98421BD87B4B98421D
:103BD000E0D1A3681878591CFFF754F838E03E2B61
:103BE000D8D18378032B79D06CD8012B73D0022BDA
:103BF000D0D1734B1B68002B23D05B68002B20D0E7
:103C000098471EE06F4BC0180C28C3D804F0B4FED0
:103C10001DC2C2150BC20B0B0B3223C23C006A4BF8
:103C2000C0180728B6D8694B1B68002B09D01B6841
:103C3000002B06D0200098470AE0A3681878FFF709
:103C4000A7F8200004F010FFADE7A068FFF742F8E6
:103C500000289FD0F5E7A3681B78002BF1D0584BC4
:103C60001B68002BEDD01B68002BEAD021005848C0
:103C70009847EDE7524B1B68002BE2D01B68002BE6
:103C8000DFD021005348F3E7534B1B68002BD8D0FB
:103C90005B68002BD5D021004648E9E7FFF7CAF959
:103CA000CFE780884D4B984203D04D4B984200D0CF
:103CB00070E7494B1B68002BC3D05B68002BC0D05A
:103CC0002100D5E7152B0CD04648162B00D061E714
:103CD00003F052FBB5E7FFF773FAB2E7FFF758FAC4
:103CE000AFE74148F4E7414B1B78042B07D1002391
:103CF0006A4613800179408800F0C8FCA1E7364B82
:103D00001B68002B9DD05B68002B9AD001003848BF
:103D1000984796E7012421420AD0294B1B68002BC3
:103D200004D05B68002B01D00020984701203CE7BD
:103D30008B070AD5254B1B68002B04D05B68002B32
:103D400001D02000984702202FE7042128000840D6
:103D50000D4200D12AE7274E3388002B21D0013BAA
:103D60009BB23380002B1AD1FFF7B4F800280AD099
:103D7000214B1C70154B1B68002B04D05B68002B7B
:103D800001D020009847FFF79FF8694601F086FDB3
:103D90006846FEF7D7FF1D20FEF72CFF3080042079
:103DA00003E7024B187804F067FEF8E7E062FF1FB4
:103DB0000D40FF1F0E200000012000000910000030
:103DC000D862FF1FFEDFFFFFAFDFFFFFDC62FF1FD8
:103DD0000C2000000B200000C062FF1F0D2000001F
:103DE0001320000016920111DA910111B562FF1F34
:103DF000FFFF0000B262FF1FB062FF1F10B501F0AD
:103E0000F7F910BD014B18607047C046DC62FF1F18
:103E10000B880020162B01D817230420014A138099
:103E20007047C0468A62FF1F00207047074A0300A0
:103E30001188814207D091880020994202D1013037
:103E40008000101870470020FAE7C046E862FF1FA4
:103E5000F0B58F7806000D00C5B01E2F15D1FFF705
:103E6000E5FF051E03D10024200045B0F0BD00226F
:103E70003B003100C078009200F0B2FB0400A81CA7
:103E800000F0D2FBFF23EB70EEE7264B06240393F2
:103E90001B78FF2BE8D0182FE6D87B08224A013B7D
:103EA000DB0002929A589446002ADDD0029AD31879
:103EB0005B68002BD8D00878002802D14B78012B02
:103EC00002D10624122FCFD107AFAB8869780097B3
:103ED0006446AA68A047041EC6D1AB78029A5B0864
:103EE000013BDB00D318390030005B689847041EA3
:103EF0000BD1AB78042BB6D0039A31001078220096
:103F0000009700F06DFB0400AEE76A78002AABD1A1
:103F1000AA7805A93B88087130000A704B80FEF72B
:103F200017FBA0E71040FF1FC49501111D4B37B5CB
:103F3000050098420BD000290AD1FFF777FF00282F
:103F400005D11948FFF772FF002800D0058037BD62
:103F500001291AD1FFF76AFF041EF8D001235B4242
:103F60000380A378FF2BF2D0FE2B07D00023E0784C
:103F70001422009329001E3300F032FBA01C00F035
:103F800053FB01235B426380E1E70229DFD1013962
:103F900001F01AF90028DAD12800FFF747FF041EC4
:103FA000DFD1D4E7FEFF0000FFFF0000022210B5C2
:103FB000074B52421A80074801325A809A80DA80B1
:103FC00000F07EFA044801F081F8002010BDC046E0
:103FD000E862FF1F513E01112D3F01110388F7B523
:103FE0000400002B02D102252800FEBD42680221F8
:103FF000137825485268FEF775FD00282ED0234F10
:1040000001253A88002AEFD0802321885B02012510
:104010009B1A9942E8DC0C2004F01EFD061E31D0EC
:104020003B8822889C4600231800019561469DB27A
:10403000491989B2AA421BD8002801D062443A80AB
:1040400000233000082208C0210004F03DFB104A84
:104050001368002B13D100251660C5E762680221A2
:1040600013780C485268FEF73DFD0028C7D1BAE727
:1040700060681D014019418101330198D6E71A009B
:104080001B68E6E71325AFE7329601110E40FF1FCC
:10409000E462FF1F30960111014B18707047C04653
:1040A0001040FF1F14230A0010B51A40194204D013
:1040B0000122102101F0A4F810BD4B06F9D4012013
:1040C00088434000F8E710B514008B0604D50122A0
:1040D000102101F095F810BD08230A001A4019427A
:1040E00002D14BB2002B0FDA102101F089F8002821
:1040F00008D02300F2331B78002BECD0F134237866
:10410000012BE8D10020E6E703208907FAD4E2E793
:10411000F0B51F00184B85B01C6801900291039206
:10412000002C27D1200005B0F0BDA5683301ED18A3
:104130006B89019A934211D3029A93420ED8002FB1
:1041400004D10A9B002B10D12C00EBE73B0029780F
:10415000039A6868FEF7C6FC0028F2D10136B6B2B1
:10416000A388B342E1D82468DAE7A3680A9A5B8996
:104170001380E9E70026F3E7E462FF1F37B50C0080
:104180000A8849880123914217D3002A15D0651D5A
:1041900023792A0002210A48FEF7A4FC10230028F4
:1041A0000BD023796188208800242A000094FFF72F
:1041B000AFFF0A23A04200D0230018003EBDC04636
:1041C0003296011113B50A000888498801238842F4
:1041D0000BD8002809D00024137905320094FFF78A
:1041E00097FF0A23A04200D02300180016BD13B584
:1041F0000A0008884988012388420BD8002809D082
:104200000024137905320094FFF782FF0A23A042AD
:1042100000D02300180016BDF0B58BB003904A887B
:1042200008880E000123824255D3002853D0002372
:10423000012704AC23700022718813000092FFF75D
:1042400067FF051E3ED02078002835D12B78022B41
:1042500018D167706A8983000130E31880005A80A2
:1042600069680222201804F02FFA23780133DBB2A8
:104270002370042B19D93B006889013080B2002BD0
:10428000D9D01FE002236370122358436A89231890
:1042900004305A8069681022201804F015FA237837
:1042A0000133DBB22370002BE5D10C4A6B899B18DC
:1042B0005A425341DBB2DFE76378012BE4D12B781C
:1042C000022BC7D022780A23002A04D021000398A9
:1042D000FEF768F9002318000BB0F0BD0100FFFFE6
:1042E0000F4BF0B504001868002816D083685D896C
:1042F000A54207D88288AE18B44203DA12019A1890
:10430000934201D10068EFE71E005F891036A74293
:1043100004D1002900D00D801800F0BD3300EFE774
:10432000E462FF1F70B505000C0008880021FFF74C
:10433000D7FF03000120002B04D022002800197AA7
:10434000FFF7C1FE70BDF7B50C00002501902300FA
:10435000EE331B78AB4201D800200AE06B00E65A2E
:1043600000213000E718FFF7BBFF002802D12680AC
:104370000130FEBD017A0198FFF794FE002802D0BB
:104380003B882380F5E70135EDB2E0E710B5040086
:1043900008880021FFF7A4FF03000120002B03D0B1
:1043A0002000197AFFF77EFE10BD0000054B1B6848
:1043B000002B01D1180004E09A6852898242F6D19C
:1043C00098887047E462FF1FF0B50E27002687B07B
:1043D000039302ABFF183E8005001F4B4089140079
:1043E000984207D02B78013000976A6880B2FFF7B7
:1043F0008FFE060002212B7818486A68FEF772FBD0
:1044000000280FD06C892000FFF7D0FF002802D0D1
:10441000013C0419A4B2039B002B00D01C80300087
:1044200007B0F0BD02212B780D486A68FEF75AFBF1
:104430000028E7D102212B780A486A68FEF752FB70
:10444000002807D0002EDED03B88A342DBD1748940
:10445000013CDFE76C89DEE7FFFF000032960111C7
:10446000309601112E96011110B50C00FFF7DEFCFD
:1044700003000220002B0AD0002C00D023609B7880
:104480001720FE2B03D00138FF2B00D1002010BDD8
:1044900073B50D0001A904001600FFF7E5FF17280A
:1044A00005D0002E04D129002000FEF7F7F876BDD4
:1044B00001221021200000F0A3FE0028F3D0F6E72F
:1044C000014B18607047C046F462FF1F37B56B465A
:1044D0009D1D010004000222280004F085FA2B88AB
:1044E000B02B0ED12379122B09D12300FA331B787C
:1044F000012B06D10121608800F0E0F801E01B2BC0
:10450000F8D037BD10B5054B0421187000F098F8AD
:10451000FFF74CFDFEF746FB10BDC046F862FF1FDB
:104520000020F0B50BB20F0087B0834234DA274B7E
:10453000187804F0F1FA051E2BD00378A02B25D1B2
:1045400003AE3100FEF7B4F8041E0BD1B378DB07DD
:1045500024D51F4B06341B68002B03D0310068881C
:1045600098470400A868002801D004F0CDF8002C7A
:1045700008D1184A039B1340174A934206D0B378D8
:104580001B2B03D00121688800F098F8280004F064
:104590006BFA80200002784007B0F0BD0F4B1B681B
:1045A000002B10D0310068889847041EDAD0737849
:1045B000002BD7D1B27801A90A704B800C716888A2
:1045C000FDF7C6FFCEE70624F1E7C046F862FF1FFD
:1045D000F062FF1F00FFFF0000011200F462FF1FE6
:1045E000F7B50190FC200D0017001E0004F06CFAD6
:1045F00004001320002C12D0B02320002370089B4D
:10460000F4226770658026710830002B08D01900ED
:1046100004F05AF82100019804F036FA0020FEBD9B
:10462000089904F079F8F5E710B5041E06D0007873
:10463000FD2803D803F0C8FFFF23237010BD00003E
:104640000A1F93B210B504000220032B05D8824044
:104650000020024BD1529B189C7010BD1863FF1FA5
:104660000B8870B5043B04000D000220032B0BD80F
:104670000121200000F0A8FD03001420002B03D02E
:104680002900200000F028FC70BD000007B51300D1
:10469000034A00920A00012100F088FC0EBDC046CA
:1046A000C948011107B5019203220092024B0A008A
:1046B000122100F0A5FC0EBD4749011107B56B465C
:1046C00001AA11800449D88008780633012802D154
:1046D000190004F031F807BDF962FF1F0C4B10B54B
:1046E00018700023FF210B4A13801381938193805C
:1046F000094A53801370517293819372D174D3829B
:104700001375517704F0E8F800F0FCF910BDC046CD
:104710002863FF1F1863FF1FFA62FF1FF0B58DB0FB
:104720006B46002003910C229B5E834200DBB0E0CD
:104730005D4B187804F0F0F9051E00D1A4E0037871
:10474000902B00D09DE006AF01004688380000F0B5
:104750001FFA79680400002900D19CE03B88052BF2
:104760006ED13B89032B1CD905AC200000F0A2F8C8
:104770006288172A61D83989131D994231D1796825
:10478000237804310291D90738D5607800F08EF98A
:10479000071E06D0002303712378012B08D0132BAA
:1047A00023D0A868002800D178E003F0ADFF75E0C1
:1047B0006288029909A800F0A6F80290380000F07B
:1047C0008BF909AA2378387A0192002231000092ED
:1047D000029A00F012F9380000F064F9029B002BF5
:1047E000DFD0300000F080F9DBE70378032BD8D16D
:1047F0006288029909A800F0D6F8DEE7122B13D1DF
:10480000029909A800F0B5F8021EEAD127498B8861
:10481000002BC6D0887909A923780191617800918D
:10482000310000F0EAF8BCE7002302AA93833000CD
:10483000617809AAFFF72AFFB3E71D4B0993F6E752
:10484000042B02D09A1F012AABD8184A043B9B00C4
:10485000995A0029A5D0D218907831003A0000F07A
:10486000AEF800289DD13B88042B03D001213000F5
:10487000FFF724FF012C04D1A868002801D003F021
:1048800043FF280004F0F0F88020039B000243401F
:1048900018000DB0F0BD012800D182E701213000E1
:1048A000FFF70CFFEDE7C0462863FF1F1863FF1FEB
:1048B000010017000B7803704B784370CB788A782F
:1048C0001B021343438070470A88030002700A8862
:1048D000120A42700A88012A06D14A8882704A88E0
:1048E000120AC2700420704702208242FBD14A881B
:1048F00004309A704A88120ADA708A881A718A8893
:10490000120A5A71EFE710B50400012082420CD957
:104910004B780A781B0213432380834206D1CB785D
:104920008A781B0213436380002010BD022BFBD149
:10493000CB788A781B02134363804B790A791B0278
:104940001343A380F0E70B8803700B881B0A4370A6
:104950004B8883704B881B0AC3708B8803718B88CC
:104960001B0A4371CB888371CB881B0AC371082053
:10497000704703000120082A14D14A7808781202EF
:1049800002431A80CA788878120202435A804A7910
:104990000879120202439A80CA7988791202024386
:1049A0000020DA80704710B504000120022A05D1EA
:1049B00000204B780A781B021343238010BDF8B502
:1049C000060010200F00150004F07EF804000120FE
:1049D000002C0ED0A0230C22290023806780201DEC
:1049E000002D07D003F070FE2100300004F04CF8D9
:1049F0000020F8BD03F090FEF6E7F7B51E0000902A
:104A000008AB142017001D78019104F05DF8041E16
:104A100012D0A2230370019B47704380099B05714C
:104A200046710C220830002B07D0190003F04CFE11
:104A30002100009804F028F8F7BD099903F06CFEF6
:104A4000F6E737B5041E0FD04388002B0CD00025A5
:104A5000C1881323007A172201950095FFF7CDFF37
:104A6000FF2365806372257037BD000010B50C49C7
:104A700004004A88002A09D08B89002B05D0002029
:104A8000CB8A0222834201D010BD012213000A20EA
:104A9000434300204032C854C81842800472F3E7F0
:104AA000FA62FF1F0023438003707047094B002107
:104AB0001A0010B55C88002C06D01C79844203D102
:104AC0000A234B43D01810BD01310A330329F1D119
:104AD0000020F8E7FA62FF1F10B50400407A03F0E7
:104AE00073FDFF23637210BD7047043010B580B2B0
:104AF00003F062FF002803D00421494203F024FFA1
:104B000010BD000070B50025124CA0682580A5815D
:104B1000A580A84202D003F0F7FDA56000250E4C49
:104B20000E4B606D1D80230058331D70A84202D0CB
:104B300003F0EAFD656500256068002801D003F0F8
:104B4000E3FD013508340A2DF6D1054802F014FCC6
:104B500070BDC046C063FF1F6463FF1FB463FF1FC7
:104B60004E92011170B5041E0CD1074D2880A8810A
:104B7000A880A868002802D003F0C6FDAC600348F6
:104B800002F0FAFB70BDC046C063FF1F5A920111CC
:104B90000023F0B54E8843600A7904000F0089B005
:104BA000022A00D08BE0C98803291ED9BB685A7835
:104BB0001878120202430592DA789D7812021543A2
:104BC000DA791B7A67481B0213435BBA9AB20380F7
:104BD000059B04338B4227D1042D08D06B1F022B79
:104BE00016D92900604802F0C7FB01201AE05F4B8C
:104BF0003101CB5A002B0BD0F4215D48FF3102F07C
:104C0000BBFB3000FFF7AEFF5A4A13690133136153
:104C10000421059BB86823812580494203F094FE56
:104C20006060002009B0F0BD524C042D0CD06B1F09
:104C3000022B18D983212B004D48890002F09CFBE0
:104C4000E3680133E360D0E7484B3101CB5A002BD6
:104C500009D04748484902F08FFB3000FFF782FF38
:104C6000236901332361414B360106930023069AE1
:104C7000B3529319059A9D80100007939A81FFF70C
:104C800034FF079B051E986015D00421B86849427F
:104C900003F05AFEFA880100043A280003F014FDDC
:104CA000069AFB88B25A043B9B18069AB3522368B3
:104CB0000133236099E7A3690133A36195E72B4B87
:104CC0003101059333010693059B3001CB5A0599B9
:104CD0000D18A968002B30D000292ED0012A2CD124
:104CE000FA880598944663449BB232011352A8890E
:104CF00098421AD362469B1AC818B96803F0E4FCBC
:104D0000059B0699AA89CB5A934200D06DE70A0009
:104D100000212381AB882380AB686360059BD1525F
:104D2000144A5368013353605FE7124A93680133B2
:104D300093603000FFF716FF57E70A4A059F128875
:104D4000029333019C466744BB8900919921094C29
:104D5000019363690948890002F00EFB636901331E
:104D60006361E6E72A63FF1F66920111C063FF1FBC
:104D70007F9201113063FF1F130200009692011110
:104D800070B5051E18D10D4C0D4B188023005833FB
:104D90001870606D002802D003F0B6FC6565250030
:104DA00050356068002801D003F0AEFC0834AC42F6
:104DB000F7D1044802F0E0FA70BDC0466463FF1FFB
:104DC000B463FF1FBD920111F0B51600A12285B09A
:104DD0009200019342433D4B05001B680C009B1859
:104DE000D933FF331F78FDF7D7FE0430874204DD47
:104DF0002800FDF7D1FE0430C7B2B74207D3320016
:104E000000212800019B03F0B7FE05B0F0BD39007A
:104E1000300003F0E1FD2300C5B250331D70039351
:104E2000019B39006365300003F0D6FCCBB20293DE
:104E3000002B02D0039B01351D7000262300503348
:104E40001B78B34204D8606D002839D10020DCE71C
:104E5000029A3800002A04D0013B1000B34200D06F
:104E60003800F5006519287003F0A6FC019B686006
:104E700001001A78164802F07FFA686800280ED000
:104E80002A78019903F020FC019A2B780136D31877
:104E9000104A0193D369F6B20133D361CEE7230000
:104EA000503318706065A54205D10A4A1320D36AB1
:104EB0000133D362A9E7606803F026FC0834F2E707
:104EC00003F022FC00236365C0E7C0463409FF1FDE
:104ED000C99201113063FF1FF7B50C0006000421D1
:104EE000606803F031FD23890500037023891B0AE4
:104EF00043702388837023881B0AC3702789022488
:104F00000437FFB2F42F15D8224B9E4214D10C2047
:104F100003F0DAFD1134011E0CD0902303708E3B98
:104F20000371043B43801C4B8560C780187803F0F5
:104F3000ABFD00242000FEBD5C217143174B5918C6
:104F400001930B0058331B78002B19D103003A0052
:104F50003000FFF739FF041E05D0114B2200114825
:104F6000D96A02F009FA5C237343019AD1180B0045
:104F700058331B78002BDDD1300003F03DFBD9E71F
:104F8000074A0948536A07240133536202F0F4F9CF
:104F9000E9E7C046FEFF00002863FF1F6463FF1FB0
:104FA0003063FF1FDD920111F8920111F0B587B057
:104FB000009017200F0016000193FFF796FD1325B0
:104FC000041E19D00C98031E02D00199201D984789
:104FD000030AE370052302AAA070043090812770B1
:104FE0000098667003A993800494FFF775FF051E6F
:104FF00002D0200003F088FB280007B0F0BD0000BD
:10500000F0B587B01F000CAB1B780391059301210D
:105010000DAB06001C78049200F0D6F81425002889
:1050200021D02000FFF722FD0135041E1BD01149BD
:10503000059B0A7803700132D2B2131EC68001D1DB
:1050400001231A000B7022713000049B0399009712
:10505000FFF7ACFF051E09D1230021000648074ACF
:10506000093303F079FB280007B0F0BD002363800B
:105070002370F8E72C63FF1F434A011130750000CD
:10508000F8B505000E00064C064F2368002B02D031
:105090003100280098470434BC42F6D1F8BDC04620
:1050A000D063FF1FE463FF1F0123064A5B42538066
:1050B000002313715362044A136053609360D360FA
:1050C00013617047E463FF1FD063FF1F02000023DA
:1050D00010B506499C000859002801D1625010BD46
:1050E0000133052BF6D11320F9E7C046D063FF1F2B
:1050F000034A5388181A43425841404210407047AF
:10510000E463FF1FF0B585B002930AAB1F780CABC8
:105110001B88009008000E0001920393FFF7E8FF40
:1051200005001120002D1BD10E48FFF7E1FF040000
:105130001520002C14D006220B99A771E01D03F056
:10514000C3FA019B30002371029B29006371009B0D
:1051500066802370039B6562E381FFF791FF28005F
:1051600005B0F0BDFFFF000010B5FFF7C1FF040060
:105170000220002C12D060880121FFF781FF606AB5
:10518000002801D003F048FA28220021200003F073
:10519000C3FA012300205B426380207110BD000030
:1051A00030B5074A074C5588010013780020A54206
:1051B00004D05B1A59424B415842104030BDC046A2
:1051C000E463FF1FFFFF0000084A10B501230C0035
:1051D000904208D0FFF78CFF031E04D003792340D0
:1051E0005A1E9341DBB2180010BDC046FEFF0000FE
:1051F000024B1879431E9841C0B27047E463FF1F09
:1052000070B504000D001600FFF772FF002804D1EE
:105210000D4B9C4200D0143070BD416A03790520CB
:10522000002907D012221A40102A02D10520002E90
:10523000F2D10F20DB06EFD5897E0C20A9428941EF
:10524000494249420840E7E7FEFF0000030010B56D
:10525000002800D110BD0348034A41889142F9D08B
:105260009847F7E7E463FF1FFFFF0000002330B516
:10527000C45CCD5C6C40D4540133102BF8D130BDEC
:105280000F23002210B5C45C64002243CA54C25CE0
:10529000D209013BF7D210BD0200010010B5203247
:1052A000103103F021FC10BDF0B58BB0039010203D
:1052B00005931700049103F0CFFB0090102003F03A
:1052C000CBFB009B13240190002B05D000280CD1B0
:1052D0001324009803F0A0F9019B002B02D01800C2
:1052E00003F09AF920000BB0F0BD102003F0B4FBDE
:1052F0000600102003F0B0FB13240500002E00D19F
:10530000AEE0002819D01022002103F005FA320087
:105310002900039803F0E8FB041E0ED133787F2B9D
:1053200051D830000099FFF7ABFF009B1B787F2B13
:1053300053D801990098FFF7A3FF300003F06CF9F0
:10534000002D02D0280003F067F9002CC1D11020F5
:1053500003F082FB0600102003F07EFB0290002E7B
:105360007CD0002878D03A000F322300012512119A
:1053700005D00F333B4015B25A4253411BB26A1E4F
:105380001201002B33D0049BD2B298180099029AD4
:10539000FFF76CFF013D10220021300003F0BCF943
:1053A000ADB2049F2D017D19AF4242D0002C33D005
:1053B000300003F031F9029B002B00D189E718007F
:1053C00003F02AF985E729003000FFF759FF28008C
:1053D0002549009AFFF74AFFA7E729000098FFF741
:1053E0004FFF28002049019AFFF740FFA5E70F2152
:1053F0000F4004998A18D9B28F4208D9D15C06A807
:1054000019540133102BF6D1029A0199C0E7791A89
:1054100048424141C901F2E73900300006AAFFF7CE
:1054200025FF3200039806A903F05EFB1037040045
:10543000BAE7002CBCD13000029906AAFFF716FF8C
:10544000320006A9039803F04FFB08220400310044
:10545000059803F039F9ABE71324A9E71324AAE769
:10546000002800D06EE733E748960111F0B58BB005
:105470000F0016000225009000283FD0002A3DD0E2
:105480000B1DDBB21800029303F0E6FA1135041E7F
:1054900034D0FDF7C1FC05003A000099201D03F04F
:1054A00093FBEBB20393E3702B0CDBB22F0A009358
:1054B0006370FFB22B0E2370A7700193FDF7A6FC5B
:1054C0001022010006A803F07FFB2100029A04AB22
:1054D00006A8FFF7E9FE051E0DD1039B08223370D5
:1054E000009B04A9B370019B7770F370301D03F02B
:1054F0006BFBFDF797FC200003F08EF828000BB043
:10550000F0BDF0B58FB00D00149E0390049205938A
:10551000002A03D1022420000FB0F0BD002EF9D0E4
:105520000398FFF7E5FD1424071EF4D07278337852
:1055300012021A43B3781B041343F27812061A437B
:10554000036A0192934201D30133E3D1002D03D0CA
:105550003B7901249B07DED50822002106A803F031
:10556000DBF8059B13240433DBB21800029303F02D
:1055700073FA051ECFD0059A0499043003F024FB7A
:1055800004223100280003F01FFB390010221031E3
:105590000AA803F019FB2900029A06AB0AA8FFF734
:1055A00083FE041E0FD1082206A908A803F00CFBF5
:1055B0000822311D08A803F01FF9012807D101991D
:1055C0000398FDF743FC280003F026F8A3E7012425
:1055D000F9E7000070B51C4C05002368181E10D0B8
:1055E000002D14D11A78002A0CD1981C083203F02F
:1055F0006BF803F0E1FA0135002808D123681D702B
:10560000012070BD0A331800082203F05DF82368FA
:10561000002BF5D0122003F057FA061E0DD0C1233F
:1056200021680370457002311022023003F04CF8FB
:1056300023683100587803F027FA206802F0ECFF65
:1056400000232360DCE7C0460C64FF1FF8B50400AC
:105650002020FDF7CFFA154FA600F3590500002BC7
:105660001FD000280ED0D878FF280CD0290003F0D6
:10567000DBF9002807D1F3590D49DB780D482200EA
:1056800001F07AFEF8BD0C492A000C55BB5961188F
:1056900003330A4803F060F8BB590549DB78084832
:1056A000EDE72100074801F067FEEBE72864FF1FE4
:1056B000389601110A9301111064FF1FF16801115E
:1056C000349301115D93011170B50B4C85002B597A
:1056D0000100002B0BD0DA78084801F04DFE2B5961
:1056E000D87802F071FFFF222B59DA7070BD0448A0
:1056F00001F042FEFAE7C0462864FF1F77930111CC
:105700005D93011170B506008CB00C0015000021EE
:105710003022684603F000F831001022684603F09A
:1057200053FA1D2021000322684403F04DFA684615
:10573000FFF7B2FD2D21040003222800694403F085
:1057400043FA20000CB070BDF0B50700160097B00A
:1057500001931CAB1D7830221EAB00910AA80021DA
:105760001C7802F0D9FF102239000AA803F02CFAA5
:105770001022002102A802F0CFFF0722310002A868
:1057800003F022FA072202AB9818631E9C4101998C
:1057900003F01AFA02AB9C732B005A1E934102AA23
:1057A000D3730021102206A802F0B6FF06221D992D
:1057B00007A803F009FA1A2002ABC01806221F99A5
:1057C00003F002FA102200990EA803F0FDF910224E
:1057D00002AB0EA908781C78013A6040D2B208707A
:1057E00001330131002AF5D10AA8FFF755FD102237
:1057F00012A904000EA802F067FF102206AB0EA942
:1058000008781D78013A6840D2B20870013301313E
:10581000002AF5D10AA8FFF73FFD04431022209883
:10582000E4B212A903F0D0F9200017B0F0BD70B5B2
:105830000E0014008CB00100102268461D0003F019
:10584000C3F93100082204A803F0BEF921000822A0
:1058500006A803F0B9F96846FFF71EFD0400102200
:10586000280008A903F0B0F920000CB070BDF8B50D
:1058700006000D0000243719AC4200D3F8BD02F039
:105880003BFF030A3B70631CDBB201379D4203D927
:105890000234F054E4B2EEE71C00EDE773B5060005
:1058A0000C000225002819D0002917D0032101A8D7
:1058B000FFF7DDFF6B469A793F231A40013313430C
:1058C0006A463000937101A92200FFF71BFF051EF5
:1058D00004D10322E01C01A902F0F6FE280076BDE7
:1058E00003785807DA08C00FD20080009B071043E6
:1058F0009B0F1843C0B2704707230B40C908C9006B
:105900000B4303707047000070B50400FFF7DCFE26
:10591000134DA4006359002B21D0186A002801D030
:1059200002F07AFE2B59986E002801D002F074FE26
:105930002B59D86E002801D002F06EFE2B59186F3B
:10594000002801D002F068FE2B59586F002801D0C2
:1059500002F062FE285902F05FFE00232B5170BD59
:105960002864FF1F0E4B8000C35870B50C00002B3D
:105970000FD09D68002D0CD02B78201D0B706B78FC
:105980004B70A97CFFF7B8FF2B7E23726B69E36035
:1059900070BD10220021200002F0BEFEF8E7C046D4
:1059A0002864FF1F014B18607047C0462464FF1F26
:1059B000074A03008000825810B5002A06D0D0881C
:1059C000984203D1012901D1FFF79EFF10BDC046C7
:1059D0002864FF1FF0B5264E95B087000B93BB5986
:1059E0000500099112200A92002B31D0D888FFF7C8
:1059F0007FFB04001420002C2AD0280010A9FFF7F8
:105A0000B1FFBB591E781D6A002E23D00895FDF703
:105A100043FA07000020FDF745FA0790A379E61D39
:105A2000069310AD0CA9089800F0E2FA0EA9280020
:105A300000F0D7FA0B9B0A990493069B09980293EE
:105A4000079B0396019300970EAB0CAAFFF77CFE11
:105A500015B0F0BDFDF720FA06903000FDF722FAF0
:105A6000E31DA779079310AB06000893DAE7C04659
:105A70002864FF1F30B50C4C85002A59030085B0FF
:105A80000120002A0ED018006946FFF76BFF2B5942
:105A90001A78D888054B002A00D1054B6A460721A1
:105AA00000F0D9FB05B030BD2864FF1FE35F011192
:105AB000F15F011130B5094C8500295985B01022DC
:105AC0006846253102F000FE2A591121044BD08886
:105AD0006A4600F0C0FB05B030BDC0462864FF1F19
:105AE0008D60011130B5094C8500295985B010220F
:105AF0006846353102F0E8FD2A591121044BD0885F
:105B00006A4600F0A8FB05B030BDC0462864FF1F00
:105B1000CB600111F7B54D4F86001020F4590D00F0
:105B200002F09AFFF3592062186A132200286CD001
:105B3000033A29009C6802F0C7FDF3591A780192D4
:105B4000002A58D11E6A227D317B944651400122A1
:105B5000019F114201D167461740217D914339438E
:105B60002175377B4F40BC4660460027800701D433
:105B70004F081740012102208F40227D82433A4383
:105B80002275377B5740BC4660460027400701D44A
:105B900097080F400420227DBF0082433A432275BC
:105BA000627D002794466046727B42400A4201D1E2
:105BB00067460F400121627D8A433A436275777BD5
:105BC0005740BC4660460027800701D457080F4065
:105BD0000220627D7F00824317436775767B002237
:105BE0007E40760701D4BA080A400426617D9200FF
:105BF000B1430A4362756A78002A08D06278002AA5
:105C000005D005220533DA7700221000FEBD0422FC
:105C10002979114205D1A17C114202D10533033A01
:105C2000F1E7019A21782C78002A02D10A0021009C
:105C3000140018220429E8D8042CE6D80520604373
:105C4000034A05331218525CDDE7C0462864FF1F83
:105C50005896011110B50A001121024B00F0FBFA11
:105C600010BDC046276101110B0030B587B001ADF2
:105C70002B806B4604001100981D082202F024FDC1
:105C80002A000B212000024B00F0E5FA07B030BDDE
:105C90004F61011110B50A001121024B00F0DBFA2F
:105CA00010BDC046A361011113B50B0011006A4677
:105CB00013706B4604000622581C02F005FD6A466C
:105CC00008212000014B00F0C6FA13BDC361011189
:105CD00010B50A001121024B00F0BDFA10BDC046FC
:105CE000136201117FB505000B4BAA00D4580800C0
:105CF000002C0FD0666F237FE28821780396266FF1
:105D00000296E66E0196A46E0094FDF75DFB2800F6
:105D1000FFF7FAFD7FBDC0462864FF1F10B51721AD
:105D2000FFF7E0FF10BD000070B50A000D00064B44
:105D30000221040000F08FFA060029782000FFF706
:105D4000D1FF300070BDC046F360011170B586B060
:105D500000236A461370836804001D78681E0A28B1
:105D600059D801A902F088FD060633373B3F434767
:105D70004B4F5300180000F042F9062312284BD075
:105D800000281BD16088FFF7B3F90823002813D03F
:105D90004279002A47D1264B1A78072312070BD5E0
:105DA000244B1A680723002A06D01668002E03D059
:105DB000290001AAB04703006A4613706B461B789E
:105DC0006088002B2AD1FFF741FC06B070BD180097
:105DD00000F06CF9D4E7180000F087F9D0E718005C
:105DE00000F093F9CCE7180000F0ADF9C8E718000F
:105DF00000F0C3F9C4E7180000F0F6F9C0E7180096
:105E000000F0F6F9BCE7180000F013FAB8E7180044
:105E100000F013FAB4E707236A46137069466088F6
:105E2000FFF782FFD1E70523012AC5D1024BB8E76E
:105E3000B562FF1F2064FF1F2464FF1FF8B52C4FBD
:105E40008600F35904000D00002B40D0DA8882420E
:105E50003DD15A78062A33D11A78002A2ED0012053
:105E600099681A6A097D014206D0157B054203D064
:105E700007225A700120F8BD0220014204D0157B90
:105E8000054201D00922F4E70420014204D0127B2C
:105E9000024201D00B22ECE7164B1B68002BE9D025
:105EA0005B68002BE6D020009847BB5900215B7847
:105EB000122BDFD12000FFF715FFDBE70E4BECE7DD
:105EC000112A04D1002900D032252900F2E7002D43
:105ED00008D12000FFF70CF9002803D01023027925
:105EE0001343037121002800FDF7ECF9C2E7C04617
:105EF0002864FF1F2064FF1F2464FF1F70B50E4E2F
:105F00008500AB590400002B13D01B78002B11D156
:105F10000A4B1B68002B04D05B68002B01D02000CB
:105F2000984773595B78122B03D100212000FFF7AB
:105F3000D9FE70BD024BECE72864FF1F2464FF1FED
:105F40002064FF1F094B8000C3581020002B0CD089
:105F50001A6A002A09D09B68002B06D0127A1B7E91
:105F6000101C9A4200D9181CC0B270472864FF1F49
:105F700070B503000D0014000220002A30D0002963
:105F80002ED013700B78081D53704B789370FFF769
:105F9000A7FCE070012002212B7A23716B7B034068
:105FA00063716A7B0A401343042263716E7B16405F
:105FB000334363716E7BF608F600334363712B7BCA
:105FC0000340A371287B014000200B43A371297B70
:105FD0000A401343A3712A7BD208D2001343A37152
:105FE00070BD10B50A0001000120FFF7C1FF10BD10
:105FF00010B50A0001000220FFF7BAFF10BD70B50E
:1060000006000C000220002E30D000292ED073781C
:10601000201D0B70B3784B70F178FFF76DFC0122F7
:106020003579257271794B10080013409340104068
:106030000343881010408000C9080343C9000B4384
:106040006373B1794B100800134093401040034331
:10605000881002409200C9081343C9000B43212055
:106060002373FCF7C7FD854201D2122070BD2220A8
:10607000257AFCF7BFFD8542F7D823781820042B3A
:10608000F4D86378012BF1D80020EFE7030010B5B6
:106090000220002909D0002B07D00322481C0A70D7
:1060A00019000D3202F010FB002010BD0300022287
:1060B000080010B5002B06D0002904D00E32591C60
:1060C00002F002FB0022100010BD030010B50220F8
:1060D000002909D0002B07D00422481C0A7019009F
:1060E0000C3202F0F1FA002010BD10B5FFF7DEFF10
:1060F00010BD03000220002906D0002B04D0052289
:1061000000200A701B784B70704703000220002BA0
:1061100008D0002906D05B7800200B70013B082BCB
:1061200000D918307047030010B50220002909D0AB
:10613000002B07D00622481C0A7019000A3202F010
:10614000C3FA002010BD10B5FFF7B0FF10BD02006C
:106150000B00022010B500290ED0002A0CD0072118
:106160001970118859701188090A9970111808223C
:10617000D81C02F0A9FA002010BD03000A0002207A
:1061800010B5002B0CD000290AD099785878090254
:1061900001431180901CD91C082202F095FA0020BE
:1061A00010BD030010B50220002909D0002B07D034
:1061B0000822481C0A701900921802F085FA002083
:1061C00010BD02000B00022010B500290BD0002AE0
:1061D00009D009211970117818185970511C06221C
:1061E00002F072FA002010BD10B5FFF75FFF10BD7E
:1061F00002000B00022010B5002A09D0002907D0A8
:106200005178197011180622581C02F05DFA00200E
:1062100010BD030010B50220002909D0002B07D0C3
:106220000A22481C0A701900063202F04DFA0020BA
:1062300010BD10B5FFF73AFF10BD02000B000220A1
:1062400010B5002A06D0002904D018005178FFF7B5
:1062500053FB002010BDF0B585B017001E006A4644
:1062600006230500080091819380FEF73EFC13246D
:10627000011E02900CD03800B047041E05D1280042
:1062800001A9FEF7EDF9041E02D0029802F03CFAD3
:106290002800FFF7DBF9200005B0F0BDF0B50400E1
:1062A0008BB0019115000021102202A802F034FAEF
:1062B000334EA700B85900283CD0C388A34239D137
:1062C0000378002B36D14278062A18D1020001004B
:1062D000553235310C3006ABFFF7A9FA002829D129
:1062E0002000FFF72FFE020006A902A802F0ECF939
:1062F000200002A902F050FA01200BB0F0BD816E1F
:10630000002917D00B8A112A28D19D420ED101985D
:106310001231093A02F070FA012807D1BB59200066
:106320009D6EFFF70FFE29000200DEE732212000FC
:10633000FFF7D8FC2000FEF7DBFE061E1BD0416AEB
:10634000002918D00B8AAB4215D1082201981231CE
:1063500002F052FA01280ED1716A0AE09D42E9D199
:1063600008220198123102F047FA0128E2D1BB5904
:10637000996E8A7EB9E7200002F0F6F9BCE7C046C4
:106380002864FF1FF0B56B4D87007E5985B03378C8
:1063900002900393002B00D087E0B368346A019326
:1063A0007078062817D101221B7D134202D0217B71
:1063B000114218D10222134202D0217B114251D145
:1063C0000422134203D0237B134200D08BE0019BB5
:1063D0005A7DEB5991E007380428F8D802F04CFABE
:1063E000032E42678300B36E002B03D11C2002F002
:1063F00033FBB066EB599C6E002C1CD010220021A0
:10640000200002F089F90298FFF79CFD01002000AE
:10641000FFF72DFA02F070F92082200008211230D7
:10642000FFF725FA0298FFF78DFDA076EB592100C2
:10643000D888FFF70FFC0822EB591CE0B36E002B45
:1064400005D01A00198AF0881232FFF70DFC0222DB
:10645000019B197DEB5911423DD0207B10423AD06F
:10646000073208E0F488FCF72FFD01002000FFF759
:1064700011FC0A22EB595A70029B9C002A5953784E
:10648000073B042B11D8D088FEF732FE00284ED0EF
:10649000C3895A08D2182849029B0298CB542B5919
:1064A00041180433254802F057F905B0F0BDFCF758
:1064B000F3FC03000120834201D100200393EB5938
:1064C000DE88FCF7EFFC039902003000FFF7ECFBDD
:1064D000019AEB59117D042211420CD0217B11420B
:1064E00009D00B22C7E7F688FCF790FC01003000CA
:1064F000FFF7EEFB6BE7019A527D01210A4204D0BF
:10650000607B084201D00C22B5E702210A4204D088
:10651000607B084201D00E22ADE704210A4204D07C
:10652000627B0A4201D01022A5E71222A3E7FA22D9
:106530005200B0E72864FF1F2C64FF1FFB680111A5
:1065400010B5064B1A780423100018401A4200D0E8
:106550000348FFF727FA002010BDC046B562FF1FB1
:106560001440FF1F70B50400FFF7D4FA051E43D195
:106570002000FFF77FFA234EA400A0598268937C85
:10658000DB0708D50321036A1B790B40012B02D1DD
:10659000017F0B430377431DD97F8B1E022B0DD840
:1065A000022900D00121C088FCF7E4FE0421335900
:1065B0001A7F59700A431A77280070BD01290CD13F
:1065C00002231022437000210C3002F0A5F830594C
:1065D00010213530FFF74BF9EEE70529ECD1022306
:1065E000D118437010220C3002F06EF80423325997
:1065F000117F0B431377EAE708251828DCD1053D06
:10660000DAE7C0462864FF1FF0B58BB005914388D8
:106610007E4F9E00F45915000493002C15D10129DA
:1066200002D000200BB0F0BD101D57781678FFF790
:1066300057F9EB68320002932B7A0499019300908A
:106640003B002000FCF760FEEBE7E388049A9342EE
:1066500001D00820E6E72378012B00D1D4E0059B88
:10666000581E092800D9CFE002F006F905CE0A2904
:10667000CC506C859AB229000498FFF773FFD1E7DC
:10668000200029001022453002F01EF8B9594B783D
:10669000042B02D1013B4B70C3E70B000A002533EA
:1066A00035320C310498FFF795F90498FFF702FA98
:1066B0000522431E9841BB59C0005A70B2E7200022
:1066C00029001022553001F0FFFF049B4F4C9D0024
:1066D000295904980A0006AB55320C31FFF77AF9B4
:1066E00029591022453106A802F086F8012808D160
:1066F0000498FFF7F7F90590002804D106222B59DA
:106700005A7005988EE708230593FAE763780C2BF7
:106710007AD1E36E002B03D11C2002F09DF9E066D4
:10672000BB59D86E00286FD01022290001F0CCFF91
:10673000BB590498DC6EFFF705FC0D22A076BB590F
:106740005A706EE7E06E00285ED063780D2B5BD147
:106750002B8808220382A91C123001F0B5FFBB5917
:106760009A68517D0222114226D0186A407B10425D
:1067700022D00C32E4E763780E2B45D1236F002B37
:1067800003D1162002F068F92067BB59186F002862
:1067900003D01022290001F097FF0F22BB59CFE749
:1067A00063780F2B30D1206F0622691C103001F066
:1067B0008BFFBB599A68517D0422114203D0196A9C
:1067C000497B1142D5D100210498FFF78BFA28E7C5
:1067D000636F002B0DD0BB59586F0028F3D01022E7
:1067E000290001F071FF0122BB5952425B6F1A610F
:1067F000E9E7142002F030F9BB5960675B6F002BAA
:10680000E9D126E72978DFE707200BE72864FF1F97
:1068100010B5064C207002F057F806212078FDF7DD
:106820000FFF0348FEF752FC10BDC0463B64FF1F3C
:10683000B159011100200BB270B50D00834216DA78
:10684000264B187802F068F9041E0DD00378922BBD
:106850000ED0A02B37D0224B1878FF283AD0210039
:1068600002F012F9002835D180200002684070BD86
:1068700043780E2B0BD03E2BEDD18378052B12D015
:10688000082BE8D181798088FFF7D8FA08E0154B0A
:1068900082889A42DFD183681878591CFEF79AFEE5
:1068A000002817D1D7E7104B1B785B0712D50F4B89
:1068B0001B68002B0ED09B68002B0BD0C289811D5A
:1068C00080889847ECE7FFF741FAA068002801D0DC
:1068D00001F01AFF200002F0C7F8C5E73B64FF1F74
:1068E0000D40FF1F18200000B562FF1F2464FF1F2A
:1068F00010B50078FFF712FA10BD10B50078FFF759
:10690000FDFA10BD0C234343084A10B59B185A6882
:10691000002A03D0012901D1904710BD9B68002BAC
:10692000FBD00029F9D19847F7E7C0465864FF1F0C
:1069300001238340094A10B5946B1C439463506B48
:1069400098435063D46B20009843012901D1200063
:106950001843D063116B0B43136310BD00800040DC
:10696000064B01215A68C2400A4204D01B68C3404A
:106970001800084070471B6DF9E7C04600800040D2
:106980000122064B8240002903D0D9680A43DA600D
:106990007047D9689143D960FAE7C0460038004093
:1069A00030B5032444430F4BE25C1B199C785D789F
:1069B00001232D1B0135AB40013BA340A140DB432C
:1069C0000C00122807D80849920052181168194083
:1069D0002143116030BD054A11680B402343136009
:1069E000F8E7C0469F96011108F0004014F00040FF
:1069F000C21F70B5D4B20623092C0BD80125084C50
:106A00009540002908D00021FFF7CAFF23682B43D7
:106A100023600023180070BD2368AB43F8E7C0462D
:106A200000380040214BF0B51B185B78022B21D1B8
:106A3000032444431E4A1F4EA35C1219947801227A
:106A400015008540B76B013CE4B23D43A240B563FD
:106A5000194C122815D89B0000290CD117495B1836
:106A600099680A439A600123205C154A83401168A3
:106A70000B431360F0BD11495B189968914399600D
:106A8000F1E70E4B00290DD159690A435A61225C86
:106A90001328E8D00123203A93400A4908680343A9
:106AA0000B60E7E7596991435961F0E73C64FF1FC8
:106AB0009F96011100800040E496011100F0004013
:106AC000A0F00040A4F00040F8B500241B4E1C4D7F
:106AD0001C4B1B5D012B1FD1194A9269E2401A42DF
:106AE0000BD00122B25693402200143AD2B2022AAD
:106AF00009D815494A6913434B61013402360C35F4
:106B0000172CE5D1F8BD0022B2560F499200521859
:106B100091680B439360F0E7022BEED1E7B23800A7
:106B2000FFF71EFF01235840C1B23800FFF77AFF7C
:106B30003800FFF715FF6877DFE7C046719601114F
:106B40003C64FF1F3D64FF1F00F00040012202383B
:106B50008240054B002903D059690A435A617047A6
:106B6000596991435961FAE700380040F8B50E00C1
:106B700001210F008740114A0400D368FD43BB4345
:106B8000D360831E8B4201D8FFF7E0FF0021200075
:106B9000FFF72EFF0A4A0B4B5168012E05D13943EE
:106BA0001B1951605E700020F8BD2940516002221F
:106BB0001C1962709A6915409D61F4E70038004025
:106BC000008000403C64FF1F012210B58240074B4B
:106BD000002906D019680A431A600121FFF7C6FF91
:106BE00010BD196891431960F7E7C0460080004066
:106BF0000C2370B5002543430A4A29009B181D70D9
:106C0000094B04001B185D70FFF7B0FF0123A34080
:106C1000064928000A681A430A6005490A689A4327
:106C20000A6070BD5864FF1F3C64FF1F3480004041
:106C30003080004070B504000E00FF2813D00325FB
:106C40000540FFF7D5FF084AA3089B009B183F2289
:106C5000ED00AA40AE40196820009143314319600D
:106C60000121FFF78DFE70BD18380040F8B50C24E7
:106C70004443134B0500E4186368002B03D1A36859
:106C80001220002B1AD0022201270E4B00215B1983
:106C90005A7028002770FFF769FF63681E1E08D02E
:106CA000A3683E00002B04D02800FFF759FE4640A1
:106CB000F6B228003100FFF73BFE0020F8BDC046C9
:106CC0005864FF1F3C64FF1FF7B5C420FF222B4B05
:106CD00080001958002491433F3A0A431A508022F9
:106CE000274F5202274E1A60274B1D5D002D21D0E1
:106CF000A31E012B03D80121E0B2FFF727FF012DCE
:106D000018D11F4B9B69E3402B4213D0E3B218000C
:106D10000193FFF725FE01000198FFF755FFE3B24D
:106D2000143B022B1DD801217156184A8D4053691E
:106D3000AB4353613B7F002B0DD0E5B22800FFF73A
:106D400095FF2800FFF70CFE7B7F0100834202D0F5
:106D50002800FFF7D7FD01340C370236172CC3D1BA
:106D6000F7BD012100237156F3568D40074A9B0061
:106D70009B189A68AA439A60DCE7C04600E100E0ED
:106D80003C64FF1F719601113D64FF1F00F000403D
:106D900070B5134D07202C78002C1FD198222100AC
:106DA0005200280001F060FC0123C420FF222B7058
:106DB0000C4B80001C635C630B4B1C605C600B4BDA
:106DC000195891433F3A0A431A50802252021A60DE
:106DD0000D20074A074901F03FFC200070BDC04666
:106DE0003C64FF1F00800040A0F0004000E100E094
:106DF000C96C0111C96A0111F8B50600012826D035
:106E00000B220827164C01239340164A164DD367D0
:106E10007301ED18287C0021FFF7B2FD0021687C8A
:106E2000FFF7AEFD00258023380023732571257000
:106E300025732572656001F0E7FC380001F034FE2F
:106E40000A4BAE4207D1EB2292009E50F8BD1122B0
:106E50001927074CD7E7F12292009D50F6E7C0466C
:106E60000040004004E100E0F065FF1F0000FF1F4C
:106E700000900040F0B587B0050001F0F5FC0490EB
:106E80002800FFF7B9FF012D00D17DE0052304277D
:106E900008260393444C06330193444B6A019B1824
:106EA0001A7CFF2A02D15B7CFF2B6BD0300001F0F3
:106EB000B3FC300001F0A8FC3C4B6A0102936B016B
:106EC0000593029B02219E18307CFFF769FD022189
:106ED000707CFFF765FD39000027307CFFF7AAFEC4
:106EE000707C0399FFF7A6FE27737169049B181144
:106EF0004B08C01801F070FD802327612373030A3B
:106F0000DBB22371F37EC0B22070BB4244D01B239E
:106F10002373029B6A019B181A7E0123002A3DD02D
:106F200087222272636062687F3313436A0194464A
:106F30006360029B63449B7E002B03D00223626844
:106F4000134363601A4A002D2AD1EB21194B8900A3
:106F50005350019B184A9B089B009B180322019CDD
:106F6000C0202240FF24D200944080001958A14341
:106F70008024944022000A431A500123019A93402E
:106F80000D4A136007B0F0BD092308270393DB19EE
:106F900019260A4C019380E70323B9E72272C5E75B
:106FA000F121074BD3E7C04600400040F065FF1FCA
:106FB0000000FF1F591AFF1F00E100E00090004091
:106FC000991AFF1F10B50020FFF754FF10BD10B530
:106FD0000120FFF74FFF10BDF0B587B005930CAB54
:106FE0001D78174F6E01F35D029002AC11200391E2
:106FF0000492002B1ED1637A0C380193002B19D117
:1070000019002022F01901F02FFB0E4BF31807CCCA
:1070100007C39C466246236828001360FFF72AFFD7
:107020000123F355002D07D129000820064A01F05D
:1070300013FB002007B0F0BD1920044A0199F6E7C0
:10704000F065FF1F0066FF1FC56F0111CF6F0111B3
:10705000F0B5504B87B0009343010193009B15009E
:1070600042019E18B37E04000F00002B59D0062069
:10707000002D1DD000291BD033790338002B17D0E9
:107080007289954214D8012B14D033895B1993422D
:107090000EDC01F039FC3389F0682A00C018390091
:1070A00001F0A2FC3389EB18338101F045FD00208B
:1070B00007B0F0BD2A00F06801F096FC0023F380D1
:1070C00002333371F16835812B1C102D00D9102348
:1070D000651E6A425541A0220220D2016D42154030
:1070E0002D4A013BAD186A682C4E824360018446EC
:1070F0006A60009A9BB2624406321088013B471CCA
:107100001780085C9BB22870B342F6D10820002C8F
:1071100000D0192001F040FC02236A6813436B6021
:10712000C5E7013C62425441A02203930123D201EE
:1071300064421440184A1A48A418E26F110019401A
:107140001A420FD120221648002D12D14022144994
:107150000595237D1342AAD1059B581C05908B42AF
:10716000F7DD04E0039A511C03918242E5DD0D2016
:107170009EE70491237D134205D03B78013DADB2DB
:1071800023700137E0E7049B5E1C04968342F1DD27
:10719000EDE7C046F065FF1F00400040FFFF000024
:1071A000A0860100030010B50620072B09D8054A68
:1071B000137001F009FCD7210020034B034A89001A
:1071C0005A5010BD3C40FF1F0000FF1FD91AFF1F7F
:1071D00010B50A0001000020FFF73AFF10BD0000C3
:1071E000F0B599B01E9F1400614E019103937B0688
:1071F00000D4604E10233A001A40049201221F422C
:107200004BD09743DB1806AA5370002206AB02331B
:107210001A70BA0705D5002844DA2D2240421A70A8
:10722000013C20233A001A4005921F4203D0019BE3
:10723000102B40D1023C002843D13022012507AB5E
:107240001A70039B2E009D4200DA1E001123A41B1E
:107250001F4207D12700002F41DCE343DB17621EEA
:107260001C40141B06AB981C0378002B02D0012194
:10727000FFF7AEFF059B002B09D0019B082B37D1F0
:1072800006ABD81C302301210370FFF7A1FF049B3C
:107290002700002B42D030274FE020231742B2D0E6
:1072A0001033B0E77A0702D52B221A70B8E73A07F5
:1072B000B7D52022F9E7019B083B5A425341E41A13
:1072C000B9E700250199029001F086FA725C07A9DE
:1072D0004A55019B029A01359342F3D9B1E706ABB7
:1072E000D81C202301210370013FFFF771FFB2E793
:1072F000019B102BCBD106AA2033D01C0121D370C7
:10730000FFF766FF782306AA0121D370D01CBCE7E3
:10731000012106AB5818FFF75BFF013F002FF7DC98
:10732000E343DB17621E1C40141BB4E706ABD81CFA
:1073300001210770FFF74CFF013EAE42F6DC013D34
:1073400004D22025002C0ADC19B0F0BD06ABD81CF5
:1073500007ABEB5C01210370FFF73AFFEFE706ABE9
:10736000D81C01210570013CFFF732FFEAE7C04657
:10737000CB930111A69301110FB40021F0B589B090
:107380000EAC40CC039107943378002B0AD100292E
:1073900003D0039889B2FFF71BFF09B0F0BC08BC0B
:1073A00004B01847252B08D0039B002B01D10021E6
:1073B0000396370001317E1CE6E7002905D00398CB
:1073C00089B2FFF705FF0023039300227378771C2F
:1073D0002B2B2DD00DD8202B2CD0232B2CD02A2B8F
:1073E00033D120CCB71C002D12DA1A3B6D421A4360
:1073F0000EE02D2B18D0302B20D01800303800256F
:107400000A210928EBD83B7818003038092817D909
:107410003B782E2B57D17B78791C180030380928FF
:107420004CD800230A2717E010233E001A43CDE76B
:107430000423FAE70823F8E72023F6E70123F4E71B
:107440004D43ED180137303DDDE701256D42DFE7A3
:107450007B431B180131303B08780600303E092E73
:10746000F6D9D8430F00C01703403978682903D0F4
:10747000202081434C2900D101373E78782E09D84D
:10748000622E26D80021412E95D0582E00D1B8E08A
:10749000252E07D00B2004ABC01825230121037033
:1074A000FFF796FE3978002900D1B9E00B2004AB34
:1074B000C01801700121FFF78BFE4BE02A2B05D18C
:1074C00008CCB91CCDE701235B42CEE70F000023B7
:1074D000CBE7300063381528DAD801F0ADF8160094
:1074E0009D00D9FFD9FFD9FFD9FF9D00D9FFD9FF52
:1074F000D9FFD9FF3B00A3008600D9FFD9FF470081
:10750000D9FF9F00D9FFD9FF9400D20615D42E00D1
:1075100009E0202204ABDA720B2304AA9B18012194
:107520001800FFF755FE013E002EF2DC01236A1E13
:10753000002D00DC1D005D1B551908CC04AAD37278
:107540000B239B1801211800FFF742FE2026013D66
:10755000002D01DC00212EE704ABDE720B2304AA10
:107560009B1801211800FFF733FEF0E7210040C906
:107570000491002E00D12C4E3400F31821780029FC
:1075800001D09C421AD1A41BD2060ED40595059BAE
:107590009C4215DBE10FEB17A5424B410021DBB20A
:1075A0006A1E8B4200D0611B55183000A1B2FFF754
:1075B0000FFE2026A5420FDC049CCBE70134DDE75B
:1075C0000B2004ABC018202301210370FFF700FE3D
:1075D000059B013B0593DAE70B2004ABC0180121A2
:1075E0000670013DFFF7F4FDE4E7691C02D10121BB
:1075F00009350A43009210212A0001CCFFF7F0FD63
:10760000A8E740210A4310212068261D00922A0085
:10761000FFF7E6FD34009DE702210A430A21F3E764
:10762000013FC8E60821EFE7F093011130B587B0BC
:1076300002AA1100064B31CB31C11B680B6000213F
:1076400002980091049A0399FFF7C6FC07B030BD79
:10765000FC96011170B506000D000024AC4203DB5E
:107660000448FFF789FE70BD315D0348FFF784FED3
:107670000134F3E73A940111F793011170B5060054
:107680000C001D00042909D00C2904D0012905D0C3
:107690000224200070BD0948FFF76EFE2100300073
:1076A000FBF7B4FA041EF4D1059A04992800FBF7FD
:1076B000C9FAFCF737F9FEF743FFEAE7FD9301113A
:1076C00030B50D7802232C009C43184201D02B4387
:1076D0001C0008252300AB43284201D02B00234384
:1076E00020241D00A543204201D01C4325002A234D
:1076F0000D70184204D011781E3B0B43137030BD3F
:107700000028FCD10C2113788B43F7E7F8B51D0056
:1077100006AB1B88140007AA0E000B201778002B5D
:1077200027D10A78022A49D14A6850781178000294
:10773000244A08438018042840D801F09DF8031219
:107740001D1B2300F06801F0E7F8021CC0B2B8422C
:1077500000D93A1CD2B22000F1682A8000F0B4FFB0
:1077600006E00222F3681B882A8023701B0A6370DC
:107770000020F8BD0622EEE701232B80F3681B787A
:107780002370F5E7F368002B16D008222A801A88A8
:1077900022701A88120A62705A88A2705A88120AD5
:1077A000E2709A8822719A88120A6271DA88A2714C
:1077B000DB881B0AE371DBE72B80D9E701202B80F4
:1077C000D7E7C04600D6FFFFF7B516000A781D00C0
:1077D00008AB1F880C000123022A18D14A68507890
:1077E000117800022B4A0843801803280FD801F0B3
:1077F00043F802254439E06801F08EF8C0B207234F
:10780000B84204D37B190193152B02DD0D23180018
:10781000FEBDE0682A003100C01900F055FF6B463C
:1078200000209B88E268D0541B4B1B68834203D026
:107830001B68834200D098470023E8E70B23002F02
:10784000E5D1022DE2D1737832781B021343E2684E
:107850001380114B1B68002BEED01B68002BEBD064
:107860000120E8E70B23002FD1D1062DCED12A002D
:107870003100E06800F028FFDEE70B23002FC6D1BF
:10788000012DC3D132787533012AC0D8E3681A704C
:10789000D2E7C04600D6FFFF4866FF1F70B50C0058
:1078A0001500072837D800F0E7FF041436361B36DA
:1078B000242E182015290BD8184E1622002130002E
:1078C00000F02AFF22002900300000F0FDFE002019
:1078D00070BD18200229FBD11288114B1A80F6E7DF
:1078E00018200829F4D10A000E48290001F07CF87C
:1078F000EDE718200129EBD10B4B10780B49DA6921
:10790000FFF7DEFEE3E718200129E1D1064B1078EE
:107910000749DA6BF4E70220DAE7C0463066FF1F5A
:10792000BA40FF1FB040FF1F4040FF1F6840FF1FCD
:107930008840FF1F030010B50020DB0704D5072196
:10794000024A034800F08CF810BDC0460C970111A4
:107950004040FF1F054A03001068002803D08288BA
:107960009A4201D1806870470068F6E74068FF1FBF
:107970000A88030008009A4204D08A8804309A4298
:1079800000D0002070470000F8B5F22200230D4F10
:107990000D4E7968050042433370994200D07B60F8
:1079A0000A4C0021200000F0B7FE00231A007C6082
:1079B000AB4202D100203370F8BD01332280DBB22C
:1079C000F234F5E73869FF1F3669FF1F4468FF1F6F
:1079D00073B56B4601900600684615001980FCF7E8
:1079E000FDFA041E11D1002D0FD07689002E11D082
:1079F0000C2001F031F800280ED0084A046013680A
:107A000086808560002B02D11060200076BD1A00B0
:107A10001B68F7E70224F8E71324F6E74068FF1F26
:107A2000012100220A4B10B549420A4C1980998065
:107A30009A719A70084B2070012019805A60FFF7E4
:107A4000A3FF2078FCF728FB0448FDF73FFB10BD9F
:107A50005066FF1F4069FF1F3869FF1F0D7B011132
:107A6000022310B5002802D0FFF7B2FF0300180070
:107A700010BD0000030010B50020DB0704D5042171
:107A8000024A0348FFF7A4FF10BDC046209701112A
:107A9000C040FF1FF0B50E2687B003930CAB1F88C4
:107AA00002ABF6180500080031000292FCF718FC42
:107AB00004000120002C0FD03088FFF74BFF03009B
:107AC0000E20002B08D05E68002E05D02100280073
:107AD000039B029A0097B04707B0F0BD0A4B10B560
:107AE000984207D10122002352420A808B708A807B
:107AF0008B7110BDFFF73CFF0028FAD001235B42D9
:107B0000038000238370F4E7FFFF0000F8B5050051
:107B100001290AD1134E00243388F227AB4219D031
:107B200028001149FFF7DAFF06E0022904D10139E4
:107B3000FDF74AFB0028EDD0F8BD3B0063437268B7
:107B4000D018D35A002B09D03A00002100F0E4FDF0
:107B50000134E4B2054B1B78A342EED801235B420B
:107B60003380DDE73869FF1F5066FF1F3669FF1F4E
:107B700010B5FFF7FDFE03000020834200D0987887
:107B800010BD0000F0B589B01C000EAB80CB039097
:107B90001E8810AB1B78049202930B7A0D00DB0653
:107BA00016D42B780593022B24D00498FFF7D2FE2D
:107BB000002812D003689C46002B0ED0029B2200A6
:107BC000019329003B00644603980096A04705E016
:107BD0000498FFF7BFFE002802D10E2009B0F0BDC7
:107BE0008368002BF9D00A222900039898470028BF
:107BF000D7D0F3E76B6858781A786B4B00021043C4
:107C00009842D2D8043B984210D2684B984242D056
:107C100015D8674BC0180128C7D80B20002EDDD11E
:107C2000EB681A7859683A80200028E0614BC01848
:107C3000032800D979E000F01FFE846A789E5E4B2D
:107C40009842B2D10B20002EC8D101233B80EB68B3
:107C500031001B7823706889013080B2FCF740FB4B
:107C60003A88031E0ED0017802328A183A8042897F
:107C700062704289120AA27059680278E01C00F012
:107C800023FD06E004323A8031000422601C00F03B
:107C900043FD0020A2E70B20002E9FD1EB6807A92F
:107CA0001E8804233B80330A300026706370FCF783
:107CB00017FB051E28D004AB9A890E2304A95B1874
:107CC0003E49C668FCF780FB00280BD12B783C4866
:107CD0006A680599FAF706FF002803D1012304AA70
:107CE0005B42D3813278022A06D17168201D00F0F0
:107CF000EBFC3B8802333B800E2304AA9B181B88B5
:107D0000A3701B0AE370C4E704ABDE81F4E70B2029
:107D1000002E00D062E7E9680398FFF729FF0223ED
:107D20003B802070000A6070B3E70B20002E00D06B
:107D300054E70222EB681B883A8023701B0A6370A9
:107D4000A7E7E86800F0E8FDC2B203000720B242EE
:107D500000D243E70DD00299DBB27118994202DBE1
:107D6000921BD3B20293029BE9681A003B808919E7
:107D70005AE70023F6E70B20002E00D02EE707225B
:107D8000EB683A801A7822705A7862705A88A2702A
:107D90005A88120AE2701A792271DA886271DB88D5
:107DA0001B0AA37175E7C0460429000002280000E1
:107DB00000D8FFFFFFD6FFFF03280000FFFF0000F1
:107DC00030960111F0B58DB06B460020089120224D
:107DD0009B5E83423DDAA64B187800F09DFE071E9D
:107DE00032D00378B02B2CD10079023816281FD856
:107DF00000F0EAFC17001E001E001E0031001E00ED
:107E000096001E001D011E0052011E0073011E007F
:107E1000CD011E0050021E001E001E008E021E001C
:107E2000E302944B94491B8878880B80FAF79AFBFD
:107E30003800FCF74BFB914B1B68002B01D038003E
:107E40009847380000F010FE8020089B0002434055
:107E500018000DB0F0BDEE220021874800F05CFC58
:107E60000BAA3B7B7989388900923A000D32FCF7E6
:107E70004FF90400804B1B78002C3FD146E0804B2B
:107E8000788805937F4B4100CB5A0BAE073BDBB2A2
:107E900032880293002301937B4B210006930093C9
:107EA000059BFFF76FFE744D002810D1069B3A8AA0
:107EB0001B889A420BD138000599123000F09CFCC7
:107EC000002804D02B7862899B00EB185A80162377
:107ED00006A81B18328820007989FCF775FA2B78E0
:107EE00004009A00AA1851880029C3D00133DBB2DC
:107EF0002B70002807D006A9C98A9180634A12888E
:107F00009A42BCD802E0012149429180002B04D062
:107F100059497888FAF75AFB8AE73E890A2479E0BA
:107F200000253E89574B06937B88069A5B009B5A37
:107F3000033B9D4202DB002DF0D05BE0162206A839
:107F400012183B7B798900923A0030000D32FCF721
:107F5000DFF80590002858D04689017A7888FCF728
:107F6000A1F8041E44D1464B78880793069B410034
:107F7000C95A454B0439C9B206AAD28A069302915E
:107F8000019400930599079BFFF7FCFD041E2FD178
:107F9000069B39491A88931C002D26D14B8079887D
:107FA000384B4900CB5A5119033B8B4220DD059BCE
:107FB00031485B8941190B71A91C0135C9B2EDB279
:107FC000059145191B0A2B71059B2D49043318187F
:107FD00000F07AFB2C4B059A1B88D318DDB22C4B92
:107FE0009E4205D00136B6B29CE749889942D6D068
:107FF000002D0CD0204C2800618800F00DFD207071
:1080000021007888FAF7F2FA12E7059CF0E7002CD5
:1080100000D183E77B78142B00D109E716493B791F
:108020004E800B700C717888FAF792FA00E71624EC
:1080300006ABE41821003889FCF752F9011E00D183
:10804000B7E1788822880F4C45002C5B0A4D013C33
:10805000E4B2029400240F4B01940095FFF792FDC7
:10806000041E00D014E129007888FAF7CFFADFE681
:108070004069FF1FAE3FFF1F5866FF1F4C66FF1F82
:108080004C67FF1F8862FF1F3C68FF1FAC3FFF1F4C
:10809000FFFF00005A66FF1F162406ABE4182100FC
:1080A0003889FCF71DF9011E00D182E17888228809
:1080B000AE4C45002C5BAE4D013CE4B202947C8991
:1080C000AC4B01940095FFF75DFD041E00D0DFE08E
:1080D00029007888FAF7A4FAAAE60025A44B1D80A7
:1080E0003B00F6331B78A24A78880792AB4208D946
:1080F0009E4B12880693069943005B5A013B9A42B5
:1081000003DB0799FAF796FA92E616246B00FB1840
:10811000059306ABE418059B21001889FCF7E0F8ED
:10812000011E03D1059B01241E8973E77888924BB9
:108130002288069C099343001B5B904E013BDBB2F7
:108140000293002300960193099BFFF71BFD041E79
:1081500002D0059B1E895DE77B88069A5B009B5ACF
:10816000079A108832881218934202DC1B1A013BCE
:1081700033807F4C023032880999001900F0A4FA4C
:108180002388328801359B182380EDB2A8E70BAA1B
:108190003B7B7989388900923A000D32FBF7B8FFB2
:1081A00000250590059B002B04D10A24002D00D149
:1081B0006EE060E0059B7888197AFBF773FF010099
:1081C000041E63D1694C6C4B788806940993069B16
:1081D0004400E45A694B063CE4B20BAE3288079384
:1081E0000294019100930599099BFFF7CBFC041EB3
:1081F0004CD1079B5E491B881A1D002D30D14A8047
:10820000059B5B4C5A8963191A716B1C9BB2E3186E
:10821000120A1A71162306A832881B187989059844
:10822000FCF7D2F8FF21AA1C2E1D03350B00059088
:1082300092B2B6B2ADB2002803D006ABDB8AD9B297
:108240001B0AA218651911712B714C4D301D2A881B
:108250004949201800F038FA2B88F618B5B2A1E782
:108260004988914207D17A8806995200525AEB18F0
:10827000053A9A42C4DC3E4C2800618800F0ACFB11
:10828000207021007888FAF7DFF9D1E5002DF2D1CE
:108290003E89BFE6162606ABF61831003889FCF792
:1082A0001FF83D000400FA3500282DD0037A9B0604
:1082B0000CD400227B893989788800923A000C32EC
:1082C000FFF7E8FB041E10D03E8915E03088FFF769
:1082D00041FB00281AD08368002B17D021001222FE
:1082E00078889847041EE4D0EEE72B78002B02D163
:1082F0007888FAF7B9F900262B78002B00D097E59B
:10830000002C00D194E585E60124DDE70E24DBE7AF
:10831000162506ABED1829003889FBF7E1FF041E8E
:1083200047D0037A9B0611D4154A7B88118899425D
:1083300003D01448814207D11380134BF2261D78D5
:108340000023D9B2A94221D30924A1E72888FFF745
:1083500001FB00282FD08368002B2CD02100122293
:1083600078889847041EDFD092E7C0468862FF1FD6
:108370005866FF1F5A66FF1F4C67FF1F3C68FF1FB0
:108380003869FF1FFFFF00003669FF1F31005943A6
:10839000546801336018615A0029D2D13C00083476
:1083A0002100F22200F090F921007888FAF764F9B0
:1083B0003EE501246CE70E246AE71D4B1A887B8892
:1083C0009A4231D07888FAF761F931E5F2230598BD
:1083D00051684343CD18C95A00291FD03B7A012B5D
:1083E0000BD16C88AB887888AA1D0094FFF752FBEC
:1083F000041E02D000233B722E88F22200212800A6
:1084000000F08AF900232B80059B0133DBB2059332
:10841000084B05991B78064A8B42D7D801235B424B
:108420001380002CCED0F5E5002634000596EFE74A
:108430003869FF1F3669FF1F70B504000E00150074
:10844000FFF796FA031E08D131000548FFF790FAAE
:1084500003001120002B02D01C8000209D7070BDF5
:10846000FFFF0000F8B50B4F06003B780D0014002D
:10847000FF2B0ED00A2000F027FB011E09D0B123EC
:108480000380002346800371C5800481387800F0A2
:10849000FBFAF8BD0141FF1FF7B50F0008A9060060
:1084A000088809A90B240988002821D10234022B4D
:1084B0001ED1557813782D021D432B008B43019359
:1084C0007334002B14D1FB68300019000093FFF7C0
:1084D0004FFB019C85420BD02A0030000099FFF72A
:1084E000ABFF041E04D12A0030007989FFF7BAFFE0
:1084F0002000FEBDF0B50E7885B003900AA805886F
:108500000120022E0DD14C682778647824023C4368
:10851000054FBC4205D10398DBB201960095FFF7E9
:10852000BBFF05B0F0BDC0460229000010B5040035
:108530000C4800F069FA0C48A16B00F065FA0B4892
:10854000E16B00F061FA0A48216C00F05DFA094B1A
:108550000948196800F058FA084B1B68002B00D036
:108560009847FEE73C940111529401116194011166
:108570007094011104ED00E07F9401114469FF1F24
:10858000002307B501A80193FFF7D0FF044A05486F
:108590000021121A00F068F8F8F7DEF8FEE7C0468E
:1085A0004869FF1F0441FF1F01B40248844601BC13
:1085B000604700BFB537FF1F01B40248844601BCC5
:1085C000604700BFB54C010001B40248844601BCBD
:1085D000604700BF1147010001B40248844601BC56
:1085E000604700BF5D17000001B40248844601BC2B
:1085F000604700BF8935FF1F01B40248844601BCB3
:10860000604700BF7D18FF1F01B40248844601BCCB
:10861000604700BF9136FF1F01B40248844601BC89
:10862000604700BF014C010001B40248844601BC10
:10863000604700BFC94A010001B40248844601BC3A
:10864000604700BFC938FF1F01B40248844601BC1F
:10865000604700BFB134FF1F01B40248844601BC2B
:10866000604700BF5930FF1F01B40248844601BC77
:10867000604700BFB70E000001B40248844601BC49
:10868000604700BF2146010001B40248844601BC96
:10869000604700BFC521000001B40248844601BC08
:1086A000604700BFA54F010001B40248844601BCE9
:1086B000604700BF0124000001B40248844601BCA9
:1086C000604700BF691F000001B40248844601BC36
:1086D000604700BFE94C010001B40248844601BC78
:1086E000604700BF2132FF1F01B40248844601BC2D
:1086F000604700BF8538FF1F01B40248844601BCB3
:10870000604700BF2951010001B40248844601BC02
:10871000604700BFD949010001B40248844601BC4A
:10872000604700BF154D010001B40248844601BCFA
:10873000604700BF5125000001B40248844601BCD7
:10874000604700BFE117000001B40248844601BC45
:10875000604700BF456B010001B40248844601BC7C
:10876000604700BFA946010001B40248844601BC2D
:10877000604700BF091B000001B40248844601BCE9
:10878000604700BFB92FFF1F01B40248844601BCF7
:10879000604700BFEDA5000001B40248844601BC5B
:1087A000604700BF311B000001B40248844601BC91
:1087B000604700BF792DFF1F01B40248844601BC09
:1087C000604700BF017F000001B40248844601BC3D
:1087D000604700BFDD38FF1F01B40248844601BC7A
:1087E000604700BF090E000001B40248844601BC86
:1087F000604700BF8D12000001B40248844601BCEE
:10880000604700BFCD4C010001B40248844601BC62
:10881000604700BF4937FF1F01B40248844601BCCE
:10882000604700BFC936FF1F01B40248844601BC3F
:10883000604700BF6DBC000001B40248844601BC23
:10884000604700BF055E000001B40248844601BCD9
:10885000604700BF3D18000001B40248844601BCD7
:10886000604700BFF30E000001B40248844601BC1B
:10887000604700BFD1A5000001B40248844601BC96
:10888000604700BFB538FF1F01B40248844601BCF1
:10889000604700BF0D52010001B40248844601BC8C
:1088A000604700BFF931FF1F01B40248844601BC94
:1088B000604700BFD534FF1F01B40248844601BCA5
:1088C000604700BF8B52010001B40248844601BCDE
:1088D000604700BFC926000001B40248844601BCBD
:1088E000604700BF7918000001B40248844601BC0B
:1088F000604700BFED4A010001B40248844601BC54
:10890000604700BF8552010001B40248844601BCA3
:10891000604700BF75A9000001B40248844601BC4D
:10892000604700BFDD52010001B40248844601BC2B
:10893000604700BFDD66010001B40248844601BC07
:10894000604700BF3555000001B40248844601BCB1
:10895000604700BF5549010001B40248844601BC8C
:10896000604700BF2526000001B40248844601BCD0
:10897000604700BFC9A9000001B40248844601BC99
:10898000604700BFA138FF1F01B40248844601BC04
:10899000604700BF5133FF1F01B40248844601BC49
:1089A000604700BFD12FFF1F01B40248844601BCBD
:1089B000604700BF5522000001B40248844601BC54
:1089C000604700BFE928000001B40248844601BCAA
:1089D000604700BFD91AFF1F01B40248844601BC9A
:1089E000604700BF090E000001B40248844601BC84
:1089F000604700BF810E000001B40248844601BCFC
:108A0000604700BF3138FF1F01B40248844601BCF3
:108A1000604700BFE53A010001B40248844601BC4A
:108A2000604700BF350E000001B40248844601BC17
:108A3000604700BF5147010001B40248844601BCB1
:108A4000604700BF2124000001B40248844601BCF5
:108A5000604700BFB14E000001B40248844601BC2B
:108A6000604700BF3D4B010001B40248844601BC91
:108A7000604700BF434D010001B40248844601BC79
:108A8000604700BFB352010001B40248844601BCF4
:108A9000604700BF594F010001B40248844601BC41
:108AA000604700BF851F000001B40248844601BC36
:108AB000604700BF0937FF1F01B40248844601BC6C
:108AC000604700BF5952010001B40248844601BC0E
:108AD000604700BF1D4D010001B40248844601BC3F
:108AE000604700BF156B010001B40248844601BC19
:108AF000604700BFE548000001B40248844601BC5D
:108B0000604700BF5D38FF1F01B40248844601BCC6
:108B1000604700BF4550000001B40248844601BCD4
:108B2000604700BFF54E010001B40248844601BC15
:108B3000604700BFC51D000001B40248844601BC67
:108B4000604700BF9DA9000001B40248844601BCF3
:108B5000604700BFADAE000001B40248844601BCCE
:108B6000604700BF4D1F000001B40248844601BCAD
:108B7000604700BFF94C010001B40248844601BCC3
:108B8000604700BF5118FF1F01B40248844601BC72
:108B9000604700BF291C000001B40248844601BCA4
:108BA000604700BF7D36FF1F01B40248844601BC08
:108BB000604700BF1D4B010001B40248844601BC60
:108BC000604700BFD91B000001B40248844601BCC5
:088BD000604700BF45510100A0
:108BD80053444B2056657273696F6E2049442025B3
:108BE800303878200A007266436C6B202564207246
:108BF80063436C6B20256420737973436C6B202569
:108C0800642074704361705B2530327820253032DF
:108C1800785D0A0073697A656F6628737472756384
:108C280074206C6C5F706B745F6465736329203D9E
:108C38002025642C206275662073697A65203D20A2
:108C480025640A0073697A656F6628675F70436FE9
:108C58006E6E656374696F6E42756666657229200B
:108C68003D2025642C2073697A656F662870436FF0
:108C78006E6E436F6E7465787429203D2025642CD0
:108C88002073697A656F66286C61726765486561EB
:108C980070293D2564200A005B5245535420434106
:108CA8005553455D2025640A20004D454C423A2025
:108CB800575332383132205350492074696D656FEB
:108CC80075742F6572726F723D25643B2072656EF4
:108CD80064657265722064697361626C65642C20D6
:108CE800424C45206B65707420616C6976650A009A
:108CF8004D454C423A2048617070794C69676874F8
:108D0800696E672046464439207772697465206C1D
:108D1800656E3D25750A004D454C423A2048617004
:108D280070794C69676874696E67207374617475CB
:108D380073207265717565737465642077697468EA
:108D48006F75742046464434206E6F7469667920C6
:108D5800737562736372697074696F6E0A004D454A
:108D68004C423A2048617070794C69676874696E42
:108D78006720737461747573206E6F7469667920E7
:108D8800726573756C743D257520706F7765723DDB
:108D98002575206D6F64653D2530327820737065C8
:108DA80065643D25750A004D454C423A204861707E
:108DB80070794C69676874696E6720636F6D6D615F
:108DC8006E642072656A6563746564207265737584
:108DD8006C743D25750A004D454C423A2073746108
:108DE800746520706F7765723D2575206D6F6465B9
:108DF8003D25303278206272696768743D25752098
:108E080073706565643D2575207267623D25752C14
:108E180025752C25750A004D454C423A206275741B
:108E2800746F6E7320706F7765723D2575206D6F56
:108E380064653D25303278206272696768743D2523
:108E4800752073706565643D2575207267623D25E0
:108E5800752C25752C25750A006F6B004641494C09
:108E6800004D454C423A2057533238313220535046
:108E780049312F50333420696E69743D25730A00D7
:108E88004D454C423A20626F6F7420656666656393
:108E980074207261696E626F77206D6F64653D251D
:108EA800303278206272696768746E6573733D2525
:108EB800752073706565643D25750A004761707299
:108EC8006F6C655F73746172740A00476170726FCA
:108ED8006C655F61647665727374696E670A0047D2
:108EE8006170726F6C655F436F6E6E656374656405
:108EF8000A00476170726F6C655F446973636F6ED7
:108F08006E656374696F6E0A00476170726F6C6595
:108F18005F7761697474696E675F61667465725FB3
:108F280074696D65726F75740A00476170726F6C51
:108F380065206572726F72210A005B4741502052AA
:108F48004F4C452025645D0A000A4D454C4220627D
:108F58006F6F743A204D757369632D4C6967687437
:108F68002D56332D323231313031202F20535431A8
:108F780037483636420A004D454C423A2055415250
:108F880054302050392F5031302031313532303083
:108F98000A004D454C423A20424C4520696E69749E
:108FA80020626567696E0A004D454C423A20424C82
:108FB80045206E616D653D25730A004D454C423A6A
:108FC8002061647620696E74657276616C20756EB6
:108FD8006974733D25750A004D454C423A20616419
:108FE8007620646174613D253032782025303278EE
:108FF80020253032782025303278202530327820EC
:109008002530327820253032780A004D454C423AD6
:109018002072656769737465722048617070794C55
:1090280069676874696E6720464644352F4646442A
:10903800392F464644340A003D3D3D3D3D53696D58
:10904800706C65424C455065726970686572616CF8
:109058005F496E697420446F6E653D3D3D3D3D3D01
:109068003D0A006164764E25750A003D3D3E204864
:1090780043495F434F4D4D414E445F434F4D504C24
:109088004554455F4556454E545F434F44453A2045
:1090980025780A004D454C423A205342505F5245CC
:1090A8005345545F4144565F455654202D3E206534
:1090B8006E61626C65206164766572746973696E4D
:1090C800670A0054494D45525F4556540A00566296
:1090D80061743A202564206D562C202564202525AE
:1090E8000A004D454C423A20474150526F6C655F2B
:1090F80053746172744465766963650A004D454C22
:10910800423A2068656172746265617420256C75E5
:10911800206576656E74733D307825303478206725
:1091280061703D2575206164763D25750A00434DC3
:10913800442064617461206576656E74730A00303A
:1091480031323334353637383941424344454600A5
:109158005B48434920444C455D256420256420250F
:10916800640A005B4154545F4D54555D20256420CA
:109178000A006761705065726950726F6365737336
:10918800484349436D64436F6D706C6574654576FB
:1091980074204F70636F646520307825580A004347
:1091A800544520506172616D207374617475732029
:1091B8003078253032580A0043544520656E616284
:1091C8006C6520737461747573203078253032585B
:1091D8000A0067617050726F63657373424C45454E
:1091E80076656E7473204843495F4C455F434F4E24
:1091F8004E454354494F4E4C4553535F49515F5276
:1092080045504F52545F4556454E54200A006761F9
:109218007050726F63657373424C454576656E7422
:1092280073204843495F4C455F434F4E4E45435476
:10923800494F4E5F49515F5245504F52545F455612
:10924800454E54200A005B5341525F465245455DE6
:109258000A005B5245415F465245455D0A005B5333
:1092680041525F5258204552525D204E6F536172F1
:1092780020632025780A005B5341525F52582045ED
:1092880052522025645D2025642025640A005B5322
:1092980041525F5258204552522025642025645D72
:1092A800202564207025303878204C202564204300
:1092B8002025640A005B5345475F465245455D0AD1
:1092C800005B5345475F5052545D25303878202560
:1092D8003032780A005B534255462046554C4C5D67
:1092E80020455252202564203078253032780A00F3
:1092F8005B5342554620465241472046554C4C5DEB
:109308000A0025732C75706461746520636F6E6E36
:10931800656374696F6E48616E646C6520256420AE
:1093280074696D657249442025640A0025732C739D
:109338007461727420636F6E6E656374696F6E48D2
:10934800616E646C652025642074696D657269645A
:109358002025640A007050616972696E67506172F5
:10936800616D735B25645D204E554C4C200A00737B
:109378006D53746F7052737054696D657220636FAA
:109388006E6E656374696F6E48616E646C652025E6
:10939800642074696D657249442025640A0030317F
:1093A80032333435363738396162636465666768E5
:1093B800696A6B6C6D6E6F7071727374757677789D
:1093C800797A0030313233343536373839414243CF
:1093D8004445464748494A4B4C4D4E4F50515253CD
:1093E8005455565758595A003C4E554C4C3E00253A
:1093F80030327820004741505F446576696365499B
:109408006E69743A204741505F50524F46494C4567
:109418005F43454E5452414C207C204741505F5099
:10942800524F46494C455F50455249504845524174
:109438004C200A005B48617264206661756C742078
:1094480068616E646C65725D0A004C522020203D94
:10945800203078253038780A0050432020203D20DD
:109468003078253038780A0050535220203D20307B
:1094780078253038780A0049435352203D20307807
:10948800253038780A0002000300040005000600B1
:109498000700080009000C000D00160071090111F1
:1094A800A50901110000000002000000BA94011192
:1094B800192A0F180A000000F1590000FD240000C5
:1094C800414601001D47011135680111713B011129
:1094D8002145011125210111C57D0111C91D011168
:1094E8000000FF00FFFFFF000000000000FF00FF7A
:1094F800FFFF00FF00FFFF00FF0000000000FF006B
:10950800FFFF00FFFF0000FF00FFFF00000000FF5B
:109518000000FF00FFFF000041100111F90E0111CA
:1095280000000000120C0000020000003C95011130
:10953800D4FFD9FFD5FF252D3038FF000000FF00EC
:109548000000FF00FFFFFF00FFFFFF00FF6010FFAC
:10955800B46000003D170111000000000000000089
:109568004449590056322E31003030323000676994
:10957800746875622E636F6D2F70767678005472FA
:10958800696F6E657300000002000000A495011168
:10959800292A282A272A262A252A242A0A180000BE
:1095A800050000001F501D10023CB400FB349B5FF7
:1095B8008000008000100000000000002727011133
:1095C800113E01114B27011119420111CF27011139
:1095D800EF41011145280111C541011197280111D9
:1095E8008D430111FF2801118D430111312901110A
:1095F80047430111452801117D410111BD28011181
:10960800254301110000000000000000A3290111FA
:1096180025430111052A0111293E0111052A042AB1
:10962800012A002A02290328012800280118001805
:10963800736D537461727452737054696D657200FE
:10964800000000000000000000000000000000878B
:1096580001010201020101020102030304010301E5
:10966800010101010303020103000D000E001000B7
:10967800110013001401070108010A010B011C0164
:109688001D02040205020702080219021A021C023E
:109698001D03010302031700020100050400080767
:1096A800000B0A001716001D1C0102010105040128
:1096B8000E0D011110011413011716011A190202D7
:1096C80001020B0A020E0D021110021413021716E2
:1096D800030504030807030B0A030E0D0001020328
:1096E80007090A0B0E0F101112141718191A1B1F4D
:1096F800202122000506FFFF00C201000100000032
:10970800000000000D770111C97701110000000069
:10971800020000003696011100000000F5840111D6
:0C97280000000000020000003496011157
:020000041FFFDC
:1000000000000000D10A0111C0940111BC9401113B
:10001000105EFF1F00000000000000000000000054
:1000200000000000000000000000000000000000D0
:1000300000000000000000000000000000000000C0
:1000400000000000000000000000000000000000B0
:1000500000000000000000000000000000000000A0
:100060000000000000000000000000000000000090
:100070000000000000000000000000000000000080
:100080000000000000000000000000000000000070
:100090000000000000000000000000000000000060
:1000A0000000000000000000000000000000000050
:1000B0000000000000000000000000000000000040
:1000C0000000000000000000000000000000000030
:1000D0000000000000000000000000000000000020
:1000E0000000000000000000000000000000000010
:1000F0000000000000000000000000000000000000
:1001000000000000000000000000000000000000EF
:1001100000000000000000000000000000000000DF
:1001200000000000000000000000000000000000CF
:1001300000000000000000000000000000000000BF
:1001400000000000000000000000000000000000AF
:10015000000000000000000000000000000000009F
:10016000000000000000000000000000000000008F
:10017000000000000000000000000000000000007F
:10018000000000000000000000000000000000006F
:100190004532FF1FA530FF1FC166010000000000AF
:1001A000000000000000000000000000000000004F
:1001B000000000000000000000000000000000003F
:1001C000000000000000000000000000000000002F
:1001D000000000000000000000000000000000001F
:1001E000000000000000000000000000000000000F
:1001F00000000000000000000000000000000000FF
:1002000000000000000000000000000000000000EE
:1002100000000000000000000000000000000000DE
:1002200000000000000000000000000000000000CE
:1002300000000000000000000000000000000000BE
:1002400000000000000000000000000000000000AE
:10025000000000000000000000000000000000009E
:10026000000000000000000000000000000000008E
:10027000000000000000000000000000000000007E
:10028000000000000000000000000000000000006E
:10029000000000000000000000000000000000005E
:1002A000000000000000000000000000000000004E
:1002B000000000000000000000000000000000003E
:1002C000000000000000000000000000000000002E
:1002D000000000000000000000000000000000001E
:1002E000000000000000000000000000000000000E
:1002F00000000000000000000000000000000000FE
:1003000000000000000000000000000000000000ED
:1003100000000000000000000000000000000000DD
:1003200000000000000000000000000000000000CD
:1003300000000000000000000000000000000000BD
:1003400000000000000000000000000000000000AD
:10035000000000000000000000000000000000009D
:10036000000000000000000000000000000000008D
:100370008185011100000000000000000000000065
:10038000000000000000000000000000000000006D
:10039000000000000000000000000000000000005D
:1003A000000000000000000000000000591AFF1FBC
:1003B000000000000000000000000000000000003D
:1003C000000000000000000000000000000000002D
:1003D000000000000000000000000000000000001D
:1003E000000000000000000000000000000000000D
:1003F00000000000000000000000000000000000FD
:08183800506DFF1F4118FF1F56
:10184000024981F3088802F0C3FA0000506DFF1FBF
:1018500010B502F065FA072804D0122808D0022833
:1018600008D010BD044A0420136B01331363F8E75A
:101870000220F6E71420F4E73063FF1FF8B50700F5
:101880000C0026002500503630785135002804D150
:101890000300287058342370F8BD2978CA00481E08
:1018A0008141A3183800A25C5B68C9B2FFF7D0FF82
:1018B00000280DD12B78DA00A218013350602B706C
:1018C0003378044A013B3370136A01331362D8E75B
:1018D0000123DFE73063FF1F5C234343074910B553
:1018E000C9180B0058331B78012B05D1FFF7C6FF31
:1018F000034A936A0133936210BDC0466463FF1FBD
:101900003063FF1F10B502F04BF9064A01211300A6
:1019100010CB4942D967044B136002F0D9F920007B
:1019200010BDC04600E100E01000100010B504003A
:1019300002F036F9024B1C6002F0CAF910BDC04635
:1019400000E100E0431E5A425341A022F0B5D2010B
:101950005B421340154D164A40019B182A18127E0F
:101960008BB00191002A1BD01A000832D46F0022DC
:10197000E6B206AFE4B294420EDC2818C369002B2D
:1019800008D0019902AA117106AA049202AA16733C
:1019900003A898470BB0F0BD1978B9540132EAE7B3
:1019A0001A7D1A7806AB01261A70E6E7F065FF1F6C
:1019B00000400040F0B5254B04004001C25C85B0FA
:1019C000002A2BD01A18117E002927D0917E0029D9
:1019D00024D01179022921D11689D788D168F51B25
:1019E000ADB22A1C102D00D9102292B2BE4217D1DE
:1019F0001818012303710023C269C38003819A422E
:101A000006D06846032103730171029301A8904731
:101A10000820002C00D0192001F0FAFA05B0F0BD22
:101A2000013C65426C41A0256442ED012C40084D0B
:101A30001B186419074D0633013A92B2AA42EDD041
:101A40001888461C1E80085C2070F5E7F065FF1FB3
:101A500000400040FFFF00000F220E4B10B59868B9
:101A6000104002380A280BD801F024FF0D0A0B0A97
:101A70000A110A0A0A0A060002210020FFF762FF83
:101A800010BD0121F9E70020FFF794FFF8E7DB6FB5
:101A9000F6E7C046004000400F220E4B10B5986894
:101AA000104002380A280BD801F004FF0E0A0B0A76
:101AB0000A120A0A0A0A060002210120FFF742FF61
:101AC00010BD01210800F9E70120FFF773FFF7E7D8
:101AD000DB6FF5E70090004013B5334C2378072BFC
:101AE0003DD8324B1A78324B002A39D180221968FE
:101AF00052020A431A60252001F0E6FD20232D4AF8
:101B000011680B43802113606B460422C9050868E5
:101B10000733104228D080210422C905C86810422A
:101B20002ED080212020C905CA688243CA601422B1
:101B30001A701A78002A2FD18021C905C86820326E
:101B40000243CA6014221A701A78002A28D11A4B4C
:101B50001A7D22785A601D221A705932DA6013BD3C
:101B60001A6816490A40C5E7086802430A60142249
:101B70001A701A78002ACED01A78013AD2B2F7E752
:101B8000C8680243CA6014221A7019784A1ED2B279
:101B90001A700029F9D1C4E71A78013AD2B2C7E71E
:101BA0001A78013AD2B2CEE73C40FF1F0441FF1F32
:101BB0003CF000403440FF1F00200040FFFFFEFFCC
:101BC000564B70B51B68012B03D1554A936D0133F9
:101BD000936501F08DFE534B534A1860534B544CA0
:101BE0001A600123534A1360534A13602378002B71
:101BF00006D006225149524801F0AAFE0023237064
:101C0000504A514B10681B78C1B2002B0ED14F4C7B
:101C1000C0B223785BB2002B4FDB237824785BB211
:101C200064B21B0424021B191B1813600B1C5029DF
:101C30004ED95023464A47491078DBB2FF2202288A
:101C40004BD10868444C454D267890432A789642FB
:101C500054D9227824782E78023B5D10A31B6B4365
:101C60005201D31A10335B111843086002F0A8F830
:101C7000031F012B45D83A4B1B78002B06D0394B5C
:101C80001B78002B02D0002001F092FFA122364BDE
:101C900092009978354B4A431B689B188322920027
:101CA0009B181B78033B012B03D8AF20400001F0A9
:101CB000D7FE01222E4BDA8270BD237824785BB2E6
:101CC00064B2FF33FF341B0424021B190138ABE755
:101CD000CAB2022AAED20223ACE70868254C264DD0
:101CE000267890432A78964208D9227824782D784D
:101CF000023B5B10641B63435201B2E72378DBB203
:101D0000B2E70228D5D11D4B1B78013B022B03D92A
:101D10001B4B1B78022BCCD16C20C8E79809FF1F06
:101D2000FC0FFF1F7C62FF1FFF3F000014100340E9
:101D30008062FF1F0C10034000100340D50BFF1FF3
:101D40007211FF1FB40003408C09FF1F680AFF1FB8
:101D5000490AFF1F94000340460AFF1F470AFF1F5E
:101D6000F908FF1F2209FF1F300DFF1F3409FF1F55
:101D7000BC0BFF1F440AFF1F450AFF1F1C09FF1F62
:101D80002309FF1F10B501F01BFF0022014B1A8031
:101D900010BDC0467862FF1F10B501F061FFA121A0
:101DA000054A89009478054A61431268044B521829
:101DB000528C1A8010BDC046300DFF1F3409FF1F22
:101DC0007862FF1F10B50D4B0D4A9978A1239B0037
:101DD0004B431268D218531DD97F0A4B1B88994276
:101DE00009D2441C07D0C82805D0D2695B1A5A43CF
:101DF000054B5343C01801F03BFE10BD300DFF1FD3
:101E00003409FF1F7862FF1F7102000070B5244D76
:101E10002B68002B28D001F063FF2B68D8402B687B
:101E20000400002B27D001F083FF2B68D8401D4B06
:101E30001D4A9978A1239B004B431268D118D25CAC
:101E400091239B00002A20D0CA580132CA50174B58
:101E500017491B680868834214D3D23B181A012A19
:101E60001AD0144B186070BD01F03AFF124B19687C
:101E700001F066FED3E701F05BFF0F4B196801F03C
:101E80005FFED4E70D495B18E8E7CA500C4B1B68AE
:101E9000DB68E418201AE4E7F530FF30E1E7C046DC
:101EA0001C08FF1F300DFF1F3409FF1F9C09FF1F77
:101EB0007C62FF1FA009FF1F1808FF1F2DFF3F00B6
:101EC0008462FF1F70B504000D00282916D103009D
:101ED000A433C2881B889B1A0B4A9BB293420DD92C
:101EE00006006A3605223100653001F0E1FD002868
:101EF00004D13100200001F07BFD70BD29002000DD
:101F000001F0CEFDF9E7C046FE7F0000F8B5050000
:101F1000012001F0CDFE134CA36AA26A9342FBD1CB
:101F2000114E336001F05CFF104903000860104857
:101F3000426894460F4A17680022BC4501D24268A5
:101F4000BA1A0D4802603268AD18A422E562606AD0
:101F5000520302436262094A1278002A01D00F3B01
:101F60000B60F8BD00F00040340AFF1FE408FF1FBB
:101F700028100040180AFF1F1C0AFF1F1C09FF1F22
:101F800070B580241025E405A3682B43A36001F0FD
:101F9000B7FDA368AB43A36070BD0000F7B51600A2
:101FA00080221C001023D2050191916805000B438B
:101FB000936000225A4BD7301A6001F0F9FE9D233E
:101FC0002A002F009B00EB58CA3201210092FC37F7
:101FD000002B01D00021009A386801F0A9FD2900EA
:101FE000009BCB311A784F4BD3351A604B780A7867
:101FF0001B0213438A7812041A43CB781B0613433F
:10200000494A1BBA13604B790A791B0213438A7938
:1020100012041A43CB7931001B061343434A1BBAFF
:1020200013606B782A781B021343AA7812041A43B0
:10203000EB781B0613433E4A1BBA1360019A330226
:1020400013433C4A13603C4B22001B1B9C46032954
:102050003DDCB3089A0013005142B21A032A46D15C
:10206000354AE018511A827840781204000202437F
:10207000E05C043302430A600022FF2B4BDDF022B8
:102080002E4B12011A600F222D4B1A602D4A136835
:10209000002BFCD00023224A27491360091B321D64
:1020A0000B191B68043A180A23706070180C1B0E79
:1020B000A070E3700434002AF2DC802210213B6817
:1020C000D20501333B6093688B439360F7BD634651
:1020D000D578981893782D061B042B43157804396E
:1020E0002B43557804322D022B430360AFE7022ABD
:1020F0000AD1114AE05C511AE218527812020243E6
:102100000A6004339BB2B7E7012AB5D10A4A521AD2
:10211000E15C1160F5E7084959180A600433ACE73F
:10212000000004403C0004403800044034000440F7
:10213000300004400C00044000010440040004404E
:102140001000044014000440F7B5150080221C0064
:102150001023D2050091916807000B439360002380
:10216000654AD730136001F023FE9D233E009B009B
:10217000F9583B00CA363200FC33002900D07FE01A
:10218000586801F0D5FC390032785C4BCB311A60CD
:102190004B780A781B0213438A78AC4612041A4320
:1021A000CB78281D1B061343554A1BBA13604B7985
:1021B0000A791B0213438A7912041A43CB791B064E
:1021C0001343504A1BBA13604B7A0A7A1B0213431B
:1021D0008A7A12041A43CB7A21001B0613434A4A17
:1021E0001BBA1360009A2B021343484A1360220063
:1021F000474B1B1B0093009BCE785B1801938B7899
:1022000036061B0433430E78043833434E780431CA
:1022100036023343019E33600328ECDC0321A80817
:10222000431C9B002940800003292BD13849E51825
:102230005E18A9786D78E35C09042D0229431943DF
:102240003160030008330021FF2B2DDD314B324973
:1022500019600F21314B1960012327490B60304B66
:1022600019680029FCD006211B680B40042B20D0E4
:1022700080220020D20593680A318B439360FEBD13
:1022800001217DE7022908D121495D18E11849782B
:10229000E35C090219432960D3E70129D3D11C4922
:1022A0005918E35C0B60CCE7194818180160043337
:1022B000CAE7002310490B606346002B0CDC3B008F
:1022C000FC335A68102101325A608022D20593688B
:1022D00001208B439360D2E7009B9B181B68190A6F
:1022E00013705170190C1B0ED37004235B42917054
:1022F0009C440432E0E7C046000004403C00044037
:102300003800044034000440300004400C00044015
:102310000001044004000440080F000010000440C5
:102320001400044070B5061E19D002225A4B9B7946
:102330009343012B13D1594B1A78FF2A0FD15A78A6
:10234000FF2A0CD19A78FF2A09D1DA78FF2A06D120
:102350001A79FF2A03D15B79FF2B00D199E0504B0A
:102360000C201A78012A08D000224E4D1A702978C4
:102370000B00093B042B01D8212070BD4B1F012B02
:10238000FAD9454CA37B042B00D982E0A279032A19
:1023900000D97EE09A1ED2B2012A02D860881F2896
:1023A00077D9002E56D0012E73D1A0880128E3D012
:1023B000002907D1581E032803D801F07BFA121711
:1023C00015122E702978481E032811D80025364B87
:1023D0001D602823237501F0D3FAA84227D0A580D9
:1023E000CAE702212970EDE70421FBE70321F9E7A1
:1023F00007390129C0D82D490968C96A8906BBD5A2
:102400002B4908780028B7D1012A01D9002BB3D174
:1024100002230B708021274D2633890128782375EC
:1024200001F056FB80212878890101F0C9FA0123C7
:10243000A380214B1B78002B0AD0FA2280211F4B4E
:1024400092001B8809025A431A4B187801F0E8FBE6
:10245000002092E701F0A4FB2B78A680073B012B1C
:1024600003D917482E7001F08BFC114B114C1A78D0
:10247000002A06D080210022207889011A7001F0FC
:1024800027FB01F025FC80212078090201F020FBC8
:10249000DEE7122071E7C046A60BFF1F6B09FF1F86
:1024A0001A09FF1F1C09FF1F4809FF1F8462FF1F35
:1024B0002309FF1F1B09FF1F2109FF1F2C09FF1FF5
:1024C0000010004010B5002901D001F061FC10BDE2
:1024D000F7B5604B01919978A1239B004B435E4A6D
:1024E000060014681022E418D6235B00E058362357
:1024F000FF33E35C00279343222B41D1574B0F3A24
:102500001A600760012501F00BFA019B1880E8238F
:102510005B00E35C002B01D0B34258DD0023504F39
:10252000FB70AD33FF33E3581A68002A03D09B8851
:10253000DB439B071DD03823FF33E35C002B18D00F
:102540009B235B00E35C002B13D1D133FF33E35CAF
:10255000B3420EDAA4235B00E15AE018090A023103
:1025600001F086FB23000122FE33013E01351A876C
:10257000FA70E8235B00E35C002B2AD0A8B2FEBD12
:1025800003683D00002BBED081880430090A023167
:1025900001F06EFBD6235B00E3581F60B2E7230017
:1025A000B133BA00FF339858013781880430090AE3
:1025B000023101F05DFBE8235B00E35CBB42EEDC33
:1025C000E822F61AED1800235200A354A6E70027CC
:1025D000F1E7200001F00CFB00281FD0002E1DDDCC
:1025E0007319882647190193B600200001F0C0FB3B
:1025F0005A30800020184068013581880430090A6B
:10260000023101F035FB200001F082FBA3590133B8
:10261000A351BD4202D0019B9D42E6D1114BE35C28
:10262000002BABD095239B00E35C002BA6D00E4B78
:10263000E15A0029A2D00D4AA35C994202D9013384
:10264000A3549BE700231A212000A35401F0C0F9F2
:1026500094E7C046300DFF1F3409FF1F00140340EC
:10266000E010FF1F5A020000720200005E0200002C
:102670000D4970B54A6E0D4CD2038B69D20BA24244
:1026800006D80B4D0224AA4204D901F069FB70BDA3
:1026900002246442E21815007E2425402242F4D030
:1026A000A3432B438B61F0E700F000400A200000B9
:1026B000FC1C0000F8B51D4B1D4F1A78002A10D1E4
:1026C000BA7B002A02D101321A7003E0032AFAD041
:1026D000022AF8D001F054F900220120154B1A709B
:1026E000F8BD154B154D1C68154B9E7801232B70BA
:1026F0002878C0B200F09EFBBB7B002B0BD101F011
:10270000BFFAA1239B007343E41883239B00E418C2
:1027100023782B70E4E7032B02D101F0B9FAF0E73C
:102720000020022BDCD101F01BF9EAE71C09FF1F96
:10273000A60BFF1F2309FF1F3409FF1F490AFF1FB4
:10274000300DFF1FF0B587B00EAD2F780FAD2D788F
:102750000593AC46634614000E4D0CAA12782E78F1
:1027600003930D9B009201932200059B029701F0B9
:10277000EFF92E70012C01D0042C08D180220649DB
:102780008B889343054A1278D20113438B8007B09C
:10279000F0BDC0461C09FF1F6C11FF1F7809FF1F09
:1027A0000B001B3B70B504003020E02B0DD813004C
:1027B000E025493BFF3B9BB2ED00AB4205D8034B04
:1027C000200019825A8201F043FA70BD8410FF1F65
:1027D00010B501F08DF8054B00205B68052B04D97E
:1027E000034A5268D20200D4980810BD001000407D
:1027F000FCE100E070B501F0D3F90D4B1B68FC3330
:10280000DC691D6AFFF7E4FF6419844204D2094BB6
:1028100001241B68002B07D004220024064B1A70E9
:10282000064A93690133936101F052FA200070BDAA
:102830008462FF1F9809FF1F2309FF1FFC0FFF1F62
:1028400070B50C4D2B68FC335C6A01F0A9F9FFF7F9
:10285000BFFF2B680025FC339B6AE318834204D238
:10286000054B1B68AB4200D1051B01F031FA280073
:1028700070BDC0468462FF1F9809FF1FD722044B1A
:1028800092009B5810B5002B00D0984710BDC04651
:102890000000FF1F10B500F0F5FFFFF7EFFF27491D
:1028A000274BCA6D274C1A4084235B001343CB652A
:1028B000254B1B68186A01F0FBF9244B244A1A6067
:1028C000244B254A1A60A022244B52001A60244B44
:1028D000187801F09DF92000224901F061F80023E9
:1028E000A3600233A360204B2049236003232048C8
:1028F000A36001F055F810221E4BFF201A608022C1
:1029000052031A60802292031A60802212041A6015
:1029100001F04EF9012001F023F9FA20400001F006
:1029200077F8582001F09CF8134801F0F1F80120E5
:1029300001F00EFA072000F0FBFF10BD00F0004090
:1029400000FEFEFF141000408462FF1F00000340E1
:102950000180063DBC00034034080000A400034091
:102960004A0AFF1F71020000C3090000FFFF3F0079
:102970002810004000E100E030750000674E336829
:1029800088331B6883F3088801F0CAF8644A6549F4
:10299000136800200B401360634B644A1B6893422A
:1029A00000D1A6E001F054F80221614A13688B437C
:1029B0001360FFF76FFF5F4B5F4C1878C0B201F0F8
:1029C0008FF80023A3600233A3605C4B01202360D7
:1029D00001F06EF90323A36001F02AF9040000F06E
:1029E00087FF050001F024F9554B186001F050F8FD
:1029F000544B1968621A531EA14200D21300802260
:102A0000D203934201D39B029B0A3268D16AC90761
:102A100000D471E04C491C0C09689BB24C435943EB
:102A20002402090A641803264849FC3293680A689C
:102A300047489B1A474A0768126847499B18474A04
:102A40009A1833409208DB190A600360042B03D9FB
:102A5000013233400A6003600E684149A619300014
:102A600001F06EF83F4F3E493B68C3183B603000B1
:102A7000019300F0B5FF3C4E3068081838493060CB
:102A8000884205D9019B01333B6000F0A9FF31600A
:102A900001F02EF8354B1B78002B0DD000F028FFED
:102AA000334B621B196812188A4232D24919091B2A
:102AB000091A304800F074FF2F4E337A002B0ED0E5
:102AC00000F016FF621BF1681218914224D94919CF
:102AD000091B091A294800F063FF00233372284BB1
:102AE00083F3088800F064FF002000F0B1FF00F0DD
:102AF0000FFF00F0ADFF5CE7DC0199000234641ABF
:102B00005900641A09214B438033CB40A408E418D0
:102B100089E7FA218900CCE71A49DBE78462FF1FC5
:102B20001CF00040FFFFC1FF0C0AFF1FB64121034C
:102B300010000040490AFF1F14100040C3090000A4
:102B4000100AFF1F340AFF1F380AFF1F200AFF1F49
:102B5000280AFF1F1C0AFF1F240AFF1FC4090000C8
:102B6000710200006008FF1F2C0AFF1F1C09FF1FD5
:102B7000E408FF1F00100040740BFF1F3C100040D2
:102B800000000020DC050000A022054B92009B58AD
:102B900010B5002B01D0984710BD00F0E9FEFBE70F
:102BA0000000FF1FA122054B92009B5810B5002B7F
:102BB00001D0984710BD00F0DBFEFBE70000FF1FCF
:102BC000A222054B92009B5810B5002B01D09847CC
:102BD00010BD00F0CDFEFBE70000FF1FA322054B58
:102BE00092009B5810B5002B01D0984710BD00F003
:102BF000BFFEFBE70000FF1FA422054B92009B587D
:102C000010B5002B01D0984710BD00F0B1FEFBE7D6
:102C10000000FF1F70B500F06BFE4F4B186000F016
:102C2000FFFE0400C30702D400F0B2FE70BD002214
:102C30004A4B1A604A4B18780138042829D800F00A
:102C400039FE0320181C2400200000F0D9FE0128C2
:102C5000ECD0444C2378042B6ED100F0C1FF002847
:102C6000E4D000F00DFF582000F0FAFE022323709C
:102C7000DCE7200001F03CF8E9E7200000F078FFF5
:102C8000E5E7200000F0A4FFE1E7200000F078FF76
:102C9000DDE701F095F80500012808D1324B1B78DB
:102CA000053B012B03D82000FFF76EFFD1E72D4B2A
:102CB0001B78022B01D0052B20D1022D28D12B4BC4
:102CC0009B7BAB431CD12000FFF76CFF264B187891
:102CD0000128BED16405BCD4244925224B7B034284
:102CE00005D1233A13405A42534126331A000B7D33
:102CF0009342AED9322000F0E3FFAAE7022D07D1BC
:102D0000194B1B78052B11D12000FFF759FFDDE788
:102D1000012D0BD1012B03D12000FFF75FFF98E7B6
:102D2000062B03D12000FFF767FF92E7200000F099
:102D30001FFE022D8DD1C9E7032B04D10C4B987CCB
:102D400000F0DEFF72E7072B00D06FE7094B987B9E
:102D500000F01EFF6AE7C0469C09FF1F9809FF1F8D
:102D60009009FF1F2309FF1F1C09FF1FA60BFF1F50
:102D7000BC0BFF1FD40BFF1FFA210A4B0A4A490064
:102D80001A640A4A5A500A4A04395A50094A083100
:102D90009A64094A5A50094A5C315A50084ADA661C
:102DA0007047C0460000FF1F4527FF1F4128FF1F37
:102DB000F527FF1F2523FF1FB526FF1FC51DFF1F7A
:102DC000991DFF1FF7B50B0CFF270122009300236D
:102DD0003C001E001D009446019089B262469A4054
:102DE0001000084018413618B6B2FF2F02D1012E4C
:102DF00000D19FB2009802401A41AD18ADB2FF2C2D
:102E000002D1012D00D19CB20133102BE6D1032059
:102E1000012E07D1012D04D1019B2401E4191C705E
:102E20000138FEBD102EFCD10238102DF9D0023031
:102E3000F7E700008023F7B59C46264B264F019309
:102E40002649274A274D284C284B02281AD160468C
:102E500038600868264E30408026360330430860CC
:102E600001990978002909D11660224A2A60224A6C
:102E70002260E02219689143A03A1BE08021C90238
:102E80001160F2E766463E600F68194E3E408027AB
:102E9000FF023E430E600199097800290DD11760A9
:102EA00001280ED1154A2A60154A2260E0221968CD
:102EB0009143C03A0A431A60F7BD8021890211602C
:102EC000EEE7E0210F4A02432A600F4A22601A68A7
:102ED0008A43F0E74B0AFF1FE0000340D80003409D
:102EE00090000340000003405000034040000340B6
:102EF000FFFFE3FF0280063D804508220180063D7A
:102F0000806608220080069880550822F8B51E4B7E
:102F100080261A68002014003440324232D11A68E8
:102F20001A4F32431A6001223B68063093433B60DC
:102F300000F0BEFE0122164D2B681E432E603B683A
:102F40000A2613433B608027BF00124B1B683B429D
:102F500011D1013EF6B2FF2E09D17E220E4B1C6824
:102F60002B68E40B1440934323432B6005E00820B7
:102F700000F09EFEE9E7002EEFD180222B6860086A
:102F800093432B60F8BDC046C4F000405CF00040A5
:102F900018F0004068F0004060F0004010B500F00C
:102FA0008FFD01215820034A00F04AFEFFF7AEFFD3
:102FB00010BDC046600AFF1F10B5782200210348EB
:102FC00000F09EFC00F03CFD002010BD7865FF1F66
:102FD00070B5040000F0E4FD00230C200B4A010052
:102FE00059438D18515C00290DD0A14208D101230D
:102FF00000246B7000F0D4FE00F06AFE200070BD6B
:1030000001330A2BEBD11224F6E7C0467865FF1F87
:1030100070B5040000F0C4FD002319001D000D4A26
:103020001078002806D0A0420CD1557001310C3226
:103030000A29F5D1002B0AD100F002FD00F048FE6C
:10304000002070BD5078461EB0411B18EEE700F01E
:10305000A7FEF3E77865FF1FF7B504000C200023F7
:1030600084460E4D019267465F43E85D7E19A0429B
:1030700012D000280BD10A4B9C4662461B780833BD
:103080001370019B70707C557160B360FEBD01339D
:103090000A2BE8D10320F9E70720F7E77865FF1F3F
:1030A0007465FF1F8020F8B5484BC0051B68C1241C
:1030B0008360474BFF251A68012313434361454B47
:1030C000A4001A68444B40211A60444B1A68444BD0
:1030D0001A60444B1A59AA431A51C52292009E58AD
:1030E000AE433143802699509F583F49F6010F4027
:1030F0003E439E509E5880273602360A30439850F1
:1031000080201A5900020A4002431A5104341A5905
:10311000364E3F04324080263A431A511A59360639
:103120001202120A32431A5108341A5980260A40F0
:1031300002431A51C32292009F58B446AF4337430B
:103140009F509F58294E0F4007439F509F5837402C
:1031500080263604374380269F509F5836063F020C
:103160003F0A37439F50C0221F59AF433A431A5179
:103170001A591202120A1643C6221E5192009C5876
:10318000AC4365462C439C509C5800250C40204382
:103190009850C72080001A58154C1140C0221202C6
:1031A0000A431A50134B1B78DB08AB4201DC0020AA
:1031B000F8BD2378002B06D0A368002B00D09847D9
:1031C00001350C34EEE71220F2E7C0463840FF1F0D
:1031D0003440FF1FB0F000407065FF1FB4F00040A6
:1031E0006C65FF1F00E100E0FF00FFFFFFFF00FF35
:1031F0007865FF1F7465FF1F030010B51F2809D8ED
:10320000072200201340072404490A78A2431343ED
:103210000B7010BD00230620F5E7C0467465FF1F44
:10322000054B06491B780A6805485B0702401B0BE3
:10323000134300200B6070477465FF1F1CF00040B3
:10324000FFFFC1FF70B50C25FFF7EAFF0A4B1C78A2
:103250000A4BE4086543ED18002C01D1200070BD35
:103260002B78002B06D06B68002B00D09847013CD0
:103270000C3DF1E71220F2E77465FF1F6C65FF1F3C
:103280001FB5002102220B0001910091052000F0E2
:1032900057FB02230B490A681A42FCD120230393EF
:1032A000039B5A1E0392002BFAD1074A1368002B86
:1032B000FCDA0B246C442000012100F0F1FC2078A2
:1032C00004B010BD90C8004000C8004013B5040011
:1032D0000A4B0193019B002B01D1112016BDFFF772
:1032E000CFFF23000340044205D0052000F0E0FC9E
:1032F000019B013BEDE71800F0E7C046FFFFFF0729
:1033000007B500F04DFC80220821D205936A019197
:10331000002B01D10739916202210C4A11600199F9
:10332000481E01900029FAD1033111600531019145
:103330000199481E01900029FAD11160002B02D199
:103340008022D205936200F0C3FC07BD00C000409C
:10335000F0B52D4C89B02378002B4FD1FEF7D2FA6F
:1033600002232A4F03903A681A42FCD12023069385
:10337000069B5A1E0692002BFAD1254E3368002B6D
:10338000FCDA0120FFF7A2FF011E02D0112009B0D4
:10339000F0BD030003220190009005AD9F2000F0D6
:1033A000CFFA0321280000F07BFC02233A681A427E
:1033B000FCD120230793079B5A1E0792002BFAD1BA
:1033C0003368002BFCDA0120FFF780FF0028DDD1F5
:1033D0000398FEF7ABFAAA786B7811041B020B4333
:1033E00029780B4363601300113B0A49052B07D86A
:1033F00001239340A3600B60012323700020C6E7E4
:1034000080231B03F6E7C0462040FF1F90C8004002
:1034100000C800409808FF1F1E4B30B55A68187846
:103420001D4B85B0D31859424B4101210093002315
:1034300000F0FEFA194B1A4A02259A6300221A6517
:1034400010325A658022C4219D65164B1648D2025F
:10345000DA6789004258154B80241A4080231B04E8
:1034600013434350642341200393E40500F02CF9F7
:10347000402000F029F96562039D6B1E0393002D27
:10348000FAD103236362FFF73BFFA562FFF760FFFA
:1034900005B030BD2C40FF1F95FFFEF700C800406F
:1034A000050001FF04E100E000E100E0FFFF00FF94
:1034B00010B5064B18705960FFF7AEFF00211320BE
:1034C000034AFFF7C9FD002010BDC0462C40FF1F76
:1034D0001934FF1FF0B587B0029103920400FEF784
:1034E00011FA019000F05CFB802302250122234E9B
:1034F000DB0535605D629A6200F0EAFB204F3B68B5
:103500002B42FCD120230493049B5A1E0492002BCF
:10351000FAD11C4D2B68002BFCDA0120FFF7D6FEF8
:10352000002802D0112007B0F0BD2000039A0299B4
:1035300000F006FC022304003A681A42FCD1202362
:103540000593059B5A1E0592002BFAD12B68002B80
:10355000FCDA0120FFF7BAFE051EE3D100F020FBE4
:1035600080230322DB0535605A629D6200F0B0FBC8
:103570000198FEF7DBF9E0B2D5E7C04600C0004095
:1035800090C8004000C80040F0B5802489B0060013
:10359000FEF7B8F9E405A36A02250393029000F050
:1035A000FFFA0123304F3D606562A36200F090FB9B
:1035B0002E4C23682B42FCD120230593059B5A1ED9
:1035C0000592002BFAD12A4D2B68002BFCDA012042
:1035D000FFF77CFE002803D01124200009B0F0BDC5
:1035E000244B2360022322681A42FCD12023069335
:1035F000069B5A1E0692002BFAD12B68002BFCDA90
:103600000120FFF763FE021EE6D11B4B03211E6063
:10361000030001900090202000F092F9022322681C
:103620001A42FCD120230793079B5A1E0792002BB6
:10363000FAD12B68002BFCDA0320FFF747FE041EAB
:10364000CAD100F0ADFA80230322DB053C605A6248
:103650009C6200F03DFB039B002B01D1FFF750FE65
:103660000298FEF763F9B8E700C0004090C8004038
:1036700000C800400100000694C8004007B50002E1
:1036800001910422000A01A9FFF724FF0EBD0000EA
:1036900073B5050005240B4AA3005B429B1819680B
:1036A0006B46DE1D3000FFF78DFB022804D1337816
:1036B0002B55013CEFD276BD052CFCD00128FAD168
:1036C0000230F8E7140900111F2807D801238022CF
:1036D0008340D20591680B43936070473F2808D818
:1036E0000123802220388340D20551690B43536166
:1036F000F3E75F28F1D80123802240388340D205C8
:10370000116A0B431362E8E71F2807D801228021C2
:103710008240C9058B6893438B6070473F2808D867
:103720000122802120388240C9054B6993434B61B7
:10373000F3E75F28F1D80122802140388240C90593
:103740000B6A93430B62E8E71F2810D8802302001E
:10375000DB05153A1968012A06D820229143196021
:1037600019680A431A60704701228240F6E73F2831
:1037700011D880230200DB05353AD968032A06D820
:1037800010229143D960D9680A43DA60EBE701223D
:1037900020388240F5E75F28E5D842238022181AB6
:1037A000413B8340D205516A99435162516A0B43B0
:1037B0005362D8E710B50400012813D1A02218499C
:1037C00092050B685B015B0913430B60154B164AAE
:1037D00019681140154A0A431A60402219680A43C1
:1037E0001A6010BD0028FCD101000A2000F008FA80
:1037F00021000B2000F004FAC0220A4B9200196845
:103800000A4340211A601A688A431A60B0220449A8
:1038100012060B685B015B0913430B60E1E7C046CE
:1038200014F000401CF000407F00FEFF80FD01000E
:1038300072B6074A1368013313600422054B1A60FD
:103840000023054A13608022D2055360FEE7C0467C
:103850007808FF1FC0F00040C4F0004005490B6825
:10386000002B05D1044A0A6004490A60044A136027
:103870007047C046140AFF1F841E0000380AFF1F4D
:10388000C4F000400023034A1360034A1360034A54
:103890001360704754F0004040F1004044F1004094
:1038A00002B4714649084900095649008E4402BCD9
:1038B0007047C04602B4714649084900095C490096
:1038C0008E4402BC7047C04603B4714649084000AC
:1038D0004900095E49008E4403BC704703B4714639
:1038E000490840004900095A49008E4403BC70470A
:1038F00001B40248844601BC604700BFC95C0100B6
:1039000001B40248844601BC604700BFB70E000006
:1039100001B40248844601BC604700BF85520100E3
:1039200001B40248844601BC604700BFCD0C0100D1
:1039300001B40248844601BC604700BFF90D010094
:1039400001B40248844601BC604700BF496D0100D4
:1039500001B40248844601BC604700BFE94C010045
:1039600001B40248844601BC604700BF19FA000058
:1039700001B40248844601BC604700BFE91701005A
:1039800001B40248844601BC604700BFA9D80000CA
:1039900001B40248844601BC604700BFDD0A010053
:1039A00001B40248844601BC604700BF2D6C010091
:1039B00001B40248844601BC604700BF799700000B
:1039C00001B40248844601BC604700BF0D520100AB
:1039D00001B40248844601BC604700BF53B90000EF
:1039E00001B40248844601BC604700BF090E0000D4
:1039F00001B40248844601BC604700BF85C1000095
:103A000001B40248844601BC604700BF0134010094
:103A100001B40248844601BC604700BF8512010022
:103A200001B40248844601BC604700BFBD0B0100E1
:103A300001B40248844601BC604700BFC56D010067
:103A400001B40248844601BC604700BFADAE00002F
:103A500001B40248844601BC604700BF016C01000C
:103A600001B40248844601BC604700BF79120100DE
:103A700001B40248844601BC604700BF8937010099
:103A800001B40248844601BC604700BF6DF60000E7
:103A900001B40248844601BC604700BFC166010012
:103AA00001B40248844601BC604700BF51B8000021
:103AB00001B40248844601BC604700BFCD4C010000
:103AC00001B40248844601BC604700BFED680100B4
:103AD00001B40248844601BC604700BFB3520100F4
:103AE00001B40248844601BC604700BF891401004C
:103AF00001B40248844601BC604700BFD5440100C0
:103B000001B40248844601BC604700BFDD3F0000AD
:103B100001B40248844601BC604700BF8D1101001A
:103B200001B40248844601BC604700BFC9A9000037
:103B300001B40248844601BC604700BF2144000034
:103B400001B40248844601BC604700BF090E000072
:103B500001B40248844601BC604700BF9D6A000072
:103B600001B40248844601BC604700BF69110100EE
:103B700001B40248844601BC604700BF053401001F
:103B800001B40248844601BC604700BFF93501001A
:103B900001B40248844601BC604700BFC1F7000081
:103BA00001B40248844601BC604700BF75A900000B
:103BB00001B40248844601BC604700BFED6B0100C0
:103BC00001B40248844601BC604700BF8D820000FA
:103BD00001B40248844601BC604700BFF5350100CE
:103BE00001B40248844601BC604700BF01D7000011
:103BF00001B40248844601BC604700BF71B00000B8
:103C000001B40248844601BC604700BFA1690111AC
:103C100001B40248844601BC604700BFEDA5000026
:103C200001B40248844601BC604700BF8B520100CA
:103C300001B40248844601BC604700BF156B010017
:103C400001B40248844601BC604700BF016701001F
:103C500001B40248844601BC604700BF116E0000F9
:103C600001B40248844601BC604700BFF9ED000082
:103C700001B40248844601BC604700BFC115010081
:103C800001B40248844601BC604700BFE9F6000069
:103C900001B40248844601BC604700BF75F80000CB
:103CA00001B40248844601BC604700BF3D71010079
:103CB00001B40248844601BC604700BF018900008E
:103CC00001B40248844601BC604700BF613701006F
:103CD00001B40248844601BC604700BF9DA90000B2
:103CE00001B40248844601BC604700BFE90B0100F3
:103CF00001B40248844601BC604700BF093401009A
:103D000001B40248844601BC604700BF4DF9000081
:103D100001B40248844601BC604700BF59760100E7
:103D200001B40248844601BC604700BFE927000097
:103D300001B40248844601BC604700BF6D0B01001E
:103D400001B40248844601BC604700BF957301007E
:103D500001B40248844601BC604700BFE51201007F
:103D600001B40248844601BC604700BFD1AE0000E8
:103D700001B40248844601BC604700BFD9B00000CE
:103D800001B40248844601BC604700BFC1A50000E1
:103D900001B40248844601BC604700BFE9D400007A
:103DA00001B40248844601BC604700BF21A900005D
:103DB00001B40248844601BC604700BF894400004A
:103DC00001B40248844601BC604700BFDD0C01001D
:103DD00001B40248844601BC604700BF8D850111D3
:103DE00001B40248844601BC604700BFBD5C0100CD
:103DF000020000003296011101000000B094011190
:103E0000020000002E96011101000000303EFF1F4D
:103E100002000000B8940111010000001860FF1FAB
:103E2000020000002C96011103000000045EFF1F39
:103E30001200000002000000329601110100000093
:103E400030950111020000002E96011101000000C2
:103E50002D950111020000003A95011102000000A9
:103E6000285EFF1F020000002E96011101000000D5
:103E70002C9501110200000038950111010000008D
:103E80001C5EFF1F020000002C96011103000000C1
:103E9000145EFF1F020000003296011101000000B5
:103EA00090950111020000002E9601110100000002
:103EB000693FFF1F02000000A295011101000000F0
:103EC00086950111020000002E96011101000000EC
:103ED000683FFF1F02000000A095011101000000D3
:103EE000FC5FFF1F020000002E9601110100000080
:103EF000673FFF1F020000009E95011101000000B6
:103F000076950111020000002E96011101000000BB
:103F1000663FFF1F020000009C9501110100000098
:103F200071950111020000002E96011101000000A0
:103F3000653FFF1F020000009A950111010000007B
:103F40006C950111020000002E9601110100000085
:103F5000643FFF1F0200000098950111010000005E
:103F6000689501110202020202020000AD1901115E
:103F7000A91901114791011190011D0018001800A5
:103F8000FFFF07010203040506020106000000000E
:103F90000000000000000000000000000000000021
:103FA000000000000000000003000B000500F0000E
:103FB0000000B4000028002800283075A000A000F0
:103FC000A000A00000080008E001F00010001000B0
:103FD00010001000100010005000500050001000A1
:103FE0001000D0070000000000000F0001000500D5
:103FF000307507001000010081FF00000000FF0085
:10400000953A01119D3801112D360111FFFF010074
:10401000FF00000009660111856301119D62011115
:104020000000000000000000000008000400000084
:104030003B0001085902E00188212800FF00000030
:1040400002000000329601110100000018970111D2
:10405000020000002E96011101000000BD40FF1F6C
:10406000020000002A960111010000003066FF1FC7
:10407000020000002E96011101000000BC40FF1F4D
:10408000020000002896011101000000BA40FF1F45
:10409000020000002E96011101000000B840FF1F31
:1040A000020000002696011101000000B040FF1F31
:1040B000180018001D009001020000030202000019
:1040C0000200000032960111010000002C9701113E
:1040D000020000002E960111010000000041FF1FA8
:1040E0000200000024960111000000000000000002
:1040F000020000002C960111030000005066FF1F13
:0241000020FF9E
:040000051FFF184180
:00000001FF
