:020000041101E8
:10010000F7B5164B0192C318021D002000938823F7
:100110005B05D3181B685C1C1AD09CB2402C18D805
:100120008D781E0CAC466746CD782D023D43AE421D
:1001300006D1019800280ED110000C70240A4C70D2
:1001400003249BB20733A343D218009B9A42DED309
:10015000FEBD4432F9E71000FAE7C046FC0F00008C
:10016000802213B503000324019189B252010731A3
:100170009B18A14304305A1A88235B05C3181B68D7
:10018000591C03D190429241104016BD99B24029AA
:1001900007D80B000733A343C0189042ECD30020CC
:1001A000F3E74430F9E7134B134A1B68126810B5A4
:1001B000F424934201D81A00F024104BA4021B68C7
:1001C0009A4210D813000E4A12689A420ED3013395
:1001D00007D1F0239B029C4203D10A49054808F04D
:1001E000FBFA200010BDF824A402ECE7FC24A402D2
:1001F000F7E7C04600C0031100D0031100E003116F
:1002000000F00311FFFFFF7FF0B59BB015000490D5
:100210000391402A00D9A0E006AB59801A80FFF76D
:10022000C2FF0400042816D9002206A9FFF768FFC0
:10023000052810D906AB1B88AB420CD1002D07D086
:10024000514B2A000499C01808F00EFB002802D177
:1002500001201BB0F0BD06AB1D8020000699FFF702
:100260007FFF041E7BD1069B0793FFF79CFF802333
:100270005B01C61880230700DB029E4201D3F026F3
:10028000B60288235B05F31801931B68013302D083
:10029000019808F049FC3D49019808F09DFA3B1D82
:1002A0000293331D05938822029B52059B181B68FD
:1002B00008935A1C3CD044219AB20091402A04D899
:1002C0000320D11D814389B2009103991B0C8B42FD
:1002D00024D0402A22D80122300008A9FFF710FFBD
:1002E000021E1BD1380008A9FFF70AFF04000428EA
:1002F00031D9009A059B9B1880225201B218934273
:1003000040D288235B05C118009A09A808F04CFC6C
:100310001D4B009A09A9F01808F09EFB009A029B59
:100320009446634402931A4B029AFB189A42BAD33A
:1003300088235B05FC1821680198013908F04CFA04
:10034000200008F0F1FB039A07AB5A8030000799B0
:10035000FFF706FF0400002C03D1002079E70428F2
:10036000FBD988235B05E018069908F035FA0323CA
:10037000EA1C9A4300D16BE7034B0499E01808F09C
:100380006BFB65E70424ECE704000011FFFFFF7F2F
:10039000F80F0000F7B505001400402A21D8002707
:1003A00001AE71803780FFF7FEFE042816D93A00AF
:1003B0003100FFF7A5FE042810D93688BC420BD0C7
:1003C000BD4209D0221CB44200D9321C064B92B265
:1003D000C118280008F0E8FB30B2FEBDC04300B2EF
:1003E000FBE703204042F8E70400001137B5042280
:1003F00004000D0001A81649FFF7CCFF02000428F5
:100400000BD1019BA34208D3AB4204D0104901A8F1
:100410000195FFF7F9FE01203EBD0E4C2368200038
:10042000019308F081FB019920000139019108F046
:10043000D3F980235B01E418074B9C42EED10422E0
:10044000034901A80195FFF7DFFE0020E4E7C0465D
:100450005555000000C00311000004118022F8B5BA
:10046000964C974BD200002120001C6008F014F934
:100470002300944A88331A60934B1A786A23002A1F
:1004800000D01133E3620A232365904B37221B7897
:100490000820A3638E4B2118E361102323628D4B48
:1004A0003B256361C823DB00A36123008C331A6002
:1004B0002823013AE26320646364CA67043A211D79
:1004C000CA672100BC310D602100C03108602100E5
:1004D000C4310B6021000635CC310D602100083D90
:1004E000C8310D602100D0310A602200D432106082
:1004F0002200D832136022000227E0322100176068
:100500004222DC310A6021001B3DE4310D602100F4
:10051000E83108602100EC310B6023000521F43341
:1005200019602300F0331A602300183290331A60E8
:1005300023009433186023001E3A98331A60AF23C7
:10054000DB002360644BFA262363644B644DE36055
:10055000644BF031A3642300FF31FC33B600A1608B
:1005600021611E60A5627325E5656D3D6565A56524
:1005700096255D4AAD00E264666258606766A566CE
:1005800000270925A767E566584F594D6067200089
:100590002567E2673A6015279C30676007001A20DC
:1005A00038602000A0300700212038602000A830EB
:1005B00007004C4838602000F830066026006427A9
:1005C000A436376026005F3FAC3637602600033F15
:1005D000B03637602600C637B436376026000027AD
:1005E000B836376038269E60424E96205E64424E92
:1005F0005A66DE61414E9A645E62F53EFF3E9E623F
:100600001E269A67354A8000DE661F675F67DD65D4
:100610001D661862DA67BE23394A5B00E250394B27
:10062000D838235004302250C4225200A350C6238D
:10063000E4205B00E1500433334AE1503349344B4A
:10064000D1603449800019503349E938FF381950D6
:1006500032490430195032493248D161324911636C
:10066000324951631900F4310860CE20304940000E
:1006700011603049195019002F48F83108602F498E
:10068000D16582212E4A89005A501A002D4908321C
:10069000D1671A002C49B432116088212B4A890095
:1006A0005A501A002A49883211602A4ADA6408F03E
:1006B000D3FA012008F048F9F8BDC0460004FF1F36
:1006C0008862FF1F506DFF1F0441FF1F4A0AFF1F72
:1006D0003A07000080C3C9019A020000DC0500004F
:1006E0006A18000050C3000088130000F009FF1FC3
:1006F000204E00006509FF1F68100000C4090000BB
:1007000040420F0010270000FC00FF1FC11BFF1F0D
:100710000000FF1F152CFF1F9D2FFF1F352EFF1FF1
:10072000811FFF1F7126FF1F9D1FFF1F4921FF1FF4
:100730000D1FFF1F9528FF1F7D29FF1FD918FF1FC1
:10074000A127FF1FC524FF1FD124FF1F0D1EFF1F60
:10075000C51EFF1F851DFF1F0223F0B50124634D39
:10076000634E2B70634B34701A68634B89B004205E
:100770005A7006F05DFD07F087FFFFF76FFE08F087
:1007800023FA1F2200215D4B1E271A705C4B6F4419
:100790001C705C4B19705C4B19689143163A0A4304
:1007A0001A60602219689143403A0A431A6007F0C0
:1007B000B3FF08F019F8554B9847C120FF21544B5F
:1007C00080001A588A431A50C522920098588843CC
:1007D000BF390143995098584E4908408021C901BA
:1007E0000143802099509958C0050902090A014324
:1007F000995080214848490108F03EF9032322001E
:10080000464901940093464808F0A6F91622454946
:1008100002A808F0C9F902AC61782078023406F029
:1008200005F9A742F8D1404C404B226803201A40FA
:10083000A023DB0213432360802322689B0413431D
:10084000236022683A4B1A4080239B0313432360A2
:10085000384A394B934200D8012008F095F808F047
:10086000E3F980232268DB0413432360287807F030
:100870002BFF3078C0B207F06FFF08F01DF92F4949
:10088000042008F0C9F806F0C9FA06F015FF01F0D7
:1008900015F801F0BDF82A482A4906F0B3FD2A4BA5
:1008A0002A4819782A4B32781C782A4BC9B21E780C
:1008B000D2B22B780196009406F0A4FD08212648B8
:1008C000264A06F09FFD8023A12225489200234955
:1008D0005B0106F097FD234B2348196806F092FD53
:1008E00000F022F9002009B0F0BDC0464A0AFF1FFF
:1008F0000441FF1F34F000402C60FF1F480AFF1F17
:10090000490AFF1F680AFF1FBCF00040E1A2000077
:1009100000E100E0FF00FFFF0841FF1F8C53FF1FB5
:100920000851FF1F2E95011114F00040FF7FF8FFC2
:10093000FFFF9FFF0080FF1F506DFF1F3B0001085E
:10094000788C0111020101034B0AFF1F8E8C0111EB
:10095000440AFF1F450AFF1FBC8C0111780A0000E2
:10096000EC8C0111800AFF1F408D01117047704708
:1009700030B503A804880B20002C0ED14968074D20
:1009800008784978090201430A20A94205D10121CA
:1009900020001980024B1B7A137030BD192A000009
:1009A0001460FF1FF7B5150008AA16884A680F4F94
:1009B00014785278120222430A24BA4214D1012236
:1009C000DBB2019200962A0007F0ACFD041E0BD1A9
:1009D000074B1B68002B07D068782A780002104369
:1009E00042425041013098472000FEBD02290000DC
:1009F0000C5EFF1F30B5012503790400BFB02B4208
:100A000011D00A49408807F0F9F828420BD0084B6A
:100A100001A95B8D4D800B80064B00221B7A6088FC
:100A20000B7103F07BFD3FB030BDC046045EFF1F7D
:100A3000F03DFF1F1460FF1F10B50549054807F082
:100A400093F80421044A054807F050F810BDC04649
:100A5000045EFF1FFFFF000044950111F03DFF1FE2
:100A600010B5024804F038FC10BDC046F50901116C
:100A700001230370054B1A7A42700C2282709A7916
:100A8000C270DB79037105207047C0461460FF1FF8
:100A9000022310B50370013B43700533837010339C
:100AA0000371443B43712A3383714433C371002380
:100AB0000372064B04001B8843720A30FFF7D8FF0D
:100AC000831D0A30C0B2E37010BDC0461460FF1F22
:100AD00010B5142007F0A8FF124B14220021186053
:100AE00007F0DAFD002007F097FE012007F004FF71
:100AF000022008F081F8032003F036FE042005F000
:100B0000CDFE052003F06AF8062003F041FD072022
:100B100001F0D2FA082006F0C9FF092001F09CF884
:100B200010BDC046105EFF1F08F046F8012008F017
:100B300033F807F011FF032382B054280ED8434343
:100B4000DAB2D0430023C0B2FF210A4008401202AB
:100B50000B401B041043184302B07047A92806D865
:100B600055384343DBB2DA430020D2B2ECE75630CB
:100B70005843C0B2C3430022DBB2E5E7F0B5030A35
:100B8000040C071CD8B285B00E004843FF2107F0C3
:100B90008BFFC5B2E0B2FF21704307F085FFC4B2FE
:100BA000F8B2FF21704307F07FFFFF231D4018407C
:100BB0002D021C4024042843204305B0F0BD000052
:100BC00013B52638C0B211280FD80A4A0A4B115C57
:100BD0000A4A1B5C125CFF242340180021400902D2
:100BE000224012040843104316BD002211001300D6
:100BF000F1E7C0469A950111AC9501118895011154
:100C000037B500240325019028006043044B0322DC
:100C1000C01801A9013407F0C7FF202CF4D137BD5B
:100C2000945FFF1F10B50C220249034800F087FBB8
:100C300010BDC0461C5EFF1FF45FFF1FF0B5A84B40
:100C40008FB003931B68002B00D17FE0A54F2021BC
:100C5000380000F05DFDA44C2378002B5FD0637951
:100C6000180025381C285AD807F006FD34007200F9
:100C70007200720072007200720072009C009C0090
:100C80009C00E000FF00FF00FF00FF00FF00FF00EE
:100C9000FF001D0159005900590059005900590021
:100CA000590059001D00A2780DAB1A70E2785A70F5
:100CB00022799A7061780D98FFF760FF05AB187084
:100CC00002040002000E120E5A7098700598FFF789
:100CD00097FF24E00025854B0DAE0293029AEB00AE
:100CE0001078C018C0B2FFF726FF03041B0E737004
:100CF00003236B4330700002000EB07001936178E3
:100D00003068FFF73BFF019B0204F8540002FB1818
:100D1000120E000E01355A709870202DDED19825E4
:100D2000734C6D0020212B0022006E4800F017FD4F
:100D30000100A8420AD1200000F0C0FC011E05D02D
:100D40000023039A6B48136006F05CFB0FB0F0BD04
:100D500066490A78097849B200291EDB5200D5B2EB
:100D60001800FFF72DFF0DAE3070030400021B0EBC
:100D7000000E7370B0706078FF21684307F094FE36
:100D8000C1B20D98FFF7FAFE0304307000021B0E8B
:100D9000000E7370B0700D9899E7FF25AD1A6D00C5
:100DA000EDB2DDE72D2B37D0FF2600252E2B35D1D8
:100DB000300001954D4A1378127852B2002A30DB88
:100DC0005B00DCB2FF273B1B9BB239005843029308
:100DD00007F062FE04AB1872029B0198654358430A
:100DE0003900401907F058FE04AB58722000390052
:100DF000704307F051FE04AB98723B4B069859784C
:100E0000FFF7BCFE07AB187002040002000E120EC2
:100E10005A70987007985AE70026FF252800019617
:100E2000C8E7FF24E41A6400E4B2CBE72F4B18783C
:100E3000030700D573E7C000C0B2FFF77CFE08AB24
:100E4000187002040002120E000E5A709870617839
:100E50000898FFF793FE09AB187002040002000E19
:100E6000120E5A709870099831E7204A12781207CA
:100E700000D554E71800FFF7A3FE0AAB1870020470
:100E80000002120E000E5A70987061780A98FFF7EF
:100E900075FE0BAB187002040002000E120E5A70A1
:100EA00098700B9813E72420104B1B781B095843AC
:100EB000C0B2FFF740FE0CAB187002040002120E25
:100EC000000E5A70987061780C98FFF757FE0DABC2
:100ED000020418700002120E000E5A7098705AE741
:100EE000605EFF1F945FFF1FF45FFF1F3D5EFF1FEB
:100EF000645EFF1F528D0111F0B5C5B01D004AABF5
:100F0000059016000E201F88002911D0002A0FD04E
:100F10004B681A785B781B0213433C4A934209D111
:100F2000012205980192EBB23200009707F0FAFA1D
:100F300045B0F0BD364A0A209342F9D10130002F66
:100F4000F6D10230142DF3D82A003100314807F0D1
:100F50002BFE2900304806F055FA2900300006F033
:100F6000BFFB2E4C2A003100200000F087F905005D
:100F700001282DD12A49059806F040FE284080B26C
:100F8000002804D1274806F03DFA0020D0E73900B8
:100F9000F22207A807F080FBFFF744FE0C2202AB09
:100FA000214908A8DA8207F0FFFD204B02AA1B881E
:100FB00007A9938205983A0003F0B0FA1C4D01008E
:100FC000A079637922780090280006F01BFADCE70C
:100FD000002805D01748290006F014FA8020A7E75A
:100FE000154B1870FFF71EFEFFF728FE2579637872
:100FF000627921780395E57810480295A5780195E6
:10100000A479009406F0FEF9BFE7C046022900006B
:10101000D9FF0000285EFF1F988D0111F45FFF1FAC
:10102000145EFF1FBF8D01111C5EFF1F7E3EFF1F60
:10103000068E01114F8E01113C5EFF1F7F8E011144
:10104000F8B51D0006AB16001A8807AB1F784B6871
:10105000597818780B4B090201430A20994210D1A4
:101060000130002A0DD1FFF7DDFD3C1C0C2F00D90B
:101070000C24E4B222003000034907F095FD002063
:101080002C80F8BDD4FF00001C5EFF1F094B10B57B
:101090000400984205D0012904D12000064906F039
:1010A00063FD10BD0229FCD1013904F0D3F80028FA
:1010B000F3D0F6E7FEFF0000145EFF1F10B50E48E8
:1010C00000F0AAF90021072005F096FD0221072073
:1010D00005F0ACFC0021032005F08EFD0221032069
:1010E00005F0A4FC0021042005F086FD0221042067
:1010F00005F09CFC10BDC0463E5EFF1F30B50720CA
:1011000085B005F073FC0400032005F06FFC0500BA
:10111000042005F06BFC01214D404C40EBB24140F6
:101120001D4DE2B21D4CC9B200912800210000F013
:101130007BF9002814D025796378627921780395AA
:10114000E57817480295A5780195A579009506F0F0
:1011500059F90022134B1A70FFF764FDFFF76EFD7B
:101160002378002B0CD06379412B09D00D49A2794B
:101170000B7812090133DBB20132934202D20B70B9
:1011800005B030BD0023084A0B701378013313708B
:10119000FFF754FDF4E7C0463E5EFF1FF45FFF1FFC
:1011A000BF8E01113C5EFF1F3D5EFF1F70B51B4CE3
:1011B000200000F051F80022194B1A70194B1A70D8
:1011C000FFF730FD1849194806F0CEFC184803F027
:1011D000C3FF184800F05CFA43424341164D1749DB
:1011E0002B60002800D11649164806F00BF92B6831
:1011F000002B0DD0002325782370FFF71FFD2570ED
:10120000FFF71CFDA379627861790F4806F0FAF8C0
:1012100006210E4A0E4806F069FC70BDF45FFF1F00
:101220003D5EFF1F3C5EFF1F145EFF1FFFFF0000BF
:101230008D100111009F2400605EFF1F048F0111BB
:10124000018F0111098F0111288F0111C095011122
:10125000343EFF1F7047704700280ED001230370F3
:101260007F3343707F3325228370BF3BC3700023DD
:1012700042710D3A03718271C3717047030010B55A
:101280000220002B0DD000290BD0032A1CD10C7892
:10129000EF2C07D1487801284FD18B78772B00D0DD
:1012A000033010BD0420CC2CFBD18C78332CF8D12A
:1012B0004978232903D101221A700020F1E7100098
:1012C0002429EED10022F7E7072A1ED10A7804204C
:1012D000562AE6D18A79AA2AE3D14A79F02A0CD192
:1012E0004A789A708A78DA70CA781A71FF225A702E
:1012F000BE3A5A710022DA71DFE703200F2AD0D1FB
:101300000A799A70DA700A79EFE704208242C8D12C
:101310000C781000BB2CC4D1CA78442AC1D14A78B9
:1013200003201400253C132CBBD85A7189780A1C61
:10133000002900D101229A71DCE70420B1E7030003
:1013400010B5002823D0081E21D000200B2A1ED95A
:1013500066220A70513A4A701A7854426241233226
:101360008A705A79CA7020220A715A79412A00D0AB
:10137000987948719A780C208A71DA78CA711B7949
:101380000B7200234B7206338B729333CB7210BDFA
:1013900002788A4204D001230170837000207047D4
:1013A0008378032B18D80133DBB28370042BF5D17B
:1013B00043789342F2D04270002A05D00023838004
:1013C000C38003720120EAE7037A8280C28002723E
:1013D000584258414000E2E74378002BDED0838832
:1013E0000C4A934201D001338380037A002B07D14A
:1013F00082883B2AD2D901220272C3800320CEE721
:10140000C38801339BB20E2B01D8C380C6E70023EB
:10141000F3E7C046FFFF000010B5002803D02022EC
:10142000002107F039F910BDF7B51E0008AB1B7895
:101430000C0005001100019300283DD0201E3BD078
:101440002800FFF7A5FF0700280031000A30FFF74A
:101450009FFF0600280001991430FFF799FF020052
:101460000020012F04D12378380059424B412370CA
:10147000022E22D107210320AB7F01330B401C49F0
:10148000AB7758430B00C35C0918A3704123637109
:1014900000234E788978E6702171E3710120022AD9
:1014A00018D1EB7F013201331340124AEB77D35C42
:1014B00063710023E3710120FEBD032EEFD1637839
:1014C000202019002039C9B29F2901D81B18D8B291
:1014D0006070E3E7032AEFD1A37920211A00103AC4
:1014E000D2B2CF2A01D85B18D9B2A171E3E7C046C6
:1014F000E2950111DE95011170B5041E66D08423BA
:10150000354A5B0111680B4313604023334A11686D
:101510000B4313608023DB051A6831490A401A60C7
:101520008022196852010A432E491A600A682E4B1C
:101530001A40B0235B0313430B6080232B4ADB0369
:1015400011680B4313602A4B9847630005008342E0
:101550003FD860082100401907F09EFA254A030091
:1015600090422FD91300DA0717D51A00032B00D2A7
:1015700003222149013A8B4200D90B00110061433B
:1015800001335C43481B8D4200D9681A611BA54298
:1015900000D9291B884200D81300082400201749CD
:1015A000174AFF34087014802222164C25682A43FB
:1015B0002260154A1360154B154A186001231370F9
:1015C0000B7070BD0228CED20223CCE7012040422E
:1015D000F7E70220FBE7C046080000401400004087
:1015E000FFEFFFFF2C380040FFFFC0FF0C3800402A
:1015F000D1A50000FEFF0000FDFF000008700040C4
:10160000007000402C300040147000402C700040EE
:1016100010700040034B10B51868002801D0FFF788
:101620006BFF10BDFC5FFF1FF0B5144D00230226B9
:10163000AC46134A134C144F8B4207D30122134B71
:10164000217808001040114213D1F0BD25783542B1
:1016500009D03D68072D06D86546C25C01332A6073
:10166000074D2A00E8E7551E002AFAD10220404221
:10167000EBE7013B002BE3D10320F8E7607000406B
:10168000400D03002870004020700040410D030011
:1016900010B50400FFF730FF00280AD1054B010008
:1016A000054A0C301C6007F0F7F8002801D0032031
:1016B000404210BDFC5FFF1F1516011170B50500FB
:1016C0000E0000281CD00C2007F0D6F800281AD1F4
:1016D00031002800FFF7A8FF041E0CD00B4B186840
:1016E000002808D0FFF708FF002804D131002800A7
:1016F000FFF79AFF04000C2007F0AEF8200070BD41
:1017000001246442FAE70424FBE7C046FC5FFF1FA4
:101710000B00002805D003215943002341188842BB
:1017200000D170470370437083700330F7E7F0B562
:1017300000220624130080260427A4463400144106
:101740003D00044200D06546DB0001322B43082AED
:10175000F4D11A0C0A701A0A4A708B70F0BDF0B5F9
:1017600004001500070085B0002819D0171E17D0F7
:1017700009224A43170010370192BB4222D30323A8
:101780002E004B43C3180293330009330393029B8B
:101790009C4208D1019B10220021E81806F07CFF32
:1017A000380005B0F0BD31006078FFF7C0FF207849
:1017B000F11CFFF7BCFFA078B11DFFF7B8FF0334A1
:1017C000039EE1E70027EBE770B5160004AA148832
:1017D00005AA15784A685078117800022A4A084309
:1017E000801805284BD807F017FA03131E29343F39
:1017F00007221000062C0AD8121BAA4200D92A0080
:1018000022491A803000091907F0CEF9002070BD76
:101810000720112CFBD81222121BAA4200D92A0041
:101820001B491A80EEE707200E2CF0D80F22121B5E
:10183000AA4200D92A0017491A80E3E70720032C9F
:10184000E5D80422121BAA4200D92A0012491A80A4
:10185000D8E70720032CDAD80422121BAA4200D9A9
:101860002A000E491A80CDE70720022CCFD8032288
:10187000121BAA4200D92A0009491A80C2E7002295
:101880000A201A80C3E7C046DCD5FFFF2696011167
:101890000060FF1F16960111119601110C9601119F
:1018A0000896011110B50D21024A034806F01EF9F1
:1018B00010BDC046FC950111943EFF1F10B5084CA9
:1018C000E368002B08D18022064B52021B689B184C
:1018D0006360054B1B68236006F0E6FFA06010BD47
:1018E0003C60FF1FC8F00040CCF0004070B5184AC3
:1018F000936A916A9942FBD116498A689A421FD32A
:101900009A1A8B60144B0126186893B2D202D20E39
:101910004343424300204C681B0A1B1912029B18C8
:101920000E4C0A684B60551CA3420CD8002801D00D
:101930004B600A600A4A136008680A4B186070BD61
:10194000581E821ADDE7084A30009B182A00EAE791
:1019500000F000403C60FF1F140AFF1F40420F00D0
:10196000C8F00040CCF00040C0BDF0FF70B51F4C87
:1019700023793F2B01D93F2323711D4B22791A7004
:101980001878C0B207F040F818231A491A4A0B8099
:101990001A4913800B805380A379194980200B804A
:1019A0000C21938001334B43164D191C00018342D7
:1019B00000D9011C2980D1806379002B01D101332A
:1019C0006371237A012B01D8022323726279237A6F
:1019D0000D4853430A21584307F066F80B4D286021
:1019E000E379052B01D81023E37170BD3060FF1F30
:1019F000480AFF1F7E3FFF1FB040FF1F7C3FFF1FB5
:101A00007A3FFF1F783FFF1F710200002060FF1F19
:101A1000064B70B51900064A31CA31C102225A710B
:101A200000229A71FFF7A2FF70BDC0463060FF1F11
:101A3000489601117047000070B50400013806286F
:101A40000DD807F0E9F8041337571F0C59002B483D
:101A500005F0D8FC2A4B0221187806F0E5FE294B48
:101A6000210029481C7005F0CDFC70BD274805F009
:101A7000C9FC234B0821187806F0A6FF0022244B4E
:101A80001A72ECE780220025214B52001A81FA22BB
:101A9000DD72204B1A4E5B7A920008215A4330784F
:101AA00006F04AFF2900307806F00EFF1A4805F0CC
:101AB000A9FCD4E7194805F0A5FC114B08211878BA
:101AC00006F082FF1648FEF7E3FF124B154A9B799A
:101AD0009380154A138000220D4BDA720132FF32D7
:101AE0001A81124B1B78002BB9D0114A136006F0F3
:101AF0003BFEB4E70F48DAE70F48D8E7648F0111DF
:101B00005160FF1F5060FF1FE28F0111738F0111A1
:101B10002060FF1F3060FF1F878F01119A8F011116
:101B2000893FFF1FB040FF1F7A3FFF1F2C60FF1F40
:101B300034F00040B18F0111D28F01110300F0B5D4
:101B40000A4D8E18B14202D152008018F0BD0C78B7
:101B50002F6824093C5D0F271C700C7801313C4034
:101B60002F683C5D5C700233ECE7C046743FFF1F9A
:101B700010220F4B10B51A700F230E4C0E49237014
:101B8000093A063B0D48637007F00EF82D23012239
:101B90000B490C486372FFF7D1FF01220A49FFF796
:101BA000CDFF01220949FFF7C9FF0023037010BDD3
:101BB0004E62FF1F2F62FF1F269601113162FF1F29
:101BC0006709FF1F3962FF1F6609FF1F6509FF1FB5
:101BD00010B5FFF7CDFF084C084B207821000130ED
:101BE000C0B2187006F030FE2178054A0139C9B23A
:101BF000002005F099FE10BD2F62FF1F4E62FF1FEF
:101C00003162FF1F10B5114B1A781870002A0ED0E0
:101C100000280BD10E4B1A78062A07D85423D3403C
:101C2000DB0703D50B4B187801F056FE10BD0028DA
:101C3000FCD0074B1B78012B02D0033B022BF5D8BD
:101C4000044B0121187806F0EFFDEFE75262FF1F09
:101C50007962FF1F7A62FF1FF0B5664B87B018707C
:101C6000654805F0CFFB654805F0CCFB644805F0FE
:101C7000C9FB06F079FF032262496348FFF75EFF64
:101C80002D24030088211C70042249050130FFF730
:101C900055FF302302220470437083705B4C5C4B11
:101CA0002000DA875B490432FEF774FB062813D064
:101CB000200006F0C1FC022809D00321200006F014
:101CC000C3FC8D23E3706E3B2371193363710622CD
:101CD00020005049FEF798FA4F4B01251B68FC3352
:101CE0005C64FFF775FF07234C4E4D4C3370053B8A
:101CF00023700433A370033BE3702371D233637109
:101D000048492A3348486570A37105F07BFB64237A
:101D1000464F47487979594305F074FB2178A378F9
:101D200062780591A1794348039161790291217903
:101D30000191E1780091059905F064FB0020FFF71F
:101D400061FF32783C4E23002900307801F086FD97
:101D50003A4A00213A4B1278307801F07FFD642234
:101D6000384B244C1D707B7953431900284A0A31A3
:101D700093811382D18151822078202106F0C4FC06
:101D80000120404205F01CFE0120404205F0B8FE53
:101D9000FFF788FDFEF750FE2B4805F033FB0120CE
:101DA0004042FFF703FAFFF789F980210A222078E1
:101DB000090106F0C1FDFA22802192004901207834
:101DC00006F0BAFD280006F04FFCF02000F0FCFE03
:101DD0002900207806F028FD207801F0F9FE1B4844
:101DE00006F0F2FCFEF7C2FD194805F00BFB07B048
:101DF000F0BDC0465160FF1FF18F01111F9001110E
:101E00003A9001112440FF1F0060FF1F6509FF1F6A
:101E1000B03FFF1FADAC00008862FF1FA83FFF1F4F
:101E2000893FFF1F3162FF1F509001113060FF1F7B
:101E300063900111809001117A62FF1F4E62FF1FB3
:101E40002F62FF1F2062FF1FB39001115260FF1F1E
:101E5000E090011173B520240E000D0026402142B0
:101E600009D0414B4148197A0131C9B2197205F0C4
:101E7000C9FA200017E00BB2002B16DA3C4B187899
:101E800006F022FE041E0CD00378912B06D1437875
:101E90000E2B03D18188374805F0B4FA200006F0F4
:101EA0001BFC80200002684076BD0224214208D03D
:101EB000314805F0A7FA2C4B01201E72FFF7A2FE55
:101EC000D7E70824214207D02C4805F09BFAFFF7FA
:101ED0000DFDFEF74BFDCCE7CB0615D5284B294869
:101EE0001A7AD98805F08EFAFEF741FD264B1B7849
:101EF000002B07D1FEF7B4FD244B1B68DB0701D58F
:101F0000FFF7A9F91020CEE70124214208D020488C
:101F100005F078FA1F4800F093F806F0A5FDA8E751
:101F20008024640121420DD01B4B174A1968127896
:101F300001311960194B1A481B7800922A0005F0EC
:101F400061FA96E780242401214202D0FFF7D6F8F7
:101F50008FE70424080020402142A5D0114805F055
:101F600051FAFFF777F984E72060FF1F0B91011109
:101F70005160FF1F139101113C9101116B910111EF
:101F80001460FF1F769101115262FF1F3060FF1F26
:101F90008A9101116C3FFF1F4C60FF1F5060FF1FB3
:101FA000A5910111D6910111F0B51B4B1B4F1B8858
:101FB0003A8804001A4E1B4D85B09A420DD83288DB
:101FC0009A420AD3184B1A882B889A4205D1174A8D
:101FD000174B12881B889A421BD0052000F050FE38
:101FE0003B8802AA13803388019053802B88114DBF
:101FF00093800F4B02A91B88D3800F4B2A78188837
:1020000002F096FB0D4B08212878019A1C7006F00F
:102010007BFC05B0F0BDC0461E62FF1F7E3FFF1F68
:102020007C3FFF1F7A3FFF1F1C62FF1F1A62FF1FCA
:10203000783FFF1F7A62FF1F803FFF1F1862FF1F5C
:1020400013B50C4B1C78002C11D1002801D00A4B81
:1020500018600A4A0A4B11780A4A10780A4A019213
:102060000A4A0092002205F04FFB200016BD112401
:10207000FBE7C0467962FF1F1462FF1F7862FF1FF3
:102080006862FF1F7A62FF1F5462FF1F5862FF1FC2
:1020900010B5064B12201B78052B06D1044B1322DA
:1020A0001988044B187800F0C7FF10BD7962FF1F34
:1020B000803FFF1F7A62FF1F10B500240122114BE1
:1020C00052421870104B1C70104B1A8001F080FDAA
:1020D00004220F4B21001A700E480C3206F01CFC33
:1020E000102221000C4806F017FC07220B4B1C6045
:1020F0000B4B1C700B4B1C700B4B1A700B4B1C705A
:1021000010BDC0467A62FF1F7962FF1F803FFF1F2C
:102110007862FF1F6862FF1F5862FF1F5462FF1F33
:102120002E62FF1F2D62FF1F823FFF1F2C62FF1FC9
:10213000F8B5174C0600257806A814240078052D5C
:1021400023D1B41F134FA5B21824BD421DD88D1F33
:10215000ADB2BD4219D8FA256D00AA4215D21D00B4
:102160000D4F0A3DADB2BD420FD80C4C26800C4C31
:1021700021800C4900240A800B4A1380FFF714FFCA
:102180000A4B0421187806F01FFC2000F8BDC04659
:102190007962FF1F790C0000750C00007E3FFF1F65
:1021A0007C3FFF1F7A3FFF1F783FFF1F7A62FF1FB0
:1021B000F0B50BB20D0089B0002B00DB84E1AC4E12
:1021C000307806F081FC041E2DD00378A22B00D1BC
:1021D00033E1D02B2CD0912B22D143780E2B1FD161
:1021E0008388A44A934211D1A34A83681278052AAE
:1021F00016D1032018567F2812D0A04B1B68002B45
:102200000ED05B68002B0BD0984709E09C4A9342A4
:1022100006D181689B488B784A78097805F0F2F8F6
:10222000200006F059FA80200002684009B0F0BD95
:1022300080780728F4D806F0D7FC0800F3FF1C00CC
:102240003C003C007300A700D7006378002B0CD142
:102250000121894B19708C4B1A78002A54D08B4B72
:10226000307801F0FBFA00284ED00722824B1A701A
:102270004AE061780029F8D1E378002B0AD0844A3B
:10228000844B1278307801F0E9FA60706378002BA3
:10229000C6D0EAE7784B1B78022BC1D001213078F9
:1022A00006F072FC0028F1D10121307806F0BCFA6A
:1022B000ECE76378002BD8D16F4F032807D13B7828
:1022C000052B02D101333B701EE00223FBE7724B6A
:1022D0001A88724B0293002A0BD01B78002B03D074
:1022E0000121307806F010FB3B78062B04D1013B2E
:1022F000E9E7029B1A70F7E7042B43D10121029B07
:102300003078197006F090FA5C4B1B68002B00D1F6
:1023100086E71B68002B00D182E7574A107873E7E5
:102320006378554F002B27D10622211D5C4806F00B
:102330003BFC62895B4B5C491A80A2895B4B1A802B
:10234000E3890B800521397059490A80594A138065
:10235000228A594B1A80594B1B78012B09D11F2017
:1023600000F08EFCFA22920042430421307806F0FD
:10237000CBFA0022494B7AE7312B00D075E70022D7
:10238000464B1A7003239EE706220021444806F0BC
:10239000C3FA0023464A04211380464A307813804A
:1023A000454A138006F010FB0821307806F00CFB3C
:1023B000A379083B5A4253412F4A03331370324BDF
:1023C0001B78002B06D0354B30781A78002A06D0BF
:1023D00001F082FA0122334B52421A8094E7012124
:1023E000197006F021FAF5E70821307806F0ECFACA
:1023F0006378002B00D013E72D4B2F4F0293E38817
:10240000029A042113802B4B307803932389039A7B
:10241000138063893B8006F0B7FB002800D0FFE6FD
:10242000274B1B68002B00D1FAE6039902983A88E3
:10243000098800881B689847F2E64379132B00D07F
:10244000EEE60389012B0AD11E4B1B78022B06D125
:102450000821307806F0B8FAFFF71AFEE0E605200A
:1024600000F00EFC08210200307806F04DFAD7E6A5
:102470007A62FF1F051400007962FF1F1462FF1FBC
:1024800022200000F8910111A83FFF1F893FFF1F84
:102490004E62FF1F2F62FF1F5062FF1F5262FF1F1D
:1024A0002162FF1F803FFF1F2862FF1F2A62FF1F5C
:1024B0001E62FF1F1C62FF1F1A62FF1F2062FF1FA8
:1024C0001062FF1F1862FF1F8020C001014200D070
:1024D000ABE6CB0731D5324B1B78002B1DD0314EEC
:1024E00005AC3378052B1AD1023B23702E4B21000B
:1024F0001B7823722D4B1B7863722D4B187801F0DB
:1025000051F9002809D007202A4B30701B68002B96
:1025100003D01B68002B00D09847012085E60E20D1
:10252000254B06221B7825492370254B1B786370A9
:1025300002ABC01806F038FBD8E7022308001840A9
:10254000194209D0174B1B78052B03D11D4B188856
:1025500006F0EAF9022068E60424214203D0FFF7DE
:1025600023FD200061E6082308001840194200D12D
:102570005CE6154B1C78012C03D0022C0DD00820F2
:1025800053E6124B124A134913481B8812880988D4
:1025900000880094FFF7CCFDF1E7FFF779FDEEE747
:1025A0005262FF1F7962FF1F823FFF1F2C62FF1FD5
:1025B0007A62FF1F1462FF1F2E62FF1F833FFF1FFF
:1025C0002D62FF1F803FFF1F1862FF1F783FFF1F14
:1025D0007A3FFF1F7C3FFF1F7E3FFF1F10B5034C5C
:1025E0000B000122210000F06BFA10BD9D270111A4
:1025F0000B8870B506000D000224162B11D92B0094
:102600000322094900F05CFA041E0AD1074B2A880C
:102610001B88191C934200D9111C300089B200F0AC
:10262000EFFA200070BDC046C92701118E62FF1F5E
:1026300010B54A780400013A0B000220012A07D89D
:102640000A78002A04D005222000024900F038FA56
:1026500010BDC046F72701110A7810B50B00040021
:102660000220002A04D007222000024900F028FAA4
:1026700010BDC046A32801110A7810B50B00040054
:102680000220002A04D009222000024900F018FA92
:1026900010BDC0460929011110B5034C0B000B22D7
:1026A000210000F00DFA10BD3929011110B5034CBD
:1026B0000B000D22210000F003FA10BDAB2901111F
:1026C00010B5034C0B000F22210000F0F9F910BDEA
:1026D000052A01110A7810B50B0004000220002A17
:1026E00004D011222000024900F0EAF910BDC046D2
:1026F000152A0111002310B51322190000F0E0F98A
:1027000010BD000010B5034C0B001722210000F093
:10271000D7F910BD672A0111002310B5192219003D
:1027200000F0CEF910BD000010B5034C0B001B22C9
:10273000210000F0C5F910BDA12A0111F7B5848967
:102740000D0006000121002C22D000238268D35600
:102750001778002B1EDA0C2C1AD90C3CA4B21319D2
:1027600040880093230002F012FF431E984101307D
:102770007B06DB0F6B703F23013C1F40A4B2287027
:10278000AF70AC80002C07D0B3680133AB60002180
:102790000800FEBD0020EBE7AC60F8E70B780370A3
:1027A0004B8843704B881B0A83700B79C3700420DD
:1027B00070470420022B06D10020537811781B02A9
:1027C000009A0B43138070470B8803700B881B0A19
:1027D0004370022070470420009983420AD1537845
:1027E00010781B0203430B80D37890781B020343BD
:1027F00000204B807047F8B50D004B780124002174
:10280000461C03702B788B4201D82000F8BD6B78F2
:10281000B01C4F1C012B10D1890069184B88022273
:1028200033704B88B9001B0A7370691806F004F9FD
:1028300004360434A4B2F9B2E4E7122359436B1806
:102840005A88043132705B8810221B0A7370691831
:1028500006F0F2F812361234ECE770B5049D14005D
:102860001E00052B01D8042070BD637812781B026E
:1028700013432B80E378A2781B02134302226B8060
:102880002A71211D681D063E06F0D6F8B2B22A81D3
:10289000E92AE8D82800A11D0A3006F0CDF800206A
:1028A000E2E7002310B50A789A4201D8900010BDE3
:1028B0009A008A185488013304705488DBB2240AC1
:1028C0004470948884709288120AC2700430EAE7D7
:1028D00010B51100029C062B04D004201022142BEA
:1028E00001D010BD022222714B7808781B020343ED
:1028F0002380CB7888781B02034363800431601DFA
:1029000006F09AF80020ECE710B50C788B780431CB
:102910005C43E4B203702200013006F08DF8601CC5
:1029200010BD0420022B06D10020537811781B0221
:10293000009A0B431380704710B50C000A880231CF
:1029400006F07AF8208810BD70B504000D000498D8
:102950001100012B01D8042070BD167852781202A4
:10296000324302800200F13255701470E125002CD0
:1029700000D10C35023B9AB24280AA42EBD8023118
:10298000043006F059F80020E6E70420009983425D
:102990000AD1537810781B0203430B80D3789078C8
:1029A0001B02034300204B80704710B50C000A88BF
:1029B000023106F041F8208810BD000070B50121F9
:1029C0001E000420049C0E400B4218D1CB40DDB207
:1029D0008D4214D90A49DBB2098899420FD32300EA
:1029E000EE331D703300580011184978165C090247
:1029F000314301332152D9B28D42F4D8002070BD49
:102A0000AA3FFF1F10B50C000A88023106F014F827
:102A1000208810BD10B50C788B7804315C43E4B28B
:102A200003702200013006F007F8601C10BD10B5DD
:102A300011000298032B01D8042010BD147852789D
:102A4000043B120222430280CA788C78120222438D
:102A500042809AB28280EB2AEED80431063005F02B
:102A6000EBFF0020E9E710B50C000B8803700B8822
:102A70001B0A43704B8883704B881B0AC3708A887B
:102A80000430063105F0D8FFA088043080B210BDB4
:102A90000420012B03D100201378009A1370704793
:102AA00010B50C000B8803700B881B0A43704A8812
:102AB0000230043105F0C0FF6088023080B210BDE2
:102AC000F0B589B003931E4B029242000700D05A22
:102AD000019102F050F81325061E2DD0029B01240F
:102AE0000370019B002B04D000190399984700192B
:102AF00084B26B461B7A5BB2002B0FDA10213800D0
:102B000002F0A8FB1925002813D130003219E1B2D8
:102B100002F0F2FC051E0CD10C34A4B2042304AA6A
:102B2000380005A993800696948101F0DFFD051E0B
:102B300002D0300005F028FE280009B0F0BDC046E4
:102B40008C62FF1F70B505000C0000280CD000201F
:102B5000814209D010222000044905F06DFF0120B8
:102B60002B7823736B78637370BDC0465496011144
:102B7000F0B506000D0017001C0085B002291BD01F
:102B80000020102907D1022B07D0102B03D115E00C
:102B90000020102C08D005B0F0BD69463800FFF7C2
:102BA000D1FF2A0069460BE069463000FFF7CAFFF3
:102BB00022006946380004E0022BE9D12A003900DE
:102BC000300005F0B1FDE6E7031CF02800D9F02342
:102BD000032008499AB2013A0B80D31703400649F3
:102BE0009B189B100B80D30F04499B185B100B8024
:102BF0007047C046AE3FFF1FAC3FFF1FAA3FFF1FFD
:102C0000054B10B51B888B4205D3044B4000C152C5
:102C1000034804F0F7FB10BDAE3FFF1F8C62FF1F9F
:102C20000B920111014B4000185A70478C62FF1F34
:102C30001722014B1A8070478C62FF1F70B5050088
:102C40000E2005F039FE041E13D0D023037000239C
:102C50000622837007494570033005F0EDFE064BF0
:102C60002100DA8A62811B7E2373044B187805F0F9
:102C7000C3FD70BDA862FF1F9862FF1FFE3FFF1FCC
:102C8000262803D8024B4000C05A70470148FCE791
:102C9000B03FFF1FFFFF000070B506000C00094D9C
:102CA0001C220021280005F037FE074B1E70074B41
:102CB0001C7005F0C1FF0123002801D00023122061
:102CC0002B7070BD9862FF1FFE3FFF1FB962FF1F90
:102CD00070B505000D4C0800E260A16010220021D3
:102CE000656005F0B1FE012803D11021A06802F053
:102CF00004FE10220021280005F0A6FE012803D1C1
:102D00001021606802F0F9FD70BDC0469862FF1F97
:102D100070B5041E05D1002903D006220D4805F028
:102D20008BFE0D4B1D78012D11D1002C05D10222F7
:102D30001A7005F0D9FE280070BD00221A70074BEA
:102D40001B78FF2BF7D02000FFF778FFF3E7002573
:102D5000F1E7C046A862FF1F9862FF1FFE3FFF1FFA
:102D6000030010B5002801D1002010BD00780B4AE7
:102D7000002803D15988D1821B7913761378022B4E
:102D8000F2D10023984200D103331370044B1B7817
:102D9000FF2B01D0FFF752FF0120E6E79862FF1FEB
:102DA000FE3FFF1F002911D000280CD04B790128CD
:102DB00003D140225242134303E03F221340032831
:102DC00002D001204B7170474022F4E70800FAE777
:102DD00070B5094D0100287800280BD0074C062259
:102DE000200005F029FE21002878FFF7DBFF2000F6
:102DF00005F0E2FC70BDC046B862FF1F9262FF1F83
:102E000000290AD0012808D13F224B799343C02BD7
:102E100003D0403B5A425341981C704770B5174D40
:102E200006002B78FF2B15D00A2005F045FD041E67
:102E300010D0D0230370C83B8370114B11491B780D
:102E40004670C3700622043005F0F6FD2100287894
:102E500005F0D2FC0C4B1B78012B0DD10B4B1B68E2
:102E6000002B03D09B68002B00D09847084B04210F
:102E70001878084A05F060FD70BDC046FE3FFF1F90
:102E8000B862FF1F9262FF1FB462FF1FE062FF1F64
:102E9000E462FF1F60EA0000014B98687047C0467B
:102EA0009862FF1F014BDB68186870479862FF1F2C
:102EB000074B10B5DA68136801331360054B1878B7
:102EC000FF2803D08021C90105F0AEFC10BDC0462B
:102ED0009862FF1FFE3FFF1FF7B50E0002F04EF98C
:102EE000051E1CD00E4B06621F78002F00D10778FC
:102EF000AB791020019305F0DFFC041E0FD0D02326
:102F00000380C73B8370019BE91DC3700622043018
:102F100005F092FD21003800E66005F06DFCF7BD7C
:102F2000FC3FFF1F014B18787047C046B862FF1F77
:102F3000054B002805D1054B1A78054B002A00D116
:102F4000014B18007047C046A862FF1FB862FF1F00
:102F50009262FF1F014B58687047C0469862FF1F7E
:102F6000024B1868431E9841C0B27047BC62FF1FF5
:102F7000421E03000120152A03D9FF3B5A42534148
:102F8000D8B27047F0B51C0000230E0085B0039046
:102F900002920B70029A934201D3002019E0E55C83
:102FA0005A1CD2B2002DF8D0029851198142F4DC9B
:102FB0000233DFB2A35C18000193FFF7D9FF0028AA
:102FC00007D0013D019A0399EBB233708A4202D1D6
:102FD000E01905B0F0BDDB19DBB2DBE710B50C0082
:102FE00002F024F903001220002B03D0210058889E
:102FF00005F0F2FC10BD000070B50E4D8400635961
:10300000002B15D0186A002801D005F03DFC2B5983
:10301000586A002801D005F037FC2B59986A00281F
:1030200001D005F031FC285905F02EFC00232B516E
:1030300070BDC046C862FF1F1C4B70B504000E0077
:10304000150099420AD11A4B1B68002B01D112209E
:1030500070BD1B68002BFAD09847F9E7154B9942D1
:1030600015D1134B1B68002B0AD01B68002B07D00F
:103070009847002804D1104B1C70104B1D70E7E7D7
:1030800029002000FFF7AAFF0028E1D1F3E708009C
:1030900002F074F80028DAD003780320A342D7D1D5
:1030A0002900300005F098FCD2E7C046FEFF000082
:1030B000C462FF1FFFFF0000C162FF1FC062FF1F4D
:1030C000F7B50400808802F059F80025A84203D023
:1030D0000578A08802F08EF81C4E3378002B1FD0A4
:1030E000AB421DD11A4B28001978FFF777FF002853
:1030F00018D000233370A3790820A778A6880193FD
:1031000005F0DAFB011E0DD0D0230370CA3B83709B
:10311000019B477086808371280005F06DFB01E0FC
:10312000002DE8D1A0880B4B8200D358002B01D092
:10313000FFF762FF1721A088FFF762FDA08801F06A
:1031400057FDA08801F062FEF7BDC046C162FF1FB7
:10315000C062FF1FC862FF1FF0B587B01D000CAB37
:103160001B88070001930DAB1B88142002930EAB44
:103170001B88160003930FAB1B880091049310ABC0
:103180001B88059305F098FB041E1AD0D02303700A
:10319000CB3B47708370C670062229000430002D97
:1031A00011D005F049FC019B21006381029B00982E
:1031B000A381039BE381049B2382059BA37405F0F9
:1031C0001BFB07B0F0BD05F0A7FBECE7F7B50093DC
:1031D00008AB1B8807000C200D001600019305F0BA
:1031E0006BFB041E13D0280001F0C8FF00280FD08D
:1031F0000078D0232370C93BA370009B210023815A
:10320000019B6770A580E680638105F0F5FAF7BD44
:10321000014B1878EDE7C046FE3FFF1F13B50400D1
:1032200064890389C2888188C0780094FFF7CEFF43
:1032300013BD000010B5044C2068002803D005F031
:1032400023FB0023236010BDCC62FF1FA122F0B539
:10325000818892004A43384B384F1B6804009B1802
:103260009D2292009B18827989B01A603B68002BDE
:103270005FD01D78324B1B68002B04D05B68002B9D
:1032800001D000209847260008363100E079FFF78A
:10329000B7FD237DE0710200E0780493638A290082
:1032A0000393238A0293E3890193A3880093330055
:1032B000FFF752FFE378002B0BD1E289A379A188B5
:1032C00002920196E27928000092012201F060FF4B
:1032D000E0703B68002B20D0FFF7ACFF194D287839
:1032E00000281AD0184B1978FFF778FE002814D060
:1032F0002B78E67808200793A78805F0DDFA011EF1
:1033000009D0D0230370CA3B4670837087808671D2
:10331000079805F071FA00232B701721A088FFF79A
:103320006FFCA08801F064FCA08801F06FFD09B07B
:10333000F0BD064B9DE7C0463409FF1FCC62FF1F5E
:10334000E062FF1FC162FF1FC062FF1FFE3FFF1F41
:10335000F8B5070008000E0001F010FF041E18D099
:103360002620FFF78DFC051E00D12578062005F0EC
:10337000A3FA041E0DD00021062205F0CDFAD023B9
:103380002370C23B21006770A370A680E8B205F0ED
:1033900033FAF8BDF0B585B001930AAB1B7807008E
:1033A00002930BAB1B7808000D000092039301F011
:1033B000E5FE061E22D0102005F07EFA041E1DD068
:1033C0001022002105F0A8FA2620FFF759FC00285A
:1033D00000D13078D0232370C13BA370009B210023
:1033E0002372019B67706372029BA580A372039B8B
:1033F000C0B2E3720C9BE36005F0FEF905B0F0BDCE
:10340000F7B50D00019001F0B9FE071E20D00E2087
:1034100005F052FA041E1BD02620FFF731FC061ED1
:1034200000D13E78D0232380C53B0622A370F91D2E
:10343000E01C05F001FB019B2A0063810123DD40B4
:103440001A401D40210022736573F0B205F0D4F9D3
:10345000F7BD0000F0B585B0029010000D00170018
:103460000A9E039301F08AFE041E31D0029B002BBA
:103470002ED1039B02795B0724D512231343042228
:10348000002E08D10B99002905D10C99002902D1F1
:103490000D9900291AD01A430D9B2271002B00D0E0
:1034A000C9E0002E00D1CFE0002D00D0CCE0606A52
:1034B000002801D005F0E8F91C21300005F0A4F93E
:1034C000606205E002239A430E33D7E793432371EA
:1034D000654BBA00D458002C00D1AAE0002E10D0C1
:1034E000236A002B03D11C2005F09EFA20625E4B5C
:1034F000BA00D358186A002803D01C22310005F006
:103500009BFA0C9B002B12D0574CBB001D596B6AC9
:10351000002B03D1162005F087FA6862BB00E35840
:10352000586A002803D016220C9905F085FA0D9BE5
:10353000002B11D04C4DBC006659B36A002B03D14F
:10354000142005F071FAB0622B59986A002803D054
:1035500014220D9905F070FA380001F00FFE051ED7
:1035600067D0414BBA00D358002B62D01A6A34207E
:10357000002A00D11C389A6A002A01D0143080B287
:103580000B9A002A01D01C3080B25B6A002B01D05C
:10359000163080B205F090F9041E4AD0182200219E
:1035A00005F0BAF92620FFF76BFB0190002801D146
:1035B0002B780193D0232370029B200063700A2391
:1035C000294EA370039BBD00A371AB59A780196A54
:1035D0001830002905D01C22A06005F02DFA20002B
:1035E00034307359996A002907D003001422143328
:1035F000E060029305F020FA02980B9B002B08D0A4
:1036000003001C221C330B992061029305F014FA6D
:1036100002987359596A002903D01622606105F097
:103620000BFA6B462100187905F0E6F83800FFF731
:10363000E3FC05B0F0BD10220D9B0D991B69A0188D
:10364000236205F0F9F92CE70B9B002B00D13FE733
:10365000012D00D03CE7606A002801D005F014F984
:103660001C210B982AE7C046C862FF1F10B5044C06
:103670002068002803D005F007F90023236010BD5F
:10368000BC62FF1F0B4B07B51A68002A01D100204E
:103690000EBD6946531C012012780731FFF772FCFA
:1036A0000028F4D002780123100018401A42EED00E
:1036B000EEE7C046D862FF1FF0B51F4F01203B6800
:1036C00087B0002B25D09B78059300F0DDFB002808
:1036D00021D00A20FFF7D4FA04000B20FFF7D0FA1C
:1036E000164B05001E78731E9E413B68F6B2191DED
:1036F000D878FFF757FB3B682900DA7A0433039246
:103700009A7901930292009033002000059A05F007
:103710001BF807B0F0BDFFF7B5FF002805D0062065
:10372000FFF7AEFA04000720D8E70820FFF7A8FA51
:1037300004000920D2E7C046BC62FF1FB862FF1F29
:1037400070B50A4E040033780D00FF2B0DD0042015
:1037500005F0B2F8011E08D0D0230370CE3B4570AF
:103760008370C470307805F047F870BD0C40FF1FBF
:1037700070B5040006200D0005F09EF8011E0AD069
:10378000D0230370CD3B8370054B44701B6885804C
:10379000187805F031F8002C01D0FFF767FF70BDF5
:1037A000BC62FF1FF8B5264F06003B680D001124D0
:1037B000002B05D10522234B1B78134202D1122482
:1037C0002000F8BD204A10241268002AF8D0127890
:1037D000002AF5D0DB0719D52B789A1E012A1AD8B2
:1037E0000C2005F021F9132438600028E8D00023CC
:1037F0000A22437029000670023005F01DF9FFF718
:103800005BFF041E0AD0FFF731FFD9E700F03CFB55
:103810000028E1D1E4E7002BE2D0D0E70B4B1B7886
:10382000032BCDD11D20FFF72BFA094B1880002860
:10383000C6D0084B04211878074A05F07DF8BFE789
:10384000BC62FF1FB962FF1FD862FF1FB862FF1F73
:10385000B662FF1FE462FF1F60EA0000F7B5019344
:10386000194B14001A78052306000F0012201A4283
:1038700021D0012920D1154B1D68002D1BD002201D
:103880001F2C18D8002C02D0019B002B13D0104BFA
:103890001F221E706E1C0021300005F03DF80199BA
:1038A0002200300005F0C8F8310020002C70002FF5
:1038B00006D005F061F8FEBD064B12201D68DCE75E
:1038C00004F0C2FFF7E7C046B962FF1FD862FF1FCE
:1038D0000C40FF1FD462FF1FF8B50F4E122433684F
:1038E000002B17D01B780F3C834213D100250B4FC0
:1038F0000221387805F068F8094B042138781D80DA
:1039000005F062F8074B28001D8033685C7005F0F5
:10391000ABF904002000F8BDBC62FF1FE462FF1F8A
:10392000D062FF1FB662FF1F70B5012823D11B4C68
:103930002388002B03D01A4A1578002D07D0194B85
:103940001B68002B02D01878FFF7C6FF70BD3B2B19
:1039500002D93C3B2380F9E7134E0221307805F071
:1039600033F8FA222388920002215A43307804F077
:10397000CBFF2580EAE70B4B1B68002BE6D00B4BF7
:103980001B785B07E2D5084B0221187805F01CF87C
:103990000022024B1A80FFF769FED7E7D062FF1FB3
:1039A000B462FF1FBC62FF1FE462FF1FB962FF1F0A
:1039B000F8B51E4D2868002803D004F065FF0023E9
:1039C0002B601B4E3068002803D004F05DFF0023FD
:1039D0003360184F05243B7818002040234221D043
:1039E000154800F055FA3B78234213D0202005F00B
:1039F0001BF82860002813D02022002104F08CFF3F
:103A0000202005F011F8041E306005D0202200218E
:103A100004F082FF002004E0286804F035FF2C60E9
:103A20001320F8BD00F034FAF4E7C046D862FF1F57
:103A3000D462FF1FB962FF1F0040FF1F10B50A4C80
:103A400023681A1E0ED0002808D10130587005F0E6
:103A50000BF9002805D02368002B02D00021FFF7C6
:103A600087FE0122100010BDBC62FF1FF7B5274E74
:103A7000050033680191181E21D05C78244F012C79
:103A800030D1FFF7FFFD002825D02000FFF7F8F820
:103A90000400412814D91F4B022118781E4A04F053
:103AA0004BFF1E4B3C3C1C80022233685A703B7813
:103AB000002B14D128000199FFF75AFE0120FEBD0A
:103AC000FA2292004243002AEED0124B02211878CB
:103AD00004F01AFFE8E7FFF7D3F80200F3E700234A
:103AE0003B70EBE73B78002BE8D1032004F0E4FEC9
:103AF000011E08D0D0230370CC3B4570837033681F
:103B0000187804F079FEFFF7B1FDD7E7BC62FF1F1C
:103B1000B462FF1FE462FF1F60EA0000D062FF1F73
:103B200010B5204B8188994234D016D81E4B99424B
:103B300007D81E4B994221D81D4B994219D000201D
:103B400010BD1C4B9942FAD1836899785A780902C2
:103B500018781143FFF78AFFF2E7174B99421DD0FF
:103B6000164B0020CB18052BEAD8154803F04AFC69
:103B70000EE083681878FFF761FFE1E7114A836878
:103B80008818424250411B78C0B21900FFF7D8FD97
:103B90000120D5E783680C481978E7E783680B486C
:103BA0001978E3E7512000000920000007200000F9
:103BB000062000000A20000052200000ADDFFFFFB9
:103BC0001A920111F8DFFFFF479201116092011173
:103BD000014B18707047C0460D40FF1F10B5064CD2
:103BE000207001F0A7FA207804F0AEFF05212078BC
:103BF00000F06CFD10BDC046E462FF1F0BB273B550
:103C00000D00002B00DBCBE08B4B187804F05CFF41
:103C1000041E0ED00378912B0FD0A22B00D1A8E068
:103C2000864B1878FF2852D0210004F0E5FD0028CB
:103C30004DD180200002684076BD43780F2B76D0AE
:103C400013D8052B70D00E2BEAD180887C4B98427C
:103C50002BD87C4B98421BD87B4B9842E0D1A36871
:103C60001878591CFFF754F838E03E2BD8D18378E8
:103C7000032B79D06CD8012B73D0022BD0D1734B8E
:103C80001B68002B23D05B68002B20D098471EE0D8
:103C90006F4BC0180C28C3D804F0B6FF1DC2C21564
:103CA0000BC20B0B0B3223C23C006A4BC018072817
:103CB000B6D8694B1B68002B09D01B68002B06D0B7
:103CC000200098470AE0A3681878FFF7A7F82000BB
:103CD00004F002FDADE7A068FFF742F800289FD08E
:103CE000F5E7A3681B78002BF1D0584B1B68002B1D
:103CF000EDD01B68002BEAD0210058489847EDE72B
:103D0000524B1B68002BE2D01B68002BDFD0210038
:103D10005348F3E7534B1B68002BD8D05B68002B4C
:103D2000D5D021004648E9E7FFF7CAF9CFE78088F8
:103D30004D4B984203D04D4B984200D070E7494B11
:103D40001B68002BC3D05B68002BC0D02100D5E7D7
:103D5000152B0CD04648162B00D061E703F052FB20
:103D6000B5E7FFF773FAB2E7FFF758FAAFE7414854
:103D7000F4E7414B1B78042B07D100236A461380DC
:103D80000179408800F0C8FCA1E7364B1B68002B86
:103D90009DD05B68002B9AD001003848984796E781
:103DA000012421420AD0294B1B68002B04D05B68F8
:103DB000002B01D00020984701203CE78B070AD553
:103DC000254B1B68002B04D05B68002B01D0200022
:103DD000984702202FE70421280008400D4200D117
:103DE0002AE7274E3388002B21D0013B9BB233803A
:103DF000002B1AD1FFF7B4F800280AD0214B1C7011
:103E0000154B1B68002B04D05B68002B01D02000F1
:103E10009847FFF79FF8694601F086FD6846FEF770
:103E2000D7FF1D20FEF72CFF3080042003E7024B54
:103E3000187804F0C9FDF8E7E462FF1F0D40FF1F8A
:103E40000E2000000120000009100000DC62FF1FAE
:103E5000FEDFFFFFAFDFFFFFE062FF1F0C2000006F
:103E60000B200000C462FF1F0D2000001320000083
:103E7000B69201117A920111B962FF1FFFFF000093
:103E8000B662FF1FB462FF1F10B501F0F7F910BD55
:103E9000014B18607047C046E062FF1F0B8800208E
:103EA000162B01D817230420014A13807047C046FF
:103EB0008E62FF1F00207047074A0300118881426D
:103EC00007D091880020994202D10130800010185B
:103ED00070470020FAE7C046EC62FF1FF0B58F780C
:103EE00006000D00C5B01E2F15D1FFF7E5FF051E1A
:103EF00003D10024200045B0F0BD00223B0031007A
:103F0000C078009200F0B2FB0400A81C00F0D2FBC5
:103F1000FF23EB70EEE7264B062403931B78FF2B61
:103F2000E8D0182FE6D87B08224A013BDB0002923A
:103F30009A589446002ADDD0029AD3185B68002B69
:103F4000D8D00878002802D14B78012B02D1062462
:103F5000122FCFD107AFAB88697800976446AA6863
:103F6000A047041EC6D1AB78029A5B08013BDB0078
:103F7000D318390030005B689847041E0BD1AB782A
:103F8000042BB6D0039A310010782200009700F07D
:103F90006DFB0400AEE76A78002AABD1AA7805A9C8
:103FA0003B88087130000A704B80FEF717FBA0E7D2
:103FB0001040FF1F649601111D4B37B50500984254
:103FC0000BD000290AD1FFF777FF002805D1194847
:103FD000FFF772FF002800D0058037BD01291AD1F4
:103FE000FFF76AFF041EF8D001235B420380A37829
:103FF000FF2BF2D0FE2B07D00023E0781422009391
:1040000029001E3300F032FBA01C00F053FB0123FB
:104010005B426380E1E70229DFD1013901F01AF93F
:104020000028DAD12800FFF747FF041EDFD1D4E7CC
:10403000FEFF0000FFFF0000022210B5074B5242B6
:104040001A80074801325A809A80DA8000F07EFA9E
:10405000044801F081F8002010BDC046EC62FF1F4B
:10406000DD3E0111B93F01110388F7B50400002BB3
:1040700002D102252800FEBD42680221137825489E
:104080005268FEF775FD00282ED0234F01253A888F
:10409000002AEFD0802321885B0201259B1A9942D8
:1040A000E8DC0C2004F0C0FC061E31D03B882288DE
:1040B0009C4600231800019561469DB2491989B2BA
:1040C000AA421BD8002801D062443A800023300065
:1040D000082208C0210004F0AFFC104A1368002B2E
:1040E00013D100251660C5E76268022113780C48D9
:1040F0005268FEF73DFD0028C7D1BAE760681D0190
:104100004019418101330198D6E71A001B68E6E7A0
:104110001325AFE7D29601110E40FF1FE862FF1F83
:10412000D0960111014B18707047C0461040FF1F18
:1041300014230A0010B51A40194204D0012210219C
:1041400001F0A4F810BD4B06F9D4012088434000CB
:10415000F8E710B514008B0604D50122102101F0F8
:1041600095F810BD08230A001A40194202D14BB23B
:10417000002B0FDA102101F089F8002808D0230065
:10418000F2331B78002BECD0F1342378012BE8D1EB
:104190000020E6E703208907FAD4E2E7F0B51F0024
:1041A000184B85B01C68019002910392002C27D116
:1041B000200005B0F0BDA5683301ED186B89019AA8
:1041C000934211D3029A93420ED8002F04D10A9B36
:1041D000002B10D12C00EBE73B002978039A68688C
:1041E000FEF7C6FC0028F2D10136B6B2A388B3426E
:1041F000E1D82468DAE7A3680A9A5B891380E9E7C3
:104200000026F3E7E862FF1F37B50C000A884988EB
:104210000123914217D3002A15D0651D23792A0066
:1042200002210A48FEF7A4FC102300280BD02379B2
:104230006188208800242A000094FFF7AFFF0A233A
:10424000A04200D0230018003EBDC046D296011106
:1042500013B50A0008884988012388420BD8002832
:1042600009D00024137905320094FFF797FF0A2341
:10427000A04200D02300180016BD13B50A0008881C
:104280004988012388420BD8002809D000241379DB
:1042900005320094FFF782FF0A23A04200D02300DA
:1042A000180016BDF0B58BB003904A8808880E0040
:1042B0000123824255D3002853D00023012704ACA8
:1042C00023700022718813000092FFF767FF051E1C
:1042D0003ED02078002835D12B78022B18D167707A
:1042E0006A8983000130E31880005A8069680222DD
:1042F000201804F0A1FB23780133DBB22370042BD8
:1043000019D93B006889013080B2002BD9D01FE059
:1043100002236370122358436A89231804305A8099
:1043200069681022201804F087FB23780133DBB280
:104330002370002BE5D10C4A6B899B185A425341DC
:10434000DBB2DFE76378012BE4D12B78022BC7D0F7
:1043500022780A23002A04D021000398FEF768F986
:10436000002318000BB0F0BD0100FFFF0F4BF0B5AC
:1043700004001868002816D083685D89A54207D814
:104380008288AE18B44203DA12019A18934201D11E
:104390000068EFE71E005F891036A74204D10029AC
:1043A00000D00D801800F0BD3300EFE7E862FF1F7A
:1043B00070B505000C0008880021FFF7D7FF030047
:1043C0000120002B04D022002800197AFFF7C1FE3B
:1043D00070BDF7B50C00002501902300EE331B786B
:1043E000AB4201D800200AE06B00E65A0021300001
:1043F000E718FFF7BBFF002802D126800130FEBD81
:10440000017A0198FFF794FE002802D03B882380B0
:10441000F5E70135EDB2E0E710B5040008880021AA
:10442000FFF7A4FF03000120002B03D02000197A1E
:10443000FFF77EFE10BD0000054B1B68002B01D16D
:10444000180004E09A6852898242F6D19888704731
:10445000E862FF1FF0B50E27002687B0039302AB7A
:10446000FF183E8005001F4B40891400984207D07A
:104470002B78013000976A6880B2FFF78FFE060044
:1044800002212B7818486A68FEF772FB00280FD0CB
:104490006C892000FFF7D0FF002802D0013C0419EE
:1044A000A4B2039B002B00D01C80300007B0F0BDED
:1044B00002212B780D486A68FEF75AFB0028E7D1E5
:1044C00002212B780A486A68FEF752FB002807D0C1
:1044D000002EDED03B88A342DBD17489013CDFE7AC
:1044E0006C89DEE7FFFF0000D2960111D096011122
:1044F000CE96011110B50C00FFF7DEFC0300022080
:10450000002B0AD0002C00D023609B781720FE2BB4
:1045100003D00138FF2B00D1002010BD73B50D0072
:1045200001A904001600FFF7E5FF172805D0002EAB
:1045300004D129002000FEF7F7F876BD01221021F2
:10454000200000F0A3FE0028F3D0F6E7014B18602E
:104550007047C046F862FF1F37B56B469D1D0100CE
:1045600004000222280004F01FFB2B88B02B0ED180
:104570002379122B09D12300FA331B78012B06D1A2
:104580000121608800F0E0F801E01B2BF8D037BD76
:1045900010B5054B0421187000F098F8FFF74CFD9A
:1045A000FEF746FB10BDC046FC62FF1F0020F0B5C1
:1045B0000BB20F0087B0834234DA274B187804F02F
:1045C00083FA051E2BD00378A02B25D103AE310032
:1045D000FEF7B4F8041E0BD1B378DB0724D51F4BCC
:1045E00006341B68002B03D031006888984704000C
:1045F000A868002801D004F0C7F8002C08D1184A98
:10460000039B1340174A934206D0B3781B2B03D069
:104610000121688800F098F8280004F05DF88020F7
:104620000002784007B0F0BD0F4B1B68002B10D084
:10463000310068889847041EDAD07378002BD7D1F0
:10464000B27801A90A704B800C716888FDF7C6FF2B
:10465000CEE70624F1E7C046FC62FF1FF462FF1FAD
:1046600000FFFF0000011200F862FF1FF7B5019084
:10467000FC200D0017001E0004F01EF9040013209A
:10468000002C12D0B02320002370089BF422677006
:10469000658026710830002B08D0190004F0CCF991
:1046A0002100019804F0A8F80020FEBD089904F04C
:1046B00033F9F5E710B5041E06D00078FD2803D8BD
:1046C00004F022FAFF23237010BD00000A1F93B2EA
:1046D00010B504000220032B05D882400020024BB5
:1046E000D1529B189C7010BD1C63FF1F0B8870B5C6
:1046F000043B04000D000220032B0BD801212000F5
:1047000000F0A8FD03001420002B03D02900200096
:1047100000F028FC70BD000007B51300034A0092AA
:104720000A00012100F088FC0EBDC0465549011168
:1047300007B5019203220092024B0A00122100F0F9
:10474000A5FC0EBDD349011107B56B4601AA118026
:104750000449D88008780633012802D1190004F0F2
:1047600093F907BDFD62FF1F0C4B10B518700023B5
:10477000FF210B4A1380138193819380094A538050
:104780001370517293819372D174D38213755177E0
:1047900004F0A2F800F0FCF910BDC0462C63FF1F26
:1047A0001C63FF1FFE62FF1FF0B58DB06B4600203B
:1047B00003910C229B5E834200DBB0E05D4B1878D6
:1047C00004F082F9051E00D1A4E00378902B00D0FC
:1047D0009DE006AF01004688380000F01FFA7968B6
:1047E0000400002900D19CE03B88052B6ED13B8959
:1047F000032B1CD905AC200000F0A2F86288172A10
:1048000061D83989131D994231D1796823780431EF
:104810000291D90738D5607800F08EF9071E06D0CE
:10482000002303712378012B08D0132B23D0A86811
:10483000002800D178E003F0A7FF75E062880299B4
:1048400009A800F0A6F80290380000F08BF909AA38
:104850002378387A0192002231000092029A00F007
:1048600012F9380000F064F9029B002BDFD0300011
:1048700000F080F9DBE70378032BD8D16288029936
:1048800009A800F0D6F8DEE7122B13D1029909A887
:1048900000F0B5F8021EEAD127498B88002BC6D05C
:1048A000887909A92378019161780091310000F09D
:1048B000EAF8BCE7002302AA93833000617809AAD2
:1048C000FFF72AFFB3E71D4B0993F6E7042B02D04D
:1048D0009A1F012AABD8184A043B9B00995A002919
:1048E000A5D0D218907831003A0000F0AEF8002838
:1048F0009DD13B88042B03D001213000FFF724FF1A
:10490000012C04D1A868002801D003F03DFF280045
:1049100003F0E2FE8020039B0002434018000DB02C
:10492000F0BD012800D182E701213000FFF70CFF24
:10493000EDE7C0462C63FF1F1C63FF1F010017003B
:104940000B7803704B784370CB788A781B02134343
:10495000438070470A88030002700A88120A427076
:104960000A88012A06D14A8882704A88120AC270CF
:104970000420704702208242FBD14A8804309A709A
:104980004A88120ADA708A881A718A88120A5A7159
:10499000EFE710B50400012082420CD94B780A7869
:1049A0001B0213432380834206D1CB788A781B02F3
:1049B00013436380002010BD022BFBD1CB788A7893
:1049C0001B02134363804B790A791B021343A380B4
:1049D000F0E70B8803700B881B0A43704B888370C9
:1049E0004B881B0AC3708B8803718B881B0A437129
:1049F000CB888371CB881B0AC371082070470300E2
:104A00000120082A14D14A780878120202431A8039
:104A1000CA788878120202435A804A7908791202C9
:104A200002439A80CA798879120202430020DA8010
:104A3000704710B504000120022A05D100204B78F0
:104A40000A781B021343238010BDF8B5060010201E
:104A50000F00150003F030FF04000120002C0ED0E1
:104A6000A0230C22290023806780201D002D07D061
:104A700003F0E2FF2100300003F0BEFE0020F8BD8D
:104A800003F04AFFF6E7F7B51E00009008AB1420CC
:104A900017001D78019103F00FFF041E12D0A2230E
:104AA0000370019B47704380099B057146710C227E
:104AB0000830002B07D0190003F0BEFF210000983A
:104AC00003F09AFEF7BD099903F026FFF6E737B524
:104AD000041E0FD04388002B0CD00025C18813235F
:104AE000007A172201950095FFF7CDFFFF2365801F
:104AF0006372257037BD000010B50C4904004A8868
:104B0000002A09D08B89002B05D00020CB8A0222F5
:104B1000834201D010BD012213000A20434300202C
:104B20004032C854C81842800472F3E7FE62FF1F87
:104B30000023438003707047094B00211A0010B511
:104B40005C88002C06D01C79844203D10A234B4395
:104B5000D01810BD01310A330329F1D10020F8E744
:104B6000FE62FF1F10B50400407A03F0CDFFFF2363
:104B7000637210BD7047043010B580B203F01CFFA3
:104B8000002803D00421494204F026F810BD00009B
:104B900070B50025124CA0682580A581A580A8428B
:104BA00002D003F0F1FDA56000250E4C0E4B606DA8
:104BB0001D80230058331D70A84202D003F0E4FD8D
:104BC000656500256068002801D003F0DDFD013532
:104BD00008340A2DF6D1054802F014FC70BDC04619
:104BE000C463FF1F6863FF1FB863FF1FEE920111CC
:104BF00070B5041E0CD1074D2880A881A880A86834
:104C0000002802D003F0C0FDAC60034802F0FAFBBC
:104C100070BDC046C463FF1FFA9201110023F0B5B6
:104C20004E8843600A7904000F0089B0022A00D040
:104C30008BE0C98803291ED9BB685A7818781202FC
:104C400002430592DA789D7812021543DA791B7ACD
:104C500067481B0213435BBA9AB20380059B043377
:104C60008B4227D1042D08D06B1F022B16D92900A7
:104C7000604802F0C7FB01201AE05F4B3101CB5ABC
:104C8000002B0BD0F4215D48FF3102F0BBFB30005C
:104C9000FFF7AEFF5A4A1369013313610421059BE4
:104CA000B86823812580494203F096FF60600020A8
:104CB00009B0F0BD524C042D0CD06B1F022B18D93B
:104CC00083212B004D48890002F09CFBE3680133EF
:104CD000E360D0E7484B3101CB5A002B09D047485D
:104CE000484902F08FFB3000FFF782FF2369013350
:104CF0002361414B360106930023069AB352931960
:104D0000059A9D80100007939A81FFF734FF079B57
:104D1000051E986015D00421B868494203F05CFF75
:104D2000FA880100043A280003F086FE069AFB8800
:104D3000B25A043B9B18069AB3522368013323608E
:104D400099E7A3690133A36195E72B4B31010593E3
:104D500033010693059B3001CB5A05990D18A968BC
:104D6000002B30D000292ED0012A2CD1FA880598AA
:104D7000944663449BB232011352A88998421AD3D5
:104D800062469B1AC818B96803F056FE059B06993F
:104D9000AA89CB5A934200D06DE70A0000212381F3
:104DA000AB882380AB686360059BD152144A53687B
:104DB000013353605FE7124A936801339360300018
:104DC000FFF716FF57E70A4A059F1288029333013F
:104DD0009C466744BB8900919921094C0193636902
:104DE0000948890002F00EFB636901336361E6E75D
:104DF0002E63FF1F06930111C463FF1F1F93011150
:104E00003463FF1F130200003693011170B5051EB5
:104E100018D10D4C0D4B1880230058331870606D5D
:104E2000002802D003F0B0FC6565250050356068AD
:104E3000002801D003F0A8FC0834AC42F7D10448A4
:104E400002F0E0FA70BDC0466863FF1FB863FF1F41
:104E50005D930111F0B51600A12285B09200019377
:104E600042433D4B05001B680C009B18D933FF33B0
:104E70001F78FDF7D7FE0430874204DD2800FDF7D8
:104E8000D1FE0430C7B2B74207D332000021280058
:104E9000019B03F0B1FD05B0F0BD3900300003F017
:104EA000FBFD2300C5B250331D700393019B3900F5
:104EB0006365300003F070FDCBB20293002B02D08B
:104EC000039B01351D700026230050331B78B3422D
:104ED00004D8606D002839D10020DCE7029A380040
:104EE000002A04D0013B1000B34200D03800F50086
:104EF0006519287003F0B0FB019B686001001A7807
:104F0000164802F07FFA686800280ED02A780199C6
:104F100003F092FD019A2B780136D318104A0193C1
:104F2000D369F6B20133D361CEE723005033187052
:104F30006065A54205D10A4A1320D36A0133D362C2
:104F4000A9E7606803F020FC0834F2E703F01CFCDA
:104F500000236365C0E7C0463409FF1F6993011150
:104F60003463FF1FF7B50C0006000421606803F0EE
:104F700033FE23890500037023891B0A43702388AD
:104F8000837023881B0AC370278902240437FFB269
:104F9000F42F15D8224B9E4214D10C2003F08CFC28
:104FA0001134011E0CD0902303708E3B0371043B1F
:104FB00043801C4B8560C780187803F01DFC0024DB
:104FC0002000FEBD5C217143174B591801930B0063
:104FD00058331B78002B19D103003A003000FFF73B
:104FE00039FF041E05D0114B22001148D96A02F086
:104FF00009FA5C237343019AD1180B0058331B78CC
:10500000002BDDD1300003F0C7FBD9E7074A094880
:10501000536A07240133536202F0F4F9E9E7C0460A
:10502000FEFF00002C63FF1F6863FF1F3463FF1F38
:105030007D93011198930111F0B587B0009017206E
:105040000F0016000193FFF796FD1325041E19D0DB
:105050000C98031E02D00199201D9847030AE370A3
:10506000052302AAA0700430908127700098667012
:1050700003A993800494FFF775FF051E02D020005A
:1050800003F082FB280007B0F0BD0000F0B587B048
:105090001F000CAB1B780391059301210DAB06009B
:1050A0001C78049200F0D6F81425002821D02000A6
:1050B000FFF722FD0135041E1BD01149059B0A781C
:1050C00003700132D2B2131EC68001D101231A002F
:1050D0000B7022713000049B03990097FFF7ACFF1F
:1050E000051E09D1230021000648074A093303F0B1
:1050F000ABFD280007B0F0BD002363802370F8E704
:105100003063FF1FCF4A011130750000F8B505006C
:105110000E00064C064F2368002B02D031002800F9
:1051200098470434BC42F6D1F8BDC046D463FF1F93
:10513000E863FF1F0123064A5B425380002313717B
:105140005362044A136053609360D36013617047E5
:10515000E863FF1FD463FF1F0200002310B5064958
:105160009C000859002801D1625010BD0133052B65
:10517000F6D11320F9E7C046D463FF1F034A5388D2
:10518000181A43425841404210407047E863FF1FDD
:10519000F0B585B002930AAB1F780CAB1B8800906A
:1051A00008000E0001920393FFF7E8FF05001120AD
:1051B000002D1BD10E48FFF7E1FF04001520002C45
:1051C00014D006220B99A771E01D03F035FC019B5A
:1051D00030002371029B29006371009B668023705D
:1051E000039B6562E381FFF791FF280005B0F0BDE6
:1051F000FFFF000010B5FFF7C1FF04000220002CE4
:1052000012D060880121FFF781FF606A002801D079
:1052100003F03AFB28220021200003F07DFB01234C
:1052200000205B426380207110BD000030B5074A4A
:10523000074C5588010013780020A54204D05B1A62
:1052400059424B415842104030BDC046E863FF1FF1
:10525000FFFF0000084A10B501230C00904208D05F
:10526000FFF78CFF031E04D0037923405A1E93419D
:10527000DBB2180010BDC046FEFF0000024B1879DB
:10528000431E9841C0B27047E863FF1F70B5040029
:105290000D001600FFF772FF002804D10D4B9C4251
:1052A00000D0143070BD416A03790520002907D071
:1052B00012221A40102A02D10520002EF2D10F200E
:1052C000DB06EFD5897E0C20A9428941494249423B
:1052D0000840E7E7FEFF0000030010B5002800D1FA
:1052E00010BD0348034A41889142F9D09847F7E737
:1052F000E863FF1FFFFF0000002330B5C45CCD5CF6
:105300006C40D4540133102BF8D130BD0F23002250
:1053100010B5C45C64002243CA54C25CD209013B8C
:10532000F7D210BD0200010010B52032103103F099
:105330005BFB10BDF0B58BB00390102005931700F8
:10534000049103F071FB0090102003F06DFB009BB3
:1053500013240190002B05D000280CD113240098B1
:1053600003F092FA019B002B02D0180003F08CFA94
:1053700020000BB0F0BD102003F056FB06001020FB
:1053800003F052FB13240500002E00D1AEE00028EC
:1053900019D01022002103F0BFFA3200290003982F
:1053A00003F022FB041E0ED133787F2B51D830003E
:1053B0000099FFF7ABFF009B1B787F2B53D8019917
:1053C0000098FFF7A3FF300003F05EFA002D02D033
:1053D000280003F059FA002CC1D1102003F024FB5F
:1053E0000600102003F020FB0290002E7CD0002845
:1053F00078D03A000F3223000125121105D00F3367
:105400003B4015B25A4253411BB26A1E1201002B97
:1054100033D0049BD2B298180099029AFFF76CFF20
:10542000013D10220021300003F076FAADB2049F56
:105430002D017D19AF4242D0002C33D0300003F053
:1054400023FA029B002B00D189E7180003F01CFA15
:1054500085E729003000FFF759FF28002549009A09
:10546000FFF74AFFA7E729000098FFF74FFF280042
:105470002049019AFFF740FFA5E70F210F4004994B
:105480008A18D9B28F4208D9D15C06A819540133C1
:10549000102BF6D1029A0199C0E7791A484241418E
:1054A000C901F2E73900300006AAFFF725FF3200F4
:1054B000039806A903F098FA10370400BAE7002C05
:1054C000BCD13000029906AAFFF716FF320006A9E8
:1054D000039803F089FA082204003100059803F0CC
:1054E000ABFAABE71324A9E71324AAE7002800D0FE
:1054F0006EE733E7E8960111F0B58BB00F001600A8
:105500000225009000283FD0002A3DD00B1DDBB2C1
:105510001800029303F088FA1135041E34D0FDF709
:10552000C1FC05003A000099201D03F025FBEBB2F9
:105530000393E3702B0CDBB22F0A00936370FFB26E
:105540002B0E2370A7700193FDF7A6FC102201001B
:1055500006A803F011FB2100029A04AB06A8FFF78E
:10556000E9FE051E0DD1039B08223370009B04A9A0
:10557000B370019B7770F370301D03F0FDFAFDF7F7
:1055800097FC200003F080F928000BB0F0BDF0B5C7
:105590008FB00D00149E039004920593002A03D14E
:1055A000022420000FB0F0BD002EF9D00398FFF7C1
:1055B000E5FD1424071EF4D07278337812021A43E2
:1055C000B3781B041343F27812061A43036A01925C
:1055D000934201D30133E3D1002D03D03B79012461
:1055E0009B07DED50822002106A803F095F9059B4C
:1055F00013240433DBB21800029303F015FA051EDE
:10560000CFD0059A0499043003F0B6FA0422310091
:10561000280003F0B1FA3900102210310AA803F073
:10562000ABFA2900029A06AB0AA8FFF783FE041E14
:105630000FD1082206A908A803F09EFA0822311DFE
:1056400008A803F071F8012807D101990398FDF724
:1056500043FC280003F018F9A3E70124F9E7000050
:1056600070B51C4C05002368181E10D0002D14D1F5
:105670001A78002A0CD1981C083203F0DDF903F0E7
:10568000DBF80135002808D123681D70012070BDAA
:105690000A331800082203F0CFF92368002BF5D055
:1056A000122003F009F9061E0DD0C12321680370F2
:1056B000457002311022023003F0BEF92368310038
:1056C000587803F099F8206803F0DEF8002323608F
:1056D000DCE7C0461064FF1FF8B504002020FDF78A
:1056E000CFFA154FA600F3590500002B1FD0002854
:1056F0000ED0D878FF280CD0290003F0F5F8002848
:1057000007D1F3590D49DB780D48220001F07AFEEC
:10571000F8BD0C492A000C55BB59611803330A48DF
:1057200003F092FABB590549DB780848EDE7210000
:10573000074801F067FEEBE72C64FF1FD8960111C4
:10574000AA9301111464FF1F7D690111D493011103
:10575000FD93011170B50B4C85002B590100002BF6
:105760000BD0DA78084801F04DFE2B59D87803F0B9
:10577000CBF9FF222B59DA7070BD044801F042FECC
:10578000FAE7C0462C64FF1F17940111FD93011125
:1057900070B506008CB00C00150000213022684660
:1057A00003F0BAF831001022684603F0E5F91D2035
:1057B00021000322684403F0DFF96846FFF7B2FDD9
:1057C0002D21040003222800694403F0D5F92000AC
:1057D0000CB070BDF0B50700160097B001931CAB7C
:1057E0001D7830221EAB00910AA800211C7803F01E
:1057F00093F8102239000AA803F0BEF91022002104
:1058000002A803F089F80722310002A803F0B4F9D6
:10581000072202AB9818631E9C41019903F0ACF972
:1058200002AB9C732B005A1E934102AAD373002132
:10583000102206A803F070F806221D9907A803F0AD
:105840009BF91A2002ABC01806221F9903F094F9A5
:10585000102200990EA803F08FF9102202AB0EA9B6
:1058600008781C78013A6040D2B2087001330131E7
:10587000002AF5D10AA8FFF755FD102212A904004D
:105880000EA803F0D9F8102206AB0EA908781D78EF
:10589000013A6840D2B2087001330131002AF5D1D3
:1058A0000AA8FFF73FFD044310222098E4B212A992
:1058B00003F062F9200017B0F0BD70B50E001400BF
:1058C0008CB00100102268461D0003F055F931002C
:1058D000082204A803F050F92100082206A803F0CA
:1058E0004BF96846FFF71EFD04001022280008A9A6
:1058F00003F042F920000CB070BDF8B506000D00B1
:1059000000243719AC4200D3F8BD02F0D5FE030ADB
:105910003B70631CDBB201379D4203D90234F05463
:10592000E4B2EEE71C00EDE773B506000C000225BB
:10593000002819D0002917D0032101A8FFF7DDFFA7
:105940006B469A793F231A40013313436A4630006D
:10595000937101A92200FFF71BFF051E04D103224A
:10596000E01C01A903F068F8280076BD0378580709
:10597000DA08C00FD20080009B0710439B0F18432A
:10598000C0B2704707230B40C908C9000B4303701E
:105990007047000070B50400FFF7DCFE134DA40053
:1059A0006359002B21D0186A002801D002F06CFF47
:1059B0002B59986E002801D002F066FF2B59D86E43
:1059C000002801D002F060FF2B59186F002801D089
:1059D00002F05AFF2B59586F002801D002F054FFF3
:1059E000285902F051FF00232B5170BD2C64FF1F7A
:1059F0000E4B8000C35870B50C00002B0FD09D6873
:105A0000002D0CD02B78201D0B706B784B70A97C6F
:105A1000FFF7B8FF2B7E23726B69E36070BD102225
:105A20000021200002F078FFF8E7C0462C64FF1F39
:105A3000014B18607047C0462864FF1F074A0300E7
:105A40008000825810B5002A06D0D088984203D131
:105A5000012901D1FFF79EFF10BDC0462C64FF1F36
:105A6000F0B5264E95B087000B93BB590500099100
:105A700012200A92002B31D0D888FFF77FFB040058
:105A80001420002C2AD0280010A9FFF7B1FFBB5921
:105A90001E781D6A002E23D00895FDF743FA0700F3
:105AA0000020FDF745FA0790A379E61D069310AD97
:105AB0000CA9089800F0E2FA0EA9280000F0D7FA25
:105AC0000B9B0A990493069B09980293079B0396E4
:105AD000019300970EAB0CAAFFF77CFE15B0F0BD4A
:105AE000FDF720FA06903000FDF722FAE31DA779B2
:105AF000079310AB06000893DAE7C0462C64FF1F3B
:105B000030B50C4C85002A59030085B00120002ACD
:105B10000ED018006946FFF76BFF2B591A78D8880A
:105B2000054B002A00D1054B6A46072100F0D9FB3E
:105B300005B030BD2C64FF1F6F6001117D60011145
:105B400030B5094C8500295985B0102268462531A9
:105B500002F072FF2A591121044BD0886A4600F0E6
:105B6000C0FB05B030BDC0462C64FF1F1961011198
:105B700030B5094C8500295985B010226846353169
:105B800002F05AFF2A591121044BD0886A4600F0CE
:105B9000A8FB05B030BDC0462C64FF1F5761011142
:105BA000F7B54D4F86001020F4590D0002F03CFF70
:105BB000F3592062186A132200286CD0033A290096
:105BC0009C6802F039FFF3591A780192002A58D1E3
:105BD0001E6A227D317B944651400122019F114271
:105BE00001D167461740217D914339432175377BA9
:105BF0004F40BC4660460027800701D44F0817403D
:105C0000012102208F40227D82433A432275377B57
:105C10005740BC4660460027400701D497080F4014
:105C20000420227DBF0082433A432275627D002713
:105C300094466046727B42400A4201D167460F405B
:105C40000121627D8A433A436275777B5740BC46A7
:105C500060460027800701D457080F400220627D6C
:105C60007F00824317436775767B00227E4076076C
:105C700001D4BA080A400426617D9200B1430A4368
:105C800062756A78002A08D06278002A05D0052259
:105C90000533DA7700221000FEBD04222979114273
:105CA00005D1A17C114202D10533033AF1E7019AF3
:105CB00021782C78002A02D10A0021001400182231
:105CC0000429E8D8042CE6D805206043034A0533AC
:105CD0001218525CDDE7C0462C64FF1FF8960111D4
:105CE00010B50A001121024B00F0FBFA10BDC046AE
:105CF000B36101110B0030B587B001AD2B806B464D
:105D000004001100981D082202F096FE2A000B21C3
:105D10002000024B00F0E5FA07B030BDDB61011155
:105D200010B50A001121024B00F0DBFA10BDC0468D
:105D30002F62011113B50B0011006A4613706B46F8
:105D400004000622581C02F077FE6A460821200053
:105D5000014B00F0C6FA13BD4F62011110B50A00E5
:105D60001121024B00F0BDFA10BDC0469F62011127
:105D70007FB505000B4BAA00D4580800002C0FD0AB
:105D8000666F237FE28821780396266F0296E66E7F
:105D90000196A46E0094FDF75DFB2800FFF7FAFD65
:105DA0007FBDC0462C64FF1F10B51721FFF7E0FF31
:105DB00010BD000070B50A000D00064B0221040062
:105DC00000F08FFA060029782000FFF7D1FF30009D
:105DD00070BDC0467F61011170B586B000236A4670
:105DE0001370836804001D78681E0A2859D801A919
:105DF00002F012FF060633373B3F43474B4F530039
:105E0000180000F042F9062312284BD000281BD1BD
:105E10006088FFF7B3F90823002813D04279002ADD
:105E200047D1264B1A78072312070BD5244B1A6843
:105E30000723002A06D01668002E03D0290001AAE5
:105E4000B04703006A4613706B461B786088002BCE
:105E50002AD1FFF741FC06B070BD180000F06CF9C4
:105E6000D4E7180000F087F9D0E7180000F093F9A4
:105E7000CCE7180000F0ADF9C8E7180000F0C3F94E
:105E8000C4E7180000F0F6F9C0E7180000F0F6F9D2
:105E9000BCE7180000F013FAB8E7180000F013FA96
:105EA000B4E707236A46137069466088FFF782FFEC
:105EB000D1E70523012AC5D1024BB8E7B962FF1F1C
:105EC0002464FF1F2864FF1FF8B52C4F8600F35988
:105ED00004000D00002B40D0DA8882423DD15A7870
:105EE000062A33D11A78002A2ED0012099681A6A1E
:105EF000097D014206D0157B054203D007225A7066
:105F00000120F8BD0220014204D0157B054201D0DA
:105F10000922F4E70420014204D0127B024201D09E
:105F20000B22ECE7164B1B68002BE9D05B68002BBB
:105F3000E6D020009847BB5900215B78122BDFD1B7
:105F40002000FFF715FFDBE70E4BECE7112A04D129
:105F5000002900D032252900F2E7002D08D12000C9
:105F6000FFF70CF9002803D01023027913430371C3
:105F700021002800FDF7ECF9C2E7C0462C64FF1FA2
:105F80002464FF1F2864FF1F70B50E4E8500AB59B7
:105F90000400002B13D01B78002B11D10A4B1B6877
:105FA000002B04D05B68002B01D020009847735968
:105FB0005B78122B03D100212000FFF7D9FE70BDC2
:105FC000024BECE72C64FF1F2864FF1F2464FF1FB3
:105FD000094B8000C3581020002B0CD01A6A002AED
:105FE00009D09B68002B06D0127A1B7E101C9A42A7
:105FF00000D9181CC0B270472C64FF1F70B5030095
:106000000D0014000220002A30D000292ED0137079
:106010000B78081D53704B789370FFF7A7FCE07066
:10602000012002212B7A23716B7B034063716A7B11
:106030000A401343042263716E7B1640334363713D
:106040006E7BF608F600334363712B7B0340A3712C
:10605000287B014000200B43A371297B0A40134396
:10606000A3712A7BD208D2001343A37170BD10B56F
:106070000A0001000120FFF7C1FF10BD10B50A00A2
:1060800001000220FFF7BAFF10BD70B506000C003A
:106090000220002E30D000292ED07378201D0B70E6
:1060A000B3784B70F178FFF76DFC012235792572DA
:1060B00071794B100800134093401040034388103F
:1060C00010408000C9080343C9000B436373B179D2
:1060D0004B100800134093401040034388100240C7
:1060E0009200C9081343C9000B4321202373FCF716
:1060F000C7FD854201D2122070BD2220257AFCF70F
:10610000BFFD8542F7D823781820042BF4D8637894
:10611000012BF1D80020EFE7030010B50220002981
:1061200009D0002B07D00322481C0A7019000D3239
:1061300002F082FC002010BD03000222080010B50E
:10614000002B06D0002904D00E32591C02F074FC3A
:106150000022100010BD030010B50220002909D054
:10616000002B07D00422481C0A7019000C3202F0E0
:1061700063FC002010BD10B5FFF7DEFF10BD03006B
:106180000220002906D0002B04D0052200200A702E
:106190001B784B70704703000220002B08D00029A9
:1061A00006D05B7800200B70013B082B00D918301B
:1061B0007047030010B50220002909D0002B07D03A
:1061C0000622481C0A7019000A3202F035FC002031
:1061D00010BD10B5FFF7B0FF10BD02000B0002208C
:1061E00010B500290ED0002A0CD007211970118893
:1061F00059701188090A997011180822D81C02F0E8
:106200001BFC002010BD03000A00022010B5002B6B
:106210000CD000290AD099785878090201431180DE
:10622000901CD91C082202F007FC002010BD0300BE
:1062300010B50220002909D0002B07D00822481CE5
:106240000A701900921802F0F7FB002010BD02003E
:106250000B00022010B500290BD0002A09D009211B
:106260001970117818185970511C062202F0E4FBBD
:10627000002010BD10B5FFF75FFF10BD02000B003E
:10628000022010B5002A09D0002907D051781970D2
:1062900011180622581C02F0CFFB002010BD03008D
:1062A00010B50220002909D0002B07D00A22481C73
:1062B0000A701900063202F0BFFB002010BD10B5B5
:1062C000FFF73AFF10BD02000B00022010B5002AB4
:1062D00006D0002904D018005178FFF753FB0020A6
:1062E00010BDF0B585B017001E006A4606230500F4
:1062F000080091819380FEF73EFC1324011E02905A
:106300000CD03800B047041E05D1280001A9FEF7C3
:10631000EDF9041E02D0029802F036FA2800FFF7C9
:10632000DBF9200005B0F0BDF0B504008BB00191A1
:1063300015000021102202A802F0EEFA334EA70049
:10634000B85900283CD0C388A34239D10378002B28
:1063500036D14278062A18D1020001005532353173
:106360000C3006ABFFF7A9FA002829D12000FFF76F
:106370002FFE020006A902A802F05EFB200002A97F
:1063800002F0F2FA01200BB0F0BD816E002917D0A7
:106390000B8A112A28D19D420ED101981231093A57
:1063A00002F0C2F9012807D1BB5920009D6EFFF70A
:1063B0000FFE29000200DEE732212000FFF7D8FCA3
:1063C0002000FEF7DBFE061E1BD0416A002918D014
:1063D0000B8AAB4215D108220198123102F0A4F9C0
:1063E00001280ED1716A0AE09D42E9D10822019884
:1063F000123102F099F90128E2D1BB59996E8A7ED7
:10640000B9E7200002F088FBBCE7C0462C64FF1F00
:10641000F0B56B4D87007E5985B0337802900393B9
:10642000002B00D087E0B368346A019370780628A7
:1064300017D101221B7D134202D0217B114218D1BA
:106440000222134202D0217B114251D10422134275
:1064500003D0237B134200D08BE0019B5A7DEB5984
:1064600091E007380428F8D802F0D6FB032E4267E3
:106470008300B36E002B03D11C2002F0D5FAB06666
:10648000EB599C6E002C1CD010220021200002F041
:1064900043FA0298FFF79CFD01002000FFF72DFA58
:1064A00002F00AF92082200008211230FFF725FAB5
:1064B0000298FFF78DFDA076EB592100D888FFF7F1
:1064C0000FFC0822EB591CE0B36E002B05D01A001C
:1064D000198AF0881232FFF70DFC0222019B197D08
:1064E000EB5911423DD0207B10423AD0073208E0F0
:1064F000F488FCF72FFD01002000FFF711FC0A22B1
:10650000EB595A70029B9C002A595378073B042B85
:1065100011D8D088FEF732FE00284ED0C3895A0821
:10652000D2182849029B0298CB542B5941180433A6
:10653000254802F089FB05B0F0BDFCF7F3FC030031
:106540000120834201D100200393EB59DE88FCF740
:10655000EFFC039902003000FFF7ECFB019AEB59C6
:10656000117D042211420CD0217B114209D00B2253
:10657000C7E7F688FCF790FC01003000FFF7EEFB60
:106580006BE7019A527D01210A4204D0607B0842E8
:1065900001D00C22B5E702210A4204D0607B0842F8
:1065A00001D00E22ADE704210A4204D0627B0A42E8
:1065B00001D01022A5E71222A3E7FA225200B0E789
:1065C0002C64FF1F3064FF1F8769011110B5064B53
:1065D0001A780423100018401A4200D00348FFF72D
:1065E00027FA002010BDC046B962FF1F1440FF1FEC
:1065F00070B50400FFF7D4FA051E43D12000FFF761
:106600007FFA234EA400A0598268937CDB0708D54B
:106610000321036A1B790B40012B02D1017F0B433D
:106620000377431DD97F8B1E022B0DD8022900D082
:106630000121C088FCF7E4FE042133591A7F597008
:106640000A431A77280070BD01290CD102231022B9
:10665000437000210C3002F05FF9305910213530C1
:10666000FFF74BF9EEE70529ECD10223D11843706F
:1066700010220C3002F0E0F904233259117F0B4351
:106680001377EAE708251828DCD1053DDAE7C0468C
:106690002C64FF1FF0B58BB0059143887E4F9E00A0
:1066A000F45915000493002C15D1012902D00020C3
:1066B0000BB0F0BD101D57781678FFF757F9EB684F
:1066C000320002932B7A0499019300903B00200042
:1066D000FCF760FEEBE7E388049A934201D00820C0
:1066E000E6E72378012B00D1D4E0059B581E09284A
:1066F00000D9CFE002F090FA05CE0A29CC506C8583
:106700009AB229000498FFF773FFD1E7200029000F
:106710001022453002F090F9B9594B78042B02D180
:10672000013B4B70C3E70B000A00253335320C31B7
:106730000498FFF795F90498FFF702FA0522431E23
:106740009841BB59C0005A70B2E7200029001022BE
:10675000553002F071F9049B4F4C9D002959049863
:106760000A0006AB55320C31FFF77AF9295910228D
:10677000453106A801F0D8FF012808D10498FFF799
:10678000F7F90590002804D106222B595A70059874
:106790008EE708230593FAE763780C2B7AD1E36E32
:1067A000002B03D11C2002F03FF9E066BB59D86EE4
:1067B00000286FD01022290002F03EF9BB5904983E
:1067C000DC6EFFF705FC0D22A076BB595A706EE710
:1067D000E06E00285ED063780D2B5BD12B880822F9
:1067E0000382A91C123002F027F9BB599A68517D27
:1067F0000222114226D0186A407B104222D00C326D
:10680000E4E763780E2B45D1236F002B03D11620CC
:1068100002F00AF92067BB59186F002803D0102234
:10682000290002F009F90F22BB59CFE763780F2B3B
:1068300030D1206F0622691C103002F0FDF8BB59E0
:106840009A68517D0422114203D0196A497B114292
:10685000D5D100210498FFF78BFA28E7636F002B4E
:106860000DD0BB59586F0028F3D01022290002F038
:10687000E3F80122BB5952425B6F1A61E9E7142029
:1068800002F0D2F8BB5960675B6F002BE9D126E7B5
:106890002978DFE707200BE72C64FF1F10B5064CB3
:1068A000207002F029F906212078FDF70FFF034838
:1068B000FEF752FC10BDC0463F64FF1F3D5A011158
:1068C00000200BB270B50D00834216DA264B187803
:1068D00002F0FAF8041E0DD00378922B0ED0A02BF4
:1068E00037D0224B1878FF283AD0210001F084FFDE
:1068F000002835D180200002684070BD43780E2BFF
:106900000BD03E2BEDD18378052B12D0082BE8D18C
:1069100081798088FFF7D8FA08E0154B82889A427F
:10692000DFD183681878591CFEF79AFE002817D12A
:10693000D7E7104B1B785B0712D50F4B1B68002B5A
:106940000ED09B68002B0BD0C289811D8088984790
:10695000ECE7FFF741FAA068002801D001F014FF2E
:10696000200001F0B9FEC5E73F64FF1F0D40FF1F87
:1069700018200000B962FF1F2864FF1F10B50078BF
:10698000FFF712FA10BD10B50078FFF7FDFA10BD41
:106990000C234343084A10B59B185A68002A03D0B9
:1069A000012901D1904710BD9B68002BFBD0002925
:1069B000F9D19847F7E7C0465C64FF1F0123834085
:1069C000094A10B5946B1C439463506B9843506311
:1069D000D46B20009843012901D120001843D063D3
:1069E000116B0B43136310BD00800040064B012167
:1069F0005A68C2400A4204D01B68C34018000840CD
:106A000070471B6DF9E7C046008000400122064B2D
:106A10008240002903D0D9680A43DA607047D968F8
:106A20009143D960FAE7C0460038004030B50324EE
:106A300044430F4BE25C1B199C785D7801232D1BAE
:106A40000135AB40013BA340A140DB430C001228C1
:106A500007D8084992005218116819402143116063
:106A600030BD054A11680B4023431360F8E7C04668
:106A70003F97011108F0004014F00040C21F70B5AC
:106A8000D4B20623092C0BD80125084C95400029C7
:106A900008D00021FFF7CAFF23682B43236000239F
:106AA000180070BD2368AB43F8E7C04600380040CB
:106AB000214BF0B51B185B78022B21D103244443F2
:106AC0001E4A1F4EA35C12199478012215008540BE
:106AD000B76B013CE4B23D43A240B563194C1228A8
:106AE00015D89B0000290CD117495B1899680A43F7
:106AF0009A600123205C154A834011680B431360A0
:106B0000F0BD11495B18996891439960F1E70E4B0C
:106B100000290DD159690A435A61225C1328E8D033
:106B20000123203A93400A49086803430B60E7E7D2
:106B3000596991435961F0E74064FF1F3F97011184
:106B4000008000408497011100F00040A0F0004058
:106B5000A4F00040F8B500241B4E1C4D1C4B1B5DDF
:106B6000012B1FD1194A9269E2401A420BD001222F
:106B7000B25693402200143AD2B2022A09D81549DB
:106B80004A6913434B61013402360C35172CE5D1A9
:106B9000F8BD0022B2560F499200521891680B437B
:106BA0009360F0E7022BEED1E7B23800FFF71EFF4B
:106BB00001235840C1B23800FFF77AFF3800FFF7D1
:106BC00015FF6877DFE7C046119701114064FF1F8A
:106BD0004164FF1F00F00040012202388240054B53
:106BE000002903D059690A435A6170475969914392
:106BF0005961FAE700380040F8B50E0001210F0096
:106C00008740114A0400D368FD43BB43D360831E11
:106C10008B4201D8FFF7E0FF00212000FFF72EFF95
:106C20000A4A0B4B5168012E05D139431B1951609B
:106C30005E700020F8BD2940516002221C1962706C
:106C40009A6915409D61F4E70038004000800040DB
:106C50004064FF1F012210B58240074B002906D077
:106C600019680A431A600121FFF7C6FF10BD1968B1
:106C700091431960F7E7C046008000400C2370B5CF
:106C8000002543430A4A29009B181D70094B040044
:106C90001B185D70FFF7B0FF0123A34006492800D1
:106CA0000A681A430A6005490A689A430A6070BD77
:106CB0005C64FF1F4064FF1F348000403080004050
:106CC00070B504000E00FF2813D003250540FFF720
:106CD000D5FF084AA3089B009B183F22ED00AA405D
:106CE000AE40196820009143314319600121FFF73C
:106CF0008DFE70BD18380040F8B50C244443134B8A
:106D00000500E4186368002B03D1A3681220002B50
:106D10001AD0022201270E4B00215B195A7028005D
:106D20002770FFF769FF63681E1E08D0A3683E0046
:106D3000002B04D02800FFF759FE4640F6B2280089
:106D40003100FFF73BFE0020F8BDC0465C64FF1F2A
:106D50004064FF1FF7B5C420FF222B4B8000195859
:106D6000002491433F3A0A431A508022274F52028F
:106D7000274E1A60274B1D5D002D21D0A31E012B2D
:106D800003D80121E0B2FFF727FF012D18D11F4BD7
:106D90009B69E3402B4213D0E3B218000193FFF745
:106DA00025FE01000198FFF755FFE3B2143B022BCB
:106DB0001DD801217156184A8D405369AB43536168
:106DC0003B7F002B0DD0E5B22800FFF795FF280090
:106DD000FFF70CFE7B7F0100834202D02800FFF703
:106DE000D7FD01340C370236172CC3D1F7BD012172
:106DF00000237156F3568D40074A9B009B189A68F2
:106E0000AA439A60DCE7C04600E100E04064FF1F4F
:106E1000119701114164FF1F00F0004070B5134D40
:106E200007202C78002C1FD1982221005200280026
:106E300001F032FC0123C420FF222B700C4B800098
:106E40001C635C630B4B1C605C600B4B19589143DB
:106E50003F3A0A431A50802252021A600D20074A14
:106E6000074901F019FD200070BDC0464064FF1FB6
:106E700000800040A0F0004000E100E0556D0111ED
:106E8000556B0111F8B50600012826D00B22082702
:106E9000164C01239340164A164DD3677301ED1823
:106EA000287C0021FFF7B2FD0021687CFFF7AEFDD2
:106EB00000258023380023732571257025732572E2
:106EC000656001F039FC380001F00EFC0A4BAE425F
:106ED00007D1EB2292009E50F8BD11221927074CD2
:106EE000D7E7F12292009D50F6E7C04600400040EF
:106EF00004E100E0F465FF1F0000FF1F0090004068
:106F0000F0B587B0050001F0E7FD04902800FFF719
:106F1000B9FF012D00D17DE0052304270826039346
:106F2000444C06330193444B6A019B181A7CFF2A98
:106F300002D15B7CFF2B6BD0300001F0FDFD3000F7
:106F400001F0FAFB3C4B6A0102936B010593029B33
:106F500002219E18307CFFF769FD0221707CFFF74B
:106F600065FD39000027307CFFF7AAFE707C03998D
:106F7000FFF7A6FE27737169049B18114B08C01810
:106F800001F08AFD802327612373030ADBB223719A
:106F9000F37EC0B22070BB4244D01B232373029BFC
:106FA0006A019B181A7E0123002A3DD08722227293
:106FB000636062687F3313436A0194466360029B97
:106FC00063449B7E002B03D00223626813436360FB
:106FD0001A4A002D2AD1EB21194B89005350019BED
:106FE000184A9B089B009B180322019CC02022404A
:106FF000FF24D200944080001958A143802494407B
:1070000022000A431A500123019A93400D4A13604B
:1070100007B0F0BD092308270393DB1919260A4C92
:10702000019380E70323B9E72272C5E7F121074BFB
:10703000D3E7C04600400040F465FF1F0000FF1F7B
:10704000591AFF1F00E100E000900040991AFF1F4D
:1070500010B50020FFF754FF10BD10B50120FFF759
:107060004FFF10BDF0B587B005930CAB1D78174FDF
:107070006E01F35D029002AC112003910492002B8B
:107080001ED1637A0C380193002B19D119002022EC
:10709000F01901F001FB0E4BF31807CC07C39C4617
:1070A0006246236828001360FFF72AFF0123F35587
:1070B000002D07D129000820064A01F0EDFB002031
:1070C00007B0F0BD1920044A0199F6E7F465FF1FE7
:1070D0000466FF1F517001115B700111F0B5504B38
:1070E00087B0009343010193009B150042019E1855
:1070F000B37E04000F00002B59D00620002D1DD0B8
:1071000000291BD033790338002B17D072899542A0
:1071100014D8012B14D033895B1993420EDC01F093
:1071200043FB3389F0682A00C018390001F03CFDA8
:107130003389EB18338101F037FC002007B0F0BD34
:107140002A00F06801F030FD0023F3800233337130
:10715000F16835812B1C102D00D91023651E6A4261
:107160005541A0220220D2016D4215402D4A013B1B
:10717000AD186A682C4E8243600184466A60009AAA
:107180009BB2624406321088013B471C1780085CA2
:107190009BB22870B342F6D10820002C00D01920F1
:1071A00001F06AFB02236A6813436B60C5E7013C88
:1071B00062425441A02203930123D201644214404D
:1071C000184A1A48A418E26F110019401A420FD148
:1071D00020221648002D12D1402214490595237D06
:1071E0001342AAD1059B581C05908B42F7DD04E0A1
:1071F000039A511C03918242E5DD0D209EE7049124
:10720000237D134205D03B78013DADB22370013799
:10721000E0E7049B5E1C04968342F1DDEDE7C04687
:10722000F465FF1F00400040FFFF0000A086010042
:10723000030010B50620072B09D8054A137001F08A
:1072400033FAD7210020034B034A89005A5010BD5E
:107250003C40FF1F0000FF1FD91AFF1F10B50A0096
:1072600001000020FFF73AFF10BD0000F0B599B013
:107270001E9F1400614E019103937B0600D4604E63
:1072800010233A001A40049201221F424BD0974328
:10729000DB1806AA5370002206AB02331A70BA0735
:1072A00005D5002844DA2D2240421A70013C2023E3
:1072B0003A001A4005921F4203D0019B102B40D187
:1072C000023C002843D13022012507AB1A70039BF2
:1072D0002E009D4200DA1E001123A41B1F4207D17D
:1072E0002700002F41DCE343DB17621E1C40141B08
:1072F00006AB981C0378002B02D00121FFF7AEFFEC
:10730000059B002B09D0019B082B37D106ABD81C5D
:10731000302301210370FFF7A1FF049B2700002BFE
:1073200042D030274FE020231742B2D01033B0E7CD
:107330007A0702D52B221A70B8E73A07B7D5202270
:10734000F9E7019B083B5A425341E41AB9E700258B
:107350000199029001F020FB725C07A94A55019B3C
:10736000029A01359342F3D9B1E706ABD81C20232A
:1073700001210370013FFFF771FFB2E7019B102B62
:10738000CBD106AA2033D01C0121D370FFF766FFB2
:10739000782306AA0121D370D01CBCE7012106ABDB
:1073A0005818FFF75BFF013F002FF7DCE343DB17C3
:1073B000621E1C40141BB4E706ABD81C01210770E9
:1073C000FFF74CFF013EAE42F6DC013D04D2202522
:1073D000002C0ADC19B0F0BD06ABD81C07ABEB5C87
:1073E00001210370FFF73AFFEFE706ABD81C01213C
:1073F0000570013CFFF732FFEAE7C0466B940111CC
:10740000469401110FB40021F0B589B00EAC40CC08
:10741000039107943378002B0AD1002903D00398F5
:1074200089B2FFF71BFF09B0F0BC08BC04B01847D5
:10743000252B08D0039B002B01D100210396370098
:1074400001317E1CE6E7002905D0039889B2FFF7D9
:1074500005FF0023039300227378771C2B2B2DD07C
:107460000DD8202B2CD0232B2CD02A2B33D120CC61
:10747000B71C002D12DA1A3B6D421A430EE02D2B79
:1074800018D0302B20D01800303800250A210928C8
:10749000EBD83B7818003038092817D93B782E2BC9
:1074A00057D17B78791C1800303809284CD8002334
:1074B0000A2717E010233E001A43CDE70423FAE71A
:1074C0000823F8E72023F6E70123F4E74D43ED18FE
:1074D0000137303DDDE701256D42DFE77B431B18B7
:1074E0000131303B08780600303E092EF6D9D843EA
:1074F0000F00C01703403978682903D0202081434A
:107500004C2900D101373E78782E09D8622E26D832
:107510000021412E95D0582E00D1B8E0252E07D05D
:107520000B2004ABC018252301210370FFF796FE42
:107530003978002900D1B9E00B2004ABC0180170E4
:107540000121FFF78BFE4BE02A2B05D108CCB91C9B
:10755000CDE701235B42CEE70F000023CBE73000ED
:1075600063381528DAD801F03FFB16009D00D9FFDB
:10757000D9FFD9FFD9FF9D00D9FFD9FFD9FFD9FF86
:107580003B00A3008600D9FFD9FF4700D9FF9F0029
:10759000D9FFD9FF9400D20615D42E0009E020228D
:1075A00004ABDA720B2304AA9B1801211800FFF721
:1075B00055FE013E002EF2DC01236A1E002D00DC88
:1075C0001D005D1B551908CC04AAD3720B239B1810
:1075D00001211800FFF742FE2026013D002D01DCAD
:1075E00000212EE704ABDE720B2304AA9B180121B5
:1075F0001800FFF733FEF0E7210040C90491002E88
:1076000000D12C4E3400F3182178002901D09C427F
:107610001AD1A41BD2060ED40595059B9C4215DBFE
:10762000E10FEB17A5424B410021DBB26A1E8B42F2
:1076300000D0611B55183000A1B2FFF70FFE2026C5
:10764000A5420FDC049CCBE70134DDE70B2004AB43
:10765000C018202301210370FFF700FE059B013BAA
:107660000593DAE70B2004ABC01801210670013D39
:10767000FFF7F4FDE4E7691C02D1012109350A4353
:10768000009210212A0001CCFFF7F0FDA8E740216D
:107690000A4310212068261D00922A00FFF7E6FD0C
:1076A00034009DE702210A430A21F3E7013FC8E6BF
:1076B0000821EFE79094011130B587B002AA1100BC
:1076C000064B31CB31C11B680B6000210298009141
:1076D000049A0399FFF7C6FC07B030BD9C970111CF
:1076E00070B506000D000024AC4203DB0448FFF730
:1076F00089FE70BD315D0348FFF784FE0134F3E776
:10770000DA9401119794011170B506000C001D0068
:10771000042909D00C2904D0012905D00224200015
:1077200070BD0948FFF76EFE21003000FBF7B4FA88
:10773000041EF4D1059A04992800FBF7C9FAFCF756
:1077400037F9FEF743FFEAE79D94011130B50D7854
:1077500002232C009C43184201D02B431C00082517
:107760002300AB43284201D02B00234320241D00DB
:10777000A543204201D01C4325002A230D70184246
:1077800004D011781E3B0B43137030BD0028FCD190
:107790000C2113788B43F7E7F8B51D0006AB1B8867
:1077A000140007AA0E000B201778002B27D10A78A7
:1077B000022A49D14A68507811780002244A0843C5
:1077C0008018042840D801F027FA03121D1B23005B
:1077D000F06800F0D1FF021CC0B2B84200D93A1CD8
:1077E000D2B22000F1682A8001F026F906E00222D8
:1077F000F3681B882A8023701B0A63700020F8BD81
:107800000622EEE701232B80F3681B782370F5E74F
:10781000F368002B16D008222A801A8822701A8852
:10782000120A62705A88A2705A88120AE2709A8804
:1078300022719A88120A6271DA88A271DB881B0AA7
:10784000E371DBE72B80D9E701202B80D7E7C04627
:1078500000D6FFFFF7B516000A781D0008AB1F8899
:107860000C000123022A18D14A68507811780002CE
:107870002B4A0843801803280FD801F0CDF90225C0
:107880004439E06800F078FFC0B20723B84204D35F
:107890007B190193152B02DD0D231800FEBDE06856
:1078A0002A003100C01901F0C7F86B4600209B8800
:1078B000E268D0541B4B1B68834203D01B68834291
:1078C00000D098470023E8E70B23002FE5D1022DD5
:1078D000E2D1737832781B021343E2681380114BB4
:1078E0001B68002BEED01B68002BEBD00120E8E7D3
:1078F0000B23002FD1D1062DCED12A003100E06814
:1079000001F09AF8DEE70B23002FC6D1012DC3D179
:1079100032787533012AC0D8E3681A70D2E7C046BE
:1079200000D6FFFF4C66FF1F70B50C00150007283E
:1079300037D801F071F9041436361B36242E18207E
:1079400015290BD8184E16220021300000F0E4FF54
:1079500022002900300001F06FF8002070BD1820CF
:107960000229FBD11288114B1A80F6E7182008294A
:10797000F4D10A000E48290001F016F9EDE71820AD
:107980000129EBD10B4B10780B49DA69FFF7DEFECA
:10799000E3E718200129E1D1064B10780749DA6B9B
:1079A000F4E70220DAE7C0463466FF1FBA40FF1F43
:1079B000B040FF1F4040FF1F6840FF1F8840FF1F6F
:1079C000030010B50020DB0704D50721024A034855
:1079D00000F08CF810BDC046AC9701114040FF1F6D
:1079E000054A03001068002803D082889A4201D11A
:1079F000806870470068F6E74468FF1F0A88030044
:107A000008009A4204D08A8804309A4200D00020AC
:107A100070470000F8B5F22200230D4F0D4E796833
:107A2000050042433370994200D07B600A4C00212C
:107A3000200000F071FF00231A007C60AB4202D1ED
:107A400000203370F8BD01332280DBB2F234F5E759
:107A50003C69FF1F3A69FF1F4868FF1F73B56B46FB
:107A600001900600684615001980FCF7FDFA041E17
:107A700011D1002D0FD07689002E11D00C2000F0EE
:107A8000D3FF00280ED0084A046013688680856002
:107A9000002B02D11060200076BD1A001B68F7E7AA
:107AA0000224F8E71324F6E74468FF1F01210022AF
:107AB0000A4B10B549420A4C198099809A719A7004
:107AC000084B2070012019805A60FFF7A3FF20782F
:107AD000FCF728FB0448FDF73FFB10BD5466FF1F71
:107AE0004469FF1F3C69FF1F997B0111022310B5F8
:107AF000002802D0FFF7B2FF0300180010BD0000FD
:107B0000030010B50020DB0704D50421024A034816
:107B1000FFF7A4FF10BDC046C0970111C040FF1F72
:107B2000F0B50E2687B003930CAB1F8802ABF61896
:107B30000500080031000292FCF718FC0400012047
:107B4000002C0FD03088FFF74BFF03000E20002BD6
:107B500008D05E68002E05D021002800039B029A01
:107B60000097B04707B0F0BD0A4B10B5984207D157
:107B70000122002352420A808B708A808B7110BDD3
:107B8000FFF73CFF0028FAD001235B42038000236B
:107B90008370F4E7FFFF0000F8B5050001290AD162
:107BA000134E00243388F227AB4219D02800114924
:107BB000FFF7DAFF06E0022904D10139FDF74AFB9D
:107BC0000028EDD0F8BD3B0063437268D018D35A4B
:107BD000002B09D03A00002100F09EFE0134E4B2EF
:107BE000054B1B78A342EED801235B423380DDE7CF
:107BF0003C69FF1F5466FF1F3A69FF1F10B5FFF76E
:107C0000FDFE03000020834200D0987810BD0000E4
:107C1000F0B589B01C000EAB80CB03901E8810AB72
:107C20001B78049202930B7A0D00DB0616D42B7896
:107C30000593022B24D00498FFF7D2FE002812D01F
:107C400003689C46002B0ED0029B22000193290062
:107C50003B00644603980096A04705E00498FFF7B0
:107C6000BFFE002802D10E2009B0F0BD8368002BB2
:107C7000F9D00A222900039898470028D7D0F3E7C3
:107C80006B6858781A786B4B000210439842D2D830
:107C9000043B984210D2684B984242D015D8674BAB
:107CA000C0180128C7D80B20002EDDD1EB681A7848
:107CB00059683A80200028E0614BC018032800D999
:107CC00079E000F0A9FF846A789E5E4B9842B2D1B9
:107CD0000B20002EC8D101233B80EB6831001B78BC
:107CE00023706889013080B2FCF740FB3A88031E9C
:107CF0000ED0017802328A183A8042896270428935
:107D0000120AA27059680278E01C00F095FE06E0A5
:107D100004323A8031000422601C00F0FDFD002096
:107D2000A2E70B20002E9FD1EB6807A91E88042331
:107D30003B80330A300026706370FCF717FB051E8A
:107D400028D004AB9A890E2304A95B183E49C66863
:107D5000FCF780FB00280BD12B783C486A6805991A
:107D6000FAF706FF002803D1012304AA5B42D3815E
:107D70003278022A06D17168201D00F05DFE3B8832
:107D800002333B800E2304AA9B181B88A3701B0A96
:107D9000E370C4E704ABDE81F4E70B20002E00D0D3
:107DA00062E7E9680398FFF729FF02233B80207010
:107DB000000A6070B3E70B20002E00D054E70222C7
:107DC000EB681B883A8023701B0A6370A7E7E8689A
:107DD00000F0D2FCC2B203000720B24200D243E757
:107DE0000DD00299DBB27118994202DB921BD3B21B
:107DF0000293029BE9681A003B8089195AE7002325
:107E0000F6E70B20002E00D02EE70722EB683A8021
:107E10001A7822705A7862705A88A2705A88120AA8
:107E2000E2701A792271DA886271DB881B0AA37109
:107E300075E7C046042900000228000000D8FFFFB3
:107E4000FFD6FFFF03280000FFFF0000D0960111BE
:107E5000F0B58DB06B460020089120229B5E8342D6
:107E60003DDAA64B187800F02FFE071E32D00378BB
:107E7000B02B2CD10079023816281FD800F0FCFB5B
:107E800017001E001E001E0031001E0096001E007E
:107E90001D011E0052011E0073011E00CD011E00B7
:107EA00050021E001E001E008E021E00E302944BB4
:107EB00094491B8878880B80FAF79AFB3800FCF706
:107EC0004BFB914B1B68002B01D0380098473800C2
:107ED00000F002FC8020089B0002434018000DB017
:107EE000F0BDEE220021874800F016FD0BAA3B7B77
:107EF0007989388900923A000D32FCF74FF9040075
:107F0000804B1B78002C3FD146E0804B788805934E
:107F10007F4B4100CB5A0BAE073BDBB2328802935A
:107F2000002301937B4B210006930093059BFFF7F1
:107F30006FFE744D002810D1069B3A8A1B889A4226
:107F40000BD138000599123000F0EEFB002804D068
:107F50002B7862899B00EB185A80162306A81B1801
:107F6000328820007989FCF775FA2B7804009A0092
:107F7000AA1851880029C3D00133DBB22B70002826
:107F800007D006A9C98A9180634A12889A42BCD850
:107F900002E0012149429180002B04D059497888A0
:107FA000FAF75AFB8AE73E890A2479E000253E89E0
:107FB000574B06937B88069A5B009B5A033B9D4276
:107FC00002DB002DF0D05BE0162206A812183B7BE6
:107FD000798900923A0030000D32FCF7DFF8059005
:107FE000002858D04689017A7888FCF7A1F8041E49
:107FF00044D1464B78880793069B4100C95A454BAC
:108000000439C9B206AAD28A069302910194009358
:108010000599079BFFF7FCFD041E2FD1069B3949EC
:108020001A88931C002D26D14B807988384B490043
:10803000CB5A5119033B8B4220DD059B31485B89AC
:1080400041190B71A91C0135C9B2EDB20591451951
:108050001B0A2B71059B2D490433181800F0ECFC0A
:108060002C4B059A1B88D318DDB22C4B9E4205D0B1
:108070000136B6B29CE749889942D6D0002D0CD083
:10808000204C2800618800F00FFD207021007888C6
:10809000FAF7F2FA12E7059CF0E7002C00D183E72B
:1080A0007B78142B00D109E716493B794E800B7081
:1080B0000C717888FAF792FA00E7162406ABE418F8
:1080C00021003889FCF752F9011E00D1B7E1788808
:1080D00022880F4C45002C5B0A4D013CE4B202940F
:1080E00000240F4B01940095FFF792FD041E00D071
:1080F00014E129007888FAF7CFFADFE64469FF1F18
:10810000AE3FFF1F5C66FF1F5066FF1F5067FF1FDB
:108110008C62FF1F4068FF1FAC3FFF1FFFFF000086
:108120005E66FF1F162406ABE41821003889FCF7B1
:108130001DF9011E00D182E178882288AE4C4500ED
:108140002C5BAE4D013CE4B202947C89AC4B0194B3
:108150000095FFF75DFD041E00D0DFE02900788860
:10816000FAF7A4FAAAE60025A44B1D803B00F633DB
:108170001B78A24A78880792AB4208D99E4B128896
:108180000693069943005B5A013B9A4203DB079929
:10819000FAF796FA92E616246B00FB18059306ABE5
:1081A000E418059B21001889FCF7E0F8011E03D1B3
:1081B000059B01241E8973E77888924B2288069CD0
:1081C000099343001B5B904E013BDBB202930023FB
:1081D00000960193099BFFF71BFD041E02D0059B2F
:1081E0001E895DE77B88069A5B009B5A079A108878
:1081F00032881218934202DC1B1A013B33807F4CF9
:10820000023032880999001900F016FC2388328860
:1082100001359B182380EDB2A8E70BAA3B7B798937
:10822000388900923A000D32FBF7B8FF002505901F
:10823000059B002B04D10A24002D00D16EE060E0E4
:10824000059B7888197AFBF773FF0100041E63D140
:10825000694C6C4B788806940993069B4400E45A59
:10826000694B063CE4B20BAE32880793029401914D
:1082700000930599099BFFF7CBFC041E4CD1079B8B
:108280005E491B881A1D002D30D14A80059B5B4C2E
:108290005A8963191A716B1C9BB2E318120A1A717E
:1082A000162306A832881B1879890598FCF7D2F89E
:1082B000FF21AA1C2E1D03350B00059092B2B6B209
:1082C000ADB2002803D006ABDB8AD9B21B0AA218D4
:1082D000651911712B714C4D301D2A8849492018A0
:1082E00000F0AAFB2B88F618B5B2A1E749889142A5
:1082F00007D17A8806995200525AEB18053A9A42E9
:10830000C4DC3E4C2800618800F0C6FB20702100D0
:108310007888FAF7DFF9D1E5002DF2D13E89BFE682
:10832000162606ABF61831003889FCF71FF83D0019
:108330000400FA3500282DD0037A9B060CD40022C5
:108340007B893989788800923A000C32FFF7E8FB84
:10835000041E10D03E8915E03088FFF741FB00284D
:108360001AD08368002B17D02100122278889847F2
:10837000041EE4D0EEE72B78002B02D17888FAF7C0
:10838000B9F900262B78002B00D097E5002C00D1FE
:1083900094E585E60124DDE70E24DBE7162506AB30
:1083A000ED1829003889FBF7E1FF041E47D0037A56
:1083B0009B0611D4154A7B881188994203D0144832
:1083C000814207D11380134BF2261D780023D9B2C6
:1083D000A94221D30924A1E72888FFF701FB00283F
:1083E0002FD08368002B2CD0210012227888984748
:1083F000041EDFD092E7C0468C62FF1F5C66FF1F41
:108400005E66FF1F5067FF1F4068FF1F3C69FF1F2C
:10841000FFFF00003A69FF1F3100594354680133E0
:108420006018615A0029D2D13C0008342100F222A0
:1084300000F002FB21007888FAF764F93EE5012498
:108440006CE70E246AE71D4B1A887B889A4231D06C
:108450007888FAF761F931E5F223059851684343CA
:10846000CD18C95A00291FD03B7A012B0BD16C883B
:10847000AB887888AA1D0094FFF752FB041E02D037
:1084800000233B722E88F2220021280000F044FADB
:1084900000232B80059B0133DBB20593084B059924
:1084A0001B78064A8B42D7D801235B421380002CED
:1084B000CED0F5E5002634000596EFE73C69FF1FB6
:1084C0003A69FF1F70B504000E001500FFF796FA19
:1084D000031E08D131000548FFF790FA0300112070
:1084E000002B02D01C8000209D7070BDFFFF00009B
:1084F000F8B50B4F06003B780D001400FF2B0ED093
:108500000A2000F0D9F9011E09D0B123038000230D
:1085100046800371C5800481387800F06DF9F8BD9C
:108520000141FF1FF7B50F0008A90600088809A937
:108530000B240988002821D10234022B1ED1557842
:1085400013782D021D432B008B4301937334002BB2
:1085500014D1FB68300019000093FFF74FFB019C1A
:1085600085420BD02A0030000099FFF7ABFF041EB4
:1085700004D12A0030007989FFF7BAFF2000FEBD40
:10858000F0B50E7885B003900AA805880120022E68
:108590000DD14C682778647824023C43054FBC42D7
:1085A00005D10398DBB201960095FFF7BBFF05B03C
:1085B000F0BDC0460229000010B504000C4800F0D0
:1085C0009BF80C48A16B00F097F80B48E16B00F0AA
:1085D00093F80A48216C00F08FF8094B0948196894
:1085E00000F08AF8084B1B68002B00D09847FEE784
:1085F000DC940111F2940111019501111095011102
:1086000004ED00E01F9501114869FF1F002307B525
:1086100001A80193FFF7D0FF044A05480021121A70
:1086200000F03AF8F8F798F8FEE7C0464C69FF1FEB
:108630000441FF1F0000000001B40248844601BC51
:10864000604700BF9136FF1F01B40248844601BC59
:10865000604700BF055E000001B40248844601BCCB
:10866000604700BF017F000001B40248844601BC9E
:10867000604700BF6DBC000001B40248844601BCE5
:10868000604700BFDD38FF1F01B40248844601BCCB
:10869000604700BFC9A9000001B40248844601BC7C
:1086A000604700BFB70E000001B40248844601BC19
:1086B000604700BFD91AFF1F01B40248844601BCBD
:1086C000604700BF2951010001B40248844601BC43
:1086D000604700BFEDA5000001B40248844601BC1C
:1086E000604700BF434D010001B40248844601BC0D
:1086F000604700BF0937FF1F01B40248844601BC30
:10870000604700BFE53A010001B40248844601BC5D
:10871000604700BF0124000001B40248844601BC48
:10872000604700BF5D38FF1F01B40248844601BCAA
:10873000604700BFCD4C010001B40248844601BC33
:10874000604700BF4937FF1F01B40248844601BC9F
:10875000604700BF851F000001B40248844601BC89
:10876000604700BFB537FF1F01B40248844601BC13
:10877000604700BF3138FF1F01B40248844601BC86
:10878000604700BFDD52010001B40248844601BCCD
:10879000604700BFD949010001B40248844601BCCA
:1087A000604700BF7D18FF1F01B40248844601BC2A
:1087B000604700BF75A9000001B40248844601BCAF
:1087C000604700BFC521000001B40248844601BCD7
:1087D000604700BF3555000001B40248844601BC23
:1087E000604700BF7D36FF1F01B40248844601BCCC
:1087F000604700BF8538FF1F01B40248844601BCB2
:10880000604700BF594F010001B40248844601BCD3
:10881000604700BFF94C010001B40248844601BC26
:10882000604700BFB14E000001B40248844601BC5D
:10883000604700BF0D52010001B40248844601BCEC
:10884000604700BFD91B000001B40248844601BC48
:10885000604700BF5522000001B40248844601BCB5
:10886000604700BF1130FF1F01B40248844601BCBD
:10887000604700BFF30E000001B40248844601BC0B
:10888000604700BFD12FFF1F01B40248844601BCDE
:10889000604700BF014C010001B40248844601BC9E
:1088A000604700BF5930FF1F01B40248844601BC35
:1088B000604700BF156B010001B40248844601BC4B
:1088C000604700BF1D4D010001B40248844601BC51
:1088D000604700BF2124000001B40248844601BC67
:1088E000604700BF7918000001B40248844601BC0B
:1088F000604700BF5147010001B40248844601BCF3
:10890000604700BF3D18000001B40248844601BC26
:10891000604700BF8B52010001B40248844601BC8D
:10892000604700BF154D010001B40248844601BCF8
:10893000604700BF2526000001B40248844601BC00
:10894000604700BF5952010001B40248844601BC8F
:10895000604700BF456B010001B40248844601BC7A
:10896000604700BF8552010001B40248844601BC43
:10897000604700BF311B000001B40248844601BCBF
:10898000604700BF4D1F000001B40248844601BC8F
:10899000604700BFF931FF1F01B40248844601BCA3
:1089A000604700BF090E000001B40248844601BCC4
:1089B000604700BF9DA9000001B40248844601BC85
:1089C000604700BFE928000001B40248844601BCAA
:1089D000604700BFB352010001B40248844601BCA5
:1089E000604700BF8D12000001B40248844601BCFC
:1089F000604700BFE548000001B40248844601BC5E
:108A0000604700BF5118FF1F01B40248844601BCF3
:108A1000604700BFDD66010001B40248844601BC26
:108A2000604700BFB134FF1F01B40248844601BC57
:108A3000604700BF3D4B010001B40248844601BCC1
:108A4000604700BFE94C010001B40248844601BC04
:108A5000604700BF1D4B010001B40248844601BCC1
:108A6000604700BFD534FF1F01B40248844601BCF3
:108A7000604700BFC51D000001B40248844601BC28
:108A8000604700BFB54C010001B40248844601BCF8
:108A9000604700BFE117000001B40248844601BCF2
:108AA000604700BF090E000001B40248844601BCC3
:108AB000604700BF350E000001B40248844601BC87
:108AC000604700BFB92FFF1F01B40248844601BCB4
:108AD000604700BFF54E010001B40248844601BC66
:108AE000604700BFD1A5000001B40248844601BC24
:108AF000604700BF291C000001B40248844601BC45
:108B0000604700BFC926000001B40248844601BC8A
:108B1000604700BF1147010001B40248844601BC10
:108B2000604700BF091B000001B40248844601BC35
:108B3000604700BF8935FF1F01B40248844601BC6D
:108B4000604700BFC936FF1F01B40248844601BC1C
:108B5000604700BF5D17000001B40248844601BCB5
:108B6000604700BF4550000001B40248844601BC84
:108B7000604700BF5133FF1F01B40248844601BC67
:108B8000604700BF4551010001B40248844601BC62
:108B9000604700BFC94A010001B40248844601BCD5
:108BA000604700BFA54F010001B40248844601BCE4
:108BB000604700BF810E000001B40248844601BC3A
:108BC000604700BFED4A010001B40248844601BC81
:108BD000604700BF792DFF1F01B40248844601BCE5
:108BE000604700BF5549010001B40248844601BCFA
:108BF000604700BFC938FF1F01B40248844601BC6A
:108C0000604700BF2146010001B40248844601BC10
:108C1000604700BFA138FF1F01B40248844601BC71
:108C2000604700BFB538FF1F01B40248844601BC4D
:108C3000604700BF2132FF1F01B40248844601BCD7
:108C4000604700BF5125000001B40248844601BCC2
:108C5000604700BFA946010001B40248844601BC38
:108C6000604700BFADAE000001B40248844601BCBD
:088C7000604700BF691F00000E
:108C780053444B2056657273696F6E204944202512
:108C8800303878200A007266436C6B2025642072A5
:108C980063436C6B20256420737973436C6B2025C8
:108CA800642074704361705B25303278202530323F
:108CB800785D0A0073697A656F66287374727563E4
:108CC80074206C6C5F706B745F6465736329203DFE
:108CD8002025642C206275662073697A65203D2002
:108CE80025640A0073697A656F6628675F70436F49
:108CF8006E6E656374696F6E42756666657229206B
:108D08003D2025642C2073697A656F662870436F4F
:108D18006E6E436F6E7465787429203D2025642C2F
:108D28002073697A656F66286C617267654865614A
:108D380070293D2564200A005B5245535420434165
:108D48005553455D2025640A20004D454C423A2084
:108D5800575332383132205350492074696D656F4A
:108D680075742F6572726F723D25643B2072656E53
:108D780064657265722064697361626C65642C2035
:108D8800424C45206B65707420616C6976650A00F9
:108D98004D454C423A2048617070794C6967687457
:108DA800696E672046464439207772697465206C7D
:108DB800656E3D25750A004D454C423A2048617064
:108DC80070794C69676874696E672073746174752B
:108DD800732072657175657374656420776974684A
:108DE8006F75742046464434206E6F746966792026
:108DF800737562736372697074696F6E0A004D45AA
:108E08004C423A2048617070794C69676874696EA1
:108E18006720737461747573206E6F746966792046
:108E2800726573756C743D257520706F7765723D3A
:108E38002575206D6F64653D253032782073706527
:108E480065643D25750A004D454C423A20486170DD
:108E580070794C69676874696E6720636F6D6D61BE
:108E68006E642072656A65637465642072657375E3
:108E78006C743D25750A004D454C423A2073746167
:108E8800746520706F7765723D2575206D6F646518
:108E98003D25303278206272696768743D257520F7
:108EA80073706565643D2575207267623D25752C74
:108EB80025752C25750A004D454C423A206275747B
:108EC800746F6E7320706F7765723D2575206D6FB6
:108ED80064653D25303278206272696768743D2583
:108EE800752073706565643D2575207267623D2540
:108EF800752C25752C25750A006F6B004641494C69
:108F0800004D454C423A20575332383132205350A5
:108F180049312F50333420696E69743D25730A0036
:108F28004D454C423A20626F6F74206566666563F2
:108F380074207261696E626F77206D6F64653D257C
:108F4800303278206272696768746E6573733D2584
:108F5800752073706565643D25750A0047617072F8
:108F68006F6C655F73746172740A00476170726F29
:108F78006C655F61647665727374696E670A004731
:108F88006170726F6C655F436F6E6E656374656464
:108F98000A00476170726F6C655F446973636F6E36
:108FA8006E656374696F6E0A00476170726F6C65F5
:108FB8005F7761697474696E675F61667465725F13
:108FC80074696D65726F75740A00476170726F6CB1
:108FD80065206572726F72210A005B47415020520A
:108FE8004F4C452025645D0A000A4D454C422062DD
:108FF8006F6F743A204D757369632D4C6967687497
:109008002D56332D323231313031202F2053543107
:1090180037483636420A004D454C423A20554152AF
:1090280054302050392F50313020313135323030E2
:109038000A004D454C423A20424C4520696E6974FD
:1090480020626567696E0A004D454C423A20424CE1
:1090580045206E616D653D25730A004D454C423AC9
:109068002061647620696E74657276616C20756E15
:109078006974733D25750A004D454C423A20616478
:109088007620646174613D2530327820253032784D
:10909800202530327820253032782025303278204B
:1090A8002530327820253032780A004D454C423A36
:1090B8002072656769737465722048617070794CB5
:1090C80069676874696E6720464644352F4646448A
:1090D800392F464644340A003D3D3D3D3D53696DB8
:1090E800706C65424C455065726970686572616C58
:1090F8005F496E697420446F6E653D3D3D3D3D3D61
:109108003D0A006164764E25750A003D3D3E2048C3
:1091180043495F434F4D4D414E445F434F4D504C83
:109128004554455F4556454E545F434F44453A20A4
:1091380025780A004D454C423A205342505F52452B
:109148005345545F4144565F455654202D3E206593
:109158006E61626C65206164766572746973696EAC
:10916800670A0054494D45525F4556540A005662F5
:1091780061743A202564206D562C2025642025250D
:109188000A004D454C423A20474150526F6C655F8A
:1091980053746172744465766963650A004D454C81
:1091A800423A2068656172746265617420256C7545
:1091B800206576656E74733D307825303478206785
:1091C80061703D2575206164763D25750A00434D23
:1091D800442064617461206576656E74730A00309A
:1091E8003132333435363738394142434445460005
:1091F8005B48434920444C455D256420256420256F
:10920800640A005B4154545F4D54555D2025642029
:109218000A006761705065726950726F6365737395
:10922800484349436D64436F6D706C65746545765A
:1092380074204F70636F646520307825580A0043A6
:10924800544520506172616D207374617475732088
:109258003078253032580A0043544520656E6162E3
:109268006C652073746174757320307825303258BA
:109278000A0067617050726F63657373424C4545AD
:1092880076656E7473204843495F4C455F434F4E83
:109298004E454354494F4E4C4553535F49515F52D5
:1092A80045504F52545F4556454E54200A00676159
:1092B8007050726F63657373424C454576656E7482
:1092C80073204843495F4C455F434F4E4E454354D6
:1092D800494F4E5F49515F5245504F52545F455672
:1092E800454E54200A005B5341525F465245455D46
:1092F8000A005B5245415F465245455D0A005B5393
:1093080041525F5258204552525D204E6F53617250
:1093180020632025780A005B5341525F525820454C
:1093280052522025645D2025642025640A005B5381
:1093380041525F5258204552522025642025645DD1
:10934800202564207025303878204C20256420435F
:109358002025640A005B5345475F465245455D0A30
:10936800005B5345475F5052545D253038782025BF
:109378003032780A005B534255462046554C4C5DC6
:1093880020455252202564203078253032780A0052
:109398005B5342554620465241472046554C4C5D4A
:1093A8000A0025732C75706461746520636F6E6E96
:1093B800656374696F6E48616E646C65202564200E
:1093C80074696D657249442025640A0025732C73FD
:1093D8007461727420636F6E6E656374696F6E4832
:1093E800616E646C652025642074696D65726964BA
:1093F8002025640A007050616972696E6750617255
:10940800616D735B25645D204E554C4C200A0073DA
:109418006D53746F7052737054696D657220636F09
:109428006E6E656374696F6E48616E646C65202545
:10943800642074696D657249442025640A003031DE
:109448003233343536373839616263646566676844
:10945800696A6B6C6D6E6F707172737475767778FC
:10946800797A00303132333435363738394142432E
:109478004445464748494A4B4C4D4E4F505152532C
:109488005455565758595A003C4E554C4C3E002599
:1094980030327820004741505F44657669636549FA
:1094A8006E69743A204741505F50524F46494C45C7
:1094B8005F43454E5452414C207C204741505F50F9
:1094C800524F46494C455F504552495048455241D4
:1094D8004C200A005B48617264206661756C7420D8
:1094E80068616E646C65725D0A004C522020203DF4
:1094F800203078253038780A0050432020203D203D
:109508003078253038780A0050535220203D2030DA
:1095180078253038780A0049435352203D20307866
:10952800253038780A000200030004000500060010
:109538000700080009000C000D0016007109011150
:10954800A509011100000000020000005A95011150
:10955800192A0F180A000000F1590000FD24000024
:1095680041460100A9470111C1680111FD3B0111E4
:10957800AD450111B1210111517E0111551E011195
:109588000000FF00FFFFFF000000000000FF00FFD9
:10959800FFFF00FF00FFFF00FF0000000000FF00CA
:1095A800FFFF00FFFF0000FF00FFFF00000000FFBB
:1095B8000000FF00FFFF000041100111F90E01112A
:1095C80000000000120C000002000000DC950111F0
:1095D800D4FFD9FFD5FF252D3038FF000000FF004C
:1095E8000000FF00FFFFFF00FFFFFF00FF6010FF0C
:1095F800B4600000C917011100000000000000005D
:109608004449590056322E310030303230006769F3
:10961800746875622E636F6D2F7076767800547259
:10962800696F6E6573000000020000004496011126
:10963800292A282A272A262A252A242A0A1800001D
:10964800050000001F501D10023CB400FB349B5F56
:10965800800000800010000000000000B327011106
:109668009D3E0111D7270111A54201115B28011167
:109678007B420111D1280111514201112329011105
:10968800194401118B29011119440111BD29011136
:10969800D3430111D12801110942011149290111AE
:1096A800B143011100000000000000002F2A011141
:1096B800B1430111912A0111B53E0111052A042A6D
:1096C800012A002A02290328012800280118001865
:1096D800736D537461727452737054696D6572005E
:1096E80000000000000000000000000000000087EB
:1096F8000101020102010102010203030401030145
:10970800010101010303020103000D000E00100016
:10971800110013001401070108010A010B011C01C3
:109728001D02040205020702080219021A021C029D
:109738001D030103020317000201000504000807C6
:10974800000B0A001716001D1C0102010105040187
:109758000E0D011110011413011716011A19020236
:1097680001020B0A020E0D02111002141302171641
:10977800030504030807030B0A030E0D0001020387
:1097880007090A0B0E0F101112141718191A1B1FAC
:10979800202122000506FFFF00C201000100000091
:1097A80000000000997701115578011100000000B0
:1097B80002000000D6960111000000008185011109
:0C97C8000000000002000000D496011117
:020000041FFFDC
:1000000000000000D10A0111609501115C950111F9
:10001000105EFF1F00000000000000000000000054
:1000200000000000000000000000000000000000D0
:1000300000000000000000000000000000000000C0
:1000400000000000000000000000000000000000B0
:1000500000000000000000000000000000000000A0
:100060000000000000000000000000000000000090
:100070000000000000000000000000000000000080
:100080000000000000000000000000000000000070
:100090000000000000000000000000000000000060
:1000A0000000000000000000000000000000000050
:1000B0000000000000000000000000000000000040
:1000C0000000000000000000000000000000000030
:1000D0000000000000000000000000000000000020
:1000E0000000000000000000000000000000000010
:1000F0000000000000000000000000000000000000
:1001000000000000000000000000000000000000EF
:1001100000000000000000000000000000000000DF
:1001200000000000000000000000000000000000CF
:1001300000000000000000000000000000000000BF
:1001400000000000000000000000000000000000AF
:10015000000000000000000000000000000000009F
:10016000000000000000000000000000000000008F
:10017000000000000000000000000000000000007F
:10018000000000000000000000000000000000006F
:100190004532FF1FA530FF1FC166010000000000AF
:1001A000000000000000000000000000000000004F
:1001B000000000000000000000000000000000003F
:1001C000000000000000000000000000000000002F
:1001D000000000000000000000000000000000001F
:1001E000000000000000000000000000000000000F
:1001F00000000000000000000000000000000000FF
:1002000000000000000000000000000000000000EE
:1002100000000000000000000000000000000000DE
:1002200000000000000000000000000000000000CE
:1002300000000000000000000000000000000000BE
:1002400000000000000000000000000000000000AE
:10025000000000000000000000000000000000009E
:10026000000000000000000000000000000000008E
:10027000000000000000000000000000000000007E
:10028000000000000000000000000000000000006E
:10029000000000000000000000000000000000005E
:1002A000000000000000000000000000000000004E
:1002B000000000000000000000000000000000003E
:1002C000000000000000000000000000000000002E
:1002D000000000000000000000000000000000001E
:1002E000000000000000000000000000000000000E
:1002F00000000000000000000000000000000000FE
:1003000000000000000000000000000000000000ED
:1003100000000000000000000000000000000000DD
:1003200000000000000000000000000000000000CD
:1003300000000000000000000000000000000000BD
:1003400000000000000000000000000000000000AD
:10035000000000000000000000000000000000009D
:10036000000000000000000000000000000000008D
:100370000D860111000000000000000000000000D8
:10038000000000000000000000000000000000006D
:10039000000000000000000000000000000000005D
:1003A000000000000000000000000000591AFF1FBC
:1003B000000000000000000000000000000000003D
:1003C000000000000000000000000000000000002D
:1003D000000000000000000000000000000000001D
:1003E000000000000000000000000000000000000D
:1003F00000000000000000000000000000000000FD
:08183800506DFF1F4118FF1F56
:10184000024981F3088802F0D3F90000506DFF1FB0
:1018500010B502F07DF8072804D0122808D002281D
:1018600008D010BD044A0420136B01331363F8E75A
:101870000220F6E71420F4E73463FF1FF8B50700F1
:101880000C0026002500503630785135002804D150
:101890000300287058342370F8BD2978CA00481E08
:1018A0008141A3183800A25C5B68C9B2FFF7D0FF82
:1018B00000280DD12B78DA00A218013350602B706C
:1018C0003378044A013B3370136A01331362D8E75B
:1018D0000123DFE73463FF1F5C234343074910B54F
:1018E000C9180B0058331B78012B05D1FFF7C6FF31
:1018F000034A936A0133936210BDC0466863FF1FB9
:101900003463FF1F10B501F0F3FF064A01211300F5
:1019100010CB4942D967044B136002F001F8200054
:1019200010BDC04600E100E01000100010B504003A
:1019300001F0DEFF024B1C6001F0F2FF10BDC0465B
:1019400000E100E0431E5A425341A022F0B5D2010B
:101950005B421340154D164A40019B182A18127E0F
:101960008BB00191002A1BD01A000832D46F0022DC
:10197000E6B206AFE4B294420EDC2818C369002B2D
:1019800008D0019902AA117106AA049202AA16733C
:1019900003A898470BB0F0BD1978B9540132EAE7B3
:1019A0001A7D1A7806AB01261A70E6E7F465FF1F68
:1019B00000400040F0B5254B04004001C25C85B0FA
:1019C000002A2BD01A18117E002927D0917E0029D9
:1019D00024D01179022921D11689D788D168F51B25
:1019E000ADB22A1C102D00D9102292B2BE4217D1DE
:1019F0001818012303710023C269C38003819A422E
:101A000006D06846032103730171029301A8904731
:101A10000820002C00D0192001F0FAFA05B0F0BD22
:101A2000013C65426C41A0256442ED012C40084D0B
:101A30001B186419074D0633013A92B2AA42EDD041
:101A40001888461C1E80085C2070F5E7F465FF1FAF
:101A500000400040FFFF00000F220E4B10B59868B9
:101A6000104002380A280BD801F024FF0D0A0B0A97
:101A70000A110A0A0A0A060002210020FFF762FF83
:101A800010BD0121F9E70020FFF794FFF8E7DB6FB5
:101A9000F6E7C046004000400F220E4B10B5986894
:101AA000104002380A280BD801F004FF0E0A0B0A76
:101AB0000A120A0A0A0A060002210120FFF742FF61
:101AC00010BD01210800F9E70120FFF773FFF7E7D8
:101AD000DB6FF5E70090004013B5334C2378072BFC
:101AE0003DD8324B1A78324B002A39D180221968FE
:101AF00052020A431A60252001F0E6FD20232D4AF8
:101B000011680B43802113606B460422C9050868E5
:101B10000733104228D080210422C905C86810422A
:101B20002ED080212020C905CA688243CA601422B1
:101B30001A701A78002A2FD18021C905C86820326E
:101B40000243CA6014221A701A78002A28D11A4B4C
:101B50001A7D22785A601D221A705932DA6013BD3C
:101B60001A6816490A40C5E7086802430A60142249
:101B70001A701A78002ACED01A78013AD2B2F7E752
:101B8000C8680243CA6014221A7019784A1ED2B279
:101B90001A700029F9D1C4E71A78013AD2B2C7E71E
:101BA0001A78013AD2B2CEE73C40FF1F0441FF1F32
:101BB0003CF000403440FF1F00200040FFFFFEFFCC
:101BC000564B70B51B68012B03D1554A936D0133F9
:101BD000936501F045FF534B534A1860534B544CE7
:101BE0001A600123534A1360534A13602378002B71
:101BF00006D006225149524801F0E2FE002323702C
:101C0000504A514B10681B78C1B2002B0ED14F4C7B
:101C1000C0B223785BB2002B4FDB237824785BB211
:101C200064B21B0424021B191B1813600B1C5029DF
:101C30004ED95023464A47491078DBB2FF2202288A
:101C40004BD10868444C454D267890432A789642FB
:101C500054D9227824782E78023B5D10A31B6B4365
:101C60005201D31A10335B111843086001F088FE4B
:101C7000031F012B45D83A4B1B78002B06D0394B5C
:101C80001B78002B02D0002001F0AAFFA122364BC6
:101C900092009978354B4A431B689B188322920027
:101CA0009B181B78033B012B03D8AF20400001F0A9
:101CB00027FE01222E4BDA8270BD237824785BB296
:101CC00064B2FF33FF341B0424021B190138ABE755
:101CD000CAB2022AAED20223ACE70868254C264DD0
:101CE000267890432A78964208D9227824782D784D
:101CF000023B5B10641B63435201B2E72378DBB203
:101D0000B2E70228D5D11D4B1B78013B022B03D92A
:101D10001B4B1B78022BCCD16C20C8E79809FF1F06
:101D2000FC0FFF1F8062FF1FFF3F000014100340E5
:101D30008462FF1F0C10034000100340D50BFF1FEF
:101D40007211FF1FB40003408C09FF1F680AFF1FB8
:101D5000490AFF1F94000340460AFF1F470AFF1F5E
:101D6000F908FF1F2209FF1F300DFF1F3409FF1F55
:101D7000BC0BFF1F440AFF1F450AFF1F1C09FF1F62
:101D80002309FF1F10B501F063FF0022014B1A80E9
:101D900010BDC0467C62FF1F10B501F091FFA1216C
:101DA000054A89009478054A61431268044B521829
:101DB000528C1A8010BDC046300DFF1F3409FF1F22
:101DC0007C62FF1F10B50D4B0D4A9978A1239B0033
:101DD0004B431268D218531DD97F0A4B1B88994276
:101DE00009D2441C07D0C82805D0D2695B1A5A43CF
:101DF000054B5343C01801F09BFD10BD300DFF1F74
:101E00003409FF1F7C62FF1F7102000070B5244D72
:101E10002B68002B28D001F093FE2B68D8402B684C
:101E20000400002B27D001F0DBFD2B68D8401D4BB0
:101E30001D4A9978A1239B004B431268D118D25CAC
:101E400091239B00002A20D0CA580132CA50174B58
:101E500017491B680868834214D3D23B181A012A19
:101E60001AD0144B186070BD01F06AFE124B19684D
:101E700001F0EEFDD3E701F0B3FD0F4B196801F05F
:101E8000E7FDD4E70D495B18E8E7CA500C4B1B6827
:101E9000DB68E418201AE4E7F530FF30E1E7C046DC
:101EA0001C08FF1F300DFF1F3409FF1F9C09FF1F77
:101EB0008062FF1FA009FF1F1808FF1F2DFF3F00B2
:101EC0008862FF1F70B504000D00282916D1030099
:101ED000A433C2881B889B1A0B4A9BB293420DD92C
:101EE00006006A3605223100653001F059FE0028EF
:101EF00004D13100200001F0BBFD70BD290020009D
:101F000001F066FFF9E7C046FE7F0000F8B5050066
:101F1000012001F075FD134CA36AA26A9342FBD124
:101F2000114E336001F0C4FD1049030008601048F1
:101F3000426894460F4A17680022BC4501D24268A5
:101F4000BA1A0D4802603268AD18A422E562606AD0
:101F5000520302436262094A1278002A01D00F3B01
:101F60000B60F8BD00F00040340AFF1FE408FF1FBB
:101F700028100040180AFF1F1C0AFF1F1C09FF1F22
:101F800070B580241025E405A3682B43A36001F0FD
:101F900087FEA368AB43A36070BD0000F7B51600D1
:101FA00080221C001023D2050191916805000B438B
:101FB000936000225A4BD7301A6001F061FE9D23D6
:101FC0002A002F009B00EB58CA3201210092FC37F7
:101FD000002B01D00021009A386801F009FD29008A
:101FE000009BCB311A784F4BD3351A604B780A7867
:101FF0001B0213438A7812041A43CB781B0613433F
:10200000494A1BBA13604B790A791B0213438A7938
:1020100012041A43CB7931001B061343434A1BBAFF
:1020200013606B782A781B021343AA7812041A43B0
:10203000EB781B0613433E4A1BBA1360019A330226
:1020400013433C4A13603C4B22001B1B9C46032954
:102050003DDCB3089A0013005142B21A032A46D15C
:10206000354AE018511A827840781204000202437F
:10207000E05C043302430A600022FF2B4BDDF022B8
:102080002E4B12011A600F222D4B1A602D4A136835
:10209000002BFCD00023224A27491360091B321D64
:1020A0000B191B68043A180A23706070180C1B0E79
:1020B000A070E3700434002AF2DC802210213B6817
:1020C000D20501333B6093688B439360F7BD634651
:1020D000D578981893782D061B042B43157804396E
:1020E0002B43557804322D022B430360AFE7022ABD
:1020F0000AD1114AE05C511AE218527812020243E6
:102100000A6004339BB2B7E7012AB5D10A4A521AD2
:10211000E15C1160F5E7084959180A600433ACE73F
:10212000000004403C0004403800044034000440F7
:10213000300004400C00044000010440040004404E
:102140001000044014000440F7B5150080221C0064
:102150001023D2050091916807000B439360002380
:10216000654AD730136001F08BFD9D233E009B0034
:10217000F9583B00CA363200FC33002900D07FE01A
:10218000586801F035FC390032785C4BCB311A606D
:102190004B780A781B0213438A78AC4612041A4320
:1021A000CB78281D1B061343554A1BBA13604B7985
:1021B0000A791B0213438A7912041A43CB791B064E
:1021C0001343504A1BBA13604B7A0A7A1B0213431B
:1021D0008A7A12041A43CB7A21001B0613434A4A17
:1021E0001BBA1360009A2B021343484A1360220063
:1021F000474B1B1B0093009BCE785B1801938B7899
:1022000036061B0433430E78043833434E780431CA
:1022100036023343019E33600328ECDC0321A80817
:10222000431C9B002940800003292BD13849E51825
:102230005E18A9786D78E35C09042D0229431943DF
:102240003160030008330021FF2B2DDD314B324973
:1022500019600F21314B1960012327490B60304B66
:1022600019680029FCD006211B680B40042B20D0E4
:1022700080220020D20593680A318B439360FEBD13
:1022800001217DE7022908D121495D18E11849782B
:10229000E35C090219432960D3E70129D3D11C4922
:1022A0005918E35C0B60CCE7194818180160043337
:1022B000CAE7002310490B606346002B0CDC3B008F
:1022C000FC335A68102101325A608022D20593688B
:1022D00001208B439360D2E7009B9B181B68190A6F
:1022E00013705170190C1B0ED37004235B42917054
:1022F0009C440432E0E7C046000004403C00044037
:102300003800044034000440300004400C00044015
:102310000001044004000440080F000010000440C5
:102320001400044070B5061E19D002225A4B9B7946
:102330009343012B13D1594B1A78FF2A0FD15A78A6
:10234000FF2A0CD19A78FF2A09D1DA78FF2A06D120
:102350001A79FF2A03D15B79FF2B00D199E0504B0A
:102360000C201A78012A08D000224E4D1A702978C4
:102370000B00093B042B01D8212070BD4B1F012B02
:10238000FAD9454CA37B042B00D982E0A279032A19
:1023900000D97EE09A1ED2B2012A02D860881F2896
:1023A00077D9002E56D0012E73D1A0880128E3D012
:1023B000002907D1581E032803D801F07BFA121711
:1023C00015122E702978481E032811D80025364B87
:1023D0001D602823237501F0EBFCA84227D0A580BF
:1023E000CAE702212970EDE70421FBE70321F9E7A1
:1023F00007390129C0D82D490968C96A8906BBD5A2
:102400002B4908780028B7D1012A01D9002BB3D174
:1024100002230B708021274D2633890128782375EC
:1024200001F0A6FB80212878890101F061FC0123DD
:10243000A380214B1B78002B0AD0FA2280211F4B4E
:1024400092001B8809025A431A4B187801F0F0FBDE
:10245000002092E701F04CFA2B78A680073B012B75
:1024600003D917482E7001F073FC114B114C1A78E8
:10247000002A06D080210022207889011A7001F0FC
:1024800077FB01F04DFA80212078090201F070FB02
:10249000DEE7122071E7C046A60BFF1F6B09FF1F86
:1024A0001A09FF1F1C09FF1F4809FF1F8862FF1F31
:1024B0002309FF1F1B09FF1F2109FF1F2C09FF1FF5
:1024C0000010004010B5002901D001F061FC10BDE2
:1024D000F7B5604B01919978A1239B004B435E4A6D
:1024E000060014681022E418D6235B00E058362357
:1024F000FF33E35C00279343222B41D1574B0F3A24
:102500001A600760012501F0E3FA019B1880E823B7
:102510005B00E35C002B01D0B34258DD0023504F39
:10252000FB70AD33FF33E3581A68002A03D09B8851
:10253000DB439B071DD03823FF33E35C002B18D00F
:102540009B235B00E35C002B13D1D133FF33E35CAF
:10255000B3420EDAA4235B00E15AE018090A023103
:1025600001F0A6FB23000122FE33013E01351A874C
:10257000FA70E8235B00E35C002B2AD0A8B2FEBD12
:1025800003683D00002BBED081880430090A023167
:1025900001F08EFBD6235B00E3581F60B2E72300F7
:1025A000B133BA00FF339858013781880430090AE3
:1025B000023101F07DFBE8235B00E35CBB42EEDC13
:1025C000E822F61AED1800235200A354A6E70027CC
:1025D000F1E7200001F0E4FB00281FD0002E1DDDF4
:1025E0007319882647190193B600200001F098FB63
:1025F0005A30800020184068013581880430090A6B
:10260000023101F055FB200001F072FAA3590133A9
:10261000A351BD4202D0019B9D42E6D1114BE35C28
:10262000002BABD095239B00E35C002BA6D00E4B78
:10263000E15A0029A2D00D4AA35C994202D9013384
:10264000A3549BE700231A212000A35401F090FB20
:1026500094E7C046300DFF1F3409FF1F00140340EC
:10266000E010FF1F5A020000720200005E0200002C
:102670000D4970B54A6E0D4CD2038B69D20BA24244
:1026800006D80B4D0224AA4204D901F029FB70BDE3
:1026900002246442E21815007E2425402242F4D030
:1026A000A3432B438B61F0E700F000400A200000B9
:1026B000FC1C0000F8B51D4B1D4F1A78002A10D1E4
:1026C000BA7B002A02D101321A7003E0032AFAD041
:1026D000022AF8D001F06CFB00220120154B1A7081
:1026E000F8BD154B154D1C68154B9E7801232B70BA
:1026F0002878C0B200F09EFBBB7B002B0BD101F011
:10270000CFF9A1239B007343E41883239B00E418B3
:1027100023782B70E4E7032B02D101F0F9F8F0E7FE
:102720000020022BDCD101F00BFBEAE71C09FF1FA4
:10273000A60BFF1F2309FF1F3409FF1F490AFF1FB4
:10274000300DFF1FF0B587B00EAD2F780FAD2D788F
:102750000593AC46634614000E4D0CAA12782E78F1
:1027600003930D9B009201932200059B029701F0B9
:102770004FFA2E70012C01D0042C08D1802206497A
:102780008B889343054A1278D20113438B8007B09C
:10279000F0BDC0461C09FF1F6C11FF1F7809FF1F09
:1027A0000B001B3B70B504003020E02B0DD813004C
:1027B000E025493BFF3B9BB2ED00AB4205D8034B04
:1027C000200019825A8201F00BFB70BD8410FF1F9C
:1027D00010B501F045F9054B00205B68052B04D9C5
:1027E000034A5268D20200D4980810BD001000407D
:1027F000FCE100E070B501F07BF80D4B1B68FC3389
:10280000DC691D6AFFF7E4FF6419844204D2094BB6
:1028100001241B68002B07D004220024064B1A70E9
:10282000064A93690133936101F07AF8200070BD84
:102830008862FF1F9809FF1F2309FF1FFC0FFF1F5E
:1028400070B50C4D2B68FC335C6A01F051F8FFF752
:10285000BFFF2B680025FC339B6AE318834204D238
:10286000054B1B68AB4200D1051B01F059F828004D
:1028700070BDC0468862FF1F9809FF1FD722044B16
:1028800092009B5810B5002B00D0984710BDC04651
:102890000000FF1F10B500F0F5FFFFF7EFFF27491D
:1028A000274BCA6D274C1A4084235B001343CB652A
:1028B000254B1B68186A01F0A3F8244B244A1A60C0
:1028C000244B254A1A60A022244B52001A60244B44
:1028D000187801F095F92000224901F049F8002309
:1028E000A3600233A360204B2049236003232048C8
:1028F000A36001F03DF810221E4BFF201A608022D9
:1029000052031A60802292031A60802212041A6015
:1029100001F066F9012001F053FAFA20400001F0BD
:102920008FF9582000F0ECFF134801F031F9012035
:1029300001F04EF9072001F0CBF910BD00F0004086
:1029400000FEFEFF141000408862FF1F00000340DD
:102950000180063DBC00034034080000A400034091
:102960004A0AFF1F71020000C3090000FFFF3F0079
:102970002810004000E100E030750000674E336829
:1029800088331B6883F3088801F04AF9644A654973
:10299000136800200B401360634B644A1B6893422A
:1029A00000D1A6E001F044F80221614A13688B438C
:1029B0001360FFF76FFF5F4B5F4C1878C0B200F0F9
:1029C000CFFF0023A3600233A3605C4B0120236090
:1029D00001F016F80323A36001F042F9040001F0AE
:1029E0003FF8050001F03CF9554B186001F0A0F8E4
:1029F000544B1968621A531EA14200D21300802260
:102A0000D203934201D39B029B0A3268D16AC90761
:102A100000D471E04C491C0C09689BB24C435943EB
:102A20002402090A641803264849FC3293680A689C
:102A300047489B1A474A0768126847499B18474A04
:102A40009A1833409208DB190A600360042B03D9FB
:102A5000013233400A6003600E684149A619300014
:102A600000F0F6FF3F4F3E493B68C3183B60300023
:102A7000019301F005F83C4E306808183849306081
:102A8000884205D9019B01333B6000F0F9FF3160BA
:102A900001F066F8354B1B78002B0DD000F0E0FFFD
:102AA000334B621B196812188A4232D24919091B2A
:102AB000091A304800F05CFF2F4E337A002B0ED0FD
:102AC00000F0CEFF621BF1681218914224D9491917
:102AD000091B091A294800F04BFF00233372284BC9
:102AE00083F3088801F014F9002000F0A1FF00F042
:102AF00097FF00F09DFF5CE7DC0199000234641A47
:102B00005900641A09214B438033CB40A408E418D0
:102B100089E7FA218900CCE71A49DBE78862FF1FC1
:102B20001CF00040FFFFC1FF0C0AFF1FB64121034C
:102B300010000040490AFF1F14100040C3090000A4
:102B4000100AFF1F340AFF1F380AFF1F200AFF1F49
:102B5000280AFF1F1C0AFF1F240AFF1FC4090000C8
:102B6000710200006008FF1F2C0AFF1F1C09FF1FD5
:102B7000E408FF1F00100040740BFF1F3C100040D2
:102B800000000020DC050000A022054B92009B58AD
:102B900010B5002B01D0984710BD01F011F8FBE7EC
:102BA0000000FF1FA122054B92009B5810B5002B7F
:102BB00001D0984710BD01F003F8FBE70000FF1FAC
:102BC000A222054B92009B5810B5002B01D09847CC
:102BD00010BD00F0F5FFFBE70000FF1FA322054B2F
:102BE00092009B5810B5002B01D0984710BD00F003
:102BF000E7FFFBE70000FF1FA422054B92009B5854
:102C000010B5002B01D0984710BD00F0D9FFFBE7AD
:102C10000000FF1F70B500F023FF4F4B186001F05C
:102C2000AFF80400C30702D401F022F870BD0022FF
:102C30004A4B1A604A4B18780138042829D800F00A
:102C400039FE0320181C2400200000F0A1FE0128FA
:102C5000ECD0444C2378042B6ED100F051FF0028B7
:102C6000E4D000F015FF582000F04AFE0223237044
:102C7000DCE7200001F05CF8E9E7200000F060FEEE
:102C8000E5E7200000F094FEE1E7200000F060FF9F
:102C9000DDE700F075FE0500012808D1324B1B78F6
:102CA000053B012B03D82000FFF76EFFD1E72D4B2A
:102CB0001B78022B01D0052B20D1022D28D12B4BC4
:102CC0009B7BAB431CD12000FFF76CFF264B187891
:102CD0000128BED16405BCD4244925224B7B034284
:102CE00005D1233A13405A42534126331A000B7D33
:102CF0009342AED9322000F0A3FEAAE7022D07D1FD
:102D0000194B1B78052B11D12000FFF759FFDDE788
:102D1000012D0BD1012B03D12000FFF75FFF98E7B6
:102D2000062B03D12000FFF767FF92E7200000F099
:102D300047FF022D8DD1C9E7032B04D10C4B987CA2
:102D400000F0DEFF72E7072B00D06FE7094B987B9E
:102D500000F0DEFE6AE7C0469C09FF1F9809FF1FCE
:102D60009009FF1F2309FF1F1C09FF1FA60BFF1F50
:102D7000BC0BFF1FD40BFF1FFA210A4B0A4A490064
:102D80001A640A4A5A500A4A04395A50094A083100
:102D90009A64094A5A50094A5C315A50084ADA661C
:102DA0007047C0460000FF1F4527FF1F4128FF1F37
:102DB000F527FF1F2523FF1FB526FF1FC51DFF1F7A
:102DC000991DFF1FF7B50B0CFF270122009300236D
:102DD0003C001E001D009446019089B262469A4054
:102DE0001000084018413618B6B2FF2F02D1012E4C
:102DF00000D19FB2009802401A41AD18ADB2FF2C2D
:102E000002D1012D00D19CB20133102BE6D1032059
:102E1000012E07D1012D04D1019B2401E4191C705E
:102E20000138FEBD102EFCD10238102DF9D0023031
:102E3000F7E700008023F7B59C46264B264F019309
:102E40002649274A274D284C284B02281AD160468C
:102E500038600868264E30408026360330430860CC
:102E600001990978002909D11660224A2A60224A6C
:102E70002260E02219689143A03A1BE08021C90238
:102E80001160F2E766463E600F68194E3E408027AB
:102E9000FF023E430E600199097800290DD11760A9
:102EA00001280ED1154A2A60154A2260E0221968CD
:102EB0009143C03A0A431A60F7BD8021890211602C
:102EC000EEE7E0210F4A02432A600F4A22601A68A7
:102ED0008A43F0E74B0AFF1FE0000340D80003409D
:102EE00090000340000003405000034040000340B6
:102EF000FFFFE3FF0280063D804508220180063D7A
:102F0000806608220080069880550822F8B51E4B7E
:102F100080261A68002014003440324232D11A68E8
:102F20001A4F32431A6001223B68063093433B60DC
:102F300000F066FD0122164D2B681E432E603B6893
:102F40000A2613433B608027BF00124B1B683B429D
:102F500011D1013EF6B2FF2E09D17E220E4B1C6824
:102F60002B68E40B1440934323432B6005E00820B7
:102F700000F046FDE9E7002EEFD180222B686008C3
:102F800093432B60F8BDC046C4F000405CF00040A5
:102F900018F0004068F0004060F0004010B500F00C
:102FA00007FE01215820034A00F032FDFFF7AEFF73
:102FB00010BDC046600AFF1F10B5782200210348EB
:102FC00000F006FD00F0ECFC002010BD7C65FF1F4A
:102FD00070B5040000F08CFC00230C200B4A0100AB
:102FE00059438D18515C00290DD0A14208D101230D
:102FF00000246B7000F074FD00F092FC200070BDA6
:1030000001330A2BEBD11224F6E7C0467C65FF1F83
:1030100070B5040000F06CFC002319001D000D4A7F
:103020001078002806D0A0420CD1557001310C3226
:103030000A29F5D1002B0AD100F0B2FC00F070FC97
:10304000002070BD5078461EB0411B18EEE700F01E
:1030500047FDF3E77C65FF1FF7B504000C20002354
:1030600084460E4D019267465F43E85D7E19A0429B
:1030700012D000280BD10A4B9C4662461B780833BD
:103080001370019B70707C557160B360FEBD01339D
:103090000A2BE8D10320F9E70720F7E77C65FF1F3B
:1030A0007865FF1F8020F8B5484BC0051B68C12418
:1030B0008360474BFF251A68012313434361454B47
:1030C000A4001A68444B40211A60444B1A68444BD0
:1030D0001A60444B1A59AA431A51C52292009E58AD
:1030E000AE433143802699509F583F49F6010F4027
:1030F0003E439E509E5880273602360A30439850F1
:1031000080201A5900020A4002431A5104341A5905
:10311000364E3F04324080263A431A511A59360639
:103120001202120A32431A5108341A5980260A40F0
:1031300002431A51C32292009F58B446AF4337430B
:103140009F509F58294E0F4007439F509F5837402C
:1031500080263604374380269F509F5836063F020C
:103160003F0A37439F50C0221F59AF433A431A5179
:103170001A591202120A1643C6221E5192009C5876
:10318000AC4365462C439C509C5800250C40204382
:103190009850C72080001A58154C1140C0221202C6
:1031A0000A431A50134B1B78DB08AB4201DC0020AA
:1031B000F8BD2378002B06D0A368002B00D09847D9
:1031C00001350C34EEE71220F2E7C0463840FF1F0D
:1031D0003440FF1FB0F000407465FF1FB4F00040A2
:1031E0007065FF1F00E100E0FF00FFFFFFFF00FF31
:1031F0007C65FF1F7865FF1F030010B51F2809D8E5
:10320000072200201340072404490A78A2431343ED
:103210000B7010BD00230620F5E7C0467865FF1F40
:10322000054B06491B780A6805485B0702401B0BE3
:10323000134300200B6070477865FF1F1CF00040AF
:10324000FFFFC1FF70B50C25FFF7EAFF0A4B1C78A2
:103250000A4BE4086543ED18002C01D1200070BD35
:103260002B78002B06D06B68002B00D09847013CD0
:103270000C3DF1E71220F2E77865FF1F7065FF1F34
:103280001FB5002102220B0001910091052000F0E2
:1032900017FC02230B490A681A42FCD1202303932E
:1032A000039B5A1E0392002BFAD1074A1368002B86
:1032B000FCDA0B246C442000012100F051FD207841
:1032C00004B010BD90C8004000C8004013B5040011
:1032D0000A4B0193019B002B01D1112016BDFFF772
:1032E000CFFF23000340044205D0052000F088FBF7
:1032F000019B013BEDE71800F0E7C046FFFFFF0729
:1033000007B500F0F5FA80220821D205936A0191F1
:10331000002B01D10739916202210C4A11600199F9
:10332000481E01900029FAD1033111600531019145
:103330000199481E01900029FAD11160002B02D199
:103340008022D205936200F0EBFA07BD00C0004076
:10335000F0B52D4C89B02378002B4FD1FEF7D2FA6F
:1033600002232A4F03903A681A42FCD12023069385
:10337000069B5A1E0692002BFAD1254E3368002B6D
:10338000FCDA0120FFF7A2FF011E02D0112009B0D4
:10339000F0BD030003220190009005AD9F2000F0D6
:1033A0008FFB0321280000F0DBFC02233A681A425D
:1033B000FCD120230793079B5A1E0792002BFAD1BA
:1033C0003368002BFCDA0120FFF780FF0028DDD1F5
:1033D0000398FEF7ABFAAA786B7811041B020B4333
:1033E00029780B4363601300113B0A49052B07D86A
:1033F00001239340A3600B60012323700020C6E7E4
:1034000080231B03F6E7C0462040FF1F90C8004002
:1034100000C800409808FF1F1E4B30B55A68187846
:103420001D4B85B0D31859424B4101210093002315
:1034300000F076FB194B1A4A02259A6300221A659E
:1034400010325A658022C4219D65164B1648D2025F
:10345000DA6789004258154B80241A4080231B04E8
:1034600013434350642341200393E40500F02CF9F7
:10347000402000F029F96562039D6B1E0393002D27
:10348000FAD103236362FFF73BFFA562FFF760FFFA
:1034900005B030BD2C40FF1F95FFFEF700C800406F
:1034A000050001FF04E100E000E100E0FFFF00FF94
:1034B00010B5064B18705960FFF7AEFF00211320BE
:1034C000034AFFF7C9FD002010BDC0462C40FF1F76
:1034D0001934FF1FF0B587B0029103920400FEF784
:1034E00011FA019000F004FA802302250122234EF4
:1034F000DB0535605D629A6200F012FA204F3B688E
:103500002B42FCD120230493049B5A1E0492002BCF
:10351000FAD11C4D2B68002BFCDA0120FFF7D6FEF8
:10352000002802D0112007B0F0BD2000039A0299B4
:1035300000F0AEFB022304003A681A42FCD12023BB
:103540000593059B5A1E0592002BFAD12B68002B80
:10355000FCDA0120FFF7BAFE051EE3D100F0C8F93E
:1035600080230322DB0535605A629D6200F0D8F9A2
:103570000198FEF7DBF9E0B2D5E7C04600C0004095
:1035800090C8004000C80040F0B5802489B0060013
:10359000FEF7B8F9E405A36A02250393029000F050
:1035A000A7F90123304F3D606562A36200F0B8F9CE
:1035B0002E4C23682B42FCD120230593059B5A1ED9
:1035C0000592002BFAD12A4D2B68002BFCDA012042
:1035D000FFF77CFE002803D01124200009B0F0BDC5
:1035E000244B2360022322681A42FCD12023069335
:1035F000069B5A1E0692002BFAD12B68002BFCDA90
:103600000120FFF763FE021EE6D11B4B03211E6063
:10361000030001900090202000F052FA022322685B
:103620001A42FCD120230793079B5A1E0792002BB6
:10363000FAD12B68002BFCDA0320FFF747FE041EAB
:10364000CAD100F055F980230322DB053C605A62A1
:103650009C6200F065F9039B002B01D1FFF750FE3F
:103660000298FEF763F9B8E700C0004090C8004038
:1036700000C800400100000694C8004007B50002E1
:1036800001910422000A01A9FFF724FF0EBD0000EA
:1036900073B5050005240B4AA3005B429B1819680B
:1036A0006B46DE1D3000FFF78DFB022804D1337816
:1036B0002B55013CEFD276BD052CFCD00128FAD168
:1036C0000230F8E7140900111F2807D801238022CF
:1036D0008340D20591680B43936070473F2808D818
:1036E0000123802220388340D20551690B43536166
:1036F000F3E75F28F1D80123802240388340D205C8
:10370000116A0B431362E8E71F2807D801228021C2
:103710008240C9058B6893438B6070473F2808D867
:103720000122802120388240C9054B6993434B61B7
:10373000F3E75F28F1D80122802140388240C90593
:103740000B6A93430B62E8E71F2810D8802302001E
:10375000DB05153A1968012A06D820229143196021
:1037600019680A431A60704701228240F6E73F2831
:1037700011D880230200DB05353AD968032A06D820
:1037800010229143D960D9680A43DA60EBE701223D
:1037900020388240F5E75F28E5D842238022181AB6
:1037A000413B8340D205516A99435162516A0B43B0
:1037B0005362D8E710B50400012813D1A02218499C
:1037C00092050B685B015B0913430B60154B164AAE
:1037D00019681140154A0A431A60402219680A43C1
:1037E0001A6010BD0028FCD101000A2000F0C8F9C1
:1037F00021000B2000F0C4F9C0220A4B9200196886
:103800000A4340211A601A688A431A60B0220449A8
:1038100012060B685B015B0913430B60E1E7C046CE
:1038200014F000401CF000407F00FEFF80FD01000E
:1038300072B6074A1368013313600422054B1A60FD
:103840000023054A13608022D2055360FEE7C0467C
:103850007808FF1FC0F00040C4F0004005490B6825
:10386000002B05D1044A0A6004490A60044A136027
:103870007047C046140AFF1F841E0000380AFF1F4D
:10388000C4F000400023034A1360034A1360034A54
:103890001360704754F0004040F1004044F1004094
:1038A00002B4714649084900095649008E4402BCD9
:1038B0007047C04602B4714649084900095C490096
:1038C0008E4402BC7047C04603B4714649084000AC
:1038D0004900095E49008E4403BC704703B4714639
:1038E000490840004900095A49008E4403BC70470A
:1038F00001B40248844601BC604700BF75A90000BE
:1039000001B40248844601BC604700BF791201003F
:1039100001B40248844601BC604700BF75F800004E
:1039200001B40248844601BC604700BF9DA9000065
:1039300001B40248844601BC604700BF89370100DA
:1039400001B40248844601BC604700BF0534010051
:1039500001B40248844601BC604700BFE92700006B
:1039600001B40248844601BC604700BF89140100CD
:1039700001B40248844601BC604700BF2D6C0100C1
:1039800001B40248844601BC604700BFDD0C010061
:1039900001B40248844601BC604700BF0134010005
:1039A00001B40248844601BC604700BFADAE0000D0
:1039B00001B40248844601BC604700BFF5350100F0
:1039C00001B40248844601BC604700BFE94C0100D5
:1039D00001B40248844601BC604700BFB70E000036
:1039E00001B40248844601BC604700BF6D0B010072
:1039F00001B40248844601BC604700BF2144000076
:103A000001B40248844601BC604700BF0189000040
:103A100001B40248844601BC604700BF0167010051
:103A200001B40248844601BC604700BF85520100D2
:103A300001B40248844601BC604700BF016C01002C
:103A400001B40248844601BC604700BF61370100F1
:103A500001B40248844601BC604700BF090E000063
:103A600001B40248844601BC604700BFC95C010044
:103A700001B40248844601BC604700BF85C1000014
:103A800001B40248844601BC604700BF090E000033
:103A900001B40248844601BC604700BF6DF60000D7
:103AA00001B40248844601BC604700BFE9F600004B
:103AB00001B40248844601BC604700BFBD5C010000
:103AC00001B40248844601BC604700BF496D010053
:103AD00001B40248844601BC604700BFCD0C010020
:103AE00001B40248844601BC604700BF21A9000020
:103AF00001B40248844601BC604700BF597601000A
:103B000001B40248844601BC604700BF01D70000F1
:103B100001B40248844601BC604700BFC1F7000001
:103B200001B40248844601BC604700BFC56D010076
:103B300001B40248844601BC604700BFC166010071
:103B400001B40248844601BC604700BFE90B010094
:103B500001B40248844601BC604700BFF93501004A
:103B600001B40248844601BC604700BFD54401004F
:103B700001B40248844601BC604700BFB352010053
:103B800001B40248844601BC604700BF2D6A0111A0
:103B900001B40248844601BC604700BF8D1101009A
:103BA00001B40248844601BC604700BFCD4C01000F
:103BB00001B40248844601BC604700BFED680100C3
:103BC00001B40248844601BC604700BFE917010008
:103BD00001B40248844601BC604700BFE512010001
:103BE00001B40248844601BC604700BFED6B010090
:103BF00001B40248844601BC604700BF1986011128
:103C000001B40248844601BC604700BFEDA5000036
:103C100001B40248844601BC604700BF9D6A0000B1
:103C200001B40248844601BC604700BFC9A9000036
:103C300001B40248844601BC604700BF8B520100BA
:103C400001B40248844601BC604700BF85120100F0
:103C500001B40248844601BC604700BF8D82000069
:103C600001B40248844601BC604700BF156B0100E7
:103C700001B40248844601BC604700BFDD0A010070
:103C800001B40248844601BC604700BF894400007B
:103C900001B40248844601BC604700BF957301002F
:103CA00001B40248844601BC604700BFDD3F00000C
:103CB00001B40248844601BC604700BFC115010041
:103CC00001B40248844601BC604700BFF9ED000022
:103CD00001B40248844601BC604700BFF90D0100F1
:103CE00001B40248844601BC604700BFD1AE000069
:103CF00001B40248844601BC604700BF0D52010078
:103D000001B40248844601BC604700BF4DF9000081
:103D100001B40248844601BC604700BF79970000A7
:103D200001B40248844601BC604700BFD9B000001E
:103D300001B40248844601BC604700BF0934010059
:103D400001B40248844601BC604700BF19FA000074
:103D500001B40248844601BC604700BFC1A5000011
:103D600001B40248844601BC604700BF3D710100B8
:103D700001B40248844601BC604700BF53B900004B
:103D800001B40248844601BC604700BFBD0B01007E
:103D900001B40248844601BC604700BFE9D400007A
:103DA00001B40248844601BC604700BF71B0000006
:103DB00001B40248844601BC604700BFA9D8000096
:103DC00001B40248844601BC604700BF691101008C
:103DD00001B40248844601BC604700BF51B80000EE
:103DE00001B40248844601BC604700BF116E000068
:103DF00002000000D296011101000000509501114F
:103E000002000000CE96011101000000303EFF1FAD
:103E10000200000058950111010000001C60FF1F06
:103E200002000000CC96011103000000045EFF1F99
:103E30001200000002000000D296011101000000F3
:103E4000D095011102000000CE9601110100000082
:103E5000CD95011102000000DA9501110200000069
:103E6000285EFF1F02000000CE9601110100000035
:103E7000CC95011102000000D8950111010000004D
:103E80001C5EFF1F02000000CC9601110300000021
:103E9000145EFF1F02000000D29601110100000015
:103EA0003096011102000000CE96011101000000C1
:103EB000693FFF1F0200000042960111010000004F
:103EC0002696011102000000CE96011101000000AB
:103ED000683FFF1F02000000409601110100000032
:103EE0000060FF1F02000000CE96011101000000DB
:103EF000673FFF1F020000003E9601110100000015
:103F00001696011102000000CE960111010000007A
:103F1000663FFF1F020000003C96011101000000F7
:103F20001196011102000000CE960111010000005F
:103F3000653FFF1F020000003A96011101000000DA
:103F40000C96011102000000CE9601110100000044
:103F5000643FFF1F020000003896011101000000BD
:103F6000089601110202020202020000391A011130
:103F7000351A0111E791011190011D001800180078
:103F8000FFFF07010203040506020106000000000E
:103F90000000000000000000000000000000000021
:103FA000000000000000000003000B000500F0000E
:103FB0000000B4000028002800283075A000A000F0
:103FC000A000A00000080008E001F00010001000B0
:103FD00010001000100010005000500050001000A1
:103FE0001000D0070000000000000F0001000500D5
:103FF000307507001000010081FF00000000FF0085
:10400000213B011129390111B9360111FFFF0100CE
:10401000FF0000009566011111640111296301116F
:104020000000000000000000000008000400000084
:104030003B0001085902E00188212800FF00000030
:1040400002000000D296011101000000B897011192
:1040500002000000CE96011101000000BD40FF1FCC
:1040600002000000CA960111010000003466FF1F23
:1040700002000000CE96011101000000BC40FF1FAD
:1040800002000000C896011101000000BA40FF1FA5
:1040900002000000CE96011101000000B840FF1F91
:1040A00002000000C696011101000000B040FF1F91
:1040B000180018001D009001020000030202000019
:1040C00002000000D296011101000000CC970111FE
:1040D00002000000CE960111010000000041FF1F08
:1040E00002000000C4960111000000000000000062
:1040F00002000000CC960111030000005466FF1F6F
:0241000020FF9E
:040000051FFF184180
:00000001FF
