:020000041101E8
:10010000F7B5164B0192C318021D002000938823F7
:100110005B05D3181B685C1C1AD09CB2402C18D805
:100120008D781E0CAC466746CD782D023D43AE421D
:1001300006D1019800280ED110000C70240A4C70D2
:1001400003249BB20733A343D218009B9A42DED309
:10015000FEBD4432F9E71000FAE7C046FC0F00008C
:10016000802213B503000324019189B252010731A3
:100170009B18A14304305A1A88235B05C3181B68D7
:10018000591C03D190429241104016BD99B24029AA
:1001900007D80B000733A343C0189042ECD30020CC
:1001A000F3E74430F9E7134B134A1B68126810B5A4
:1001B000F424934201D81A00F024104BA4021B68C7
:1001C0009A4210D813000E4A12689A420ED3013395
:1001D00007D1F0239B029C4203D10A49054808F04D
:1001E00023FA200010BDF824A402ECE7FC24A402AA
:1001F000F7E7C04600C0031100D0031100E003116F
:1002000000F00311FFFFFF7FF0B59BB015000490D5
:100210000391402A00D9A0E006AB59801A80FFF76D
:10022000C2FF0400042816D9002206A9FFF768FFC0
:10023000052810D906AB1B88AB420CD1002D07D086
:10024000514B2A000499C01808F0C6F9002802D1C1
:1002500001201BB0F0BD06AB1D8020000699FFF702
:100260007FFF041E7BD1069B0793FFF79CFF802333
:100270005B01C61880230700DB029E4201D3F026F3
:10028000B60288235B05F31801931B68013302D083
:10029000019808F049F93D49019808F0C5F93B1D5E
:1002A0000293331D05938822029B52059B181B68FD
:1002B00008935A1C3CD044219AB20091402A04D899
:1002C0000320D11D814389B2009103991B0C8B42FD
:1002D00024D0402A22D80122300008A9FFF710FFBD
:1002E000021E1BD1380008A9FFF70AFF04000428EA
:1002F00031D9009A059B9B1880225201B218934273
:1003000040D288235B05C118009A09A808F044FA76
:100310001D4B009A09A9F01808F01EFA009A029BDA
:100320009446634402931A4B029AFB189A42BAD33A
:1003300088235B05FC1821680198013908F074F9DD
:10034000200008F0F1F8039A07AB5A8030000799B3
:10035000FFF706FF0400002C03D1002079E70428F2
:10036000FBD988235B05E018069908F05DF90323A3
:10037000EA1C9A4300D16BE7034B0499E01808F09C
:10038000EBF965E70424ECE704000011FFFFFF7FB1
:10039000F80F0000F7B505001400402A21D8002707
:1003A00001AE71803780FFF7FEFE042816D93A00AF
:1003B0003100FFF7A5FE042810D93688BC420BD0C7
:1003C000BD4209D0221CB44200D9321C064B92B265
:1003D000C118280008F0E0F930B2FEBDC04300B2F9
:1003E000FBE703204042F8E70400001137B5042280
:1003F00004000D0001A81649FFF7CCFF02000428F5
:100400000BD1019BA34208D3AB4204D0104901A8F1
:100410000195FFF7F9FE01203EBD0E4C2368200038
:10042000019308F081F8019920000139019108F049
:10043000FBF880235B01E418074B9C42EED10422B9
:10044000034901A80195FFF7DFFE0020E4E7C0465D
:100450005555000000C00311000004118022F8B5BA
:10046000964C974BD200002120001C6008F0ECF85D
:100470002300944A88331A60934B1A786A23002A1F
:1004800000D01133E3620A232365904B37221B7897
:100490000820A3638E4B2118E361102323628D4B48
:1004A0003B256361C823DB00A36123008C331A6002
:1004B0002823013AE26320646364CA67043A211D79
:1004C000CA672100BC310D602100C03108602100E5
:1004D000C4310B6021000635CC310D602100083D90
:1004E000C8310D602100D0310A602200D432106082
:1004F0002200D832136022000227E0322100176068
:100500004222DC310A6021001B3DE4310D602100F4
:10051000E83108602100EC310B6023000521F43341
:1005200019602300F0331A602300183290331A60E8
:1005300023009433186023001E3A98331A60AF23C7
:10054000DB002360644BFA262363644B644DE36055
:10055000644BF031A3642300FF31FC33B600A1608B
:1005600021611E60A5627325E5656D3D6565A56524
:1005700096255D4AAD00E264666258606766A566CE
:1005800000270925A767E566584F594D6067200089
:100590002567E2673A6015279C30676007001A20DC
:1005A00038602000A0300700212038602000A830EB
:1005B00007004C4838602000F830066026006427A9
:1005C000A436376026005F3FAC3637602600033F15
:1005D000B03637602600C637B436376026000027AD
:1005E000B836376038269E60424E96205E64424E92
:1005F0005A66DE61414E9A645E62F53EFF3E9E623F
:100600001E269A67354A8000DE661F675F67DD65D4
:100610001D661862DA67BE23394A5B00E250394B27
:10062000D838235004302250C4225200A350C6238D
:10063000E4205B00E1500433334AE1503349344B4A
:10064000D1603449800019503349E938FF381950D6
:1006500032490430195032493248D161324911636C
:10066000324951631900F4310860CE20304940000E
:1006700011603049195019002F48F83108602F498E
:10068000D16582212E4A89005A501A002D4908321C
:10069000D1671A002C49B432116088212B4A890095
:1006A0005A501A002A49883211602A4ADA6407F03F
:1006B0006BFE012007F040FFF8BDC0460004FF1F9D
:1006C0003062FF1F006DFF1FD440FF1F4A0AFF1F4B
:1006D0003A07000080C3C9019A020000DC0500004F
:1006E0006A18000050C3000088130000F009FF1FC3
:1006F000204E00006509FF1F68100000C4090000BB
:1007000040420F0010270000FC00FF1FC11BFF1F0D
:100710000000FF1F152CFF1F9D2FFF1F352EFF1FF1
:10072000811FFF1F7126FF1F9D1FFF1F4921FF1FF4
:100730000D1FFF1F9528FF1F7D29FF1FD918FF1FC1
:10074000A127FF1FC524FF1FD124FF1F0D1EFF1F60
:10075000C51EFF1F851DFF1F0223F0B50124634D39
:10076000634E2B70634B34701A68634B89B004205E
:100770005A7006F09BFB07F057FEFFF76FFE07F07D
:100780003BFF1F2200215D4B1E271A705C4B6F44FC
:100790001C705C4B19705C4B19689143163A0A4304
:1007A0001A60602219689143403A0A431A6007F0C0
:1007B000E3FF07F079FE554B9847C120FF21544BCA
:1007C00080001A588A431A50C522920098588843CC
:1007D000BF390143995098584E4908408021C901BA
:1007E0000143802099509958C0050902090A014324
:1007F000995080214848490107F05EFF03232200F9
:10080000464901940093464808F00EF816224549DF
:1008100002A807F0C1FF02AC61782078023405F02D
:1008200043FFA742F8D1404C404B226803201A40B6
:10083000A023DB0213432360802322689B0413431D
:10084000236022683A4B1A4080239B0313432360A2
:10085000384A394B934200D8012008F015F807F0C8
:100860008BFE80232268DB0413432360287808F082
:1008700003F83078C0B207F01FFE07F01DFD2F49C6
:10088000042007F031FF06F007F906F053FD00F0F1
:1008900013FE00F0BBFE2A482A4906F0F1FB2A4B62
:1008A0002A4819782A4B32781C782A4BC9B21E780C
:1008B000D2B22B780196009406F0E2FB082126487C
:1008C000264A06F0DDFB8023A12225489200234919
:1008D0005B0106F0D5FB234B2348196806F0D0FBDB
:1008E00000F022F9002009B0F0BDC0464A0AFF1FFF
:1008F000D440FF1F34F00040D85FFF1F480AFF1F9D
:10090000490AFF1F680AFF1FBCF00040E1A2000077
:1009100000E100E0FF00FFFFD840FF1F5C53FF1F16
:10092000D850FF1F5290011114F00040FF7FF8FFD4
:10093000FFFF9FFF0080FF1F006DFF1F3B000108AE
:10094000C8880111020101034B0AFF1FDE88011153
:10095000440AFF1F450AFF1F0C890111780A000095
:100960003C890111800AFF1F90890111704770476F
:1009700030B503A804880B20002C0ED14968074D20
:1009800008784978090201430A20A94205D10121CA
:1009900020001980024B1B7A137030BD192A000009
:1009A000C05FFF1FF7B5150008AA16884A680F4FE9
:1009B00014785278120222430A24BA4214D1012236
:1009C000DBB2019200962A0007F0D6FB041E0BD181
:1009D000074B1B68002B07D068782A780002104369
:1009E00042425041013098472000FEBD02290000DC
:1009F000DC5DFF1F30B5012503790400BFB02B4239
:100A000011D00A49408806F023FF28420BD0084B3A
:100A100001A95B8D4D800B80064B00221B7A6088FC
:100A20000B7103F0B9FB3FB030BDC046D45DFF1F72
:100A3000F03DFF1FC05FFF1F10B50549054806F0D8
:100A4000BDFE0421044A054806F07AFE10BDC046EA
:100A5000D45DFF1FFFFF000068900111F03DFF1FF4
:100A600010B5024804F076FA10BDC046F509011130
:100A700001230370054B1A7A42700C2282709A7916
:100A8000C270DB79037105207047C046C05FFF1F4D
:100A9000022310B50370013B43700533837010339C
:100AA0000371443B43712A3383714433C371002380
:100AB0000372064B04001B8843720A30FFF7D8FF0D
:100AC000831D0A30C0B2E37010BDC046C05FFF1F77
:100AD00010B5142007F080FE124B1422002118607C
:100AE00007F0B2FD002007F0FFFB012007F004FD36
:100AF000022007F011FC032003F074FC042005F031
:100B00000BFD052002F0A8FE062003F07FFB072066
:100B100001F010F9082006F0F3FD092000F096FE20
:100B200010BDC046E05DFF1F07F0BEFB012007F0CF
:100B30006BFD07F021FC002B01D000221A800A2057
:100B400070470000F0B56C4B85B01B68002B17D0C8
:100B50006A4C2021200000F0D9FB694D2B78002B36
:100B600010D19825674C6D0020212B00220063488E
:100B700000F0F3FB0100A84202D1200000F0A2FB2C
:100B800005B0F0BD6E796F78002E2CD0701E032159
:100B900007F0E2FB5C4B0131C9B21E78012940D15C
:100BA000A878FF21784307F037FEC3B20193E878B5
:100BB000FF21784307F030FEC3B202932879FF216A
:100BC000784307F029FE23000322C0B260331642A7
:100BD00004D10199A070217002996170033401362B
:100BE000A342F4D1BDE7A878FF21784307F014FEB3
:100BF000C3B20193E878FF21784307F00DFEC3B23A
:100C000002932879FF21784307F006FEC0B2019BCA
:100C100001362370029BA07063700334202EF6D13E
:100C20009FE702293DD10325002375430193EDB2CF
:100C3000542E20D8E8430023C0B202950393FF212D
:100C4000784307F0E9FD20700298FF21784307F010
:100C5000E3FD60700398FF21784307F0DDFD019B01
:100C6000083601331835A0700193F6B2EDB20334A3
:100C7000202BDDD175E7A92E09D86B1CDBB20393BD
:100C800002235B425B1BDBB200200293D7E7032306
:100C90005B425B1BDBB203930023A81CC0B2029330
:100CA000CDE7700073B2C0B2002B03DAFF239B1BA9
:100CB0005B00D8B2FF21784307F0AEFD0600A878AC
:100CC000FF21704307F0A8FDC7B2E878FF21704309
:100CD00007F0A2FDC3B201932879FF21704307F00A
:100CE0009BFD0023C0B2019A013327706270A0708F
:100CF0000334202BF7D134E7105EFF1F445FFF1F42
:100D0000A45FFF1F145EFF1FEE5DFF1FF0B585B0EF
:100D10001F000AAB15000E241B8800292CD0002AC6
:100D20002AD0033C002B27D10B78013C022B23D186
:100D30004B681A785B781B0213431C4A93421BD101
:100D40000334092F18D12B79EA78A9780397EC7925
:100D500017480294AC7901946C79009406F090F9EC
:100D6000144E3A002900300000F0F9F8041E06D0B5
:100D7000114806F085F98024200005B0F0BD3A0046
:100D800029000E4807F008FD3579737872793178BB
:100D90000395F5780A480295B5780195B5790095DF
:100DA00006F06EF9FFF7CEFEE6E7C046F3FF00005F
:100DB000A2890111A45FFF1FE2890111E45DFF1FF9
:100DC000FE89011110B50E4800F08AF900210720B4
:100DD00005F050FD0221072005F066FC00210320EC
:100DE00005F048FD0221032005F05EFC00210420EF
:100DF00005F040FD0221042005F056FC10BDC04660
:100E0000F05DFF1F7FB5072005F02EFC04000320D6
:100E100005F02AFC0500042005F026FC01214D40C8
:100E20004C40EBB241401F4DE2B21F4CC9B20091A1
:100E30002800210000F05CF9002812D025796378A1
:100E4000627921780395E57818480295A57801958F
:100E5000A579009506F014F90022154B1A70FFF7DA
:100E600071FE2378002B13D06379002B10D0FF2163
:100E70001220A3790E4ECB1A9BB2584307F0F4FA16
:100E8000357802300135EDB2C0B2854201D23570FD
:100E90007FBD0023074A3370137801331370FFF7C7
:100EA00051FEF5E7F05DFF1FA45FFF1F3C8A0111B3
:100EB000ED5DFF1FEE5DFF1F70B5154C200000F0CB
:100EC0003FF80023134A14481370144A2370137018
:100ED00000F06AF943424341114D12492B6000284A
:100EE00000D11149114806F0CBF82B68002B08D02F
:100EF00000232370FFF726FEFFF724FE0C4806F0C0
:100F0000BFF803210B4A0C4806F01AFC70BDC0461E
:100F1000A45FFF1FEE5DFF1F009F2400ED5DFF1F1C
:100F2000105EFF1F848A0111818A0111898A0111D3
:100F3000A88A0111AC900111343EFF1F7047704721
:100F400000280BD001230370FE338022437083708E
:100F5000C3700371002382714371C371704710B570
:100F60000123041E23D0002921D0DB18092A1ED119
:100F70000A7801337E2A1AD10A7AEF2A17D18B78A0
:100F8000072B09D8002B09D0981E052808D807F090
:100F900013FA101728374F54812B57D0042306E03B
:100FA0004A780323042A02D1CB7863700023180007
:100FB00010BD4A780323042AF9D1CB78A371F5E751
:100FC0004A78052AF3D10A79032A04D17F22CB7803
:100FD00013406371EAE704239A42E8D1033BE371CB
:100FE000F4E74B78042B34D10A79002ADFD1C87892
:100FF0004A798242DBD10133012AD8D82270D5E761
:10100000CA780423032AD2D14A78072ACFD1EF2005
:10101000CA79103A0242CAD10B79A3704B79E370B6
:101020008B792371CB79202BC0D11F3BE371BDE7B6
:101030004A780323042AB9D0B9E74A780523042A59
:10104000B5D1CA78012AB2D8E271AFE74B78062B46
:10105000ACD00323ABE7000002788A4204D001231E
:1010600001708370002070478378032B18D80133F8
:10107000DBB28370042BF5D143789342F2D04270F7
:10108000002A05D000238380C38003720120EAE791
:10109000037A8280C2800272584258414000E2E7DF
:1010A0004378002BDED083880C4A934201D0013371
:1010B0008380037A002B07D182883B2AD2D9012270
:1010C0000272C3800320CEE7C38801339BB20E2B8C
:1010D00001D8C380C6E70023F3E7C046FFFF000046
:1010E00010B5002803D02022002107F0ADFA10BD72
:1010F000F7B51E0008AB1B780C000500110001932A
:10110000002839D0201E37D02800FFF7A5FF0700A0
:10111000280031000A30FFF79FFF060028000199E0
:101120001430FFF799FF02000020012F04D123782B
:10113000380059424B412370022E1ED10721032053
:10114000AB7F01330B401749AB7758430B00C35CAF
:101150000918A37000234D788978E57021716371B7
:10116000E3710120022A12D1637901320133134065
:1011700063710023E3710120FEBD032EF2D1637879
:101180002021DF2B01D85B18D9B26170E9E7032A6F
:10119000F2D1A3791D32DF2B01D89B18DAB2A271EC
:1011A000E9E7C046C890011170B5041E66D08423DB
:1011B000354A5B0111680B4313604023334A1168C1
:1011C0000B4313608023DB051A6831490A401A601B
:1011D0008022196852010A432E491A600A682E4B70
:1011E0001A40B0235B0313430B6080232B4ADB03BD
:1011F00011680B4313602A4B984763000500834234
:101200003FD860082100401907F02EF9254A030055
:1012100090422FD91300DA0717D51A00032B00D2FA
:1012200003222149013A8B4200D90B00110061438E
:1012300001335C43481B8D4200D9681A611BA542EB
:1012400000D9291B884200D8130008240020174920
:10125000174AFF34087014802222164C25682A434E
:101260002260154A1360154B154A1860012313704C
:101270000B7070BD0228CED20223CCE70120404281
:10128000F7E70220FBE7C0460800004014000040DA
:10129000FFEFFFFF2C380040FFFFC0FF0C3800407D
:1012A000D1A50000FEFF0000FDFF00000870004017
:1012B000007000402C300040147000402C70004042
:1012C0001070004030B5002817D002230C4C411894
:1012D000884206D101232278100018401A42FAD120
:1012E00030BD22781A42F3D0064A1268072AEFD896
:1012F0000578054A01301560EAE701204042EFE732
:101300002870004020700040607000400B000028F2
:1013100005D00321594300234118884200D170476A
:101320000370437083700330F7E7F0B500220624A2
:10133000130080260427A446340014413D000442D3
:1013400000D06546DB0001322B43082AF4D11A0C89
:101350000A701A0A4A708B70F0BDF0B504001500CF
:10136000070085B0002819D0171E17D009224A435C
:10137000170010370192BB4222D303232E004B43A8
:10138000C3180293330009330393029B9C4208D194
:10139000019B10220021E81807F056F9380005B02B
:1013A000F0BD31006078FFF7C0FF2078F11CFFF737
:1013B000BCFFA078B11DFFF7B8FF0334039EE1E73F
:1013C0000027EBE770B5160004AA148805AA157863
:1013D0004A685078117800022A4A08438018052884
:1013E0004BD806F0E9FF03131E29343F0720092CD0
:1013F0000BD80A22121BAA4200D92A0022491A80BD
:101400003000091907F0C8F9002070BD0720112C21
:10141000FBD81222121BAA4200D92A001B491A80AB
:10142000EEE707200E2CF0D80F22121BAA4200D99B
:101430002A0017491A80E3E70720032CE5D8042285
:10144000121BAA4200D92A0012491A80D8E70720A5
:10145000032CDAD80422121BAA4200D92A000E4912
:101460001A80CDE70720022CCFD80322121BAA42F4
:1014700000D92A0009491A80C2E700220A201A80EE
:10148000C3E7C046DCD5FFFF0A910111AC5FFF1F27
:10149000FA900111F5900111F0900111EC900111F9
:1014A00010B50D21024A034806F04AF910BDC046A6
:1014B000E0900111643EFF1F10B5084CE368002B5B
:1014C00008D18022064B52021B689B186360054BB3
:1014D0001B68236006F0E0FEA06010BDE85FFF1F00
:1014E000C8F00040CCF0004070B5184A936A916A89
:1014F0009942FBD116498A689A421FD39A1A8B6087
:10150000144B0126186893B2D202D20E43434243D1
:1015100000204C681B0A1B1912029B180E4C0A680B
:101520004B60551CA3420CD8002801D04B600A60C8
:101530000A4A136008680A4B186070BD581E821A68
:10154000DDE7084A30009B182A00EAE700F0004077
:10155000E85FFF1F140AFF1F40420F00C8F0004061
:10156000CCF00040C0BDF0FF70B51F4C23793F2B7D
:1015700001D93F2323711D4B22791A701878C0B20C
:1015800006F0BAFE18231A491A4A0B801A4913802A
:101590000B805380A379194980200B800C21938004
:1015A00001334B43164D191C0001834200D9011C25
:1015B0002980D1806379002B01D101336371237AB3
:1015C000012B01D8022323726279237A0D485343F9
:1015D0000A21584307F020F90B4D2860E379052BC9
:1015E00001D81023E37170BDDC5FFF1F480AFF1FA5
:1015F0004E3FFF1F8040FF1F4C3FFF1F4A3FFF1F12
:10160000483FFF1F71020000CC5FFF1F064B70B503
:101610001900064A31CA31C102225A7100229A7158
:10162000FFF7A2FF70BDC046DC5FFF1F30910111C4
:101630007047000070B50400013806280DD806F088
:10164000BBFE041135551D0C57002A4805F018FD46
:10165000294B0221187806F0AFFF2100274805F03A
:101660000FFD70BD264805F00BFD234B08211878AF
:1016700007F01AF90022234B1A72EEE780220025A8
:10168000204B52001A81FA22DD721F4B1A4E5B7AF0
:10169000920008215A43307806F056FE290030782F
:1016A00006F0BAFE194805F0EBFCD6E7184805F03D
:1016B000E7FC114B0821187807F0F6F81548FFF7FA
:1016C000E7F9114B144A9B799380144A1380002246
:1016D0000C4BDA720132FF321A81114B1B78002B4E
:1016E000BBD0104A136006F0F7FEB6E70E48DAE703
:1016F0000E48D8E7CC8A0111F85FFF1F4A8B011111
:10170000DB8A0111CC5FFF1FDC5FFF1FEF8A011135
:10171000028B0111593FFF1F8040FF1F4A3FFF1FEF
:10172000D85FFF1F34F00040198B01113A8B011173
:101730000300F0B50A4D8E18B14202D15200801854
:10174000F0BD0C782F6824093C5D0F271C700C78C5
:1017500001313C402F683C5D5C700233ECE7C046D1
:10176000443FFF1F13220F4B10B51A7012230E4C6B
:101770000E492370093A093B0D48637007F00CF8D5
:101780002D2301220B490C482373FFF7D1FF0122BF
:101790000A49FFF7CDFF01220949FFF7C9FF0023DE
:1017A000037010BDF661FF1FD761FF1F0A91011181
:1017B000D961FF1F6709FF1FE461FF1F6609FF1F53
:1017C0006509FF1F10B5FFF7CDFF084C084B2078C7
:1017D00021000130C0B2187006F0B6FF2178054A2A
:1017E0000139C9B2002005F0C9FE10BDD761FF1F45
:1017F000F661FF1FD961FF1F10B5114B1A781870E1
:10180000002A0ED000280BD10E4B1A78062A07D8D2
:101810005423D340DB0703D50B4B187801F09AFE15
:1018200010BD0028FCD0074B1B78012B02D0033BD6
:10183000022BF5D8044B0121187806F0BDFEEFE726
:10184000FA61FF1F2162FF1F2262FF1FF0B5624B8A
:1018500087B01870614805F013FC614805F010FC72
:10186000604805F00DFC06F067FD03225E495F4805
:10187000FFF75EFF2D24030088211C700422490518
:101880000130FFF755FF302302220470437083704C
:10189000574C584B2000DA8757490432FEF77AFD3F
:1018A000062813D0200006F09FFD022809D003214E
:1018B000200006F0D1FF8D23E3706E3B23711933B6
:1018C0006371062220004C49FEF79EFC4B4B01251C
:1018D0001B68FC335C64FFF775FF0723484E494CD7
:1018E0003370053B23700433A370033BE370237113
:1018F0000F3363714449063344486570A37105F0A2
:10190000BFFB6423424F43487979594305F0B8FB44
:101910002178A37862780591A1793F480391617994
:10192000029121790191E1780091059905F0A8FBD8
:101930000020FFF761FF3278384E2300290030780D
:1019400001F0CAFD364A0021364B1278307801F09A
:10195000C3FD6422344B204C1D707B795343190026
:10196000244A0A3193811382D18151822078202127
:1019700006F0FAFC0120404205F04CFE01204042F6
:1019800005F0E8FEFFF78CFDFFF756F8274805F055
:1019900077FB01204042FFF78FFAFFF713FA80210F
:1019A0000A220901207806F0CFFC280006F00CFD81
:1019B000F02000F047FF2900207806F0FDFD207898
:1019C00001F044FF1A4806F01FFDFEF7CFFF19484B
:1019D00005F056FB07B0F0BDF85FFF1F598B0111F2
:1019E000878B0111A28B0111F43FFF1FAC5FFF1F1A
:1019F0006509FF1F803FFF1FADAC00003062FF1F75
:101A0000783FFF1F593FFF1FD961FF1FB88B01119E
:101A1000DC5FFF1FCB8B0111E88B01112262FF1FDE
:101A2000F661FF1FD761FF1FC861FF1F1B8C0111EB
:101A3000FA5FFF1F3B8C0111F8B520230E000D004B
:101A40001E40194261D0654B654C1B78002B42D07B
:101A5000FFF74AFD634B644E99686268737A8A1A8D
:101A6000DB039A423ED36160FEF780FF637A002B6E
:101A70002ED0013BDBB26372002B29D1E27A002A1F
:101A800011D0A27AE372002A02D0A372FEF76FFF90
:101A9000564A574F1388380001331380FEF7F8FF7A
:101AA000390006F029FE64227379524E534319001F
:101AB000514A0A319381D18113825182307801F0E9
:101AC00049FD04224D4B012130781A7006F074FD57
:101AD000237A013323724A48217A05F0D1FA202073
:101AE0006840F8BDA37A002BC0D00023A372FEF794
:101AF0003EFF3E4A3E4F1388380001331380FEF705
:101B0000C7FF390006F0F8FDB0E70BB2002B15DA7D
:101B10003C4B187806F000FE041E0CD00378912B85
:101B200006D143780E2B03D18188374805F0A8FAF7
:101B3000200006F0E9FC80200002D1E702242142C7
:101B400009D0324805F09CFA254B01201E72FFF7A0
:101B500053FE2000C4E70824214207D02C4805F09A
:101B60008FFAFFF7C1FCFEF701FFF2E7CB0615D5B0
:101B70001E4B28481A7AD98805F082FAFEF7F7FE3C
:101B8000164B1B78002B07D1FEF76AFF164B1B681C
:101B9000DB0701D5FFF7D3F91020A1E7012421428B
:101BA00008D01D4805F06CFA1C4800F087F806F0D4
:101BB0004BFCCEE780242401214202D0FFF722F91A
:101BC000C7E7042408002040214200D189E71448D7
:101BD00005F056FAFFF7B2F9BBE7C046FA61FF1FFE
:101BE000CC5FFF1FE85FFF1FDC5FFF1FC05FFF1FB1
:101BF000593FFF1F2262FF1F803FFF1F2162FF1F0F
:101C0000668C0111F85FFF1F6E8C0111978C01111A
:101C1000C68C0111D18C0111E58C01113C3FFF1FD5
:101C2000008D0111F0B51B4B1B4F1B883A88040037
:101C30001A4E1B4D85B09A420DD832889A420AD36B
:101C4000184B1A882B889A4205D1174A174B1288CD
:101C50001B889A421BD0052000F050FE3B8802AA48
:101C600013803388019053802B88114D93800F4B44
:101C700002A91B88D3800F4B2A78188802F096FBA4
:101C80000D4B08212878019A1C7006F0FDFA05B06A
:101C9000F0BDC046C661FF1F4E3FFF1F4C3FFF1FF8
:101CA0004A3FFF1FC461FF1FC261FF1F483FFF1F64
:101CB0002262FF1F503FFF1FC061FF1F13B50C4B77
:101CC0001C78002C11D1002801D00A4B18600A4A58
:101CD0000A4B11780A4A10780A4A01920A4A00927D
:101CE000002205F03BFB200016BD1124FBE7C04697
:101CF0002162FF1FBC61FF1F2062FF1F1062FF1FD8
:101D00002262FF1FFC61FF1F0062FF1F10B5064B20
:101D100012201B78052B06D1044B13221988044B83
:101D2000187800F0C7FF10BD2162FF1F503FFF1F52
:101D30002262FF1F10B500240122114B524218707D
:101D4000104B1C70104B1A8001F080FD04220F4BC9
:101D500021001A700E480C3206F0DEFB1022210022
:101D60000C4806F0D9FB07220B4B1C600B4B1C7078
:101D70000B4B1C700B4B1A700B4B1C7010BDC046EC
:101D80002262FF1F2162FF1F503FFF1F2062FF1FC3
:101D90001062FF1F0062FF1FFC61FF1FD661FF1F63
:101DA000D561FF1F523FFF1FD461FF1FF8B5174CCD
:101DB0000600257806A814240078052D23D1B41F29
:101DC000134FA5B21824BD421DD88D1FADB2BD4220
:101DD00019D8FA256D00AA4215D21D000D4F0A3DF3
:101DE000ADB2BD420FD80C4C26800C4C21800C4962
:101DF00000240A800B4A1380FFF714FF0A4B0421CA
:101E0000187806F051FD2000F8BDC0462162FF1F82
:101E1000790C0000750C00004E3FFF1F4C3FFF1F68
:101E20004A3FFF1F483FFF1F2262FF1FF0B50BB262
:101E30000D0089B0002B00DB84E1AC4E307806F059
:101E40006BFC041E2DD00378A22B00D133E1D02BE4
:101E50002CD0912B22D143780E2B1FD18388A44AFA
:101E6000934211D1A34A83681278052A16D1032020
:101E700018567F2812D0A04B1B68002B0ED05B6831
:101E8000002B0BD0984709E09C4A934206D1816809
:101E90009B488B784A78097805F0F2F8200006F024
:101EA00033FB80200002684009B0F0BD807807282D
:101EB000F4D806F0E9FB0800F3FF1C003C003C00EE
:101EC0007300A700D7006378002B0CD10121894B48
:101ED00019708C4B1A78002A54D08B4B307801F053
:101EE000FBFA00284ED00722824B1A704AE0617834
:101EF0000029F8D1E378002B0AD0844A844B127869
:101F0000307801F0E9FA60706378002BC6D0EAE718
:101F1000784B1B78022BC1D00121307806F0A4FB4E
:101F20000028F1D10121307806F046FBECE7637818
:101F3000002BD8D16F4F032807D13B78052B02D156
:101F400001333B701EE00223FBE7724B1A88724B91
:101F50000293002A0BD01B78002B03D0012130788C
:101F600006F092F93B78062B04D1013BE9E7029B8E
:101F70001A70F7E7042B43D10121029B30781970C6
:101F800006F01AFB5C4B1B68002B00D186E71B6830
:101F9000002B00D182E7574A107873E76378554FDA
:101FA000002B27D10622211D5C4806F0F5FB628933
:101FB0005B4B5C491A80A2895B4B1A80E3890B80DA
:101FC0000521397059490A80594A1380228A594B90
:101FD0001A80594B1B78012B09D11F2000F08EFC71
:101FE000FA22920042430421307806F04DF9002293
:101FF000494B7AE7312B00D075E70022464B1A7027
:1020000003239EE706220021444806F085FA0023B8
:10201000464A04211380464A30781380454A13808B
:1020200006F042FC0821307806F03EFCA379083B1C
:102030005A4253412F4A03331370324B1B78002B03
:1020400006D0354B30781A78002A06D001F082FA93
:102050000122334B52421A8094E70121197006F095
:10206000ABFAF5E70821307806F01EFC6378002B08
:1020700000D013E72D4B2F4F0293E388029A0421DF
:1020800013802B4B307803932389039A1380638941
:102090003B8006F0E9FA002800D0FFE6274B1B68DA
:1020A000002B00D1FAE6039902983A880988008843
:1020B0001B689847F2E64379132B00D0EEE60389BC
:1020C000012B0AD11E4B1B78022B06D10821307838
:1020D00006F0EAFBFFF71AFEE0E6052000F00EFC32
:1020E00008210200307806F0CFF8D7E62262FF1F01
:1020F000051400002162FF1FBC61FF1F22200000A9
:10210000228D0111783FFF1F593FFF1FF661FF1F0E
:10211000D761FF1FF861FF1FFA61FF1FC961FF1F31
:10212000503FFF1FD061FF1FD261FF1FC661FF1F1D
:10213000C461FF1FC261FF1FC861FF1FB861FF1F9D
:10214000C061FF1F8020C001014200D0ABE6CB0779
:1021500031D5324B1B78002B1DD0314E05AC337876
:10216000052B1AD1023B23702E4B21001B782372C2
:102170002D4B1B7863722D4B187801F051F9002814
:1021800009D007202A4B30701B68002B03D01B6836
:10219000002B00D09847012085E60E20254B062213
:1021A0001B7825492370254B1B78637002ABC01840
:1021B00006F0F2FAD8E7022308001840194209D0C5
:1021C000174B1B78052B03D11D4B188806F0ECFA32
:1021D000022068E60424214203D0FFF723FD2000FB
:1021E00061E6082308001840194200D15CE6154B4F
:1021F0001C78012C03D0022C0DD0082053E6124B82
:10220000124A134913481B881288098800880094D1
:10221000FFF7CCFDF1E7FFF779FDEEE7FA61FF1F6D
:102220002162FF1F523FFF1FD461FF1F2262FF1F69
:10223000BC61FF1FD661FF1F533FFF1FD561FF1F0A
:10224000503FFF1FC061FF1F483FFF1F4A3FFF1F56
:102250004C3FFF1F4E3FFF1F10B5034C0B000122E8
:10226000210000F06BFA10BD192401110B8870B524
:1022700006000D000224162B11D92B000322094958
:1022800000F05CFA041E0AD1074B2A881B88191C2F
:10229000934200D9111C300089B200F0EFFA2000FF
:1022A00070BDC046452401113662FF1F10B54A7843
:1022B0000400013A0B000220012A07D80A78002AFC
:1022C00004D005222000024900F038FA10BDC046B3
:1022D000732401110A7810B50B0004000220002AB3
:1022E00004D007222000024900F028FA10BDC046A1
:1022F0001F2501110A7810B50B0004000220002AE6
:1023000004D009222000024900F018FA10BDC0468E
:102310008525011110B5034C0B000B22210000F0A4
:102320000DFA10BDB525011110B5034C0B000D229F
:10233000210000F003FA10BD2726011110B5034C4F
:102340000B000F22210000F0F9F910BD81260111C8
:102350000A7810B50B0004000220002A04D01122D4
:102360002000024900F0EAF910BDC0469126011193
:10237000002310B51322190000F0E0F910BD000091
:1023800010B5034C0B001722210000F0D7F910BD47
:10239000E3260111002310B51922190000F0CEF92F
:1023A00010BD000010B5034C0B001B22210000F0F3
:1023B000C5F910BD1D270111F7B584890D00060070
:1023C0000121002C22D000238268D3561778002BDD
:1023D0001EDA0C2C1AD90C3CA4B2131940880093B5
:1023E000230002F012FF431E984101307B06DB0FF1
:1023F0006B703F23013C1F40A4B22870AF70AC80CB
:10240000002C07D0B3680133AB6000210800FEBD8B
:102410000020EBE7AC60F8E70B7803704B88437063
:102420004B881B0A83700B79C3700420704704200B
:10243000022B06D10020537811781B02009A0B431F
:10244000138070470B8803700B881B0A43700220AF
:1024500070470420009983420AD1537810781B02F8
:1024600003430B80D37890781B02034300204B80FA
:102470007047F8B50D004B7801240021461C03700D
:102480002B788B4201D82000F8BD6B78B01C4F1C14
:10249000012B10D1890069184B88022233704B88B8
:1024A000B9001B0A7370691806F0A6F904360434E3
:1024B000A4B2F9B2E4E7122359436B185A880431E5
:1024C00032705B8810221B0A7370691806F094F949
:1024D00012361234ECE770B5049D14001E00052B73
:1024E00001D8042070BD637812781B0213432B803F
:1024F000E378A2781B02134302226B802A71211D0C
:10250000681D063E06F078F9B2B22A81E92AE8D8B9
:102510002800A11D0A3006F06FF90020E2E7002331
:1025200010B50A789A4201D8900010BD9A008A1816
:102530005488013304705488DBB2240A44709488B0
:1025400084709288120AC2700430EAE710B5110054
:10255000029C062B04D004201022142B01D010BDA5
:10256000022222714B7808781B0203432380CB7828
:1025700088781B02034363800431601D06F03CF938
:102580000020ECE710B50C788B7804315C43E4B2A2
:1025900003702200013006F02FF9601C10BD0420EA
:1025A000022B06D10020537811781B02009A0B43AE
:1025B0001380704710B50C000A88023106F01CF930
:1025C000208810BD70B504000D0004981100012B87
:1025D00001D8042070BD167852781202324302806E
:1025E0000200F13255701470E125002C00D10C3539
:1025F000023B9AB24280AA42EBD80231043006F084
:10260000FBF80020E6E70420009983420AD15378C2
:1026100010781B0203430B80D37890781B0203438E
:1026200000204B80704710B50C000A88023106F07C
:10263000E3F8208810BD000070B501211E000420C1
:10264000049C0E400B4218D1CB40DDB28D4214D910
:102650000A49DBB2098899420FD32300EE331D707B
:102660003300580011184978165C090231430133D0
:102670002152D9B28D42F4D8002070BD7A3FFF1F9D
:1026800010B50C000A88023106F0B6F8208810BD9B
:1026900010B50C788B7804315C43E4B203702200EF
:1026A000013006F0A9F8601C10BD10B511000298A9
:1026B000032B01D8042010BD14785278043B120279
:1026C00022430280CA788C781202224342809AB256
:1026D0008280EB2AEED80431063006F08DF8002017
:1026E000E9E710B50C000B8803700B881B0A4370D8
:1026F0004B8883704B881B0AC3708A88043006316C
:1027000006F07AF8A088043080B210BD0420012BB6
:1027100003D100201378009A1370704710B50C0095
:102720000B8803700B881B0A43704A8802300431FF
:1027300006F062F86088023080B210BDF0B589B052
:1027400003931E4B029242000700D05A019102F0FF
:1027500050F81325061E2DD0029B01240370019B07
:10276000002B04D0001903999847001984B26B46D6
:102770001B7A5BB2002B0FDA1021380002F0A8FBA5
:102780001925002813D130003219E1B202F0F2FC11
:10279000051E0CD10C34A4B2042304AA380005A9E8
:1027A00093800696948101F0DFFD051E02D0300073
:1027B00006F002F8280009B0F0BDC0463462FF1FE1
:1027C00070B505000C0000280CD00020814209D013
:1027D00010222000044906F00FF801202B78237303
:1027E0006B78637370BDC0463C910111F0B5060073
:1027F0000D0017001C0085B002291BD000201029F5
:1028000007D1022B07D0102B03D115E00020102C8C
:1028100008D005B0F0BD69463800FFF7D1FF2A00A7
:1028200069460BE069463000FFF7CAFF220069469F
:10283000380004E0022BE9D12A003900300005F00D
:102840001BFEE6E7031CF02800D9F023032008490B
:102850009AB2013A0B80D317034006499B189B108C
:102860000B80D30F04499B185B100B807047C04648
:102870007E3FFF1F7C3FFF1F7A3FFF1F054B10B5B8
:102880001B888B4205D3044B4000C152034804F01F
:10289000F7FB10BD7E3FFF1F3462FF1F358D011116
:1028A000014B4000185A70473462FF1F1722014B3A
:1028B0001A8070473462FF1F70B505000E2005F0C6
:1028C00073FE041E13D0D0230370002306228370EE
:1028D00007494570033005F08FFF064B2100DA8A67
:1028E00062811B7E2373044B187805F01DFD70BDBB
:1028F0005062FF1F4062FF1FCE3FFF1F262803D8F4
:10290000024B4000C05A70470148FCE7803FFF1F60
:10291000FFFF000070B506000C00094D1C220021CD
:10292000280005F0F9FD074B1E70074B1C7005F0E1
:10293000D3FC0123002801D0002312202B7070BD8E
:102940004062FF1FCE3FFF1F6162FF1F70B5050091
:102950000D4C0800E260A16010220021656005F0C6
:102960005BFE012803D11021A06802F004FE1022B2
:102970000021280005F050FE012803D110216068D5
:1029800002F0F9FD70BDC0464062FF1F70B5041E25
:1029900005D1002903D006220D4805F02DFF0D4B6F
:1029A0001D78012D11D1002C05D102221A7005F0DD
:1029B000FBFC280070BD00221A70074B1B78FF2B10
:1029C000F7D02000FFF778FFF3E70025F1E7C046D6
:1029D0005062FF1F4062FF1FCE3FFF1F030010B574
:1029E000002801D1002010BD00780B4A002803D137
:1029F0005988D1821B7913761378022BF2D10023E8
:102A0000984200D103331370044B1B78FF2B01D085
:102A1000FFF752FF0120E6E74062FF1FCE3FFF1F96
:102A2000002911D000280CD04B79012803D1402275
:102A30005242134303E03F221340032802D00120F7
:102A40004B7170474022F4E70800FAE770B5094D72
:102A50000100287800280BD0074C0622200005F042
:102A6000CBFE21002878FFF7DBFF200005F0ACFD4E
:102A700070BDC0466062FF1F3A62FF1F00290AD086
:102A8000012808D13F224B799343C02B03D0403B10
:102A90005A425341981C704770B5174D06002B7869
:102AA000FF2B15D00A2005F07FFD041E10D0D02387
:102AB0000370C83B8370114B11491B784670C3707B
:102AC0000622043005F098FE2100287805F02CFC41
:102AD0000C4B1B78012B0DD10B4B1B68002B03D02B
:102AE0009B68002B00D09847084B04211878084AAF
:102AF00005F02AFC70BDC046CE3FFF1F6062FF1F7D
:102B00003A62FF1F5C62FF1F8862FF1F8C62FF1F1B
:102B100060EA0000014B98687047C0464062FF1FA2
:102B2000014BDB68186870474062FF1F074B10B508
:102B3000DA68136801331360054B1878FF2803D057
:102B40008021C90105F038FD10BDC0464062FF1F5D
:102B5000CE3FFF1FF7B50E0002F04EF9051E1CD048
:102B60000E4B06621F78002F00D10778AB7910203A
:102B7000019305F019FD041E0FD0D0230380C73B3D
:102B80008370019BE91DC3700622043005F034FEFA
:102B900021003800E66005F0C7FBF7BDCC3FFF1F02
:102BA000014B18787047C0466062FF1F054B002834
:102BB00005D1054B1A78054B002A00D1014B1800AE
:102BC0007047C0465062FF1F6062FF1F3A62FF1FDE
:102BD000014B58687047C0464062FF1F024B18689F
:102BE000431E9841C0B270476462FF1F421E03003B
:102BF0000120152A03D9FF3B5A425341D8B27047EE
:102C0000F0B51C0000230E0085B0039002920B70FB
:102C1000029A934201D3002019E0E55C5A1CD2B21B
:102C2000002DF8D0029851198142F4DC0233DFB252
:102C3000A35C18000193FFF7D9FF002807D0013DDE
:102C4000019A0399EBB233708A4202D1E01905B0C0
:102C5000F0BDDB19DBB2DBE710B50C0002F024F9A4
:102C600003001220002B03D02100588805F0ACFD92
:102C700010BD000070B50E4D84006359002B15D0B7
:102C8000186A002801D005F087FB2B59586A0028E4
:102C900001D005F081FB2B59986A002801D005F07E
:102CA0007BFB285905F078FB00232B5170BDC046F3
:102CB0007062FF1F1C4B70B504000E001500994296
:102CC0000AD11A4B1B68002B01D1122070BD1B6862
:102CD000002BFAD09847F9E7154B994215D1134BC1
:102CE0001B68002B0AD01B68002B07D098470028D0
:102CF00004D1104B1C70104B1D70E7E72900200019
:102D0000FFF7AAFF0028E1D1F3E7080002F074F80A
:102D10000028DAD003780320A342D7D1290030005D
:102D200005F052FDD2E7C046FEFF00006C62FF1FB7
:102D3000FFFF00006962FF1F6862FF1FF7B5040014
:102D4000808802F059F80025A84203D00578A088B1
:102D500002F08EF81C4E3378002B1FD0AB421DD1F1
:102D60001A4B28001978FFF777FF002818D00023A6
:102D70003370A3790820A778A688019305F014FC86
:102D8000011E0DD0D0230370CA3B8370019B477096
:102D900086808371280005F0C7FA01E0002DE8D194
:102DA000A0880B4B8200D358002B01D0FFF762FFA5
:102DB0001721A088FFF762FDA08801F057FDA088C9
:102DC00001F062FEF7BDC0466962FF1F6862FF1F27
:102DD0007062FF1FF0B587B01D000CAB1B880700A9
:102DE00001930DAB1B88142002930EAB1B881600B9
:102DF00003930FAB1B880091049310AB1B880593C2
:102E000005F0D2FB041E1AD0D0230370CB3B4770D1
:102E10008370C670062229000430002D11D005F001
:102E2000EBFC019B21006381029B0098A381039B23
:102E3000E381049B2382059BA37405F075FA07B018
:102E4000F0BD05F069FBECE7F7B5009308AB1B8814
:102E500007000C200D001600019305F0A5FB041ED1
:102E600013D0280001F0C8FF00280FD00078D0232D
:102E70002370C93BA370009B21002381019B6770D5
:102E8000A580E680638105F04FFAF7BD014B187805
:102E9000EDE7C046CE3FFF1F13B5040064890389E8
:102EA000C2888188C0780094FFF7CEFF13BD000070
:102EB00010B5044C2068002803D005F06DFA0023FB
:102EC000236010BD7462FF1FA122F0B581889200BB
:102ED0004A43384B384F1B6804009B189D229200D0
:102EE0009B18827989B01A603B68002B5FD01D78EF
:102EF000324B1B68002B04D05B68002B01D00020F4
:102F00009847260008363100E079FFF7B7FD237DAA
:102F1000E0710200E0780493638A29000393238A16
:102F20000293E3890193A38800933300FFF752FFD4
:102F3000E378002B0BD1E289A379A1880292019654
:102F4000E27928000092012201F060FFE0703B6806
:102F5000002B20D0FFF7ACFF194D287800281AD09D
:102F6000184B1978FFF778FE002814D02B78E678F4
:102F700008200793A78805F017FB011E09D0D0236E
:102F80000370CA3B4670837087808671079805F08E
:102F9000CBF900232B701721A088FFF76FFCA088C6
:102FA00001F064FCA08801F06FFD09B0F0BD064B94
:102FB0009DE7C0463409FF1F7462FF1F8862FF1F30
:102FC0006962FF1F6862FF1FCE3FFF1FF8B5070051
:102FD00008000E0001F010FF041E18D02620FFF795
:102FE0008DFC051E00D12578062005F0DDFA041EB3
:102FF0000DD00021062205F08FFAD0232370C23BAA
:1030000021006770A370A680E8B205F08DF9F8BDC5
:10301000F0B585B001930AAB1B78070002930BABA8
:103020001B7808000D000092039301F0E5FE061ED8
:1030300022D0102005F0B8FA041E1DD01022002165
:1030400005F06AFA2620FFF759FC002800D13078F5
:10305000D0232370C13BA370009B21002372019BEE
:1030600067706372029BA580A372039BC0B2E37278
:103070000C9BE36005F058F905B0F0BDF7B50D0005
:10308000019001F0B9FE071E20D00E2005F08CFA49
:10309000041E1BD02620FFF731FC061E00D13E780F
:1030A000D0232380C53B0622A370F91DE01C05F048
:1030B000A3FB019B2A0063810123DD401A401D40D0
:1030C000210022736573F0B205F02EF9F7BD000000
:1030D000F0B585B0029010000D0017000A9E039312
:1030E00001F08AFE041E31D0029B002B2ED1039BDF
:1030F00002795B0724D5122313430422002E08D142
:103100000B99002905D10C99002902D10D990029AC
:103110001AD01A430D9B2271002B00D0C9E0002E5B
:1031200000D1CFE0002D00D0CCE0606A002801D0B3
:1031300005F032F91C21300005F0E6FA606205E086
:1031400002239A430E33D7E793432371654BBA00AA
:10315000D458002C00D1AAE0002E10D0236A002BF6
:1031600003D11C2005F038FB20625E4BBA00D35817
:10317000186A002803D01C22310005F03DFB0C9B8F
:10318000002B12D0574CBB001D596B6A002B03D18A
:10319000162005F021FB6862BB00E358586A00283E
:1031A00003D016220C9905F027FB0D9B002B11D0A4
:1031B0004C4DBC006659B36A002B03D1142005F0B6
:1031C0000BFBB0622B59986A002803D014220D998A
:1031D00005F012FB380001F00FFE051E67D0414BD1
:1031E000BA00D358002B62D01A6A3420002A00D1CA
:1031F0001C389A6A002A01D0143080B20B9A002A37
:1032000001D01C3080B25B6A002B01D0163080B236
:1032100005F0CAF9041E4AD01822002105F07CF9F5
:103220002620FFF76BFB0190002801D12B7801933A
:10323000D0232370029B200063700A23294EA370C1
:10324000039BBD00A371AB59A780196A18300029F0
:1032500005D01C22A06005F0CFFA2000343073594D
:10326000996A002907D0030014221433E060029306
:1032700005F0C2FA02980B9B002B08D003001C2219
:103280001C330B992061029305F0B6FA029873592A
:10329000596A002903D01622606105F0ADFA6B4629
:1032A0002100187905F040F83800FFF7E3FC05B07D
:1032B000F0BD10220D9B0D991B69A018236205F02B
:1032C0009BFA2CE70B9B002B00D13FE7012D00D090
:1032D0003CE7606A002801D005F05EF81C210B98DD
:1032E0002AE7C0467062FF1F10B5044C2068002812
:1032F00003D005F051F80023236010BD6462FF1F66
:103300000B4B07B51A68002A01D100200EBD694693
:10331000531C012012780731FFF772FC0028F4D00B
:1033200002780123100018401A42EED0EEE7C046A2
:103330008062FF1FF0B51F4F01203B6887B0002B54
:1033400025D09B78059300F0DDFB002821D00A20D2
:10335000FFF7D4FA04000B20FFF7D0FA164B050054
:103360001E78731E9E413B68F6B2191DD878FFF790
:1033700057FB3B682900DA7A043303929A79019368
:103380000292009033002000059A05F095FA07B0EC
:10339000F0BDFFF7B5FF002805D00620FFF7AEFA15
:1033A00004000720D8E70820FFF7A8FA0400092046
:1033B000D2E7C0466462FF1F6062FF1F70B50A4E0D
:1033C000040033780D00FF2B0DD0042005F0ECF83D
:1033D000011E08D0D0230370CE3B45708370C470AB
:1033E000307804F0A1FF70BDDC3FFF1F70B5040012
:1033F00006200D0005F0D8F8011E0AD0D023037076
:10340000CD3B8370054B44701B688580187804F0B1
:103410008BFF002C01D0FFF767FF70BD6462FF1FB8
:10342000F8B5264F06003B680D001124002B05D18E
:103430000522234B1B78134202D112242000F8BD31
:10344000204A10241268002AF8D01278002AF5D0F9
:10345000DB0719D52B789A1E012A1AD80C2005F003
:10346000BBF9132438600028E8D000230A224370F7
:1034700029000670023005F0BFF9FFF75BFF041E5C
:103480000AD0FFF731FFD9E700F03CFB0028E1D17B
:10349000E4E7002BE2D0D0E70B4B1B78032BCDD118
:1034A0001D20FFF72BFA094B18800028C6D0084BC7
:1034B00004211878074A04F047FFBFE76462FF1F42
:1034C0006162FF1F8062FF1F6062FF1F5E62FF1F5D
:1034D0008C62FF1F60EA0000F7B50193194B1400DE
:1034E0001A78052306000F0012201A4221D0012964
:1034F00020D1154B1D68002D1BD002201F2C18D881
:10350000002C02D0019B002B13D0104B1F221E70E9
:103510006E1C0021300004F0FFFF019922003000F2
:1035200005F06AF9310020002C70002F06D004F05D
:10353000CBFEFEBD064B12201D68DCE705F004F94A
:10354000F7E7C0466162FF1F8062FF1FDC3FFF1F7D
:103550007C62FF1FF8B50F4E12243368002B17D082
:103560001B780F3C834213D100250B4F0221387882
:1035700005F09AF9094B042138781D8005F094F97B
:10358000074B28001D8033685C7004F035FF040091
:103590002000F8BD6462FF1F8C62FF1F7862FF1F6E
:1035A0005E62FF1F70B5012823D11B4C2388002BBE
:1035B00003D01A4A1578002D07D0194B1B68002B31
:1035C00002D01878FFF7C6FF70BD3B2B02D93C3BF9
:1035D0002380F9E7134E0221307805F065F9FA22CD
:1035E0002388920002215A43307804F04DFE258052
:1035F000EAE70B4B1B68002BE6D00B4B1B785B07F5
:10360000E2D5084B0221187805F04EF90022024B52
:103610001A80FFF769FED7E77862FF1F5C62FF1F21
:103620006462FF1F8C62FF1F6162FF1FF8B51E4DB1
:103630002868002803D004F0AFFE00232B601B4E47
:103640003068002803D004F0A7FE00233360184F31
:1036500005243B7818002040234221D0154800F073
:1036600055FA3B78234213D0202005F0B5F82860A6
:10367000002813D02022002104F04EFF202005F066
:10368000ABF8041E306005D02022002104F044FF76
:10369000002004E0286804F07FFE2C601320F8BDB1
:1036A00000F034FAF4E7C0468062FF1F7C62FF1F1F
:1036B0006162FF1FD03FFF1F10B50A4C23681A1E1E
:1036C0000ED0002808D10130587004F095FE002873
:1036D00005D02368002B02D00021FFF787FE0122CE
:1036E000100010BD6462FF1FF7B5274E0500336858
:1036F0000191181E21D05C78244F012C30D1FFF7A6
:10370000FFFD002825D02000FFF7F8F8040041282D
:1037100014D91F4B022118781E4A04F015FE1E4BC7
:103720003C3C1C80022233685A703B78002B14D139
:1037300028000199FFF75AFE0120FEBDFA229200EF
:103740004243002AEED0124B0221187804F09CFD6F
:10375000E8E7FFF7D3F80200F3E700233B70EBE75D
:103760003B78002BE8D1032004F01EFF011E08D097
:10377000D0230370CC3B457083703368187804F015
:10378000D3FDFFF7B1FDD7E76462FF1F5C62FF1F47
:103790008C62FF1F60EA00007862FF1F10B5204BAB
:1037A0008188994234D016D81E4B994207D81E4BB7
:1037B000994221D81D4B994219D0002010BD1C4BB5
:1037C0009942FAD1836899785A7809021878114396
:1037D000FFF78AFFF2E7174B99421DD0164B0020E6
:1037E000CB18052BEAD8154803F04AFC0EE0836895
:1037F0001878FFF761FFE1E7114A836888184242B1
:1038000050411B78C0B21900FFF7D8FD0120D5E761
:1038100083680C481978E7E783680B481978E3E771
:1038200051200000092000000720000006200000B1
:103830000A20000052200000ADDFFFFF448D01117F
:10384000F8DFFFFF718D01118A8D0111014B187096
:103850007047C046DD3FFF1F10B5064C207001F0D9
:10386000A7FA207804F060FF0521207800F06CFDB5
:1038700010BDC0468C62FF1F0BB273B50D00002B4C
:1038800000DBCBE08B4B187804F046FF041E0ED013
:103890000378912B0FD0A22B00D1A8E0864B18788B
:1038A000FF2852D0210004F03FFD00284DD1802098
:1038B0000002684076BD43780F2B76D013D8052BD5
:1038C00070D00E2BEAD180887C4B98422BD87C4B51
:1038D00098421BD87B4B9842E0D1A3681878591CBA
:1038E000FFF754F838E03E2BD8D18378032B79D0FA
:1038F0006CD8012B73D0022BD0D1734B1B68002BDB
:1039000023D05B68002B20D098471EE06F4BC01877
:103910000C28C3D804F028FE1DC2C2150BC20B0B25
:103920000B3223C23C006A4BC0180728B6D8694B3B
:103930001B68002B09D01B68002B06D0200098477D
:103940000AE0A3681878FFF7A7F8200004F0DCFD70
:10395000ADE7A068FFF742F800289FD0F5E7A3681D
:103960001B78002BF1D0584B1B68002BEDD01B6847
:10397000002BEAD0210058489847EDE7524B1B68CE
:10398000002BE2D01B68002BDFD021005348F3E767
:10399000534B1B68002BD8D05B68002BD5D021007F
:1039A0004648E9E7FFF7CAF9CFE780884D4B9842D0
:1039B00003D04D4B984200D070E7494B1B68002B59
:1039C000C3D05B68002BC0D02100D5E7152B0CD0ED
:1039D0004648162B00D061E703F052FBB5E7FFF72E
:1039E00073FAB2E7FFF758FAAFE74148F4E7414B03
:1039F0001B78042B07D100236A4613800179408885
:103A000000F0C8FCA1E7364B1B68002B9DD05B681B
:103A1000002B9AD001003848984796E701242142AC
:103A20000AD0294B1B68002B04D05B68002B01D007
:103A30000020984701203CE78B070AD5254B1B68DF
:103A4000002B04D05B68002B01D020009847022097
:103A50002FE70421280008400D4200D12AE7274E15
:103A60003388002B21D0013B9BB23380002B1AD12D
:103A7000FFF7B4F800280AD0214B1C70154B1B68C7
:103A8000002B04D05B68002B01D020009847FFF783
:103A90009FF8694601F086FD6846FEF7D7FF1D20B6
:103AA000FEF72CFF3080042003E7024B187804F067
:103AB000FBFEF8E78C62FF1FDD3FFF1F0E200000BA
:103AC00001200000091000008462FF1FFEDFFFFFDD
:103AD000AFDFFFFF8862FF1F0C2000000B200000FB
:103AE0006C62FF1F0D20000013200000E08D01110B
:103AF000A48D01116162FF1FFFFF00005E62FF1FC6
:103B00005C62FF1F10B501F0F7F910BD014B1860A2
:103B10007047C0468862FF1F0B880020162B01D813
:103B200017230420014A13807047C0463662FF1FE6
:103B300000207047074A03001188814207D091880E
:103B40000020994202D101308000101870470020F7
:103B5000FAE7C0469462FF1FF0B58F7806000D00AB
:103B6000C5B01E2F15D1FFF7E5FF051E03D10024B8
:103B7000200045B0F0BD00223B003100C07800922B
:103B800000F0B2FB0400A81C00F0D2FBFF23EB7096
:103B9000EEE7264B062403931B78FF2BE8D0182F63
:103BA000E6D87B08224A013BDB0002929A589446F1
:103BB000002ADDD0029AD3185B68002BD8D0087891
:103BC000002802D14B78012B02D10624122FCFD12D
:103BD00007AFAB88697800976446AA68A047041EBF
:103BE000C6D1AB78029A5B08013BDB00D3183900E1
:103BF00030005B689847041E0BD1AB78042BB6D01D
:103C0000039A310010782200009700F06DFB040049
:103C1000AEE76A78002AABD1AA7805A93B8808717B
:103C200030000A704B80FEF717FBA0E7E03FFF1F54
:103C30004C9101111D4B37B5050098420BD000295E
:103C40000AD1FFF777FF002805D11948FFF772FF67
:103C5000002800D0058037BD01291AD1FFF76AFF7F
:103C6000041EF8D001235B420380A378FF2BF2D01F
:103C7000FE2B07D00023E0781422009329001E3386
:103C800000F032FBA01C00F053FB01235B42638079
:103C9000E1E70229DFD1013901F01AF90028DAD170
:103CA0002800FFF747FF041EDFD1D4E7FEFF000026
:103CB000FFFF0000022210B5074B52421A8007484E
:103CC00001325A809A80DA8000F07EFA044801F0CE
:103CD00081F8002010BDC0469462FF1F593B0111BE
:103CE000353C01110388F7B50400002B02D10225F1
:103CF0002800FEBD42680221137825485268FEF76D
:103D000075FD00282ED0234F01253A88002AEFD0D8
:103D1000802321885B0201259B1A9942E8DC0C2054
:103D200004F05AFD061E31D03B8822889C460023B1
:103D30001800019561469DB2491989B2AA421BD863
:103D4000002801D062443A8000233000082208C0D5
:103D5000210004F051FD104A1368002B13D10025F7
:103D60001660C5E76268022113780C485268FEF7B6
:103D70003DFD0028C7D1BAE760681D0140194181A7
:103D800001330198D6E71A001B68E6E71325AFE771
:103D9000BA910111DE3FFF1F9062FF1FB891011120
:103DA000014B18707047C046E03FFF1F14230A0004
:103DB00010B51A40194204D00122102101F0A4F8D4
:103DC00010BD4B06F9D4012088434000F8E710B538
:103DD00014008B0604D50122102101F095F810BDC6
:103DE00008230A001A40194202D14BB2002B0FDA05
:103DF000102101F089F8002808D02300F2331B7845
:103E0000002BECD0F1342378012BE8D10020E6E739
:103E100003208907FAD4E2E7F0B51F00184B85B0FC
:103E20001C68019002910392002C27D1200005B05C
:103E3000F0BDA5683301ED186B89019A934211D347
:103E4000029A93420ED8002F04D10A9B002B10D166
:103E50002C00EBE73B002978039A6868FEF7C6FC64
:103E60000028F2D10136B6B2A388B342E1D8246863
:103E7000DAE7A3680A9A5B891380E9E70026F3E78B
:103E80009062FF1F37B50C000A88498801239142D0
:103E900017D3002A15D0651D23792A0002210A486C
:103EA000FEF7A4FC102300280BD02379618820881A
:103EB00000242A000094FFF7AFFF0A23A04200D09D
:103EC000230018003EBDC046BA91011113B50A0087
:103ED00008884988012388420BD8002809D000248B
:103EE000137905320094FFF797FF0A23A04200D010
:103EF0002300180016BD13B50A000888498801235D
:103F000088420BD8002809D0002413790532009488
:103F1000FFF782FF0A23A04200D02300180016BD3D
:103F2000F0B58BB003904A8808880E0001238242C6
:103F300055D3002853D00023012704AC237000225E
:103F4000718813000092FFF767FF051E3ED02078AE
:103F5000002835D12B78022B18D167706A8983002D
:103F60000130E31880005A8069680222201804F0AA
:103F700043FC23780133DBB22370042B19D93B00B7
:103F80006889013080B2002BD9D01FE00223637012
:103F9000122358436A89231804305A806968102212
:103FA000201804F029FC23780133DBB22370002BA6
:103FB000E5D10C4A6B899B185A425341DBB2DFE7CB
:103FC0006378012BE4D12B78022BC7D022780A2307
:103FD000002A04D021000398FEF768F90023180096
:103FE0000BB0F0BD0100FFFF0F4BF0B504001868E7
:103FF000002816D083685D89A54207D88288AE184C
:10400000B44203DA12019A18934201D10068EFE733
:104010001E005F891036A74204D1002900D00D8010
:104020001800F0BD3300EFE79062FF1F70B5050088
:104030000C0008880021FFF7D7FF03000120002BA8
:1040400004D022002800197AFFF7C1FE70BDF7B531
:104050000C00002501902300EE331B78AB4201D801
:1040600000200AE06B00E65A00213000E718FFF755
:10407000BBFF002802D126800130FEBD017A0198E5
:10408000FFF794FE002802D03B882380F5E7013536
:10409000EDB2E0E710B5040008880021FFF7A4FFA7
:1040A00003000120002B03D02000197AFFF77EFEC9
:1040B00010BD0000054B1B68002B01D1180004E067
:1040C0009A6852898242F6D1988870479062FF1FA1
:1040D000F0B50E27002687B0039302ABFF183E8091
:1040E00005001F4B40891400984207D02B780130FF
:1040F00000976A6880B2FFF78FFE060002212B78D6
:1041000018486A68FEF772FB00280FD06C892000FF
:10411000FFF7D0FF002802D0013C0419A4B2039B92
:10412000002B00D01C80300007B0F0BD02212B789E
:104130000D486A68FEF75AFB0028E7D102212B7868
:104140000A486A68FEF752FB002807D0002EDED02E
:104150003B88A342DBD17489013CDFE76C89DEE751
:10416000FFFF0000BA910111B8910111B691011140
:1041700010B50C00FFF7DEFC03000220002B0AD074
:10418000002C00D023609B781720FE2B03D0013831
:10419000FF2B00D1002010BD73B50D0001A9040054
:1041A0001600FFF7E5FF172805D0002E04D12900DF
:1041B0002000FEF7F7F876BD01221021200000F064
:1041C000A3FE0028F3D0F6E7014B18607047C04605
:1041D000A062FF1F37B56B469D1D0100040002223F
:1041E000280004F0D9FA2B88B02B0ED12379122B9A
:1041F00009D12300FA331B78012B06D101216088F5
:1042000000F0E0F801E01B2BF8D037BD10B5054BEE
:104210000421187000F098F8FFF74CFDFEF746FBFC
:1042200010BDC046A462FF1F0020F0B50BB20F0006
:1042300087B0834234DA274B187804F06DFA051EF4
:104240002BD00378A02B25D103AE3100FEF7B4F8B4
:10425000041E0BD1B378DB0724D51F4B06341B6833
:10426000002B03D03100688898470400A868002814
:1042700001D004F0A1FA002C08D1184A039B134086
:10428000174A934206D0B3781B2B03D001216888CC
:1042900000F098F8280004F037F9802000027840F8
:1042A00007B0F0BD0F4B1B68002B10D031006888A1
:1042B0009847041EDAD07378002BD7D1B27801A9C1
:1042C0000A704B800C716888FDF7C6FFCEE70624A4
:1042D000F1E7C046A462FF1F9C62FF1F00FFFF00C2
:1042E00000011200A062FF1FF7B50190FC200D0035
:1042F00017001E0004F058F904001320002C12D0FF
:10430000B02320002370089BF4226770658026711B
:104310000830002B08D0190004F06EFA2100019833
:1043200004F002F80020FEBD089904F0F5F8F5E766
:1043300010B5041E06D00078FD2803D804F0B4F9A7
:10434000FF23237010BD00000A1F93B210B50400B4
:104350000220032B05D882400020024BD1529B182B
:104360009C7010BDC462FF1F0B8870B5043B040035
:104370000D000220032B0BD80121200000F0A8FD26
:1043800003001420002B03D02900200000F028FC9B
:1043900070BD000007B51300034A00920A00012116
:1043A00000F088FC0EBDC046D145011107B5019251
:1043B00003220092024B0A00122100F0A5FC0EBD60
:1043C0004F46011107B56B4601AA11800449D880F8
:1043D00008780633012802D1190003F0FDFF07BD5C
:1043E000A562FF1F0C4B10B518700023FF210B4A6C
:1043F0001380138193819380094A53801370517203
:1044000093819372D174D3821375517704F0A4F819
:1044100000F0FCF910BDC046D462FF1FC462FF1F4C
:10442000A662FF1FF0B58DB06B46002003910C22F1
:104430009B5E834200DBB0E05D4B187804F06CF9C2
:10444000051E00D1A4E00378902B00D09DE006AFBC
:1044500001004688380000F01FFA7968040000293E
:1044600000D19CE03B88052B6ED13B89032B1CD9E6
:1044700005AC200000F0A2F86288172A61D83989BB
:10448000131D994231D17968237804310291D907FB
:1044900038D5607800F08EF9071E06D0002303712E
:1044A0002378012B08D0132B23D0A868002800D133
:1044B00078E004F081F975E06288029909A800F0BB
:1044C000A6F80290380000F08BF909AA2378387A10
:1044D0000192002231000092029A00F012F9380095
:1044E00000F064F9029B002BDFD0300000F080F96F
:1044F000DBE70378032BD8D16288029909A800F082
:10450000D6F8DEE7122B13D1029909A800F0B5F80E
:10451000021EEAD127498B88002BC6D0887909A9C9
:104520002378019161780091310000F0EAF8BCE74E
:10453000002302AA93833000617809AAFFF72AFFBB
:10454000B3E71D4B0993F6E7042B02D09A1F012A0B
:10455000ABD8184A043B9B00995A0029A5D0D21821
:10456000907831003A0000F0AEF800289DD13B88E9
:10457000042B03D001213000FFF724FF012C04D1CC
:10458000A868002801D004F017F9280003F0BCFF48
:104590008020039B0002434018000DB0F0BD0128AD
:1045A00000D182E701213000FFF70CFFEDE7C046A4
:1045B000D462FF1FC462FF1F010017000B78037055
:1045C0004B784370CB788A781B0213434380704743
:1045D0000A88030002700A88120A42700A88012AB7
:1045E00006D14A8882704A88120AC2700420704735
:1045F00002208242FBD14A8804309A704A88120A0B
:10460000DA708A881A718A88120A5A71EFE710B52F
:104610000400012082420CD94B780A781B02134314
:104620002380834206D1CB788A781B0213436380B0
:10463000002010BD022BFBD1CB788A781B021343DC
:1046400063804B790A791B021343A380F0E70B8840
:1046500003700B881B0A43704B8883704B881B0ABE
:10466000C3708B8803718B881B0A4371CB8883715D
:10467000CB881B0AC3710820704703000120082A59
:1046800014D14A780878120202431A80CA788878CE
:10469000120202435A804A790879120202439A8030
:1046A000CA798879120202430020DA80704710B577
:1046B00004000120022A05D100204B780A781B0251
:1046C0001343238010BDF8B5060010200F0015001D
:1046D00003F06AFF04000120002C0ED0A0230C225E
:1046E000290023806780201D002D07D004F084F866
:1046F0002100300003F018FE0020F8BD03F00CFF8D
:10470000F6E7F7B51E00009008AB142017001D78DF
:10471000019103F049FF041E12D0A2230370019BF4
:1047200047704380099B057146710C220830002BAD
:1047300007D0190004F060F82100009803F0F4FDA0
:10474000F7BD099903F0E8FEF6E737B5041E0FD070
:104750004388002B0CD00025C1881323007A172230
:1047600001950095FFF7CDFFFF23658063722570EB
:1047700037BD000010B50C4904004A88002A09D052
:104780008B89002B05D00020CB8A0222834201D0E6
:1047900010BD012213000A20434300204032C854B8
:1047A000C81842800472F3E7A662FF1F002343800B
:1047B00003707047094B00211A0010B55C88002C6B
:1047C00006D01C79844203D10A234B43D01810BD74
:1047D00001310A330329F1D10020F8E7A662FF1F57
:1047E00010B50400407A03F05FFFFF23637210BD31
:1047F0007047043010B580B203F04EFE002803D09D
:104800000421494203F0C8FE10BD000070B5002528
:10481000124CA0682580A581A580A84202D003F093
:10482000CBFFA56000250E4C0E4B606D1D80230054
:1048300058331D70A84202D003F0BEFF6565002505
:104840006068002801D003F0B7FF013508340A2D55
:10485000F6D1054802F014FC70BDC0466C63FF1F22
:104860001063FF1F6063FF1F188E011170B5041ED7
:104870000CD1074D2880A881A880A868002802D004
:1048800003F09AFFAC60034802F0FAFB70BDC0462B
:104890006C63FF1F248E01110023F0B54E88436026
:1048A0000A7904000F0089B0022A00D08BE0C98881
:1048B00003291ED9BB685A78187812020243059260
:1048C000DA789D7812021543DA791B7A67481B0261
:1048D00013435BBA9AB20380059B04338B4227D102
:1048E000042D08D06B1F022B16D92900604802F056
:1048F000C7FB01201AE05F4B3101CB5A002B0BD0D4
:10490000F4215D48FF3102F0BBFB3000FFF7AEFF42
:104910005A4A1369013313610421059BB868238146
:104920002580494203F038FE6060002009B0F0BDE8
:10493000524C042D0CD06B1F022B18D983212B0055
:104940004D48890002F09CFBE3680133E360D0E747
:10495000484B3101CB5A002B09D04748484902F057
:104960008FFB3000FFF782FF236901332361414B46
:10497000360106930023069AB3529319059A9D8037
:10498000100007939A81FFF734FF079B051E98607C
:1049900015D00421B868494203F0FEFDFA880100F1
:1049A000043A280003F028FF069AFB88B25A043B19
:1049B0009B18069AB35223680133236099E7A369D1
:1049C0000133A36195E72B4B310105933301069326
:1049D000059B3001CB5A05990D18A968002B30D0E2
:1049E00000292ED0012A2CD1FA88059894466344D8
:1049F0009BB232011352A88998421AD362469B1A7D
:104A0000C818B96803F0F8FE059B0699AA89CB5A25
:104A1000934200D06DE70A0000212381AB882380F8
:104A2000AB686360059BD152144A536801335360ED
:104A30005FE7124A9368013393603000FFF716FF77
:104A400057E70A4A059F1288029333019C46674440
:104A5000BB8900919921094C019363690948890038
:104A600002F00EFB636901336361E6E7D662FF1F64
:104A7000308E01116C63FF1F498E0111DC62FF1F34
:104A800013020000608E011170B5051E18D10D4C87
:104A90000D4B1880230058331870606D002802D029
:104AA00003F08AFE6565250050356068002801D056
:104AB00003F082FE0834AC42F7D1044802F0E0FA79
:104AC00070BDC0461063FF1F6063FF1F878E01111A
:104AD000F0B51600A12285B09200019342433D4BF0
:104AE00005001B680C009B18D933FF331F78FDF7B6
:104AF000D7FE0430874204DD2800FDF7D1FE0430E4
:104B0000C7B2B74207D3320000212800019B03F04F
:104B100093FC05B0F0BD3900300003F0A5FC230084
:104B2000C5B250331D700393019B3900636530009B
:104B300003F012FCCBB20293002B02D0039B013591
:104B40001D700026230050331B78B34204D8606DDB
:104B5000002839D10020DCE7029A3800002A04D06E
:104B6000013B1000B34200D03800F50065192870F1
:104B700003F092FE019B686001001A78164802F06B
:104B80007FFA686800280ED02A78019903F034FE75
:104B9000019A2B780136D318104A0193D369F6B2E3
:104BA0000133D361CEE72300503318706065A5420E
:104BB00005D10A4A1320D36A0133D362A9E760689A
:104BC00003F0FAFD0834F2E703F0F6FD0023636515
:104BD000C0E7C0463409FF1F938E0111DC62FF1F3E
:104BE000F7B50C0006000421606803F0D5FC2389AA
:104BF0000500037023891B0A437023888370238870
:104C00001B0AC370278902240437FFB2F42F15D87A
:104C1000224B9E4214D10C2003F0C6FC1134011E1D
:104C20000CD0902303708E3B0371043B43801C4BDC
:104C30008560C780187803F077FB00242000FEBD54
:104C40005C217143174B591801930B0058331B78A3
:104C5000002B19D103003A003000FFF739FF041E82
:104C600005D0114B22001148D96A02F009FA5C23E1
:104C70007343019AD1180B0058331B78002BDDD1F8
:104C8000300003F081FCD9E7074A0948536A07243A
:104C90000133536202F0F4F9E9E7C046FEFF000079
:104CA000D462FF1F1063FF1FDC62FF1FA78E01117C
:104CB000C28E0111F0B587B0009017200F001600CA
:104CC0000193FFF796FD1325041E19D00C98031EBF
:104CD00002D00199201D9847030AE370052302AA18
:104CE000A0700430908127700098667003A99380AB
:104CF0000494FFF775FF051E02D0200003F05CFD51
:104D0000280007B0F0BD0000F0B587B01F000CAB65
:104D10001B780391059301210DAB06001C780492CA
:104D200000F0D6F81425002821D02000FFF722FD3E
:104D30000135041E1BD01149059B0A78037001320E
:104D4000D2B2131EC68001D101231A000B7022714A
:104D50003000049B03990097FFF7ACFF051E09D1B3
:104D6000230021000648074A093303F0BDFB280051
:104D700007B0F0BD002363802370F8E7D862FF1FFF
:104D80004B47011130750000F8B505000E00064CC8
:104D9000064F2368002B02D03100280098470434C6
:104DA000BC42F6D1F8BDC0467C63FF1F9063FF1F75
:104DB0000123064A5B425380002313715362044A65
:104DC000136053609360D360136170479063FF1F5B
:104DD0007C63FF1F0200002310B506499C000859A0
:104DE000002801D1625010BD0133052BF6D11320EC
:104DF000F9E7C0467C63FF1F034A5388181A4342F1
:104E000058414042104070479063FF1FF0B585B095
:104E100002930AAB1F780CAB1B88009008000E00B1
:104E200001920393FFF7E8FF05001120002D1BD12D
:104E30000E48FFF7E1FF04001520002C14D00622D5
:104E40000B99A771E01D03F0D7FC019B3000237183
:104E5000029B29006371009B66802370039B65623F
:104E6000E381FFF791FF280005B0F0BDFFFF0000D0
:104E700010B5FFF7C1FF04000220002C12D060889B
:104E80000121FFF781FF606A002801D003F084FA56
:104E900028220021200003F03FFB012300205B4279
:104EA0006380207110BD000030B5074A074C55885B
:104EB000010013780020A54204D05B1A59424B41EF
:104EC0005842104030BDC0469063FF1FFFFF0000F6
:104ED000084A10B501230C00904208D0FFF78CFF60
:104EE000031E04D0037923405A1E9341DBB21800FD
:104EF00010BDC046FEFF0000024B1879431E9841CA
:104F0000C0B270479063FF1F70B504000D0016001B
:104F1000FFF772FF002804D10D4B9C4200D01430E3
:104F200070BD416A03790520002907D012221A407A
:104F3000102A02D10520002EF2D10F20DB06EFD57A
:104F4000897E0C20A9428941494249420840E7E74D
:104F5000FEFF0000030010B5002800D110BD03487B
:104F6000034A41889142F9D09847F7E79063FF1FC1
:104F7000FFFF0000002330B5C45CCD5C6C40D4540E
:104F80000133102BF8D130BD0F23002210B5C45CC3
:104F900064002243CA54C25CD209013BF7D210BD5F
:104FA0000200010010B52032103103F045FB10BDA6
:104FB000F0B58BB00390102005931700049103F017
:104FC0000BFC0090102003F007FC009B13240190C1
:104FD000002B05D000280CD11324009803F0DCF935
:104FE000019B002B02D0180003F0D6F920000BB073
:104FF000F0BD102003F0F0FB0600102003F0ECFBE6
:1050000013240500002E00D1AEE0002819D0102294
:10501000002103F081FA32002900039803F00CFB11
:10502000041E0ED133787F2B51D830000099FFF742
:10503000ABFF009B1B787F2B53D801990098FFF79B
:10504000A3FF300003F0A8F9002D02D0280003F0E0
:10505000A3F9002CC1D1102003F0BEFB06001020E4
:1050600003F0BAFB0290002E7CD0002878D03A00E2
:105070000F3223000125121105D00F333B4015B22A
:105080005A4253411BB26A1E1201002B33D0049BBB
:10509000D2B298180099029AFFF76CFF013D1022D6
:1050A0000021300003F038FAADB2049F2D017D19C4
:1050B000AF4242D0002C33D0300003F06DF9029B98
:1050C000002B00D189E7180003F066F985E7290075
:1050D0003000FFF759FF28002549009AFFF74AFFE3
:1050E000A7E729000098FFF74FFF28002049019A01
:1050F000FFF740FFA5E70F210F4004998A18D9B2A6
:105100008F4208D9D15C06A819540133102BF6D16F
:10511000029A0199C0E7791A48424141C901F2E770
:105120003900300006AAFFF725FF3200039806A9D0
:1051300003F082FA10370400BAE7002CBCD130002B
:10514000029906AAFFF716FF320006A9039803F09A
:1051500073FA082204003100059803F04DFBABE719
:105160001324A9E71324AAE7002800D06EE733E749
:10517000D0910111F0B58BB00F0016000225009000
:1051800000283FD0002A3DD00B1DDBB2180002934F
:1051900003F022FB1135041E34D0FDF7C1FC0500DD
:1051A0003A000099201D03F01FFBEBB20393E3705C
:1051B0002B0CDBB22F0A00936370FFB22B0E23700F
:1051C000A7700193FDF7A6FC1022010006A803F0CA
:1051D0000BFB2100029A04AB06A8FFF7E9FE051EAF
:1051E0000DD1039B08223370009B04A9B370019B6F
:1051F0007770F370301D03F0F7FAFDF797FC20008D
:1052000003F0CAF828000BB0F0BDF0B58FB00D0068
:10521000149E039004920593002A03D102242000D7
:105220000FB0F0BD002EF9D00398FFF7E5FD142470
:10523000071EF4D07278337812021A43B3781B0435
:105240001343F27812061A43036A0192934201D380
:105250000133E3D1002D03D03B7901249B07DED538
:105260000822002106A803F057F9059B13240433F4
:10527000DBB21800029303F0AFFA051ECFD0059AF7
:105280000499043003F0B0FA04223100280003F03E
:10529000ABFA3900102210310AA803F0A5FA290050
:1052A000029A06AB0AA8FFF783FE041E0FD108225C
:1052B00006A908A803F098FA0822311D08A803F0EF
:1052C000DBF8012807D101990398FDF743FC28007A
:1052D00003F062F8A3E70124F9E7000070B51C4C65
:1052E00005002368181E10D0002D14D11A78002A4A
:1052F0000CD1981C083203F07FFA03F0EDF9013568
:10530000002808D123681D70012070BD0A331800E1
:10531000082203F071FA2368002BF5D0122003F065
:1053200043F9061E0DD0C123216803704570023178
:105330001022023003F060FA23683100587802F03E
:10534000F3FF206803F028F800232360DCE7C04661
:10535000B863FF1FF8B504002020FDF7CFFA154F02
:10536000A600F3590500002B1FD000280ED0D878D6
:10537000FF280CD0290003F08FF9002807D1F3593A
:105380000D49DB780D48220001F07AFEF8BD0C498A
:105390002A000C55BB59611803330A4803F0A4F8DE
:1053A000BB590549DB780848EDE72100074801F0C3
:1053B00067FEEBE7D463FF1FC0910111D48E01118A
:1053C000BC63FF1FF9650111FE8E0111278F0111CA
:1053D00070B50B4C85002B590100002B0BD0DA78EF
:1053E000084801F04DFE2B59D87803F05DF9FF22F3
:1053F0002B59DA7070BD044801F042FEFAE7C0464E
:10540000D463FF1F418F0111278F011170B5060072
:105410008CB00C00150000213022684603F07CF8A7
:1054200031001022684603F0DFF91D20210003221D
:10543000684403F0D9F96846FFF7B2FD2D21040056
:1054400003222800694403F0CFF920000CB070BD9E
:10545000F0B50700160097B001931CAB1D78302201
:105460001EAB00910AA800211C7803F055F8102209
:1054700039000AA803F0B8F91022002102A803F0AD
:105480004BF80722310002A803F0AEF9072202AB65
:105490009818631E9C41019903F0A6F902AB9C7316
:1054A0002B005A1E934102AAD3730021102206A892
:1054B00003F032F806221D9907A803F095F91A2087
:1054C00002ABC01806221F9903F08EF91022009932
:1054D0000EA803F089F9102202AB0EA908781C78F7
:1054E000013A6040D2B2087001330131002AF5D18F
:1054F0000AA8FFF755FD102212A904000EA803F018
:105500007BF9102206AB0EA908781D78013A684095
:10551000D2B2087001330131002AF5D10AA8FFF791
:105520003FFD044310222098E4B212A903F05CF975
:10553000200017B0F0BD70B50E0014008CB0010053
:10554000102268461D0003F04FF93100082204A81C
:1055500003F04AF92100082206A803F045F968463D
:10556000FFF71EFD04001022280008A903F03CF9F3
:1055700020000CB070BDF8B506000D0000243719EE
:10558000AC4200D3F8BD02F067FF030A3B70631C16
:10559000DBB201379D4203D90234F054E4B2EEE7A6
:1055A0001C00EDE773B506000C000225002819D099
:1055B000002917D0032101A8FFF7DDFF6B469A7978
:1055C0003F231A40013313436A463000937101A907
:1055D0002200FFF71BFF051E04D10322E01C01A9D6
:1055E00003F00AF9280076BD03785807DA08C00FDF
:1055F000D20080009B0710439B0F1843C0B2704736
:1056000007230B40C908C9000B4303707047000013
:1056100070B50400FFF7DCFE134DA4006359002BA6
:1056200021D0186A002801D002F0B6FE2B59986EDE
:10563000002801D002F0B0FE2B59D86E002801D00E
:1056400002F0AAFE2B59186F002801D002F0A4FE28
:105650002B59586F002801D002F09EFE285902F005
:105660009BFE00232B5170BDD463FF1F0E4B8000A7
:10567000C35870B50C00002B0FD09D68002D0CD0C6
:105680002B78201D0B706B784B70A97CFFF7B8FF4F
:105690002B7E23726B69E36070BD10220021200015
:1056A00002F03AFFF8E7C046D463FF1F014B1860D1
:1056B0007047C046D063FF1F074A0300800082582E
:1056C00010B5002A06D0D088984203D1012901D113
:1056D000FFF79EFF10BDC046D463FF1FF0B5264EF6
:1056E00095B087000B93BB590500099112200A92CF
:1056F000002B31D0D888FFF77FFB04001420002C4A
:105700002AD0280010A9FFF7B1FFBB591E781D6AE7
:10571000002E23D00895FDF743FA07000020FDF77F
:1057200045FA0790A379E61D069310AD0CA90898D9
:1057300000F0E2FA0EA9280000F0D7FA0B9B0A99B4
:105740000493069B09980293079B03960193009785
:105750000EAB0CAAFFF77CFE15B0F0BDFDF720FAEA
:1057600006903000FDF722FAE31DA779079310ABEE
:1057700006000893DAE7C046D463FF1F30B50C4C2F
:1057800085002A59030085B00120002A0ED0180098
:105790006946FFF76BFF2B591A78D888054B002A0A
:1057A00000D1054B6A46072100F0D9FB05B030BD9A
:1057B000D463FF1FEB5C0111F95C011130B5094C9A
:1057C0008500295985B010226846253103F014F868
:1057D0002A591121044BD0886A4600F0C0FB05B05D
:1057E00030BDC046D463FF1F955D011130B5094C33
:1057F0008500295985B010226846353102F0FCFF3A
:105800002A591121044BD0886A4600F0A8FB05B044
:1058100030BDC046D463FF1FD35D0111F7B54D4FB6
:1058200086001020F4590D0002F0D6FFF3592062D3
:10583000186A132200286CD0033A29009C6802F0F1
:10584000DBFFF3591A780192002A58D11E6A227D93
:10585000317B944651400122019F114201D167469C
:105860001740217D914339432175377B4F40BC461A
:1058700060460027800701D44F081740012102200D
:105880008F40227D82433A432275377B5740BC4686
:1058900060460027400701D497080F400420227D6E
:1058A000BF0082433A432275627D002794466046DA
:1058B000727B42400A4201D167460F400121627D5E
:1058C0008A433A436275777B5740BC46604600275F
:1058D000800701D457080F400220627D7F00824379
:1058E00017436775767B00227E40760701D4BA089D
:1058F0000A400426617D9200B1430A4362756A78CA
:10590000002A08D06278002A05D005220533DA770C
:1059100000221000FEBD04222979114205D1A17C8C
:10592000114202D10533033AF1E7019A21782C782C
:10593000002A02D10A002100140018220429E8D804
:10594000042CE6D805206043034A05331218525C44
:10595000DDE7C046D463FF1FE091011110B50A00D6
:105960001121024B00F0FBFA10BDC0462F5E011161
:105970000B0030B587B001AD2B806B4604001100E1
:10598000981D082202F038FF2A000B212000024B4C
:1059900000F0E5FA07B030BD575E011110B50A00FE
:1059A0001121024B00F0DBFA10BDC046AB5E0111C5
:1059B00013B50B0011006A4613706B4604000622F3
:1059C000581C02F019FF6A4608212000014B00F024
:1059D000C6FA13BDCB5E011110B50A001121024BAE
:1059E00000F0BDFA10BDC0461B5F01117FB5050078
:1059F0000B4BAA00D4580800002C0FD0666F237FF1
:105A0000E28821780396266F0296E66E0196A46ED0
:105A10000094FDF75DFB2800FFF7FAFD7FBDC0464F
:105A2000D463FF1F10B51721FFF7E0FF10BD000082
:105A300070B50A000D00064B0221040000F08FFA39
:105A4000060029782000FFF7D1FF300070BDC04666
:105A5000FB5D011170B586B000236A461370836840
:105A600004001D78681E0A2859D801A902F0A4FC78
:105A7000060633373B3F43474B4F5300180000F0B7
:105A800042F9062312284BD000281BD16088FFF76B
:105A9000B3F90823002813D04279002A47D1264BB6
:105AA0001A78072312070BD5244B1A680723002AFC
:105AB00006D01668002E03D0290001AAB0470300C3
:105AC0006A4613706B461B786088002B2AD1FFF75B
:105AD00041FC06B070BD180000F06CF9D4E7180066
:105AE00000F087F9D0E7180000F093F9CCE7180030
:105AF00000F0ADF9C8E7180000F0C3F9C4E71800DA
:105B000000F0F6F9C0E7180000F0F6F9BCE718005D
:105B100000F013FAB8E7180000F013FAB4E707230F
:105B20006A46137069466088FFF782FFD1E7052354
:105B3000012AC5D1024BB8E76162FF1FCC63FF1F8A
:105B4000D063FF1FF8B52C4F8600F35904000D00F9
:105B5000002B40D0DA8882423DD15A78062A33D1D0
:105B60001A78002A2ED0012099681A6A097D01420C
:105B700006D0157B054203D007225A700120F8BDDC
:105B80000220014204D0157B054201D00922F4E72E
:105B90000420014204D0127B024201D00B22ECE728
:105BA000164B1B68002BE9D05B68002BE6D0200069
:105BB0009847BB5900215B78122BDFD12000FFF7FB
:105BC00015FFDBE70E4BECE7112A04D1002900D0CA
:105BD00032252900F2E7002D08D12000FFF70CF94B
:105BE000002803D0102302791343037121002800F9
:105BF000FDF7ECF9C2E7C046D463FF1FCC63FF1F7B
:105C0000D063FF1F70B50E4E8500AB590400002B0A
:105C100013D01B78002B11D10A4B1B68002B04D02A
:105C20005B68002B01D02000984773595B78122BDA
:105C300003D100212000FFF7D9FE70BD024BECE735
:105C4000D463FF1FD063FF1FCC63FF1F094B80008D
:105C5000C3581020002B0CD01A6A002A09D09B6868
:105C6000002B06D0127A1B7E101C9A4200D9181CF9
:105C7000C0B27047D463FF1F70B503000D0014005D
:105C80000220002A30D000292ED013700B78081D76
:105C900053704B789370FFF7A7FCE070012002214E
:105CA0002B7A23716B7B034063716A7B0A40134339
:105CB000042263716E7B1640334363716E7BF6087A
:105CC000F600334363712B7B0340A371287B0140B3
:105CD00000200B43A371297B0A401343A3712A7B45
:105CE000D208D2001343A37170BD10B50A000100A1
:105CF0000120FFF7C1FF10BD10B50A00010002200E
:105D0000FFF7BAFF10BD70B506000C000220002E90
:105D100030D000292ED07378201D0B70B3784B70D3
:105D2000F178FFF76DFC01223579257271794B10FE
:105D30000800134093401040034388101040800037
:105D4000C9080343C9000B436373B1794B100800C2
:105D50001340934010400343881002409200C9084A
:105D60001343C9000B4321202373FCF7C7FD854271
:105D700001D2122070BD2220257AFCF7BFFD85429A
:105D8000F7D823781820042BF4D86378012BF1D8A6
:105D90000020EFE7030010B50220002909D0002BF6
:105DA00007D00322481C0A7019000D3202F024FDAE
:105DB000002010BD03000222080010B5002B06D001
:105DC000002904D00E32591C02F016FD00221000EA
:105DD00010BD030010B50220002909D0002B07D008
:105DE0000422481C0A7019000C3202F005FD002044
:105DF00010BD10B5FFF7DEFF10BD03000220002923
:105E000006D0002B04D0052200200A701B784B70AE
:105E1000704703000220002B08D0002906D05B78D1
:105E200000200B70013B082B00D91830704703008D
:105E300010B50220002909D0002B07D00622481CEB
:105E40000A7019000A3202F0D7FC002010BD10B50C
:105E5000FFF7B0FF10BD02000B00022010B50029B3
:105E60000ED0002A0CD007211970118859701188A2
:105E7000090A997011180822D81C02F0BDFC0020F4
:105E800010BD03000A00022010B5002B0CD0002921
:105E90000AD099785878090201431180901CD91CC6
:105EA000082202F0A9FC002010BD030010B502205A
:105EB000002909D0002B07D00822481C0A701900BD
:105EC000921802F099FC002010BD02000B00022085
:105ED00010B500290BD0002A09D0092119701178BA
:105EE00018185970511C062202F086FC002010BDC3
:105EF00010B5FFF75FFF10BD02000B00022010B5C8
:105F0000002A09D0002907D05178197011180622EB
:105F1000581C02F071FC002010BD030010B50220D7
:105F2000002909D0002B07D00A22481C0A7019004A
:105F3000063202F061FC002010BD10B5FFF73AFFF9
:105F400010BD02000B00022010B5002A06D0002967
:105F500004D018005178FFF753FB002010BDF0B5B6
:105F600085B017001E006A460623050008009181CF
:105F70009380FEF73EFC1324011E02900CD03800E3
:105F8000B047041E05D1280001A9FEF7EDF9041E53
:105F900002D0029802F010FC2800FFF7DBF9200085
:105FA00005B0F0BDF0B504008BB0019115000021E3
:105FB000102202A802F0B0FA334EA700B859002808
:105FC0003CD0C388A34239D10378002B36D1427824
:105FD000062A18D102000100553235310C3006ABCB
:105FE000FFF7A9FA002829D12000FFF72FFE0200B1
:105FF00006A902A802F000FC200002A902F03CFB66
:1060000001200BB0F0BD816E002917D00B8A112A38
:1060100028D19D420ED101981231093A02F02CFA92
:10602000012807D1BB5920009D6EFFF70FFE290004
:106030000200DEE732212000FFF7D8FC2000FEF747
:10604000DBFE061E1BD0416A002918D00B8AAB422A
:1060500015D108220198123102F00EFA01280ED152
:10606000716A0AE09D42E9D108220198123102F0DA
:1060700003FA0128E2D1BB59996E8A7EB9E7200064
:1060800002F0DAFBBCE7C046D463FF1FF0B56B4DEE
:1060900087007E5985B0337802900393002B00D09F
:1060A00087E0B368346A01937078062817D101221B
:1060B0001B7D134202D0217B114218D102221342D0
:1060C00002D0217B114251D10422134203D0237B01
:1060D000134200D08BE0019B5A7DEB5991E00738C9
:1060E0000428F8D802F068F9032E42678300B36EE3
:1060F000002B03D11C2002F06FFBB066EB599C6EA5
:10610000002C1CD010220021200002F005FA029879
:10611000FFF79CFD01002000FFF72DFA02F09CF92B
:106120002082200008211230FFF725FA0298FFF79D
:106130008DFDA076EB592100D888FFF70FFC0822CF
:10614000EB591CE0B36E002B05D01A00198AF088B9
:106150001232FFF70DFC0222019B197DEB5911420F
:106160003DD0207B10423AD0073208E0F488FCF79B
:106170002FFD01002000FFF711FC0A22EB595A7095
:10618000029B9C002A595378073B042B11D8D088D6
:10619000FEF732FE00284ED0C3895A08D21828498B
:1061A000029B0298CB542B5941180433254802F026
:1061B0009BF905B0F0BDFCF7F3FC0300012083421E
:1061C00001D100200393EB59DE88FCF7EFFC039923
:1061D00002003000FFF7ECFB019AEB59117D04221D
:1061E00011420CD0217B114209D00B22C7E7F6885F
:1061F000FCF790FC01003000FFF7EEFB6BE7019A23
:10620000527D01210A4204D0607B084201D00C2259
:10621000B5E702210A4204D0607B084201D00E2279
:10622000ADE704210A4204D0627B0A4201D0102269
:10623000A5E71222A3E7FA225200B0E7D463FF1FBA
:10624000D863FF1F0366011110B5064B1A780423AB
:10625000100018401A4200D00348FFF727FA002028
:1062600010BDC0466162FF1FE43FFF1F70B5040010
:10627000FFF7D4FA051E43D12000FFF77FFA234E23
:10628000A400A0598268937CDB0708D50321036A28
:106290001B790B40012B02D1017F0B430377431D78
:1062A000D97F8B1E022B0DD8022900D00121C08876
:1062B000FCF7E4FE042133591A7F59700A431A7718
:1062C000280070BD01290CD1022310224370002147
:1062D0000C3002F021F9305910213530FFF74BF91D
:1062E000EEE70529ECD10223D118437010220C30BF
:1062F00002F082FA04233259117F0B431377EAE745
:1063000008251828DCD1053DDAE7C046D463FF1F15
:10631000F0B58BB0059143887E4F9E00F45915006F
:106320000493002C15D1012902D000200BB0F0BD40
:10633000101D57781678FFF757F9EB683200029373
:106340002B7A0499019300903B002000FCF760FE3B
:10635000EBE7E388049A934201D00820E6E723782C
:10636000012B00D1D4E0059B581E092800D9CFE0AD
:1063700002F022F805CE0A29CC506C859AB2290089
:106380000498FFF773FFD1E7200029001022453061
:1063900002F032FAB9594B78042B02D1013B4B7011
:1063A000C3E70B000A00253335320C310498FFF7A0
:1063B00095F90498FFF702FA0522431E9841BB594C
:1063C000C0005A70B2E7200029001022553002F0B8
:1063D00013FA049B4F4C9D00295904980A0006AB00
:1063E00055320C31FFF77AF929591022453106A8A8
:1063F00002F042F8012808D10498FFF7F7F9059058
:10640000002804D106222B595A7005988EE70823DC
:106410000593FAE763780C2B7AD1E36E002B03D156
:106420001C2002F0D9F9E066BB59D86E00286FD065
:106430001022290002F0E0F9BB590498DC6EFFF746
:1064400005FC0D22A076BB595A706EE7E06E00285D
:106450005ED063780D2B5BD12B8808220382A91CA8
:10646000123002F0C9F9BB599A68517D02221142DB
:1064700026D0186A407B104222D00C32E4E76378C1
:106480000E2B45D1236F002B03D1162002F0A4F967
:106490002067BB59186F002803D01022290002F092
:1064A000ABF90F22BB59CFE763780F2B30D1206FA8
:1064B0000622691C103002F09FF9BB599A68517D81
:1064C0000422114203D0196A497B1142D5D100211F
:1064D0000498FFF78BFA28E7636F002B0DD0BB59A8
:1064E000586F0028F3D01022290002F085F901220C
:1064F000BB5952425B6F1A61E9E7142002F06CF954
:10650000BB5960675B6F002BE9D126E72978DFE78D
:1065100007200BE7D463FF1F10B5064C207002F074
:10652000A3F906212078FDF70FFF0348FEF752FC80
:1065300010BDC046E763FF1FB956011100200BB222
:1065400070B50D00834216DA264B187802F0E4F895
:10655000041E0DD00378922B0ED0A02B37D0224BE7
:106560001878FF283AD0210001F0DEFE002835D14E
:1065700080200002684070BD43780E2B0BD03E2B6C
:10658000EDD18378052B12D0082BE8D18179808852
:10659000FFF7D8FA08E0154B82889A42DFD183686A
:1065A0001878591CFEF79AFE002817D1D7E7104B30
:1065B0001B785B0712D50F4B1B68002B0ED09B6816
:1065C000002B0BD0C289811D80889847ECE7FFF72C
:1065D00041FAA068002801D002F0EEF8200001F096
:1065E00093FFC5E7E763FF1FDD3FFF1F1820000093
:1065F0006162FF1FD063FF1F10B50078FFF712FA2A
:1066000010BD10B50078FFF7FDFA10BD0C23434311
:10661000084A10B59B185A68002A03D0012901D1F5
:10662000904710BD9B68002BFBD00029F9D19847FB
:10663000F7E7C0460464FF1F01238340094A10B5F1
:10664000946B1C439463506B98435063D46B20004D
:106650009843012901D120001843D063116B0B43EB
:10666000136310BD00800040064B01215A68C240F0
:106670000A4204D01B68C3401800084070471B6DD5
:10668000F9E7C046008000400122064B8240002905
:1066900003D0D9680A43DA607047D9689143D9605A
:1066A000FAE7C0460038004030B5032444430F4B9E
:1066B000E25C1B199C785D7801232D1B0135AB40F2
:1066C000013BA340A140DB430C00122807D8084936
:1066D00092005218116819402143116030BD054ADB
:1066E00011680B4023431360F8E7C046279201115D
:1066F00008F0004014F00040C21F70B5D4B2062369
:10670000092C0BD80125084C9540002908D0002100
:10671000FFF7CAFF23682B4323600023180070BDD6
:106720002368AB43F8E7C04600380040214BF0B582
:106730001B185B78022B21D1032444431E4A1F4EB1
:10674000A35C12199478012215008540B76B013CB7
:10675000E4B23D43A240B563194C122815D89B0002
:1067600000290CD117495B1899680A439A600123E4
:10677000205C154A834011680B431360F0BD11493A
:106780005B18996891439960F1E70E4B00290DD190
:1067900059690A435A61225C1328E8D00123203A40
:1067A00093400A49086803430B60E7E7596991433E
:1067B0005961F0E7E863FF1F279201110080004054
:1067C0006C92011100F00040A0F00040A4F00040E5
:1067D000F8B500241B4E1C4D1C4B1B5D012B1FD11B
:1067E000194A9269E2401A420BD00122B2569340F4
:1067F0002200143AD2B2022A09D815494A69134331
:106800004B61013402360C35172CE5D1F8BD00225E
:10681000B2560F499200521891680B439360F0E70B
:10682000022BEED1E7B23800FFF71EFF01235840DC
:10683000C1B23800FFF77AFF3800FFF715FF68771D
:10684000DFE7C046F9910111E863FF1FE963FF1F0D
:1068500000F00040012202388240054B002903D09D
:1068600059690A435A617047596991435961FAE776
:1068700000380040F8B50E0001210F008740114A92
:106880000400D368FD43BB43D360831E8B4201D811
:10689000FFF7E0FF00212000FFF72EFF0A4A0B4B15
:1068A0005168012E05D139431B1951605E700020DB
:1068B000F8BD2940516002221C1962709A69154086
:1068C0009D61F4E70038004000800040E863FF1F4E
:1068D000012210B58240074B002906D019680A43EF
:1068E0001A600121FFF7C6FF10BD196891431960B6
:1068F000F7E7C046008000400C2370B500254343F5
:106900000A4A29009B181D70094B04001B185D7072
:10691000FFF7B0FF0123A340064928000A681A4385
:106920000A6005490A689A430A6070BD0464FF1F43
:10693000E863FF1F348000403080004070B50400E1
:106940000E00FF2813D003250540FFF7D5FF084AA6
:10695000A3089B009B183F22ED00AA40AE40196897
:1069600020009143314319600121FFF78DFE70BD76
:1069700018380040F8B50C244443134B0500E418C4
:106980006368002B03D1A3681220002B1AD00222C7
:1069900001270E4B00215B195A7028002770FFF762
:1069A00069FF63681E1E08D0A3683E00002B04D058
:1069B0002800FFF759FE4640F6B228003100FFF7E5
:1069C0003BFE0020F8BDC0460464FF1FE863FF1FC4
:1069D000F7B5C420FF222B4B8000195800249143A7
:1069E0003F3A0A431A508022274F5202274E1A601C
:1069F000274B1D5D002D21D0A31E012B03D80121A3
:106A0000E0B2FFF727FF012D18D11F4B9B69E34030
:106A10002B4213D0E3B218000193FFF725FE0100CB
:106A20000198FFF755FFE3B2143B022B1DD801215B
:106A30007156184A8D405369AB4353613B7F002B1D
:106A40000DD0E5B22800FFF795FF2800FFF70CFEF8
:106A50007B7F0100834202D02800FFF7D7FD01347D
:106A60000C370236172CC3D1F7BD01210023715614
:106A7000F3568D40074A9B009B189A68AA439A6078
:106A8000DCE7C04600E100E0E863FF1FF991011177
:106A9000E963FF1F00F0004070B5134D07202C780C
:106AA000002C1FD1982221005200280001F0CCFDBB
:106AB0000123C420FF222B700C4B80001C635C63FD
:106AC0000B4B1C605C600B4B195891433F3A0A43D7
:106AD0001A50802252021A600D20074A074901F01D
:106AE000D3FC200070BDC046E863FF1F008000405B
:106AF000A0F0004000E100E0D1690111D16701116F
:106B0000F8B50600012826D00B220827164C0123D1
:106B10009340164A164DD3677301ED18287C002167
:106B2000FFF7B2FD0021687CFFF7AEFD0025802352
:106B3000380023732571257025732572656001F077
:106B400003FD380001F088FD0A4BAE4207D1EB226D
:106B500092009E50F8BD11221927074CD7E7F12269
:106B600092009D50F6E7C0460040004004E100E07E
:106B70009C65FF1F0000FF1F00900040F0B587B02C
:106B8000050001F031FD04902800FFF7B9FF012D49
:106B900000D17DE00523042708260393444C0633E7
:106BA0000193444B6A019B181A7CFF2A02D15B7C3B
:106BB000FF2B6BD0300001F0D7FD300001F0C4FC9A
:106BC0003C4B6A0102936B010593029B02219E18C4
:106BD000307CFFF769FD0221707CFFF765FD39000D
:106BE0000027307CFFF7AAFE707C0399FFF7A6FE12
:106BF00027737169049B18114B08C01801F034FC0D
:106C0000802327612373030ADBB22371F37EC0B2B2
:106C10002070BB4244D01B232373029B6A019B1844
:106C20001A7E0123002A3DD08722227263606268A7
:106C30007F3313436A0194466360029B63449B7EE7
:106C4000002B03D002236268134363601A4A002DAD
:106C50002AD1EB21194B89005350019B184A9B08FC
:106C60009B009B180322019CC0202240FF24D200DD
:106C7000944080001958A1438024944022000A4384
:106C80001A500123019A93400D4A136007B0F0BDDA
:106C9000092308270393DB1919260A4C019380E77F
:106CA0000323B9E72272C5E7F121074BD3E7C046BA
:106CB000004000409C65FF1F0000FF1F591AFF1F86
:106CC00000E100E000900040991AFF1F10B500207D
:106CD000FFF754FF10BD10B50120FFF74FFF10BDA7
:106CE000F0B587B005930CAB1D78174F6E01F35DBF
:106CF000029002AC112003910492002B1ED1637A02
:106D00000C380193002B19D119002022F01901F041
:106D10009BFC0E4BF31807CC07C39C4662462368C6
:106D200028001360FFF72AFF0123F355002D07D138
:106D300029000820064A01F0A7FB002007B0F0BD9B
:106D40001920044A0199F6E79C65FF1FAC65FF1FF7
:106D5000CD6C0111D76C0111F0B5504B87B0009389
:106D600043010193009B150042019E18B37E04006D
:106D70000F00002B59D00620002D1DD000291BD05C
:106D800033790338002B17D07289954214D8012B20
:106D900014D033895B1993420EDC01F0F5FC338982
:106DA000F0682A00C018390001F0F6FC3389EB18AE
:106DB000338101F0C1FC002007B0F0BD2A00F0686B
:106DC00001F0EAFC0023F38002333371F16835816E
:106DD0002B1C102D00D91023651E6A425541A0229C
:106DE0000220D2016D4215402D4A013BAD186A6860
:106DF0002C4E8243600184466A60009A9BB26244D2
:106E000006321088013B471C1780085C9BB2287033
:106E1000B342F6D10820002C00D0192001F0F4FC78
:106E200002236A6813436B60C5E7013C6242544128
:106E3000A02203930123D20164421440184A1A4845
:106E4000A418E26F110019401A420FD120221648EF
:106E5000002D12D1402214490595237D1342AAD159
:106E6000059B581C05908B42F7DD04E0039A511CEA
:106E700003918242E5DD0D209EE70491237D1342BC
:106E800005D03B78013DADB223700137E0E7049BAC
:106E90005E1C04968342F1DDEDE7C0469C65FF1F52
:106EA00000400040FFFF0000A0860100030010B575
:106EB0000620072B09D8054A137001F0C5FCD7211D
:106EC0000020034B034A89005A5010BD0C40FF1F9D
:106ED0000000FF1FD91AFF1F10B50A000100002093
:106EE000FFF73AFF10BD0000F0B599B01E9F1400E7
:106EF000614E019103937B0600D4604E10233A004B
:106F00001A40049201221F424BD09743DB1806AA75
:106F10005370002206AB02331A70BA0705D5002859
:106F200044DA2D2240421A70013C20233A001A40D4
:106F300005921F4203D0019B102B40D1023C002838
:106F400043D13022012507AB1A70039B2E009D42CE
:106F500000DA1E001123A41B1F4207D12700002FB7
:106F600041DCE343DB17621E1C40141B06AB981C7C
:106F70000378002B02D00121FFF7AEFF059B002B09
:106F800009D0019B082B37D106ABD81C3023012137
:106F90000370FFF7A1FF049B2700002B42D030278E
:106FA0004FE020231742B2D01033B0E77A0702D562
:106FB0002B221A70B8E73A07B7D52022F9E7019BD0
:106FC000083B5A425341E41AB9E70025019902905F
:106FD00001F0C2F9725C07A94A55019B029A01357A
:106FE0009342F3D9B1E706ABD81C202301210370EB
:106FF000013FFFF771FFB2E7019B102BCBD106AA2F
:107000002033D01C0121D370FFF766FF782306AA36
:107010000121D370D01CBCE7012106AB5818FFF743
:107020005BFF013F002FF7DCE343DB17621E1C40D0
:10703000141BB4E706ABD81C01210770FFF74CFF07
:10704000013EAE42F6DC013D04D22025002C0ADCD4
:1070500019B0F0BD06ABD81C07ABEB5C0121037087
:10706000FFF73AFFEFE706ABD81C01210570013CA2
:10707000FFF732FFEAE7C046958F0111708F0111CB
:107080000FB40021F0B589B00EAC40CC0391079449
:107090003378002B0AD1002903D0039889B2FFF777
:1070A0001BFF09B0F0BC08BC04B01847252B08D062
:1070B000039B002B01D100210396370001317E1C78
:1070C000E6E7002905D0039889B2FFF705FF002302
:1070D000039300227378771C2B2B2DD00DD8202BF7
:1070E0002CD0232B2CD02A2B33D120CCB71C002D15
:1070F00012DA1A3B6D421A430EE02D2B18D0302BBA
:1071000020D01800303800250A210928EBD83B7818
:1071100018003038092817D93B782E2B57D17B78A7
:10712000791C1800303809284CD800230A2717E0AA
:1071300010233E001A43CDE70423FAE70823F8E7BB
:107140002023F6E70123F4E74D43ED180137303DE6
:10715000DDE701256D42DFE77B431B180131303B42
:1071600008780600303E092EF6D9D8430F00C01724
:1071700003403978682903D0202081434C2900D16D
:1071800001373E78782E09D8622E26D80021412E6C
:1071900095D0582E00D1B8E0252E07D00B2004AB97
:1071A000C018252301210370FFF796FE39780029C6
:1071B00000D1B9E00B2004ABC01801700121FFF72A
:1071C0008BFE4BE02A2B05D108CCB91CCDE701235F
:1071D0005B42CEE70F000023CBE730006338152871
:1071E000DAD801F051FA16009D00D9FFD9FFD9FF76
:1071F000D9FF9D00D9FFD9FFD9FFD9FF3B00A300DC
:107200008600D9FFD9FF4700D9FF9F00D9FFD9FFDA
:107210009400D20615D42E0009E0202204ABDA72C5
:107220000B2304AA9B1801211800FFF755FE013E0D
:10723000002EF2DC01236A1E002D00DC1D005D1B08
:10724000551908CC04AAD3720B239B1801211800EE
:10725000FFF742FE2026013D002D01DC00212EE734
:1072600004ABDE720B2304AA9B1801211800FFF760
:1072700033FEF0E7210040C90491002E00D12C4ECE
:107280003400F3182178002901D09C421AD1A41BA4
:10729000D2060ED40595059B9C4215DBE10FEB173A
:1072A000A5424B410021DBB26A1E8B4200D0611B1C
:1072B00055183000A1B2FFF70FFE2026A5420FDCC3
:1072C000049CCBE70134DDE70B2004ABC01820237E
:1072D00001210370FFF700FE059B013B0593DAE7F0
:1072E0000B2004ABC01801210670013DFFF7F4FD2F
:1072F000E4E7691C02D1012109350A4300921021FB
:107300002A0001CCFFF7F0FDA8E740210A43102135
:107310002068261D00922A00FFF7E6FD34009DE755
:1073200002210A430A21F3E7013FC8E60821EFE7FB
:10733000BA8F011130B587B002AA1100064B31CBCC
:1073400031C11B680B60002102980091049A0399D7
:10735000FFF7C6FC07B030BD8492011170B506007E
:107360000C001D00042909D00C2904D0012905D0E6
:107370000224200070BD0948FFF782FE2100300082
:10738000FBF7C8FA041EF4D1059A04992800FBF70C
:10739000DDFAFCF74BF9FEF757FFEAE7C18F011161
:1073A00030B50D7802232C009C43184201D02B43AA
:1073B0001C0008252300AB43284201D02B002343A7
:1073C00020241D00A543204201D01C4325002A2370
:1073D0000D70184204D011781E3B0B43137030BD62
:1073E0000028FCD10C2113788B43F7E7F8B51D007A
:1073F00006AB1B88140007AA0E000B201778002B81
:1074000027D10A78022A49D14A68507811780002B7
:10741000244A08438018042840D800F0CDFF031206
:107420001D1B2300F06800F06FFF021CC0B2B842C1
:1074300000D93A1CD2B22000F1682A8001F0DCF9B0
:1074400006E00222F3681B882A8023701B0A6370FF
:107450000020F8BD0622EEE701232B80F3681B789D
:107460002370F5E7F368002B16D008222A801A88CB
:1074700022701A88120A62705A88A2705A88120AF8
:10748000E2709A8822719A88120A6271DA88A2716F
:10749000DB881B0AE371DBE72B80D9E701202B8017
:1074A000D7E7C04600D6FFFFF7B516000A781D00E3
:1074B00008AB1F880C000123022A18D14A685078B3
:1074C000117800022B4A0843801803280FD800F0D7
:1074D00073FF02254439E06800F016FFC0B20723AD
:1074E000B84204D37B190193152B02DD0D2318003C
:1074F000FEBDE0682A003100C01901F07DF96B463D
:1075000000209B88E268D0541B4B1B68834203D049
:107510001B68834200D098470023E8E70B23002F25
:10752000E5D1022DE2D1737832781B021343E26871
:107530001380114B1B68002BEED01B68002BEBD087
:107540000120E8E70B23002FD1D1062DCED12A0050
:107550003100E06801F050F9DEE70B23002FC6D1BF
:10756000012DC3D132787533012AC0D8E3681A706F
:10757000D2E7C04600D6FFFFF465FF1F70B50C00D0
:107580001500072837D800F017FF041436361B36CD
:10759000242E182015290BD8184E16220021300051
:1075A00000F0BAFF22002900300001F025F9002088
:1075B00070BD18200229FBD11288114B1A80F6E702
:1075C00018200829F4D10A000E48290001F0E4F837
:1075D000EDE718200129EBD10B4B10780B49DA6944
:1075E000FFF7DEFEE3E718200129E1D1064B107812
:1075F0000749DA6BF4E70220DAE7C046DC65FF1FD3
:107600008A40FF1F8040FF1F1040FF1F3840FF1FB0
:107610005840FF1F030010B50020DB0704D50721E9
:10762000024A034800F08CF810BDC0469492011144
:107630001040FF1F054A03001068002803D082880D
:107640009A4201D1806870470068F6E7EC67FF1F37
:107650000A88030008009A4204D08A8804309A42BB
:1076600000D0002070470000F8B5F22200230D4F33
:107670000D4E7968050042433370994200D07B601B
:107680000A4C0021200000F047FF00231A007C6014
:10769000AB4202D100203370F8BD01332280DBB24F
:1076A000F234F5E7E468FF1FE268FF1FF067FF1F91
:1076B00073B56B4601900600684615001980FCF70B
:1076C00011FB041E11D1002D0FD07689002E11D090
:1076D0000C2001F081F800280ED0084A04601368DD
:1076E00086808560002B02D11060200076BD1A00D4
:1076F0001B68F7E70224F8E71324F6E7EC67FF1F9F
:10770000012100220A4B10B549420A4C1980998088
:107710009A719A70084B2070012019805A60FFF707
:10772000A3FF2078FCF73CFB0448FDF753FB10BD9A
:10773000FC65FF1FEC68FF1FE468FF1FED77011178
:10774000022310B5002802D0FFF7B2FF0300180093
:1077500010BD0000030010B50020DB0704D5042194
:10776000024A0348FFF7A4FF10BDC046A8920111CA
:107770009040FF1FF0B50E2687B003930CAB1F8817
:1077800002ABF6180500080031000292FCF72CFC51
:1077900004000120002C0FD03088FFF74BFF0300BE
:1077A0000E20002B08D05E68002E05D02100280096
:1077B000039B029A0097B04707B0F0BD0A4B10B583
:1077C000984207D10122002352420A808B708A809E
:1077D0008B7110BDFFF73CFF0028FAD001235B42FC
:1077E000038000238370F4E7FFFF0000F8B5050075
:1077F00001290AD1134E00243388F227AB4219D055
:1078000028001149FFF7DAFF06E0022904D1013907
:10781000FDF75EFB0028EDD0F8BD3B0063437268C6
:10782000D018D35A002B09D03A00002100F074FE82
:107830000134E4B2054B1B78A342EED801235B422E
:107840003380DDE7E468FF1FFC65FF1FE268FF1F70
:1078500010B5FFF7FDFE03000020834200D09878AA
:1078600010BD0000F0B589B01C000EAB80CB0390BA
:107870001E8810AB1B78049202930B7A0D00DB0676
:1078800016D42B780593022B24D00498FFF7D2FE50
:10789000002812D003689C46002B0ED0029B2200C9
:1078A000019329003B00644603980096A04705E039
:1078B0000498FFF7BFFE002802D10E2009B0F0BDEA
:1078C0008368002BF9D00A222900039898470028E2
:1078D000D7D0F3E76B6858781A786B4B00021043E7
:1078E0009842D2D8043B984210D2684B984242D07A
:1078F00015D8674BC0180128C7D80B20002EDDD142
:10790000EB681A7859683A80200028E0614BC0186B
:10791000032800D979E000F04FFD846A789E5E4B21
:107920009842B2D10B20002EC8D101233B80EB68D6
:1079300031001B7823706889013080B2FCF754FB5A
:107940003A88031E0ED0017802328A183A804289A2
:1079500062704289120AA27059680278E01C00F035
:107960004BFF06E004323A8031000422601C00F034
:10797000D3FD0020A2E70B20002E9FD1EB6807A9C2
:107980001E8804233B80330A300026706370FCF7A6
:107990002BFB051E28D004AB9A890E2304A95B1883
:1079A0003E49C668FCF794FB00280BD12B783C4875
:1079B0006A680599FAF71AFF002803D1012304AA7F
:1079C0005B42D3813278022A06D17168201D00F013
:1079D00013FF3B8802333B800E2304AA9B181B88AD
:1079E000A3701B0AE370C4E704ABDE81F4E70B204D
:1079F000002E00D062E7E9680398FFF729FF022311
:107A00003B802070000A6070B3E70B20002E00D08E
:107A100054E70222EB681B883A8023701B0A6370CC
:107A2000A7E7E86800F070FCC2B203000720B2428A
:107A300000D243E70DD00299DBB27118994202DB04
:107A4000921BD3B20293029BE9681A003B8089190A
:107A50005AE70023F6E70B20002E00D02EE707227E
:107A6000EB683A801A7822705A7862705A88A2704D
:107A70005A88120AE2701A792271DA886271DB88F8
:107A80001B0AA37175E7C046042900000228000004
:107A900000D8FFFFFFD6FFFF03280000FFFF000014
:107AA000B8910111F0B58DB06B46002008912022ED
:107AB0009B5E83423DDAA64B187800F02DFE071E30
:107AC00032D00378B02B2CD10079023816281FD879
:107AD00000F0FAFD17001E001E001E0031001E00FF
:107AE00096001E001D011E0052011E0073011E00A3
:107AF000CD011E0050021E001E001E008E021E0040
:107B0000E302944B94491B8878880B80FAF7AEFB0C
:107B10003800FCF75FFB914B1B68002B01D038004D
:107B20009847380000F0F0FC8020089B000243409A
:107B300018000DB0F0BDEE220021874800F0ECFCEB
:107B40000BAA3B7B7989388900923A000D32FCF709
:107B500063F90400804B1B78002C3FD146E0804B3A
:107B6000788805937F4B4100CB5A0BAE073BDBB2C5
:107B700032880293002301937B4B210006930093EC
:107B8000059BFFF76FFE744D002810D1069B3A8AC3
:107B90001B889A420BD138000599123000F06CFC1A
:107BA000002804D02B7862899B00EB185A8016239A
:107BB00006A81B18328820007989FCF789FA2B78EF
:107BC00004009A00AA1851880029C3D00133DBB2FF
:107BD0002B70002807D006A9C98A9180634A1288B1
:107BE0009A42BCD802E0012149429180002B04D086
:107BF00059497888FAF76EFB8AE73E890A2479E0CA
:107C000000253E89574B06937B88069A5B009B5A5A
:107C1000033B9D4202DB002DF0D05BE0162206A85C
:107C200012183B7B798900923A0030000D32FCF744
:107C3000F3F80590002858D04689017A7888FCF737
:107C4000B5F8041E44D1464B78880793069B410043
:107C5000C95A454B0439C9B206AAD28A0693029181
:107C6000019400930599079BFFF7FCFD041E2FD19B
:107C7000069B39491A88931C002D26D14B807988A0
:107C8000384B4900CB5A5119033B8B4220DD059BF1
:107C900031485B8941190B71A91C0135C9B2EDB29C
:107CA000059145191B0A2B71059B2D4904331818A2
:107CB00000F0A2FD2C4B059A1B88D318DDB22C4B8B
:107CC0009E4205D00136B6B29CE749889942D6D08B
:107CD000002D0CD0204C2800618800F09DFD207004
:107CE00021007888FAF706FB12E7059CF0E7002CE4
:107CF00000D183E77B78142B00D109E716493B7943
:107D00004E800B700C717888FAF7A6FA00E71624FB
:107D100006ABE41821003889FCF766F9011E00D192
:107D2000B7E1788822880F4C45002C5B0A4D013C56
:107D3000E4B2029400240F4B01940095FFF792FDEA
:107D4000041E00D014E129007888FAF7E3FADFE690
:107D5000EC68FF1F7E3FFF1F0466FF1FF865FF1FD3
:107D6000F866FF1F3462FF1FE867FF1F7C3FFF1F9D
:107D7000FFFF00000666FF1F162406ABE418210073
:107D80003889FCF731F9011E00D182E17888228818
:107D9000AE4C45002C5BAE4D013CE4B202947C89B4
:107DA000AC4B01940095FFF75DFD041E00D0DFE0B1
:107DB00029007888FAF7B8FAAAE60025A44B1D80B6
:107DC0003B00F6331B78A24A78880792AB4208D969
:107DD0009E4B12880693069943005B5A013B9A42D8
:107DE00003DB0799FAF7AAFA92E616246B00FB1850
:107DF000059306ABE418059B21001889FCF7F4F8FD
:107E0000011E03D1059B01241E8973E77888924BDC
:107E10002288069C099343001B5B904E013BDBB21A
:107E20000293002300960193099BFFF71BFD041E9C
:107E300002D0059B1E895DE77B88069A5B009B5AF2
:107E4000079A108832881218934202DC1B1A013BF1
:107E500033807F4C023032880999001900F0CCFC45
:107E60002388328801359B182380EDB2A8E70BAA3E
:107E70003B7B7989388900923A000D32FBF7CCFFC1
:107E800000250590059B002B04D10A24002D00D16C
:107E90006EE060E0059B7888197AFBF787FF0100A8
:107EA000041E63D1694C6C4B788806940993069B39
:107EB0004400E45A694B063CE4B20BAE32880793A7
:107EC0000294019100930599099BFFF7CBFC041ED6
:107ED0004CD1079B5E491B881A1D002D30D14A806A
:107EE000059B5B4C5A8963191A716B1C9BB2E31892
:107EF000120A1A71162306A832881B187989059868
:107F0000FCF7E6F8FF21AA1C2E1D03350B00059097
:107F100092B2B6B2ADB2002803D006ABDB8AD9B2BA
:107F20001B0AA218651911712B714C4D301D2A883E
:107F30004949201800F060FC2B88F618B5B2A1E77B
:107F40004988914207D17A8806995200525AEB1813
:107F5000053A9A42C4DC3E4C2800618800F084FA5D
:107F6000207021007888FAF7F3F9D1E5002DF2D1DD
:107F70003E89BFE6162606ABF61831003889FCF7B5
:107F800033F83D000400FA3500282DD0037A9B0613
:107F90000CD400227B893989788800923A000C320F
:107FA000FFF7E8FB041E10D03E8915E03088FFF78C
:107FB00041FB00281AD08368002B17D02100122221
:107FC00078889847041EE4D0EEE72B78002B02D186
:107FD0007888FAF7CDF900262B78002B00D097E5AA
:107FE000002C00D194E585E60124DDE70E24DBE7D3
:107FF000162506ABED1829003889FBF7F5FF041E9E
:1080000047D0037A9B0611D4154A7B881188994280
:1080100003D01448814207D11380134BF2261D78F8
:108020000023D9B2A94221D30924A1E72888FFF768
:1080300001FB00282FD08368002B2CD021001222B6
:1080400078889847041EDFD092E7C0463462FF1F4D
:108050000466FF1F0666FF1FF866FF1FE867FF1F25
:10806000E468FF1FFFFF0000E268FF1F3100594373
:10807000546801336018615A0029D2D13C00083499
:108080002100F22200F0B8FB21007888FAF778F995
:108090003EE501246CE70E246AE71D4B1A887B88B5
:1080A0009A4231D07888FAF775F931E5F2230598CC
:1080B00051684343CD18C95A00291FD03B7A012B80
:1080C0000BD16C88AB887888AA1D0094FFF752FB0F
:1080D000041E02D000233B722E88F22200212800C9
:1080E00000F01AFA00232B80059B0133DBB20593C5
:1080F000084B05991B78064A8B42D7D801235B426F
:108100001380002CCED0F5E5002634000596EFE76D
:10811000E468FF1FE268FF1F70B504000E00150041
:10812000FFF796FA031E08D131000548FFF790FAD1
:1081300003001120002B02D01C8000209D7070BD18
:10814000FFFF0000F8B50B4F06003B780D00140050
:10815000FF2B0ED00A2000F027FA011E09D0B12310
:108160000380002346800371C5800481387800F0C5
:10817000DBF8F8BDD140FF1FF7B50F0008A90600D6
:10818000088809A90B240988002821D10234022B70
:108190001ED1557813782D021D432B008B4301937C
:1081A0007334002B14D1FB68300019000093FFF7E3
:1081B0004FFB019C85420BD02A0030000099FFF74D
:1081C000ABFF041E04D12A0030007989FFF7BAFF03
:1081D0002000FEBDF0B50E7885B003900AA8058892
:1081E0000120022E0DD14C682778647824023C438C
:1081F000054FBC4205D10398DBB201960095FFF70D
:10820000BBFF05B0F0BDC0460229000010B5040058
:108210000C4800F059F90C48A16B00F055F90B48D7
:10822000E16B00F051F90A48216C00F04DF9094B5F
:108230000948196800F048F9084B1B68002B00D06A
:108240009847FEE700900111169001112590011149
:108250003490011104ED00E043900111F068FF1F1C
:10826000002307B501A80193FFF7D0FF044A054892
:108270000021121A00F0E8F9F8F76EFAFEE7C0469E
:10828000F468FF1FD440FF1F01B40248844601BCBC
:10829000604700BF8B52010001B40248844601BC14
:1082A000604700BF156B010001B40248844601BC61
:1082B000604700BFED4A010001B40248844601BC9A
:1082C000604700BFB92FFF1F01B40248844601BCBC
:1082D000604700BF4D1F000001B40248844601BC46
:1082E000604700BF5125000001B40248844601BC2C
:1082F000604700BFB14E000001B40248844601BC93
:10830000604700BFDD66010001B40248844601BC3D
:10831000604700BFDD52010001B40248844601BC41
:10832000604700BF2146010001B40248844601BCF9
:10833000604700BF594F010001B40248844601BCA8
:10834000604700BF5133FF1F01B40248844601BC9F
:10835000604700BF5952010001B40248844601BC85
:10836000604700BF090E000001B40248844601BC0A
:10837000604700BF0124000001B40248844601BCEC
:10838000604700BF8552010001B40248844601BC29
:10839000604700BFADAE000001B40248844601BC96
:1083A000604700BF014C010001B40248844601BC93
:1083B000604700BF291C000001B40248844601BC8C
:1083C000604700BFB538FF1F01B40248844601BCB6
:1083D000604700BF6DBC000001B40248844601BC88
:1083E000604700BFE117000001B40248844601BCA9
:1083F000604700BF9136FF1F01B40248844601BCAC
:10840000604700BF691F000001B40248844601BCF8
:10841000604700BF3555000001B40248844601BCE6
:10842000604700BF2124000001B40248844601BC1B
:10843000604700BFC9A9000001B40248844601BCDE
:10844000604700BF5118FF1F01B40248844601BCB9
:10845000604700BFC51D000001B40248844601BC4E
:10846000604700BF2951010001B40248844601BCA5
:10847000604700BF090E000001B40248844601BCF9
:10848000604700BFCD4C010001B40248844601BCE6
:10849000604700BF5930FF1F01B40248844601BC49
:1084A000604700BFE928000001B40248844601BCCF
:1084B000604700BF8538FF1F01B40248844601BCF5
:1084C000604700BFB537FF1F01B40248844601BCB6
:1084D000604700BFE53A010001B40248844601BC90
:1084E000604700BF3138FF1F01B40248844601BC19
:1084F000604700BFA946010001B40248844601BCA0
:10850000604700BF3D18000001B40248844601BC2A
:10851000604700BF434D010001B40248844601BCDE
:10852000604700BF154D010001B40248844601BCFC
:10853000604700BF8935FF1F01B40248844601BC73
:10854000604700BF456B010001B40248844601BC8E
:10855000604700BF4937FF1F01B40248844601BC91
:10856000604700BF7918000001B40248844601BC8E
:10857000604700BFA138FF1F01B40248844601BC18
:10858000604700BF2132FF1F01B40248844601BC8E
:10859000604700BF7D18FF1F01B40248844601BC3C
:1085A000604700BF5549010001B40248844601BC40
:1085B000604700BF1D4D010001B40248844601BC64
:1085C000604700BF0D52010001B40248844601BC5F
:1085D000604700BFC521000001B40248844601BCC9
:1085E000604700BFF30E000001B40248844601BC9E
:1085F000604700BFD1A5000001B40248844601BC19
:10860000604700BF792DFF1F01B40248844601BCBA
:10861000604700BFA54F010001B40248844601BC79
:10862000604700BF1D4B010001B40248844601BCF5
:10863000604700BF7D36FF1F01B40248844601BC7D
:10864000604700BFE548000001B40248844601BC11
:10865000604700BFB70E000001B40248844601BC69
:10866000604700BF0937FF1F01B40248844601BCC0
:10867000604700BFC94A010001B40248844601BCFA
:10868000604700BF311B000001B40248844601BCB2
:10869000604700BFC938FF1F01B40248844601BCCF
:1086A000604700BF5147010001B40248844601BC45
:1086B000604700BF1147010001B40248844601BC75
:1086C000604700BFB54C010001B40248844601BCBC
:1086D000604700BFDD38FF1F01B40248844601BC7B
:1086E000604700BFD91B000001B40248844601BCAA
:1086F000604700BFB134FF1F01B40248844601BC8B
:10870000604700BF056A000001B40248844601BC0E
:10871000604700BFF94C010001B40248844601BC27
:10872000604700BFF54E010001B40248844601BC19
:10873000604700BF5D17000001B40248844601BCD9
:10874000604700BF9DA9000001B40248844601BCF7
:10875000604700BF5522000001B40248844601BCB6
:10876000604700BFD534FF1F01B40248844601BCF6
:10877000604700BFC936FF1F01B40248844601BCF0
:10878000604700BF5D38FF1F01B40248844601BC4A
:10879000604700BF75A9000001B40248844601BCCF
:1087A000604700BF810E000001B40248844601BC4E
:1087B000604700BF2526000001B40248844601BC82
:1087C000604700BFD949010001B40248844601BC9A
:1087D000604700BF8D12000001B40248844601BC0E
:1087E000604700BF3D4B010001B40248844601BC14
:1087F000604700BF4551010001B40248844601BCF6
:10880000604700BFE94C010001B40248844601BC46
:10881000604700BFD12FFF1F01B40248844601BC4E
:10882000604700BF350E000001B40248844601BC19
:10883000604700BF4550000001B40248844601BCB7
:10884000604700BF091B000001B40248844601BC18
:10885000604700BFD91AFF1F01B40248844601BC1B
:10886000604700BF055E000001B40248844601BCB9
:10887000604700BFC926000001B40248844601BC1D
:10888000604700BFEDA5000001B40248844601BC6A
:10889000604700BFF931FF1F01B40248844601BCA4
:1088A000604700BF017F000001B40248844601BC5C
:1088B000604700BFB352010001B40248844601BCC6
:0888C000604700BF851F0000A6
:1088C80053444B2056657273696F6E2049442025C6
:1088D800303878200A007266436C6B202564207259
:1088E80063436C6B20256420737973436C6B20257C
:1088F800642074704361705B2530327820253032F3
:10890800785D0A0073697A656F6628737472756397
:1089180074206C6C5F706B745F6465736329203DB1
:108928002025642C206275662073697A65203D20B5
:1089380025640A0073697A656F6628675F70436FFC
:108948006E6E656374696F6E42756666657229201E
:108958003D2025642C2073697A656F662870436F03
:108968006E6E436F6E7465787429203D2025642CE3
:108978002073697A656F66286C61726765486561FE
:1089880070293D2564200A005B5245535420434119
:108998005553455D2025640A20004D454C423A2038
:1089A8004C6F74757320777269746520636D643DCC
:1089B80030782530327820703D25303278202530C7
:1089C8003278202530327820253032782025303210
:1089D80078206C656E3D25750A004D454C423A205D
:1089E8004C6F747573206672616D652072656A6577
:1089F800637465640A004D454C423A20737461748F
:108A08006520706F7765723D2575206D6F64653DD3
:108A18002575206272696768743D257520737065D5
:108A280065643D2575207267623D25752C25752C7A
:108A380025750A004D454C423A20627574746F6E74
:108A480020737461746520706F7765723D25752099
:108A58006D6F64653D2575206272696768743D2590
:108A6800752073706565643D2575207267623D25C4
:108A7800752C25752C25750A006F6B004641494CED
:108A8800004D454C423A205753323831322053502A
:108A980049312F50333420696E69743D25730A00BB
:108AA8004D454C423A2057533238313220626C617E
:108AB800636B20626F6F74206672616D65207365E9
:108AC8006E740A00476170726F6C655F73746172CF
:108AD800740A00476170726F6C655F6164766572D5
:108AE8007374696E670A00476170726F6C655F43E3
:108AF8006F6E6E65637465640A00476170726F6CAF
:108B0800655F446973636F6E6E656374696F6E0A3F
:108B180000476170726F6C655F7761697474696E24
:108B2800675F61667465725F74696D65726F75748D
:108B38000A00476170726F6C65206572726F7221EE
:108B48000A005B47415020524F4C452025645D0A7E
:108B5800000A4D454C4220626F6F743A204D757380
:108B680069632D4C696768742D56332D3232313163
:108B78003031202F2053543137483636420A004DC1
:108B8800454C423A2055415254302050392F5031EB
:108B980030203131353230300A004D454C423A20D0
:108BA800424C4520696E697420626567696E0A00E7
:108BB8004D454C423A20424C45206E616D653D253D
:108BC800730A004D454C423A2061647620696E7400
:108BD800657276616C20756E6974733D25750A003F
:108BE8004D454C423A2061647620646174613D25AC
:108BF80030327820253032782025303278202530E0
:108C080032782025303278202530327820253032CD
:108C1800780A004D454C423A20726567697374655D
:108C280072204C6F74757320464646302F46464670
:108C3800330A003D3D3D3D3D53696D706C65424CC6
:108C4800455065726970686572616C5F496E6974D8
:108C580020446F6E653D3D3D3D3D3D3D0A006164EC
:108C6800764E25750A003D3D3E204843495F434FF7
:108C78004D4D414E445F434F4D504C4554455F4523
:108C880056454E545F434F44453A2025780A004DD7
:108C9800454C423A205342505F52455345545F4138
:108CA80044565F455654202D3E20656E61626C65C2
:108CB800206164766572746973696E670A00544945
:108CC8004D45525F4556540A00566261743A202554
:108CD80064206D562C2025642025250A004D454C1E
:108CE800423A20474150526F6C655F537461727409
:108CF8004465766963650A00434D44206461746184
:108D0800206576656E74730A003031323334353637
:108D1800373839414243444546005B48434920447B
:108D28004C455D25642025642025640A005B415478
:108D3800545F4D54555D202564200A0067617050CA
:108D480065726950726F63657373484349436D6414
:108D5800436F6D706C657465457674204F70636FF2
:108D6800646520307825580A0043544520506172C4
:108D7800616D2073746174757320307825303258B2
:108D88000A0043544520656E61626C652073746106
:108D9800747573203078253032580A006761705036
:108DA800726F63657373424C454576656E747320C4
:108DB8004843495F4C455F434F4E4E454354494FE6
:108DC8004E4C4553535F49515F5245504F52545F83
:108DD8004556454E54200A0067617050726F6365AE
:108DE8007373424C454576656E7473204843495FFA
:108DF8004C455F434F4E4E454354494F4E5F495192
:108E08005F5245504F52545F4556454E54200A0014
:108E18005B5341525F465245455D0A005B524541EE
:108E28005F465245455D0A005B5341525F525820E8
:108E38004552525D204E6F53617220632025780A97
:108E4800005B5341525F5258204552522025645DC1
:108E58002025642025640A005B5341525F52582044
:108E68004552522025642025645D20256420702504
:108E7800303878204C20256420432025640A005B84
:108E88005345475F465245455D0A005B5345475F7A
:108E98005052545D2530387820253032780A005BEE
:108EA800534255462046554C4C5D2045525220258C
:108EB80064203078253032780A005B5342554620CA
:108EC800465241472046554C4C5D0A0025732C7587
:108ED800706461746520636F6E6E656374696F6E2C
:108EE80048616E646C652025642074696D657249FB
:108EF800442025640A0025732C73746172742063FE
:108F08006F6E6E656374696F6E48616E646C652020
:108F180025642074696D657269642025640A00708F
:108F280050616972696E67506172616D735B256427
:108F38005D204E554C4C200A00736D53746F70526F
:108F4800737054696D657220636F6E6E65637469C2
:108F58006F6E48616E646C652025642074696D6568
:108F68007249442025640A003031323334353637AB
:108F780038396162636465666768696A6B6C6D6ECF
:108F88006F707172737475767778797A00303132D0
:108F980033343536373839414243444546474849E2
:108FA8004A4B4C4D4E4F50515253545556575859A1
:108FB8005A003C4E554C4C3E004741505F44657644
:108FC800696365496E69743A204741505F50524F52
:108FD80046494C455F43454E5452414C207C2047FE
:108FE80041505F50524F46494C455F504552495099
:108FF800484552414C200A005B4861726420666112
:10900800756C742068616E646C65725D0A004C5200
:109018002020203D203078253038780A0050432021
:1090280020203D203078253038780A0050535220CF
:10903800203D203078253038780A004943535220A3
:109048003D203078253038780A00020003000400FB
:10905800050006000700080009000C000D001600B6
:1090680071090111A50901110000000002000000AA
:109078007E900111192A0F180A000000F15900000A
:10908800FD24000041460100254401113D65011100
:1090980079380111294201112D1E0111A57A0111FA
:1090A800391A0111370B01110D0D011100000000D3
:1090B8000C00000002000000C6900111F3FFF0FF51
:1090C800FF000000FF000000FFFFFFFF00FFFFFFA1
:1090D80000FFFFFF00FF6010C51301110000000032
:1090E800000000004449590056322E310030303219
:1090F80030006769746875622E636F6D2F707676BD
:109108007800454C4B2D424C45444F4D0000000023
:10911800020000002C910111292A282A272A262A30
:10912800252A242A0A180000050000001F501D10D7
:10913800023CB400FB349B5F8000008000100000FC
:10914800000000002F240111193B011153240111C3
:10915800213F0111D7240111F73E01114D250111BD
:10916800CD3E01119F2501119540011107260111DE
:1091780095400111392601114F4001114D2501116A
:10918800853E0111C52501112D4001110000000087
:1091980000000000AB2601112D4001110D2701111F
:1091A800313B0111052A042A012A002A0229032831
:1091B8000128002801180018736D537461727452E5
:1091C800737054696D6572000000000000000000B3
:1091D80000000000000000870101020102010102F5
:1091E8000102030304010301010101010303020158
:1091F80003000D000E0010001100130014010701F8
:1092080008010A010B011C011D02040205020702E4
:10921800080219021A021C021D03010302031700A7
:109228000201000504000807000B0A001716001DBC
:109238001C010201010504010E0D01111001141396
:10924800011716011A19020201020B0A020E0D0279
:109258001110021413021716030504030807030B61
:109268000A030E0D0001020307090A0B0E0F101165
:1092780012141718191A1B1F202122000506FFFFB8
:1092880000C201000100000000000000ED730111A0
:10929800A97401110000000002000000BE91011134
:1092A80000000000D581011100000000020000004C
:0492B800BC91011153
:020000041FFFDC
:1000000000000000D10A01118490011180900111BB
:10001000E05DFF1F00000000000000000000000085
:1000200000000000000000000000000000000000D0
:1000300000000000000000000000000000000000C0
:1000400000000000000000000000000000000000B0
:1000500000000000000000000000000000000000A0
:100060000000000000000000000000000000000090
:100070000000000000000000000000000000000080
:100080000000000000000000000000000000000070
:100090000000000000000000000000000000000060
:1000A0000000000000000000000000000000000050
:1000B0000000000000000000000000000000000040
:1000C0000000000000000000000000000000000030
:1000D0000000000000000000000000000000000020
:1000E0000000000000000000000000000000000010
:1000F0000000000000000000000000000000000000
:1001000000000000000000000000000000000000EF
:1001100000000000000000000000000000000000DF
:1001200000000000000000000000000000000000CF
:1001300000000000000000000000000000000000BF
:1001400000000000000000000000000000000000AF
:10015000000000000000000000000000000000009F
:10016000000000000000000000000000000000008F
:10017000000000000000000000000000000000007F
:10018000000000000000000000000000000000006F
:100190004532FF1FA530FF1FC166010000000000AF
:1001A000000000000000000000000000000000004F
:1001B000000000000000000000000000000000003F
:1001C000000000000000000000000000000000002F
:1001D000000000000000000000000000000000001F
:1001E000000000000000000000000000000000000F
:1001F00000000000000000000000000000000000FF
:1002000000000000000000000000000000000000EE
:1002100000000000000000000000000000000000DE
:1002200000000000000000000000000000000000CE
:1002300000000000000000000000000000000000BE
:1002400000000000000000000000000000000000AE
:10025000000000000000000000000000000000009E
:10026000000000000000000000000000000000008E
:10027000000000000000000000000000000000007E
:10028000000000000000000000000000000000006E
:10029000000000000000000000000000000000005E
:1002A000000000000000000000000000000000004E
:1002B000000000000000000000000000000000003E
:1002C000000000000000000000000000000000002E
:1002D000000000000000000000000000000000001E
:1002E000000000000000000000000000000000000E
:1002F00000000000000000000000000000000000FE
:1003000000000000000000000000000000000000ED
:1003100000000000000000000000000000000000DD
:1003200000000000000000000000000000000000CD
:1003300000000000000000000000000000000000BD
:1003400000000000000000000000000000000000AD
:10035000000000000000000000000000000000009D
:10036000000000000000000000000000000000008D
:100370006182011100000000000000000000000088
:10038000000000000000000000000000000000006D
:10039000000000000000000000000000000000005D
:1003A000000000000000000000000000591AFF1FBC
:1003B000000000000000000000000000000000003D
:1003C000000000000000000000000000000000002D
:1003D000000000000000000000000000000000001D
:1003E000000000000000000000000000000000000D
:1003F00000000000000000000000000000000000FD
:08183800006DFF1F4118FF1FA6
:10184000024981F3088802F05BFA0000006DFF1F77
:1018500010B502F06DF8072804D0122808D002282D
:1018600008D010BD044A0420136B01331363F8E75A
:101870000220F6E71420F4E7DC62FF1FF8B507004A
:101880000C0026002500503630785135002804D150
:101890000300287058342370F8BD2978CA00481E08
:1018A0008141A3183800A25C5B68C9B2FFF7D0FF82
:1018B00000280DD12B78DA00A218013350602B706C
:1018C0003378044A013B3370136A01331362D8E75B
:1018D0000123DFE7DC62FF1F5C234343074910B5A8
:1018E000C9180B0058331B78012B05D1FFF7C6FF31
:1018F000034A936A0133936210BDC0461063FF1F11
:10190000DC62FF1F10B502F00BF9064A012113003B
:1019100010CB4942D967044B136002F011F8200044
:1019200010BDC04600E100E01000100010B504003A
:1019300002F0F6F8024B1C6002F002F810BDC0463F
:1019400000E100E0431E5A425341A022F0B5D2010B
:101950005B421340154D164A40019B182A18127E0F
:101960008BB00191002A1BD01A000832D46F0022DC
:10197000E6B206AFE4B294420EDC2818C369002B2D
:1019800008D0019902AA117106AA049202AA16733C
:1019900003A898470BB0F0BD1978B9540132EAE7B3
:1019A0001A7D1A7806AB01261A70E6E79C65FF1FC0
:1019B00000400040F0B5254B04004001C25C85B0FA
:1019C000002A2BD01A18117E002927D0917E0029D9
:1019D00024D01179022921D11689D788D168F51B25
:1019E000ADB22A1C102D00D9102292B2BE4217D1DE
:1019F0001818012303710023C269C38003819A422E
:101A000006D06846032103730171029301A8904731
:101A10000820002C00D0192001F0FAFA05B0F0BD22
:101A2000013C65426C41A0256442ED012C40084D0B
:101A30001B186419074D0633013A92B2AA42EDD041
:101A40001888461C1E80085C2070F5E79C65FF1F07
:101A500000400040FFFF00000F220E4B10B59868B9
:101A6000104002380A280BD801F024FF0D0A0B0A97
:101A70000A110A0A0A0A060002210020FFF762FF83
:101A800010BD0121F9E70020FFF794FFF8E7DB6FB5
:101A9000F6E7C046004000400F220E4B10B5986894
:101AA000104002380A280BD801F004FF0E0A0B0A76
:101AB0000A120A0A0A0A060002210120FFF742FF61
:101AC00010BD01210800F9E70120FFF773FFF7E7D8
:101AD000DB6FF5E70090004013B5334C2378072BFC
:101AE0003DD8324B1A78324B002A39D180221968FE
:101AF00052020A431A60252001F0E6FD20232D4AF8
:101B000011680B43802113606B460422C9050868E5
:101B10000733104228D080210422C905C86810422A
:101B20002ED080212020C905CA688243CA601422B1
:101B30001A701A78002A2FD18021C905C86820326E
:101B40000243CA6014221A701A78002A28D11A4B4C
:101B50001A7D22785A601D221A705932DA6013BD3C
:101B60001A6816490A40C5E7086802430A60142249
:101B70001A701A78002ACED01A78013AD2B2F7E752
:101B8000C8680243CA6014221A7019784A1ED2B279
:101B90001A700029F9D1C4E71A78013AD2B2C7E71E
:101BA0001A78013AD2B2CEE70C40FF1FD440FF1F93
:101BB0003CF000400440FF1F00200040FFFFFEFFFC
:101BC000564B70B51B68012B03D1554A936D0133F9
:101BD000936501F0A5FE534B534A1860534B544C88
:101BE0001A600123534A1360534A13602378002B71
:101BF00006D006225149524801F0CAFF0023237043
:101C0000504A514B10681B78C1B2002B0ED14F4C7B
:101C1000C0B223785BB2002B4FDB237824785BB211
:101C200064B21B0424021B191B1813600B1C5029DF
:101C30004ED95023464A47491078DBB2FF2202288A
:101C40004BD10868444C454D267890432A789642FB
:101C500054D9227824782E78023B5D10A31B6B4365
:101C60005201D31A10335B111843086001F038FF9A
:101C7000031F012B45D83A4B1B78002B06D0394B5C
:101C80001B78002B02D0002002F022F8A122364B54
:101C900092009978354B4A431B689B188322920027
:101CA0009B181B78033B012B03D8AF20400002F0A8
:101CB00087F801222E4BDA8270BD237824785BB23C
:101CC00064B2FF33FF341B0424021B190138ABE755
:101CD000CAB2022AAED20223ACE70868254C264DD0
:101CE000267890432A78964208D9227824782D784D
:101CF000023B5B10641B63435201B2E72378DBB203
:101D0000B2E70228D5D11D4B1B78013B022B03D92A
:101D10001B4B1B78022BCCD16C20C8E79809FF1F06
:101D2000FC0FFF1F2862FF1FFF3F0000141003403D
:101D30002C62FF1F0C10034000100340D50BFF1F47
:101D40007211FF1FB40003408C09FF1F680AFF1FB8
:101D5000490AFF1F94000340460AFF1F470AFF1F5E
:101D6000F908FF1F2209FF1F300DFF1F3409FF1F55
:101D7000BC0BFF1F440AFF1F450AFF1F1C09FF1F62
:101D80002309FF1F10B502F013F80022014B1A803F
:101D900010BDC0462462FF1F10B501F039FFA1211C
:101DA000054A89009478054A61431268044B521829
:101DB000528C1A8010BDC046300DFF1F3409FF1F22
:101DC0002462FF1F10B50D4B0D4A9978A1239B008B
:101DD0004B431268D218531DD97F0A4B1B88994276
:101DE00009D2441C07D0C82805D0D2695B1A5A43CF
:101DF000054B5343C01801F09BFF10BD300DFF1F72
:101E00003409FF1F2462FF1F7102000070B5244DCA
:101E10002B68002B28D001F0ABFF2B68D8402B6833
:101E20000400002B27D001F013FE2B68D8401D4B77
:101E30001D4A9978A1239B004B431268D118D25CAC
:101E400091239B00002A20D0CA580132CA50174B58
:101E500017491B680868834214D3D23B181A012A19
:101E60001AD0144B186070BD01F082FF124B196834
:101E700001F04EFFD3E701F0EBFD0F4B196801F0C5
:101E800047FFD4E70D495B18E8E7CA500C4B1B68C5
:101E9000DB68E418201AE4E7F530FF30E1E7C046DC
:101EA0001C08FF1F300DFF1F3409FF1F9C09FF1F77
:101EB0002862FF1FA009FF1F1808FF1F2DFF3F000A
:101EC0003062FF1F70B504000D00282916D10300F1
:101ED000A433C2881B889B1A0B4A9BB293420DD92C
:101EE00006006A3605223100653001F0E9FE00285F
:101EF00004D13100200001F023FE70BD2900200034
:101F000001F03EFEF9E7C046FE7F0000F8B505008F
:101F1000012001F025FE134CA36AA26A9342FBD173
:101F2000114E336001F01CFF104903000860104897
:101F3000426894460F4A17680022BC4501D24268A5
:101F4000BA1A0D4802603268AD18A422E562606AD0
:101F5000520302436262094A1278002A01D00F3B01
:101F60000B60F8BD00F00040340AFF1FE408FF1FBB
:101F700028100040180AFF1F1C0AFF1F1C09FF1F22
:101F800070B580241025E405A3682B43A36001F0FD
:101F90004FFEA368AB43A36070BD0000F7B5160009
:101FA00080221C001023D2050191916805000B438B
:101FB000936000225A4BD7301A6001F0F9FC9D2340
:101FC0002A002F009B00EB58CA3201210092FC37F7
:101FD000002B01D00021009A386801F099FD2900FA
:101FE000009BCB311A784F4BD3351A604B780A7867
:101FF0001B0213438A7812041A43CB781B0613433F
:10200000494A1BBA13604B790A791B0213438A7938
:1020100012041A43CB7931001B061343434A1BBAFF
:1020200013606B782A781B021343AA7812041A43B0
:10203000EB781B0613433E4A1BBA1360019A330226
:1020400013433C4A13603C4B22001B1B9C46032954
:102050003DDCB3089A0013005142B21A032A46D15C
:10206000354AE018511A827840781204000202437F
:10207000E05C043302430A600022FF2B4BDDF022B8
:102080002E4B12011A600F222D4B1A602D4A136835
:10209000002BFCD00023224A27491360091B321D64
:1020A0000B191B68043A180A23706070180C1B0E79
:1020B000A070E3700434002AF2DC802210213B6817
:1020C000D20501333B6093688B439360F7BD634651
:1020D000D578981893782D061B042B43157804396E
:1020E0002B43557804322D022B430360AFE7022ABD
:1020F0000AD1114AE05C511AE218527812020243E6
:102100000A6004339BB2B7E7012AB5D10A4A521AD2
:10211000E15C1160F5E7084959180A600433ACE73F
:10212000000004403C0004403800044034000440F7
:10213000300004400C00044000010440040004404E
:102140001000044014000440F7B5150080221C0064
:102150001023D2050091916807000B439360002380
:10216000654AD730136001F023FC9D233E009B009D
:10217000F9583B00CA363200FC33002900D07FE01A
:10218000586801F0C5FC390032785C4BCB311A60DD
:102190004B780A781B0213438A78AC4612041A4320
:1021A000CB78281D1B061343554A1BBA13604B7985
:1021B0000A791B0213438A7912041A43CB791B064E
:1021C0001343504A1BBA13604B7A0A7A1B0213431B
:1021D0008A7A12041A43CB7A21001B0613434A4A17
:1021E0001BBA1360009A2B021343484A1360220063
:1021F000474B1B1B0093009BCE785B1801938B7899
:1022000036061B0433430E78043833434E780431CA
:1022100036023343019E33600328ECDC0321A80817
:10222000431C9B002940800003292BD13849E51825
:102230005E18A9786D78E35C09042D0229431943DF
:102240003160030008330021FF2B2DDD314B324973
:1022500019600F21314B1960012327490B60304B66
:1022600019680029FCD006211B680B40042B20D0E4
:1022700080220020D20593680A318B439360FEBD13
:1022800001217DE7022908D121495D18E11849782B
:10229000E35C090219432960D3E70129D3D11C4922
:1022A0005918E35C0B60CCE7194818180160043337
:1022B000CAE7002310490B606346002B0CDC3B008F
:1022C000FC335A68102101325A608022D20593688B
:1022D00001208B439360D2E7009B9B181B68190A6F
:1022E00013705170190C1B0ED37004235B42917054
:1022F0009C440432E0E7C046000004403C00044037
:102300003800044034000440300004400C00044015
:102310000001044004000440080F000010000440C5
:102320001400044070B5061E19D002225A4B9B7946
:102330009343012B13D1594B1A78FF2A0FD15A78A6
:10234000FF2A0CD19A78FF2A09D1DA78FF2A06D120
:102350001A79FF2A03D15B79FF2B00D199E0504B0A
:102360000C201A78012A08D000224E4D1A702978C4
:102370000B00093B042B01D8212070BD4B1F012B02
:10238000FAD9454CA37B042B00D982E0A279032A19
:1023900000D97EE09A1ED2B2012A02D860881F2896
:1023A00077D9002E56D0012E73D1A0880128E3D012
:1023B000002907D1581E032803D801F07BFA121711
:1023C00015122E702978481E032811D80025364B87
:1023D0001D602823237501F0D3FAA84227D0A580D9
:1023E000CAE702212970EDE70421FBE70321F9E7A1
:1023F00007390129C0D82D490968C96A8906BBD5A2
:102400002B4908780028B7D1012A01D9002BB3D174
:1024100002230B708021274D2633890128782375EC
:1024200001F046FB80212878890101F0A1FA0123FF
:10243000A380214B1B78002B0AD0FA2280211F4B4E
:1024400092001B8809025A431A4B187801F0B8FA17
:10245000002092E701F064FB2B78A680073B012B5C
:1024600003D917482E7001F0BBFC114B114C1A78A0
:10247000002A06D080210022207889011A7001F0FC
:1024800017FB01F05DFA80212078090201F010FBB2
:10249000DEE7122071E7C046A60BFF1F6B09FF1F86
:1024A0001A09FF1F1C09FF1F4809FF1F3062FF1F89
:1024B0002309FF1F1B09FF1F2109FF1F2C09FF1FF5
:1024C0000010004010B5002901D001F0B9FB10BD8B
:1024D000F7B5604B01919978A1239B004B435E4A6D
:1024E000060014681022E418D6235B00E058362357
:1024F000FF33E35C00279343222B41D1574B0F3A24
:102500001A600760012501F0F3F9019B1880E823A8
:102510005B00E35C002B01D0B34258DD0023504F39
:10252000FB70AD33FF33E3581A68002A03D09B8851
:10253000DB439B071DD03823FF33E35C002B18D00F
:102540009B235B00E35C002B13D1D133FF33E35CAF
:10255000B3420EDAA4235B00E15AE018090A023103
:1025600001F0AEFA23000122FE33013E01351A8745
:10257000FA70E8235B00E35C002B2AD0A8B2FEBD12
:1025800003683D00002BBED081880430090A023167
:1025900001F096FAD6235B00E3581F60B2E72300F0
:1025A000B133BA00FF339858013781880430090AE3
:1025B000023101F085FAE8235B00E35CBB42EEDC0C
:1025C000E822F61AED1800235200A354A6E70027CC
:1025D000F1E7200001F024FA00281FD0002E1DDDB5
:1025E0007319882647190193B600200001F050FAAC
:1025F0005A30800020184068013581880430090A6B
:10260000023101F05DFA200001F01AFAA3590133FA
:10261000A351BD4202D0019B9D42E6D1114BE35C28
:10262000002BABD095239B00E35C002BA6D00E4B78
:10263000E15A0029A2D00D4AA35C994202D9013384
:10264000A3549BE700231A212000A35401F0C8FAE9
:1026500094E7C046300DFF1F3409FF1F00140340EC
:10266000E010FF1F5A020000720200005E0200002C
:102670000D4970B54A6E0D4CD2038B69D20BA24244
:1026800006D80B4D0224AA4204D901F009FA70BD04
:1026900002246442E21815007E2425402242F4D030
:1026A000A3432B438B61F0E700F000400A200000B9
:1026B000FC1C0000F8B51D4B1D4F1A78002A10D1E4
:1026C000BA7B002A02D101321A7003E0032AFAD041
:1026D000022AF8D001F054F900220120154B1A709B
:1026E000F8BD154B154D1C68154B9E7801232B70BA
:1026F0002878C0B200F09EFBBB7B002B0BD101F011
:10270000CFFAA1239B007343E41883239B00E418B2
:1027100023782B70E4E7032B02D101F039F9F0E7BD
:102720000020022BDCD101F01BF9EAE71C09FF1F96
:10273000A60BFF1F2309FF1F3409FF1F490AFF1FB4
:10274000300DFF1FF0B587B00EAD2F780FAD2D788F
:102750000593AC46634614000E4D0CAA12782E78F1
:1027600003930D9B009201932200059B029701F0B9
:10277000EFF82E70012C01D0042C08D180220649DC
:102780008B889343054A1278D20113438B8007B09C
:10279000F0BDC0461C09FF1F6C11FF1F7809FF1F09
:1027A0000B001B3B70B504003020E02B0DD813004C
:1027B000E025493BFF3B9BB2ED00AB4205D8034B04
:1027C000200019825A8201F043FA70BD8410FF1F65
:1027D00010B501F0A5F8054B00205B68052B04D966
:1027E000034A5268D20200D4980810BD001000407D
:1027F000FCE100E070B501F093F90D4B1B68FC3370
:10280000DC691D6AFFF7E4FF6419844204D2094BB6
:1028100001241B68002B07D004220024064B1A70E9
:10282000064A93690133936101F08AF8200070BD74
:102830003062FF1F9809FF1F2309FF1FFC0FFF1FB6
:1028400070B50C4D2B68FC335C6A01F069F9FFF739
:10285000BFFF2B680025FC339B6AE318834204D238
:10286000054B1B68AB4200D1051B01F069F828003D
:1028700070BDC0463062FF1F9809FF1FD722044B6E
:1028800092009B5810B5002B00D0984710BDC04651
:102890000000FF1F10B500F0F5FFFFF7EFFF27491D
:1028A000274BCA6D274C1A4084235B001343CB652A
:1028B000254B1B68186A01F053F9244B244A1A600F
:1028C000244B254A1A60A022244B52001A60244B44
:1028D000187801F0D5F82000224901F0C1F8002352
:1028E000A3600233A360204B2049236003232048C8
:1028F000A36001F0B5F810221E4BFF201A60802261
:1029000052031A60802292031A60802212041A6015
:1029100001F0DEF9012001F0E3F9FA20400001F0B6
:102920007FF9582001F04CFA134801F071F80120AA
:1029300001F03EF9072001F0DBF910BD00F0004086
:1029400000FEFEFF141000403062FF1F0000034035
:102950000180063DBC00034034080000A400034091
:102960004A0AFF1F71020000C3090000FFFF3F0079
:102970002810004000E100E030750000674E336829
:1029800088331B6883F3088801F0E2F9644A6549DB
:10299000136800200B401360634B644A1B6893422A
:1029A00000D1A6E001F0E4F80221614A13688B43EC
:1029B0001360FFF76FFF5F4B5F4C1878C0B201F0F8
:1029C00087F80023A3600233A3605C4B01202360DF
:1029D00001F0C6F80323A36001F0AAF8040000F098
:1029E0009FFF050001F0A4F8554B186001F050F965
:1029F000544B1968621A531EA14200D21300802260
:102A0000D203934201D39B029B0A3268D16AC90761
:102A100000D471E04C491C0C09689BB24C435943EB
:102A20002402090A641803264849FC3293680A689C
:102A300047489B1A474A0768126847499B18474A04
:102A40009A1833409208DB190A600360042B03D9FB
:102A5000013233400A6003600E684149A619300014
:102A600001F056F93F4F3E493B68C3183B603000C8
:102A7000019301F0A5F83C4E3068081838493060E1
:102A8000884205D9019B01333B6001F099F8316020
:102A900001F07EF9354B1B78002B0DD000F040FF84
:102AA000334B621B196812188A4232D24919091B2A
:102AB000091A304800F0D4FF2F4E337A002B0ED085
:102AC00000F02EFF621BF1681218914224D94919B7
:102AD000091B091A294800F0C3FF00233372284B51
:102AE00083F3088800F014FF002001F041F801F0A2
:102AF0006FF901F03DF85CE7DC0199000234641ADB
:102B00005900641A09214B438033CB40A408E418D0
:102B100089E7FA218900CCE71A49DBE73062FF1F19
:102B20001CF00040FFFFC1FF0C0AFF1FB64121034C
:102B300010000040490AFF1F14100040C3090000A4
:102B4000100AFF1F340AFF1F380AFF1F200AFF1F49
:102B5000280AFF1F1C0AFF1F240AFF1FC4090000C8
:102B6000710200006008FF1F2C0AFF1F1C09FF1FD5
:102B7000E408FF1F00100040740BFF1F3C100040D2
:102B800000000020DC050000A022054B92009B58AD
:102B900010B5002B01D0984710BD01F0F1F8FBE70C
:102BA0000000FF1FA122054B92009B5810B5002B7F
:102BB00001D0984710BD01F0E3F8FBE70000FF1FCC
:102BC000A222054B92009B5810B5002B01D09847CC
:102BD00010BD01F0D5F8FBE70000FF1FA322054B55
:102BE00092009B5810B5002B01D0984710BD01F002
:102BF000C7F8FBE70000FF1FA422054B92009B587B
:102C000010B5002B01D0984710BD01F0B9F8FBE7D3
:102C10000000FF1F70B500F083FE4F4B186001F0FD
:102C200047F80400C30702D401F01AF870BD00226F
:102C30004A4B1A604A4B18780138042829D800F00A
:102C400039FE0320181C2400200000F0D9FF0128C1
:102C5000ECD0444C2378042B6ED101F061F80028AD
:102C6000E4D000F075FF582001F0AAF80223237089
:102C7000DCE7200001F064F8E9E7200000F0C0FE86
:102C8000E5E7200000F03CFFE1E7200000F0B0FFA6
:102C9000DDE700F025FF0500012808D1324B1B7845
:102CA000053B012B03D82000FFF76EFFD1E72D4B2A
:102CB0001B78022B01D0052B20D1022D28D12B4BC4
:102CC0009B7BAB431CD12000FFF76CFF264B187891
:102CD0000128BED16405BCD4244925224B7B034284
:102CE00005D1233A13405A42534126331A000B7D33
:102CF0009342AED9322001F053F8AAE7022D07D152
:102D0000194B1B78052B11D12000FFF759FFDDE788
:102D1000012D0BD1012B03D12000FFF75FFF98E7B6
:102D2000062B03D12000FFF767FF92E7200001F098
:102D300027F8022D8DD1C9E7032B04D10C4B987CC9
:102D400000F02EFE72E7072B00D06FE7094B987B4F
:102D500000F0CEFE6AE7C0469C09FF1F9809FF1FDE
:102D60009009FF1F2309FF1F1C09FF1FA60BFF1F50
:102D7000BC0BFF1FD40BFF1FFA210A4B0A4A490064
:102D80001A640A4A5A500A4A04395A50094A083100
:102D90009A64094A5A50094A5C315A50084ADA661C
:102DA0007047C0460000FF1F4527FF1F4128FF1F37
:102DB000F527FF1F2523FF1FB526FF1FC51DFF1F7A
:102DC000991DFF1FF7B50B0CFF270122009300236D
:102DD0003C001E001D009446019089B262469A4054
:102DE0001000084018413618B6B2FF2F02D1012E4C
:102DF00000D19FB2009802401A41AD18ADB2FF2C2D
:102E000002D1012D00D19CB20133102BE6D1032059
:102E1000012E07D1012D04D1019B2401E4191C705E
:102E20000138FEBD102EFCD10238102DF9D0023031
:102E3000F7E700008023F7B59C46264B264F019309
:102E40002649274A274D284C284B02281AD160468C
:102E500038600868264E30408026360330430860CC
:102E600001990978002909D11660224A2A60224A6C
:102E70002260E02219689143A03A1BE08021C90238
:102E80001160F2E766463E600F68194E3E408027AB
:102E9000FF023E430E600199097800290DD11760A9
:102EA00001280ED1154A2A60154A2260E0221968CD
:102EB0009143C03A0A431A60F7BD8021890211602C
:102EC000EEE7E0210F4A02432A600F4A22601A68A7
:102ED0008A43F0E74B0AFF1FE0000340D80003409D
:102EE00090000340000003405000034040000340B6
:102EF000FFFFE3FF0280063D804508220180063D7A
:102F0000806608220080069880550822F8B51E4B7E
:102F100080261A68002014003440324232D11A68E8
:102F20001A4F32431A6001223B68063093433B60DC
:102F300000F016FE0122164D2B681E432E603B68E2
:102F40000A2613433B608027BF00124B1B683B429D
:102F500011D1013EF6B2FF2E09D17E220E4B1C6824
:102F60002B68E40B1440934323432B6005E00820B7
:102F700000F0F6FDE9E7002EEFD180222B68600813
:102F800093432B60F8BDC046C4F000405CF00040A5
:102F900018F0004068F0004060F0004010B500F00C
:102FA00017FE01215820034A00F012FDFFF7AEFF83
:102FB00010BDC046600AFF1F10B5782200210348EB
:102FC00000F00EFD00F0ECFD002010BD2465FF1F99
:102FD00070B5040000F0A4FD00230C200B4A010092
:102FE00059438D18515C00290DD0A14208D101230D
:102FF00000246B7000F03CFD00F0A2FC200070BDCE
:1030000001330A2BEBD11224F6E7C0462465FF1FDB
:1030100070B5040000F084FD002319001D000D4A66
:103020001078002806D0A0420CD1557001310C3226
:103030000A29F5D1002B0AD100F0B2FD00F080FC86
:10304000002070BD5078461EB0411B18EEE700F01E
:103050000FFDF3E72465FF1FF7B504000C200023E4
:1030600084460E4D019267465F43E85D7E19A0429B
:1030700012D000280BD10A4B9C4662461B780833BD
:103080001370019B70707C557160B360FEBD01339D
:103090000A2BE8D10320F9E70720F7E72465FF1F93
:1030A0002065FF1F8020F8B5484BC0051B68C12470
:1030B0008360474BFF251A68012313434361454B47
:1030C000A4001A68444B40211A60444B1A68444BD0
:1030D0001A60444B1A59AA431A51C52292009E58AD
:1030E000AE433143802699509F583F49F6010F4027
:1030F0003E439E509E5880273602360A30439850F1
:1031000080201A5900020A4002431A5104341A5905
:10311000364E3F04324080263A431A511A59360639
:103120001202120A32431A5108341A5980260A40F0
:1031300002431A51C32292009F58B446AF4337430B
:103140009F509F58294E0F4007439F509F5837402C
:1031500080263604374380269F509F5836063F020C
:103160003F0A37439F50C0221F59AF433A431A5179
:103170001A591202120A1643C6221E5192009C5876
:10318000AC4365462C439C509C5800250C40204382
:103190009850C72080001A58154C1140C0221202C6
:1031A0000A431A50134B1B78DB08AB4201DC0020AA
:1031B000F8BD2378002B06D0A368002B00D09847D9
:1031C00001350C34EEE71220F2E7C0460840FF1F3D
:1031D0000440FF1FB0F000401C65FF1FB4F000402A
:1031E0001865FF1F00E100E0FF00FFFFFFFF00FF89
:1031F0002465FF1F2065FF1F030010B51F2809D895
:10320000072200201340072404490A78A2431343ED
:103210000B7010BD00230620F5E7C0462065FF1F98
:10322000054B06491B780A6805485B0702401B0BE3
:10323000134300200B6070472065FF1F1CF0004007
:10324000FFFFC1FF70B50C25FFF7EAFF0A4B1C78A2
:103250000A4BE4086543ED18002C01D1200070BD35
:103260002B78002B06D06B68002B00D09847013CD0
:103270000C3DF1E71220F2E72065FF1F1865FF1FE4
:103280001FB5002102220B0001910091052000F0E2
:10329000CFFB02230B490A681A42FCD12023039377
:1032A000039B5A1E0392002BFAD1074A1368002B86
:1032B000FCDA0B246C442000012100F099FB2078FB
:1032C00004B010BD90C8004000C8004013B5040011
:1032D0000A4B0193019B002B01D1112016BDFFF772
:1032E000CFFF23000340044205D0052000F038FC46
:1032F000019B013BEDE71800F0E7C046FFFFFF0729
:1033000007B500F00DFC80220821D205936A0191D7
:10331000002B01D10739916202210C4A11600199F9
:10332000481E01900029FAD1033111600531019145
:103330000199481E01900029FAD11160002B02D199
:103340008022D205936200F0FBFA07BD00C0004066
:10335000F0B52D4C89B02378002B4FD1FEF7D2FA6F
:1033600002232A4F03903A681A42FCD12023069385
:10337000069B5A1E0692002BFAD1254E3368002B6D
:10338000FCDA0120FFF7A2FF011E02D0112009B0D4
:10339000F0BD030003220190009005AD9F2000F0D6
:1033A00047FB0321280000F023FB02233A681A425E
:1033B000FCD120230793079B5A1E0792002BFAD1BA
:1033C0003368002BFCDA0120FFF780FF0028DDD1F5
:1033D0000398FEF7ABFAAA786B7811041B020B4333
:1033E00029780B4363601300113B0A49052B07D86A
:1033F00001239340A3600B60012323700020C6E7E4
:1034000080231B03F6E7C046F03FFF1F90C8004033
:1034100000C800409808FF1F1E4B30B55A68187846
:103420001D4B85B0D31859424B4101210093002315
:1034300000F066FA194B1A4A02259A6300221A65AF
:1034400010325A658022C4219D65164B1648D2025F
:10345000DA6789004258154B80241A4080231B04E8
:1034600013434350642341200393E40500F02CF9F7
:10347000402000F029F96562039D6B1E0393002D27
:10348000FAD103236362FFF73BFFA562FFF760FFFA
:1034900005B030BDFC3FFF1F95FFFEF700C80040A0
:1034A000050001FF04E100E000E100E0FFFF00FF94
:1034B00010B5064B18705960FFF7AEFF00211320BE
:1034C000034AFFF7C9FD002010BDC046FC3FFF1FA7
:1034D0001934FF1FF0B587B0029103920400FEF784
:1034E00011FA019000F01CFB802302250122234EDB
:1034F000DB0535605D629A6200F022FA204F3B687E
:103500002B42FCD120230493049B5A1E0492002BCF
:10351000FAD11C4D2B68002BFCDA0120FFF7D6FEF8
:10352000002802D0112007B0F0BD2000039A0299B4
:1035300000F0A6FB022304003A681A42FCD12023C3
:103540000593059B5A1E0592002BFAD12B68002B80
:10355000FCDA0120FFF7BAFE051EE3D100F0E0FA25
:1035600080230322DB0535605A629D6200F0E8F992
:103570000198FEF7DBF9E0B2D5E7C04600C0004095
:1035800090C8004000C80040F0B5802489B0060013
:10359000FEF7B8F9E405A36A02250393029000F050
:1035A000BFFA0123304F3D606562A36200F0C8F9A5
:1035B0002E4C23682B42FCD120230593059B5A1ED9
:1035C0000592002BFAD12A4D2B68002BFCDA012042
:1035D000FFF77CFE002803D01124200009B0F0BDC5
:1035E000244B2360022322681A42FCD12023069335
:1035F000069B5A1E0692002BFAD12B68002BFCDA90
:103600000120FFF763FE021EE6D11B4B03211E6063
:10361000030001900090202000F00AFA02232268A3
:103620001A42FCD120230793079B5A1E0792002BB6
:10363000FAD12B68002BFCDA0320FFF747FE041EAB
:10364000CAD100F06DFA80230322DB053C605A6288
:103650009C6200F075F9039B002B01D1FFF750FE2F
:103660000298FEF763F9B8E700C0004090C8004038
:1036700000C800400100000694C8004007B50002E1
:1036800001910422000A01A9FFF724FF0EBD0000EA
:1036900073B5050005240B4AA3005B429B1819680B
:1036A0006B46DE1D3000FFF78DFB022804D1337816
:1036B0002B55013CEFD276BD052CFCD00128FAD168
:1036C0000230F8E7140900111F2807D801238022CF
:1036D0008340D20591680B43936070473F2808D818
:1036E0000123802220388340D20551690B43536166
:1036F000F3E75F28F1D80123802240388340D205C8
:10370000116A0B431362E8E71F2807D801228021C2
:103710008240C9058B6893438B6070473F2808D867
:103720000122802120388240C9054B6993434B61B7
:10373000F3E75F28F1D80122802140388240C90593
:103740000B6A93430B62E8E71F2810D8802302001E
:10375000DB05153A1968012A06D820229143196021
:1037600019680A431A60704701228240F6E73F2831
:1037700011D880230200DB05353AD968032A06D820
:1037800010229143D960D9680A43DA60EBE701223D
:1037900020388240F5E75F28E5D842238022181AB6
:1037A000413B8340D205516A99435162516A0B43B0
:1037B0005362D8E710B50400012813D1A02218499C
:1037C00092050B685B015B0913430B60154B164AAE
:1037D00019681140154A0A431A60402219680A43C1
:1037E0001A6010BD0028FCD101000A2000F040FA48
:1037F00021000B2000F03CFAC0220A4B920019680D
:103800000A4340211A601A688A431A60B0220449A8
:1038100012060B685B015B0913430B60E1E7C046CE
:1038200014F000401CF000407F00FEFF80FD01000E
:1038300072B6074A1368013313600422054B1A60FD
:103840000023054A13608022D2055360FEE7C0467C
:103850007808FF1FC0F00040C4F0004005490B6825
:10386000002B05D1044A0A6004490A60044A136027
:103870007047C046140AFF1F841E0000380AFF1F4D
:10388000C4F000400023034A1360034A1360034A54
:103890001360704754F0004040F1004044F1004094
:1038A00002B4714649084900095649008E4402BCD9
:1038B0007047C04602B4714649084900095C490096
:1038C0008E4402BC7047C04603B4714649084000AC
:1038D0004900095E49008E4403BC704703B4714639
:1038E000490840004900095A49008E4403BC70470A
:1038F00001B40248844601BC604700BFCD0C010002
:1039000001B40248844601BC604700BFC56D010098
:1039100001B40248844601BC604700BF79970000AB
:1039200001B40248844601BC604700BFC95C010085
:1039300001B40248844601BC604700BFE92700008B
:1039400001B40248844601BC604700BF9DA9000045
:1039500001B40248844601BC604700BF9D6A000074
:1039600001B40248844601BC604700BF19FA000058
:1039700001B40248844601BC604700BF0D520100FB
:1039800001B40248844601BC604700BFA9D80000CA
:1039900001B40248844601BC604700BF75F80000CE
:1039A00001B40248844601BC604700BF4DF90000E5
:1039B00001B40248844601BC604700BF894400004E
:1039C00001B40248844601BC604700BF8B5201002D
:1039D00001B40248844601BC604700BF0167010092
:1039E00001B40248844601BC604700BFB70E000026
:1039F00001B40248844601BC604700BF3D7101002C
:103A000001B40248844601BC604700BF0534010090
:103A100001B40248844601BC604700BF8D1101001B
:103A200001B40248844601BC604700BF71B0000089
:103A300001B40248844601BC604700BF496D0100E3
:103A400001B40248844601BC604700BF59760100BA
:103A500001B40248844601BC604700BF6D0B010001
:103A600001B40248844601BC604700BF2D6C0100D0
:103A700001B40248844601BC604700BF21A9000090
:103A800001B40248844601BC604700BFEDA50000B8
:103A900001B40248844601BC604700BFD9B00000B1
:103AA00001B40248844601BC604700BFD1AE0000AB
:103AB00001B40248844601BC604700BFB352010014
:103AC00001B40248844601BC604700BFC115010033
:103AD00001B40248844601BC604700BF891401005C
:103AE00001B40248844601BC604700BFDD0C010000
:103AF00001B40248844601BC604700BFC1F7000022
:103B000001B40248844601BC604700BFF53501009E
:103B100001B40248844601BC604700BF2144000054
:103B200001B40248844601BC604700BF75A900008B
:103B300001B40248844601BC604700BF156B010018
:103B400001B40248844601BC604700BF85C1000043
:103B500001B40248844601BC604700BF6DF6000016
:103B600001B40248844601BC604700BF01890000DF
:103B700001B40248844601BC604700BF016C0100EB
:103B800001B40248844601BC604700BF51B8000040
:103B900001B40248844601BC604700BFE94C010003
:103BA00001B40248844601BC604700BFADAE0000CE
:103BB00001B40248844601BC604700BFE512010021
:103BC00001B40248844601BC604700BF090E0000F2
:103BD00001B40248844601BC604700BFED680100A3
:103BE00001B40248844601BC604700BF53B90000DD
:103BF00001B40248844601BC604700BFF9350100AA
:103C000001B40248844601BC604700BF0134010092
:103C100001B40248844601BC604700BFF9ED0000D2
:103C200001B40248844601BC604700BF8512010010
:103C300001B40248844601BC604700BFDD3F00007C
:103C400001B40248844601BC604700BFE9D40000CB
:103C500001B40248844601BC604700BF116E0000F9
:103C600001B40248844601BC604700BFDD0A010080
:103C700001B40248844601BC604700BFA966011137
:103C800001B40248844601BC604700BF957301003F
:103C900001B40248844601BC604700BFC166010010
:103CA00001B40248844601BC604700BFE9F6000049
:103CB00001B40248844601BC604700BFBD0B01004F
:103CC00001B40248844601BC604700BFCD4C0100EE
:103CD00001B40248844601BC604700BFED6B01009F
:103CE00001B40248844601BC604700BF691101006D
:103CF00001B40248844601BC604700BFF90D0100D1
:103D000001B40248844601BC604700BF6D820111C6
:103D100001B40248844601BC604700BF090E0000A0
:103D200001B40248844601BC604700BF01D70000CF
:103D300001B40248844601BC604700BF89370100D6
:103D400001B40248844601BC604700BF0934010049
:103D500001B40248844601BC604700BFC9A9000005
:103D600001B40248844601BC604700BFBD5C01004D
:103D700001B40248844601BC604700BFE90B010062
:103D800001B40248844601BC604700BFE917010046
:103D900001B40248844601BC604700BFD54401001D
:103DA00001B40248844601BC604700BF613701008E
:103DB00001B40248844601BC604700BF8D82000008
:103DC00001B40248844601BC604700BF791201007B
:103DD00001B40248844601BC604700BF855201001F
:103DE00001B40248844601BC604700BFC1A5000081
:103DF00002000000BA91011101000000749001114D
:103E000002000000B691011101000000303EFF1FCA
:103E1000020000007C90011101000000C85FFF1F3C
:103E200002000000B491011103000000D45DFF1FE7
:103E30001200000002000000BA9101110100000010
:103E4000BC90011102000000B691011101000000B8
:103E5000B890011102000000C4900111020000009E
:103E6000E45DFF1F02000000BA9101110100000093
:103E70001891011102000000B6910111010000002B
:103E8000393FFF1F020000002A91011101000000CC
:103E90000A91011102000000B69101110100000019
:103EA000383FFF1F020000002891011101000000AF
:103EB000AC5FFF1F02000000B6910111010000007D
:103EC000373FFF1F02000000269101110100000092
:103ED000FA90011102000000B691011101000000EA
:103EE000363FFF1F02000000249101110100000075
:103EF000F590011102000000B691011101000000CF
:103F0000353FFF1F02000000229101110100000057
:103F1000F090011102000000B691011101000000B3
:103F2000343FFF1F0200000020910111010000003A
:103F3000EC9001110202020202020000351601118A
:103F400031160111118D011190011D00180018008A
:103F5000FFFF07010203040506020106000000003E
:103F60000000000000000000000000000000000051
:103F7000000000000000000003000B000500F0003E
:103F80000000B4000028002800283075A000A00020
:103F9000A000A00000080008E001F00010001000E0
:103FA00010001000100010005000500050001000D1
:103FB0001000D0070000000000000F000100050005
:103FC000307507001000010081FF00000000FF00B5
:103FD0009D370111A535011135330111FFFF010096
:103FE000FF000000116301118D600111A55F011137
:103FF00000000000000000000000080004000000B5
:104000003B0001085902E00188212800FF00000060
:1040100002000000BA91011101000000A0920111FC
:1040200002000000B6910111010000008D40FF1F49
:1040300002000000B291011101000000DC65FF1FC9
:1040400002000000B6910111010000008C40FF1F2A
:1040500002000000B0910111010000008A40FF1F22
:1040600002000000B6910111010000008840FF1F0E
:1040700002000000AE910111010000008040FF1F0E
:10408000180018001D009001020000030202000049
:1040900002000000BA91011101000000B492011168
:1040A00002000000B691011101000000D040FF1F86
:1040B00002000000AC9101110000000000000000AF
:1040C00002000000B491011103000000FC65FF1F15
:0240D00020FFCF
:040000051FFF184180
:00000001FF
