:020000041101E8
:10010000F7B5164B0192C318021D002000938823F7
:100110005B05D3181B685C1C1AD09CB2402C18D805
:100120008D781E0CAC466746CD782D023D43AE421D
:1001300006D1019800280ED110000C70240A4C70D2
:1001400003249BB20733A343D218009B9A42DED309
:10015000FEBD4432F9E71000FAE7C046FC0F00008C
:10016000802213B503000324019189B252010731A3
:100170009B18A14304305A1A88235B05C3181B68D7
:10018000591C03D190429241104016BD99B24029AA
:1001900007D80B000733A343C0189042ECD30020CC
:1001A000F3E74430F9E7134B134A1B68126810B5A4
:1001B000F424934201D81A00F024104BA4021B68C7
:1001C0009A4210D813000E4A12689A420ED3013395
:1001D00007D1F0239B029C4203D10A49054807F04E
:1001E000BFFB200010BDF824A402ECE7FC24A4020D
:1001F000F7E7C04600C0031100D0031100E003116F
:1002000000F00311FFFFFF7FF0B59BB015000490D5
:100210000391402A00D9A0E006AB59801A80FFF76D
:10022000C2FF0400042816D9002206A9FFF768FFC0
:10023000052810D906AB1B88AB420CD1002D07D086
:10024000514B2A000499C01807F06AFB002802D11C
:1002500001201BB0F0BD06AB1D8020000699FFF702
:100260007FFF041E7BD1069B0793FFF79CFF802333
:100270005B01C61880230700DB029E4201D3F026F3
:10028000B60288235B05F31801931B68013302D083
:10029000019807F015FC3D49019807F061FB3B1DF3
:1002A0000293331D05938822029B52059B181B68FD
:1002B00008935A1C3CD044219AB20091402A04D899
:1002C0000320D11D814389B2009103991B0C8B42FD
:1002D00024D0402A22D80122300008A9FFF710FFBD
:1002E000021E1BD1380008A9FFF70AFF04000428EA
:1002F00031D9009A059B9B1880225201B218934273
:1003000040D288235B05C118009A09A807F060FB5A
:100310001D4B009A09A9F01807F0EAF9009A029B10
:100320009446634402931A4B029AFB189A42BAD33A
:1003300088235B05FC1821680198013907F010FB40
:10034000200007F0BDFB039A07AB5A8030000799E5
:10035000FFF706FF0400002C03D1002079E70428F2
:10036000FBD988235B05E018069907F0F9FA032307
:10037000EA1C9A4300D16BE7034B0499E01807F09D
:10038000B7F965E70424ECE704000011FFFFFF7FE5
:10039000F80F0000F7B505001400402A21D8002707
:1003A00001AE71803780FFF7FEFE042816D93A00AF
:1003B0003100FFF7A5FE042810D93688BC420BD0C7
:1003C000BD4209D0221CB44200D9321C064B92B265
:1003D000C118280007F0FCFA30B2FEBDC04300B2DD
:1003E000FBE703204042F8E70400001137B5042280
:1003F00004000D0001A81649FFF7CCFF02000428F5
:100400000BD1019BA34208D3AB4204D0104901A8F1
:100410000195FFF7F9FE01203EBD0E4C2368200038
:10042000019307F04DFB019920000139019107F07C
:1004300097FA80235B01E418074B9C42EED104221B
:10044000034901A80195FFF7DFFE0020E4E7C0465D
:100450005555000000C00311000004118022F8B5BA
:10046000964C974BD200002120001C6007F018FB2F
:100470002300944A88331A60934B1A786A23002A1F
:1004800000D01133E3620A232365904B37221B7897
:100490000820A3638E4B2118E361102323628D4B48
:1004A0003B256361C823DB00A36123008C331A6002
:1004B0002823013AE26320646364CA67043A211D79
:1004C000CA672100BC310D602100C03108602100E5
:1004D000C4310B6021000635CC310D602100083D90
:1004E000C8310D602100D0310A602200D432106082
:1004F0002200D832136022000227E0322100176068
:100500004222DC310A6021001B3DE4310D602100F4
:10051000E83108602100EC310B6023000521F43341
:1005200019602300F0331A602300183290331A60E8
:1005300023009433186023001E3A98331A60AF23C7
:10054000DB002360644BFA262363644B644DE36055
:10055000644BF031A3642300FF31FC33B600A1608B
:1005600021611E60A5627325E5656D3D6565A56524
:1005700096255D4AAD00E264666258606766A566CE
:1005800000270925A767E566584F594D6067200089
:100590002567E2673A6015279C30676007001A20DC
:1005A00038602000A0300700212038602000A830EB
:1005B00007004C4838602000F830066026006427A9
:1005C000A436376026005F3FAC3637602600033F15
:1005D000B03637602600C637B436376026000027AD
:1005E000B836376038269E60424E96205E64424E92
:1005F0005A66DE61414E9A645E62F53EFF3E9E623F
:100600001E269A67354A8000DE661F675F67DD65D4
:100610001D661862DA67BE23394A5B00E250394B27
:10062000D838235004302250C4225200A350C6238D
:10063000E4205B00E1500433334AE1503349344B4A
:10064000D1603449800019503349E938FF381950D6
:1006500032490430195032493248D161324911636C
:10066000324951631900F4310860CE20304940000E
:1006700011603049195019002F48F83108602F498E
:10068000D16582212E4A89005A501A002D4908321C
:10069000D1671A002C49B432116088212B4A890095
:1006A0005A501A002A49883211602A4ADA6407F03F
:1006B000C7F9012007F074F8F8BDC0460004FF1F19
:1006C0003061FF1F006CFF1FD43FFF1F4A0AFF1F4E
:1006D0003A07000080C3C9019A020000DC0500004F
:1006E0006A18000050C3000088130000F009FF1FC3
:1006F000204E00006509FF1F68100000C4090000BB
:1007000040420F0010270000FC00FF1FC11BFF1F0D
:100710000000FF1F152CFF1F9D2FFF1F352EFF1FF1
:10072000811FFF1F7126FF1F9D1FFF1F4921FF1FF4
:100730000D1FFF1F9528FF1F7D29FF1FD918FF1FC1
:10074000A127FF1FC524FF1FD124FF1F0D1EFF1F60
:10075000C51EFF1F851DFF1F0223F0B501244F4E4C
:100760004F4D33704F4B2C701A684F4B89B004209B
:100770005A7005F08BFF06F06BFFFFF76FFE07F076
:100780008FF81F220021494B1E271A70484B6F44D7
:100790001C70484B1970484B19689143163A0A432C
:1007A0001A60602219689143403A0A431A6006F0C1
:1007B000AFFF07F01DF9414B9847C120FF21404B87
:1007C00080001A588A431A50C522920098588843CC
:1007D000BF390143995098583A4908408021C901CE
:1007E0000143802099509958C0050902090A014324
:1007F000995080213448490106F0BAFF03232200B2
:10080000324901940093324806F09AFF162231498A
:1008100002A807F0DDF802AC61782078023405F018
:1008200047FDA742F8D12C4C2C4B226803201A40DC
:10083000A023DB0213432360802322689B0413431D
:1008400023602268264B1A4080239B0313432360B6
:10085000244A254B934200D8012006F0B1FF06F050
:10086000C7FE80232268DB0413432360307806F040
:10087000AFFE2878C0B207F06BF807F059F91B49B2
:10088000042006F02DFF05F0CDFE00F087FD00F0FE
:100890002FFE00F00BF9002009B0F0BD4A0AFF1F3F
:1008A000D43FFF1F34F00040D85EFF1F480AFF1FEF
:1008B000490AFF1F680AFF1FBCF00040E1A20000C8
:1008C00000E100E0FF00FFFFD83FFF1F5C52FF1F69
:1008D000D84FFF1F407B011114F00040FF7FF8FF4D
:1008E000FFFF9FFF0080FF1F006CFF1F3B00010800
:1008F0007047704730B503A804880B20002C0ED138
:100900004968074D08784978090201430A20A9423D
:1009100005D1012120001980024B1B7A137030BDD4
:10092000192A0000C05EFF1FF7B5150008AA168837
:100930004A680F4F14785278120222430A24BA42AE
:1009400014D10122DBB2019200962A0006F0BAFD12
:10095000041E0BD1074B1B68002B07D068782A7840
:100960000002104342425041013098472000FEBD32
:1009700002290000DC5CFF1F30B50125037904006B
:10098000BFB02B4211D00A49408806F007F928422F
:100990000BD0084B01A95B8D4D800B80064B0022CC
:1009A0001B7A60880B7103F08DFA3FB030BDC046F2
:1009B000D45CFF1FF03CFF1FC05EFF1F10B5054950
:1009C000054806F0A1F80421044A054806F05EF83F
:1009D00010BDC046D45CFF1FFFFF0000587B011113
:1009E000F03CFF1F10B5024804F0EEF810BDC04601
:1009F0007909011101230370054B1A7A42700C2208
:100A000082709A79C270DB79037105207047C04605
:100A1000C05EFF1F022310B50370013B4370053316
:100A2000837010330371443B43712A338371443321
:100A3000C37100230372064B04001B8843720A3003
:100A4000FFF7D8FF831D0A30C0B2E37010BDC04667
:100A5000C05EFF1F10B5142007F062F8124B14227D
:100A60000021186007F01CF8002006F0D9FE0120D4
:100A700006F0DEFD022006F0D3FF032003F048FB62
:100A8000042005F05DFB052002F086FD062003F042
:100A900053FA072001F028F8082005F0D7FF0920B5
:100AA00000F02CFE10BDC046E05CFF1F06F0D8FD34
:100AB000012006F0E5FF06F06BFF002B01D00022BD
:100AC0001A800A2070470000F0B56C4B85B01B6897
:100AD000002B17D06A4C2021200000F089FB694DC3
:100AE0002B78002B10D19825674C6D0020212B000E
:100AF0002200634800F0A3FB0100A84202D12000BD
:100B000000F052FB05B0F0BD6E796F78002E2CD04E
:100B1000701E032106F02CFF5C4B0131C9B21E7818
:100B2000012940D1A878FF21784306F049FFC3B2DC
:100B30000193E878FF21784306F042FFC3B20293A5
:100B40002879FF21784306F03BFF23000322C0B23F
:100B50006033164204D10199A0702170029961702E
:100B600003340136A342F4D1BDE7A878FF217843CE
:100B700006F026FFC3B20193E878FF21784306F020
:100B80001FFFC3B202932879FF21784306F018FFB4
:100B9000C0B2019B01362370029BA07063700334C6
:100BA000202EF6D19FE702293DD10325002375436E
:100BB0000193EDB2542E20D8E8430023C0B2029531
:100BC0000393FF21784306F0FBFE20700298FF217B
:100BD000784306F0F5FE60700398FF21784306F035
:100BE000EFFE019B083601331835A0700193F6B271
:100BF000EDB20334202BDDD175E7A92E09D86B1C8B
:100C0000DBB2039302235B425B1BDBB20020029347
:100C1000D7E703235B425B1BDBB203930023A81CD3
:100C2000C0B20293CDE7700073B2C0B2002B03DAFA
:100C3000FF239B1B5B00D8B2FF21784306F0C0FE68
:100C40000600A878FF21704306F0BAFEC7B2E87824
:100C5000FF21704306F0B4FEC3B201932879FF214F
:100C6000704306F0ADFE0023C0B2019A0133277035
:100C70006270A0700334202BF7D134E7105DFF1FA2
:100C8000445EFF1FA45EFF1F145DFF1FEE5CFF1F8D
:100C900070B51E0004AB15000E241B88002921D05E
:100CA000002A1FD0033C002B1CD10B78013C022BE7
:100CB00018D14B681A785B781B0213430B4A934296
:100CC00010D10334092E0DD132002900084800F05C
:100CD000B8F8041E08D132002900064806F078FE54
:100CE000FFF7F2FE200070BD8024FBE7F3FF000059
:100CF000A45EFF1FE45CFF1F10B50E4800F062F910
:100D00000021072005F0BAFB0221072005F0D0FAE8
:100D10000021032005F0B2FB0221032005F0C8FAF0
:100D20000021042005F0AAFB0221042005F0C0FAEE
:100D300010BDC046F05CFF1F73B5072005F0A8FA90
:100D40000400032005F0A4FA0500042005F0A0FA31
:100D500001214D404C40194E4140EBB2184DC9B2F3
:100D6000009130002900E2B200F034F9002804D0EC
:100D70000022144B1A70FFF7A7FE2B78002B13D01C
:100D80006B79002B10D0FF211220AB790D4ECB1ABE
:100D90009BB2584306F0BCFE347802300134E4B212
:100DA000C0B2844201D2347073BD0023064A33704E
:100DB000137801331370FFF787FEF5E7F05CFF1F30
:100DC000A45EFF1FED5CFF1FEE5CFF1F10B50D4C16
:100DD000200000F027F800230B4A0C4813700C4A3F
:100DE0002370137000F052F942424241094B1A60DD
:100DF000002801D1FFF768FE0321074A074805F0E4
:100E000045FE10BDA45EFF1FEE5CFF1F009F240087
:100E1000ED5CFF1F105DFF1F9C7B0111343DFF1F28
:100E20007047704700280BD001230370FE338022E7
:100E300043708370C3700371002382714371C37167
:100E4000704710B50123041E23D0002921D0DB18E0
:100E5000092A1ED10A7801337E2A1AD10A7AEF2A8A
:100E600017D18B78072B09D8002B09D0981E05289D
:100E700008D806F00DFE101728374F54812B57D095
:100E8000042306E04A780323042A02D1CB78637056
:100E90000023180010BD4A780323042AF9D1CB7827
:100EA000A371F5E74A78052AF3D10A79032A04D118
:100EB0007F22CB7813406371EAE704239A42E8D19A
:100EC000033BE371F4E74B78042B34D10A79002A11
:100ED000DFD1C8784A798242DBD10133012AD8D8E0
:100EE0002270D5E7CA780423032AD2D14A78072A88
:100EF000CFD1EF20CA79103A0242CAD10B79A37040
:100F00004B79E3708B792371CB79202BC0D11F3BB8
:100F1000E371BDE74A780323042AB9D0B9E74A78D8
:100F20000523042AB5D1CA78012AB2D8E271AFE705
:100F30004B78062BACD00323ABE7000002788A4243
:100F400004D0012301708370002070478378032B45
:100F500018D80133DBB28370042BF5D14378934268
:100F6000F2D04270002A05D000238380C380037230
:100F70000120EAE7037A8280C28002725842584117
:100F80004000E2E74378002BDED083880C4A93428E
:100F900001D001338380037A002B07D182883B2A5A
:100FA000D2D901220272C3800320CEE7C388013365
:100FB0009BB20E2B01D8C380C6E70023F3E7C046DF
:100FC000FFFF000010B5002803D02022002106F00A
:100FD00067FD10BDF7B51E0008AB1B780C000500BF
:100FE00011000193002839D0201E37D02800FFF7C8
:100FF000A5FF0700280031000A30FFF79FFF060019
:10100000280001991430FFF799FF02000020012FFA
:1010100004D12378380059424B412370022E1ED14F
:1010200007210320AB7F01330B401749AB775843AF
:101030000B00C35C0918A37000234D788978E57014
:1010400021716371E3710120022A12D163790132A7
:101050000133134063710023E3710120FEBD032EB1
:10106000F2D163782021DF2B01D85B18D9B26170EF
:10107000E9E7032AF2D1A3791D32DF2B01D89B18AF
:10108000DAB2A271E9E7C046B87B011170B5041E5F
:1010900066D08423354A5B0111680B4313604023FB
:1010A000334A11680B4313608023DB051A6831490A
:1010B0000A401A608022196852010A432E491A60B8
:1010C0000A682E4B1A40B0235B0313430B60802346
:1010D0002B4ADB0311680B4313602A4B98476300CC
:1010E000050083423FD860082100401906F010FD3A
:1010F000254A030090422FD91300DA0717D51A00AA
:10110000032B00D203222149013A8B4200D90B0064
:101110001100614301335C43481B8D4200D9681ABA
:10112000611BA54200D9291B884200D8130008245E
:1011300000201749174AFF34087014802222164CE9
:1011400025682A432260154A1360154B154A18601A
:10115000012313700B7070BD0228CED20223CCE79E
:1011600001204042F7E70220FBE7C04608000040AC
:1011700014000040FFEFFFFF2C380040FFFFC0FFCE
:101180000C380040D1A50000FEFF0000FDFF00006C
:1011900008700040007000402C3000401470004087
:1011A0002C7000401070004030B5002817D002238A
:1011B0000C4C4118884206D10123227810001840B7
:1011C0001A42FAD130BD22781A42F3D0064A126888
:1011D000072AEFD80578054A01301560EAE70120B3
:1011E0004042EFE7287000402070004060700040EF
:1011F0000B00002805D003215943002341188842E1
:1012000000D170470370437083700330F7E7F0B587
:1012100000220624130080260427A446340014412B
:101220003D00044200D06546DB0001322B43082A12
:10123000F4D11A0C0A701A0A4A708B70F0BDF0B51E
:1012400004001500070085B0002819D0171E17D01C
:1012500009224A43170010370192BB4222D30323CD
:101260002E004B43C3180293330009330393029BB0
:101270009C4208D1019B10220021E81806F010FCC6
:10128000380005B0F0BD31006078FFF7C0FF20786E
:10129000F11CFFF7BCFFA078B11DFFF7B8FF0334C6
:1012A000039EE1E70027EBE770B5160004AA148857
:1012B00005AA15784A685078117800022A4A08432E
:1012C000801805284BD806F0E3FB03131E29343F92
:1012D00007200E2C0BD80F22121BAA4200D92A007D
:1012E00022491A803000091906F072FB002070BDF7
:1012F0000720112CFBD81222121BAA4200D92A0067
:101300001B491A80EEE707200E2CF0D80F22121B83
:10131000AA4200D92A0017491A80E3E70720032CC4
:10132000E5D80422121BAA4200D92A0012491A80C9
:10133000D8E70720032CDAD80422121BAA4200D9CE
:101340002A000E491A80CDE70720022CCFD80322AD
:10135000121BAA4200D92A0009491A80C2E70022BA
:101360000A201A80C3E7C046DCD5FFFFFA7B0111D3
:10137000AC5EFF1FEA7B0111E57B0111E07B0111EF
:10138000DC7B011110B50D21024A034805F07EFBFC
:1013900010BDC046D07B0111643DFF1F10B5084C45
:1013A000E368002B08D18022064B52021B689B1871
:1013B0006360054B1B68236006F04AFBA06010BD0C
:1013C000E85EFF1FC8F00040CCF0004070B5184A3E
:1013D000936A916A9942FBD116498A689A421FD34F
:1013E0009A1A8B60144B0126186893B2D202D20E5F
:1013F0004343424300204C681B0A1B1912029B18EE
:101400000E4C0A684B60551CA3420CD8002801D032
:101410004B600A600A4A136008680A4B186070BD86
:10142000581E821ADDE7084A30009B182A00EAE7B6
:1014300000F00040E85EFF1F140AFF1F40420F004B
:10144000C8F00040CCF00040C0BDF0FF70B51F4CAC
:1014500023793F2B01D93F2323711D4B22791A7029
:101460001878C0B206F0E4FA18231A491A4A0B8019
:101470001A4913800B805380A379194980200B806F
:101480000C21938001334B43164D191C00018342FC
:1014900000D9011C2980D1806379002B01D101334F
:1014A0006371237A012B01D8022323726279237A94
:1014B0000D4853430A21584306F082FA0B4D286029
:1014C000E379052B01D81023E37170BDDC5EFF1FAB
:1014D000480AFF1F4E3EFF1F803FFF1F4C3EFF1F6D
:1014E0004A3EFF1F483EFF1F71020000CC5EFF1FF7
:1014F00070B521210020FEF779FF084C002805D1A6
:10150000074B23CB23C4FFF7A1FF70BD0C222000A3
:101510000449FEF73FFF0C28F2D1F4E7DC5EFF1F21
:10152000247C0111FC0C000070470000013870B5EC
:10153000042809D806F0ACFA030927081200204B4A
:101540000221187806F05CF970BD1D4B082118784F
:1015500006F076F900221B4B1A72F5E78022002470
:10156000184B52001A81FA22DC72174B144D5B7A29
:10157000920008215A43287806F0DAF821002878EA
:1015800006F096F9E0E70E4B0821187806F058F9B6
:101590000E48FFF73FFA0C4B0D4A9B7993800D4A9A
:1015A00013800022074BDA720132FF321A810A4B94
:1015B0001B78002BC8D0094A136006F069F8C3E70E
:1015C000F85EFF1FCC5EFF1FDC5EFF1F593EFF1F52
:1015D000803FFF1F4A3EFF1FD85EFF1F34F00040D0
:1015E0000300F0B50A4D8E18B14202D152008018A6
:1015F000F0BD0C782F6824093C5D0F271C700C7817
:1016000001313C402F683C5D5C700233ECE7C04622
:10161000443EFF1F18220F4B10B51A7017230E4CB3
:101620000E492370093A0E3B0D48637006F0D0F95D
:101630002D2301220B490C486374FFF7D1FF0122CF
:101640000A49FFF7CDFF01220949FFF7C9FF00232F
:10165000037010BDF660FF1FD760FF1FFA7B0111FA
:10166000D960FF1F6709FF1FE960FF1F6609FF1FA1
:101670006509FF1F10B5FFF7CDFF084C084B207818
:1016800021000130C0B2187006F0C2F82178054A76
:101690000139C9B2002005F017F910BDD760FF1F4E
:1016A000F660FF1FD960FF1F10B5114B1A78187034
:1016B000002A0ED000280BD10E4B1A78062A07D824
:1016C0005423D340DB0703D50B4B187801F002FEFF
:1016D00010BD0028FCD0074B1B78012B02D0033B28
:1016E000022BF5D8044B0121187806F089F8EFE7B2
:1016F000FA60FF1F2161FF1F2261FF1F70B5444D7B
:101700002D24287005F0E4FF032242494248FFF7E8
:1017100067FF8821030004221C7049050130FFF790
:101720005FFF302304703D4E3D4C437083702E3B71
:10173000062220003B49F387FEF72CFE062813D033
:10174000200006F0FDF8022809D00321200006F051
:1017500047F98D23E3706E3B2371193363710622C1
:1017600020003049FEF750FD2F4B1B68FC335C64B2
:10177000FFF780FF0020FFF797FF2C4C2C4A012138
:101780002C4B1278207801F067FD207801242A4A3A
:1017900000212A4B127801F05FFD6422284B2021A2
:1017A0001C70284B5B7953431A000A32B381338291
:1017B000F2817282287806F0E3F80120404205F0B9
:1017C000CFF80120404205F06BF9FFF7DBFDFFF792
:1017D000F5F801204042FFF7F9FAFFF78DFA802172
:1017E0000A220901287805F0A3FF200006F080F8FE
:1017F000F02000F0EDFE2100287806F001F82878AE
:1018000001F0C4FE104806F063F9FFF771F870BDEF
:10181000F85EFF1FF43EFF1FAC5EFF1F803EFF1F00
:101820006509FF1FADAC00003061FF1F2261FF1F83
:10183000783EFF1F593EFF1FF660FF1FD760FF1F56
:10184000C860FF1FDC5EFF1FFA5EFF1FF8B50A00CD
:1018500020230D001A4019425DD0544B1B78002BF9
:1018600043D0FFF7B3FD524B524C534E9968626818
:10187000737A8A1ADB039A423AD36160FFF738F829
:10188000637A002B2ED0013BDBB26372002B29D18F
:10189000E27A002A11D0A27AE372002A02D0A3725F
:1018A000FFF727F8454A464F138838000133138065
:1018B000FFF7B0F8390006F003F864227379414E5F
:1018C00053431900404A0A319381D18113825182D6
:1018D000307801F0FFFC04223C4B012130781A7073
:1018E00005F08EFF237A0133237220206840F8BD73
:1018F000A37A002BC4D00023A372FEF7FAFF2F4A6D
:101900002F4F1388380001331380FFF783F8390015
:1019100005F0D6FFB4E70BB2002B0ADA2C4B18788F
:1019200005F036FE002801D006F09AF8802000026B
:10193000DCE70224214206D01E4B01201A72FFF779
:10194000B3FE2000D2E70824214204D0FFF73EFD79
:10195000FEF7CEFFF5E7CB060FD5FEF7CAFF134B18
:101960001B78002B07D1FFF73DF8134B1B68DB07F3
:1019700001D5FFF756FA1020B8E70124214205D01F
:10198000144800F075F805F03BFEDAE780242401E6
:10199000214202D0FFF7D0F9D3E704240800204009
:1019A0002142A4D0FFF73CFACBE7C046FA60FF1F04
:1019B000E85EFF1FCC5EFF1FDC5EFF1FC05EFF1FE7
:1019C000593EFF1F2261FF1F803EFF1F2161FF1F45
:1019D000F85EFF1F3C3EFF1FF0B51B4B1B4F1B88E3
:1019E0003A8804001A4E1B4D85B09A420DD83288B1
:1019F0009A420AD3184B1A882B889A4205D1174A63
:101A0000174B12881B889A421BD0052000F036FE27
:101A10003B8802AA13803388019053802B88114D94
:101A200093800F4B02A91B88D3800F4B2A7818880C
:101A300002F052FB0D4B08212878019A1C7005F02A
:101A40004FFF05B0F0BDC046C660FF1F4E3EFF1FF2
:101A50004C3EFF1F4A3EFF1FC460FF1FC260FF1FB6
:101A6000483EFF1F2261FF1F503EFF1FC060FF1F47
:101A700013B50C4B1C78002C11D1002801D00A4B57
:101A800018600A4A0A4B11780A4A10780A4A0192E9
:101A90000A4A0092002204F00FFE200016BD112415
:101AA000FBE7C0462161FF1FBC60FF1F2061FF1FD5
:101AB0001061FF1F2261FF1FFC60FF1F0061FF1FFD
:101AC00010B5064B12201B78052B06D1044B1322B0
:101AD0001988044B187800F0ADFF10BD2161FF1F7D
:101AE000503EFF1F2261FF1F10B500240122114B41
:101AF00052421870104B1C70104B1A8001F046FDBA
:101B000004220F4B21001A700E480C3205F010FF12
:101B1000102221000C4805F00BFF07220B4B1C6024
:101B20000B4B1C700B4B1C700B4B1A700B4B1C702F
:101B300010BDC0462261FF1F2161FF1F503EFF1FE5
:101B40002061FF1F1061FF1F0061FF1FFC60FF1F6E
:101B5000D660FF1FD560FF1F523EFF1FD460FF1FDE
:101B6000F8B5174C0600257806A814240078052D32
:101B700023D1B41F134FA5B21824BD421DD88D1F09
:101B8000ADB2BD4219D8FA256D00AA4215D21D008A
:101B90000D4F0A3DADB2BD420FD80C4C26800C4C07
:101BA00021800C4900240A800B4A1380FFF714FFA0
:101BB0000A4B0421187805F043FE2000F8BDC0460A
:101BC0002161FF1F790C0000750C00004E3EFF1FC5
:101BD0004C3EFF1F4A3EFF1F483EFF1F2261FF1F72
:101BE000F0B50BB20D0089B0002B00DB70E1A44E04
:101BF000307805F0CDFC041E50D00378A22B00D124
:101C000022E1D02B1AD0912B45D143780E2B42D113
:101C10009C4B82889A423ED19B4A83681278052A5F
:101C200039D1032018567F2835D0984B1B68002BDC
:101C300031D05B68002B2ED098472CE080780728A5
:101C400029D805F025FF0428183F3F74A8D86378E9
:101C5000002B0CD101218C4B19708D4B1A78002A66
:101C60005BD08C4B307801F0F7FA002855D0072272
:101C7000854B1A7051E061780029F8D1E378002B88
:101C800011D0854A854B1278307801F0E5FA607002
:101C90006378002BEBD1200005F0E2FE80200002EB
:101CA000684009B0F0BD784B1B78022BF3D00121BE
:101CB000307805F00DFE0028EAD10121307805F0DA
:101CC0009FFDE5E76378002BD1D16F4F032807D143
:101CD0003B78052B02D101333B701EE00223FBE76A
:101CE0006F4B1A886F4B0293002A0BD01B78002B86
:101CF00003D00121307805F0F3FD3B78062B04D1A9
:101D0000013BE9E7029B1A70F7E7042B41D101215F
:101D1000029B3078197005F073FD5C4B1B68002B3B
:101D2000B9D01B68002BB6D0574A107884E7637887
:101D3000554F002B27D10622211D5B4805F048FE98
:101D400062895A4B5A491A80A2895A4B1A80E389F0
:101D50000B800521397058490A80584A1380228A1D
:101D6000574B1A80574B1B78012B09D11F2000F0CD
:101D700085FCFA22920042430421307805F0B0FD40
:101D80000022484B75E7312B00D070E70022454B0D
:101D90001A700323A0E706220021434805F0C8FD7E
:101DA0000023454A04211380444A30781380444A72
:101DB000138005F045FD0821307805F041FDA37939
:101DC000083B5A425341304A03331370304B1B785F
:101DD000002B06D0334B30781A78002A06D001F059
:101DE00079FA0122314B52421A8096E7012119708B
:101DF00005F006FDF5E70821307805F021FD637850
:101E0000002B00D047E72C4B2D4F0293E388029A1A
:101E100004211380294B307803932389039A13807C
:101E200063893B8005F054FD002800D033E7264B42
:101E30001B68002B00D12EE7039902983A88098885
:101E400000881B68984726E74379132B00D022E7C8
:101E50000389012B0AD11D4B1B78022B06D10821C7
:101E6000307805F0EDFCFFF72BFE14E7052000F0BD
:101E700005FC08210200307805F032FD0BE7C04672
:101E80002261FF1F051400002161FF1FBC60FF1FBE
:101E9000783EFF1F593EFF1FF660FF1FD760FF1FF0
:101EA000F860FF1FFA60FF1FC960FF1F503EFF1F51
:101EB000D060FF1FD260FF1FC660FF1FC460FF1FFE
:101EC000C260FF1FC860FF1FB860FF1FC060FF1F18
:101ED0008020C001014200D0E2E6CB0731D5324B71
:101EE0001B78002B1DD0314E05AC3378052B1AD151
:101EF000023B23702E4B21001B7823722D4B1B7845
:101F000063722D4B187801F04BF9002809D0072097
:101F10002A4B30701B68002B03D01B68002B00D0AD
:101F200098470120BCE60E20254B06221B78254948
:101F30002370254B1B78637002ABC01805F048FD79
:101F4000D8E7022308001840194209D0174B1B7824
:101F5000052B03D11D4B188805F08AFB02209FE654
:101F60000424214203D0FFF737FD200098E6082320
:101F700008001840194200D193E6154B1C78012C3B
:101F800003D0022C0DD008208AE6124B124A1349C6
:101F900013481B881288098800880094FFF7E0FD29
:101FA000F1E7FFF78DFDEEE7FA60FF1F2161FF1FEC
:101FB000523EFF1FD460FF1F2261FF1FBC60FF1F46
:101FC000D660FF1F533EFF1FD560FF1F503EFF1F0F
:101FD000C060FF1F483EFF1F4A3EFF1F4C3EFF1FD1
:101FE0004E3EFF1F10B5034C0B000122210000F0F4
:101FF0006BFA10BDA52101110B8870B506000D000C
:102000000224162B11D92B000322094900F05CFA97
:10201000041E0AD1074B2A881B88191C934200D939
:10202000111C300089B200F0EFFA200070BDC046EC
:10203000D12101113661FF1F10B54A780400013A21
:102040000B000220012A07D80A78002A04D00522B2
:102050002000024900F038FA10BDC046FF210111EE
:102060000A7810B50B0004000220002A04D00722D1
:102070002000024900F028FA10BDC046AB22011131
:102080000A7810B50B0004000220002A04D00922AF
:102090002000024900F018FA10BDC04611230111BA
:1020A00010B5034C0B000B22210000F00DFA10BDFF
:1020B0004123011110B5034C0B000D22210000F04B
:1020C00003FA10BDB323011110B5034C0B000F220E
:1020D000210000F0F9F910BD0D2401110A7810B5A6
:1020E0000B0004000220002A04D011222000024923
:1020F00000F0EAF910BDC0461D240111002310B5FF
:102100001322190000F0E0F910BD000010B5034CD7
:102110000B001722210000F0D7F910BD6F24011128
:10212000002310B51922190000F0CEF910BD0000EF
:1021300010B5034C0B001B22210000F0C5F910BDA7
:10214000A9240111F7B584890D0006000121002C96
:1021500022D000238268D3561778002B1EDA0C2C6D
:102160001AD90C3CA4B2131940880093230002F042
:1021700086FE431E984101307B06DB0F6B703F23C8
:10218000013C1F40A4B22870AF70AC80002C07D077
:10219000B3680133AB6000210800FEBD0020EBE70F
:1021A000AC60F8E70B7803704B8843704B881B0AD0
:1021B00083700B79C370042070470420022B06D172
:1021C0000020537811781B02009A0B43138070474C
:1021D0000B8803700B881B0A437002207047042091
:1021E000009983420AD1537810781B0203430B8075
:1021F000D37890781B02034300204B807047F8B5DA
:102200000D004B7801240021461C03702B788B4273
:1022100001D82000F8BD6B78B01C4F1C012B10D1E9
:10222000890069184B88022233704B88B9001B0A59
:102230007370691805F0BCFA04360434A4B2F9B21C
:10224000E4E7122359436B185A88043132705B88D3
:1022500010221B0A7370691805F0AAFA123612349C
:10226000ECE770B5049D14001E00052B01D8042076
:1022700070BD637812781B0213432B80E378A27839
:102280001B02134302226B802A71211D681D063E2A
:1022900005F08EFAB2B22A81E92AE8D82800A11DF9
:1022A0000A3005F085FA0020E2E7002310B50A782D
:1022B0009A4201D8900010BD9A008A1854880133C0
:1022C00004705488DBB2240A447094888470928825
:1022D000120AC2700430EAE710B51100029C062B06
:1022E00004D004201022142B01D010BD0222227130
:1022F0004B7808781B0203432380CB7888781B0235
:10230000034363800431601D05F052FA0020ECE7BE
:1023100010B50C788B7804315C43E4B20370220072
:10232000013005F045FA601C10BD0420022B06D1D7
:102330000020537811781B02009A0B4313807047DA
:1023400010B50C000A88023105F032FA208810BD61
:1023500070B504000D0004981100012B01D8042071
:1023600070BD167852781202324302800200F132B8
:1023700055701470E125002C00D10C35023B9AB247
:102380004280AA42EBD80231043005F011FA002055
:10239000E6E70420009983420AD1537810781B02A3
:1023A00003430B80D37890781B02034300204B80BB
:1023B000704710B50C000A88023105F0F9F9208841
:1023C00010BD000070B501211E000420049C0E40C9
:1023D0000B4218D1CB40DDB28D4214D90A49DBB291
:1023E000098899420FD32300EE331D703300580043
:1023F00011184978165C0902314301332152D9B2D0
:102400008D42F4D8002070BD7A3EFF1F10B50C003D
:102410000A88023105F0CCF9208810BD10B50C787F
:102420008B7804315C43E4B203702200013005F084
:10243000BFF9601C10BD10B511000298032B01D824
:10244000042010BD14785278043B1202224302800B
:10245000CA788C781202224342809AB28280EB2A98
:10246000EED80431063005F0A3F90020E9E710B5F5
:102470000C000B8803700B881B0A43704B88837019
:102480004B881B0AC3708A880430063105F090F926
:10249000A088043080B210BD0420012B03D100209D
:1024A0001378009A1370704710B50C000B880370F6
:1024B0000B881B0A43704A880230043105F078F912
:1024C0006088023080B210BDF0B589B003931E4B16
:1024D000029242000700D05A019102F020F8132521
:1024E000061E2DD0029B01240370019B002B04D0FB
:1024F000001903999847001984B26B461B7A5BB2A6
:10250000002B0FDA1021380002F01CFB19250028DF
:1025100013D130003219E1B202F066FC051E0CD175
:102520000C34A4B2042304AA380005A993800696AB
:10253000948101F0AFFD051E02D0300005F058F97E
:10254000280009B0F0BDC0463461FF1F70B505001A
:102550000C0000280CD00020814209D0102220005D
:10256000044905F025F901202B7823736B786373F8
:1025700070BDC046417C0111F0B506000D0017008A
:102580001C0085B002291BD00020102907D1022B86
:1025900007D0102B03D115E00020102C08D005B077
:1025A000F0BD69463800FFF7D1FF2A0069460BE00D
:1025B00069463000FFF7CAFF22006946380004E090
:1025C000022BE9D12A003900300005F001F9E6E7D5
:1025D000031CF02800D9F023032008499AB2013ADD
:1025E0000B80D317034006499B189B100B80D30F19
:1025F00004499B185B100B807047C0467E3EFF1F4E
:102600007C3EFF1F7A3EFF1F034B1B888B4202D389
:10261000024B4000C15270477E3EFF1F3461FF1FD6
:10262000014B4000185A70473461FF1F1722014BBD
:102630001A8070473461FF1F70B505000E2005F049
:102640000FF9041E13D0D0230370002306228370D9
:1026500007494570033005F0ABF8064B2100DA8AD4
:1026600062811B7E2373044B187805F009F970BD55
:102670005061FF1F4061FF1FCE3EFF1F262803D879
:10268000024B4000C05A70470148FCE7803EFF1FE4
:10269000FFFF000070B506000C00094D1C22002150
:1026A000280005F045F9074B1E70074B1C7005F01C
:1026B000BFF80123002801D0002312202B7070BD29
:1026C0004061FF1FCE3EFF1F6161FF1F70B5050017
:1026D0000D4C0800E260A16010220021656004F04A
:1026E000EFFF012803D11021A06802F058FD10224D
:1026F0000021280004F0E4FF012803D110216068C4
:1027000002F04DFD70BDC0464061FF1F70B5041E54
:1027100005D1002903D006220D4805F049F80D4BDC
:102720001D78012D11D1002C05D102221A7005F05F
:102730009FF8280070BD00221A70074B1B78FF2BF2
:10274000F7D02000FFF778FFF3E70025F1E7C04658
:102750005061FF1F4061FF1FCE3EFF1F030010B5F9
:10276000002801D1002010BD00780B4A002803D1B9
:102770005988D1821B7913761378022BF2D100236A
:10278000984200D103331370044B1B78FF2B01D008
:10279000FFF752FF0120E6E74061FF1FCE3EFF1F1B
:1027A000002911D000280CD04B79012803D14022F8
:1027B0005242134303E03F221340032802D001207A
:1027C0004B7170474022F4E70800FAE770B5094DF5
:1027D0000100287800280BD0074C0622200004F0C6
:1027E000E7FF21002878FFF7DBFF200004F0D0FF8F
:1027F00070BDC0466061FF1F3A61FF1F00290AD00B
:10280000012808D13F224B799343C02B03D0403B92
:102810005A425341981C704770B5174D06002B78EB
:10282000FF2B15D00A2005F01BF8041E10D0D02372
:102830000370C83B8370114B11491B784670C370FD
:102840000622043004F0B4FF2100287805F018F8BF
:102850000C4B1B78012B0DD10B4B1B68002B03D0AD
:102860009B68002B00D09847084B04211878084A31
:1028700004F05EFF70BDC046CE3EFF1F6061FF1FCB
:102880003A61FF1F5C61FF1F8861FF1F8C61FF1FA2
:1028900060EA0000014B98687047C0464061FF1F26
:1028A000014BDB68186870474061FF1F074B10B58C
:1028B000DA68136801331360054B1878FF2803D0DA
:1028C0008021C90104F09CFF10BDC0464061FF1F7C
:1028D000CE3EFF1FF7B50E0002F0C8F8051E1CD053
:1028E0000E4B06621F78002F00D10778AB791020BD
:1028F000019304F0B5FF041E0FD0D0230380C73B23
:102900008370019BE91DC3700622043004F050FF60
:1029100021003800E66004F0B3FFF7BDCC3EFF1F96
:10292000014B18787047C0466061FF1F054B0028B7
:1029300005D1054B1A78054B002A00D1014B180030
:102940007047C0465061FF1F6061FF1F3A61FF1F63
:10295000014B58687047C0464061FF1F024B186822
:10296000431E9841C0B270476461FF1F421E0300BE
:102970000120152A03D9FF3B5A425341D8B2704770
:10298000F0B51C0000230E0085B0039002920B707E
:10299000029A934201D3002019E0E55C5A1CD2B29E
:1029A000002DF8D0029851198142F4DC0233DFB2D5
:1029B000A35C18000193FFF7D9FF002807D0013D61
:1029C000019A0399EBB233708A4202D1E01905B043
:1029D000F0BDDB19DBB2DBE710B50C0002F09EF8AE
:1029E00003001220002B03D02100588804F0C8FEF9
:1029F00010BD000070B50E4D84006359002B15D03A
:102A0000186A002801D004F0EBFD2B59586A002801
:102A100001D004F0E5FD2B59986A002801D004F09C
:102A2000DFFD285904F0DCFD00232B5170BDC046AA
:102A30007061FF1F1C4B70B504000E001500994219
:102A40000AD11A4B1B68002B01D1122070BD1B68E4
:102A5000002BFAD09847F9E7154B994215D1134B43
:102A60001B68002B0AD01B68002B07D09847002852
:102A700004D1104B1C70104B1D70E7E7290020009B
:102A8000FFF7AAFF0028E1D1F3E7080001F0EEFF0D
:102A90000028DAD003780320A342D7D129003000E0
:102AA00004F06EFED2E7C046FEFF00006C61FF1F1F
:102AB000FFFF00006961FF1F6861FF1FF7B5040099
:102AC000808801F0D3FF0025A84203D00578A088B4
:102AD00002F008F81C4E3378002B1FD0AB421DD1FA
:102AE0001A4B28001978FFF777FF002818D0002329
:102AF0003370A3790820A778A688019304F0B0FE6C
:102B0000011E0DD0D0230370CA3B8370019B477018
:102B100086808371280004F0B3FE01E0002DE8D127
:102B2000A0880B4B8200D358002B01D0FFF762FF27
:102B30001721A088FFF768FDA08801F027FDA08875
:102B400001F0FEFDF7BDC0466961FF1F6861FF1F10
:102B50007061FF1FF0B587B01D000CAB1B8807002C
:102B600001930DAB1B88142002930EAB1B8816003B
:102B700003930FAB1B880091049310AB1B88059344
:102B800004F06EFE041E1AD0D0230370CB3B4770B6
:102B90008370C670062229000430002D11D004F085
:102BA00007FE019B21006381029B0098A381039B88
:102BB000E381049B2382059BA37404F061FE07B0AC
:102BC000F0BD04F0B5FEECE7F7B5009308AB1B8849
:102BD00007000C200D001600019304F041FE041EB6
:102BE00013D0280001F042FF00280FD00078D02336
:102BF0002370C93BA370009B21002381019B677058
:102C0000A580E680638104F03BFEF7BD014B187898
:102C1000EDE7C046CE3EFF1F13B50400648903896B
:102C2000C2888188C0780094FFF7CEFF13BD0000F2
:102C300010B5044C2068002803D004F0D1FC002318
:102C4000236010BD7461FF1FA122F0B5818892003E
:102C50004A43384B384F1B6804009B189D22920052
:102C60009B18827989B01A603B68002B5FD01D7871
:102C7000324B1B68002B04D05B68002B01D0002076
:102C80009847260008363100E079FFF7B7FD237D2D
:102C9000E0710200E0780493638A29000393238A99
:102CA0000293E3890193A38800933300FFF752FF57
:102CB000E378002B0BD1E289A379A18802920196D7
:102CC000E27928000092012201F0DAFEE0703B6810
:102CD000002B20D0FFF7ACFF194D287800281AD020
:102CE000184B1978FFF778FE002814D02B78E67877
:102CF00008200793A78804F0B3FD011E09D0D02354
:102D00000370CA3B4670837087808671079804F011
:102D1000B7FD00232B701721A088FFF775FCA08852
:102D200001F034FCA08801F00BFD09B0F0BD064BAA
:102D30009DE7C0463409FF1F7461FF1F8861FF1FB4
:102D40006961FF1F6861FF1FCE3EFF1FF8B50700D6
:102D500008000E0001F08AFE041E18D02620FFF79E
:102D60008DFC051E00D12578062004F079FD041E97
:102D70000DD00021062204F0DBFDD0232370C23BDE
:102D800021006770A370A680E8B204F079FDF8BD59
:102D9000F0B585B001930AAB1B78070002930BAB2B
:102DA0001B7808000D000092039301F05FFE061EE1
:102DB00022D0102004F054FD041E1DD0102200214A
:102DC00004F0B6FD2620FFF759FC002800D130782A
:102DD000D0232370C13BA370009B21002372019B71
:102DE00067706372029BA580A372039BC0B2E372FB
:102DF0000C9BE36004F044FD05B0F0BDF7B50D0099
:102E0000019001F033FE071E20D00E2004F028FDB3
:102E1000041E1BD02620FFF731FC061E00D13E7891
:102E2000D0232380C53B0622A370F91DE01C04F0CB
:102E3000BFFC019B2A0063810123DD401A401D4035
:102E4000210022736573F0B204F01AFDF7BD000093
:102E5000F0B585B0029010000D0017000A9E039394
:102E600001F004FE041E31D0029B002B2ED1039BE7
:102E700002795B0724D5122313430422002E08D1C4
:102E80000B99002905D10C99002902D10D9900292F
:102E90001AD01A430D9B2271002B00D0C9E0002EDE
:102EA00000D1CFE0002D00D0CCE0606A002801D036
:102EB00004F096FB1C21300004F022FE606205E065
:102EC00002239A430E33D7E793432371654BBA002D
:102ED000D458002C00D1AAE0002E10D0236A002B79
:102EE00003D11C2004F01CFE20625E4BBA00D358B4
:102EF000186A002803D01C22310004F059FC0C9BF6
:102F0000002B12D0574CBB001D596B6A002B03D10C
:102F1000162004F005FE6862BB00E358586A0028DA
:102F200003D016220C9904F043FC0D9B002B11D00A
:102F30004C4DBC006659B36A002B03D1142004F039
:102F4000EFFDB0622B59986A002803D014220D9926
:102F500004F02EFC380001F089FD051E67D0414BBE
:102F6000BA00D358002B62D01A6A3420002A00D14C
:102F70001C389A6A002A01D0143080B20B9A002AB9
:102F800001D01C3080B25B6A002B01D0163080B2B9
:102F900004F066FC041E4AD01822002104F0C8FC8C
:102FA0002620FFF76BFB0190002801D12B780193BD
:102FB000D0232370029B200063700A23294EA37044
:102FC000039BBD00A371AB59A780196A1830002973
:102FD00005D01C22A06004F0EBFB200034307359B4
:102FE000996A002907D0030014221433E060029389
:102FF00004F0DEFB02980B9B002B08D003001C2280
:103000001C330B992061029304F0D2FB0298735990
:10301000596A002903D01622606104F0C9FB6B468F
:103020002100187904F02CFC3800FFF7E3FC05B010
:10303000F0BD10220D9B0D991B69A018236204F0AE
:10304000B7FB2CE70B9B002B00D13FE7012D00D0F5
:103050003CE7606A002801D004F0C2FA1C210B98FA
:103060002AE7C0467061FF1F10B5044C2068002895
:1030700003D004F0B5FA0023236010BD6461FF1F84
:103080000B4B07B51A68002A01D100200EBD694616
:10309000531C012012780731FFF772FC0028F4D08E
:1030A00002780123100018401A42EED0EEE7C04625
:1030B0008061FF1FF0B51F4F01203B6887B0002BD8
:1030C00025D09B78059300F0B3FB002821D00A207F
:1030D000FFF7D4FA04000B20FFF7D0FA164B0500D7
:1030E0001E78731E9E413B68F6B2191DD878FFF713
:1030F00057FB3B682900DA7A043303929A790193EB
:103100000292009033002000059A04F029FB07B0DA
:10311000F0BDFFF7B5FF002805D00620FFF7AEFA97
:1031200004000720D8E70820FFF7A8FA04000920C8
:10313000D2E7C0466461FF1F6061FF1F70B50A4E91
:10314000040033780D00FF2B0DD0042004F088FB21
:10315000011E08D0D0230370CE3B45708370C4702D
:10316000307804F08DFB70BDDC3EFF1F70B50400AD
:1031700006200D0004F074FB011E0AD0D02303705A
:10318000CD3B8370054B44701B688580187804F034
:1031900077FB002C01D0FFF767FF70BD6461FF1F54
:1031A000F8B5264F06003B680D001124002B05D111
:1031B0000522234B1B78134202D112242000F8BDB4
:1031C000204A10241268002AF8D01278002AF5D07C
:1031D000DB0719D52B789A1E012A1AD80C2004F087
:1031E0009FFC132438600028E8D000230A22437093
:1031F00029000670023004F0DBFAFFF75BFF041EC3
:103200000AD0FFF731FFD9E700F012FB0028E1D127
:10321000E4E7002BE2D0D0E70B4B1B78032BCDD19A
:103220001D20FFF72BFA094B18800028C6D0084B49
:1032300004211878074A04F07BFABFE76461FF1F96
:103240006161FF1F8061FF1F6061FF1F5E61FF1FE3
:103250008C61FF1F60EA0000F7B50193194B140061
:103260001A78052306000F0012201A4221D00129E6
:1032700020D1154B1D68002D1BD002201F2C18D803
:10328000002C02D0019B002B13D0104B1F221E706C
:103290006E1C0021300004F04BFB0199220030002D
:1032A00004F086FA310020002C70002F06D004F0C4
:1032B000B7F9FEBD064B12201D68DCE704F0A8FA42
:1032C000F7E7C0466161FF1F8061FF1FDC3EFF1F03
:1032D0007C61FF1FF8B50F4E12243368002B17D006
:1032E0001B780F3C834213D100250B4F0221387805
:1032F00004F0A6FA094B042138781D8004F0A0FAE6
:10330000074B28001D8033685C7004F0D1FB04007B
:103310002000F8BD6461FF1F8C61FF1F7861FF1FF3
:103320005E61FF1F70B5012823D11B4C2388002B41
:1033300003D01A4A1578002D07D0194B1B68002BB3
:1033400002D01878FFF7C6FF70BD3B2B02D93C3B7B
:103350002380F9E7134E0221307804F071FAFA2243
:103360002388920002215A43307804F0B9FA25806C
:10337000EAE70B4B1B68002BE6D00B4B1B785B0777
:10338000E2D5084B0221187804F05AFA0022024BC9
:103390001A80FFF769FED7E77861FF1F5C61FF1FA6
:1033A0006461FF1F8C61FF1F6161FF1FF8B51E4D37
:1033B0002868002803D004F013F900232B601B4E6B
:1033C0003068002803D004F00BF900233360184F55
:1033D00005243B7818002040234221D0154800F0F6
:1033E0002BFA3B78234213D0202004F099FB28606D
:1033F000002813D02022002104F09AFA202004F0A3
:103400008FFB041E306005D02022002104F090FACA
:10341000002004E0286804F0E3F82C601320F8BDD5
:1034200000F00AFAF4E7C0468061FF1F7C61FF1FCD
:103430006161FF1FD03EFF1F10B50A4C23681A1EA2
:103440000ED0002808D10130587004F031FB00285C
:1034500005D02368002B02D00021FFF787FE012250
:10346000100010BD6461FF1FF7B5274E05003368DB
:103470000191181E21D05C78244F012C30D1FFF728
:10348000FFFD002825D02000FFF7F8F804004128B0
:1034900014D91F4B022118781E4A04F049F91E4B1B
:1034A0003C3C1C80022233685A703B78002B14D1BC
:1034B00028000199FFF75AFE0120FEBDFA22920072
:1034C0004243002AEED0124B0221187804F008FA89
:1034D000E8E7FFF7D3F80200F3E700233B70EBE7E0
:1034E0003B78002BE8D1032004F0BAF9011E08D084
:1034F000D0230370CC3B457083703368187804F098
:10350000BFF9FFF7B1FDD7E76461FF1F5C61FF1FE3
:103510008C61FF1F60EA00007861FF1F10B517493A
:10352000838802008B4220D011D815498B4217D0D6
:10353000144900205B1899B2012907D892681178C4
:103540005A425341D8B2FFF7F9FD012010BD0E4A8F
:1035500000209B1807229BB29A424041C0B2F5E777
:1035600083681878FFF768FFF0E7836899785A78DE
:10357000090218781143FFF777FFE7E70A200000F8
:1035800006200000F8DFFFFFAFDFFFFF014B1870E0
:103590007047C046DD3EFF1F10B5064C207001F09D
:1035A00041FA207804F06CF80521207800F062FDE3
:1035B00010BDC0468C61FF1F0BB273B50D00002B10
:1035C00000DBC4E0884B187803F0E2FF041E0ED045
:1035D0000378912B0FD0A22B00D1A1E0834B187858
:1035E000FF2852D0210004F04BF900284DD1802053
:1035F0000002684076BD43780F2B76D013D8052B98
:1036000070D00E2BEAD18088794B98422BD8794B19
:1036100098421BD8784B9842E0D1A3681878591C7F
:10362000FFF774F838E03E2BD8D18378032B74D0A1
:103630006CD8012B6ED0022BD0D1704B1B68002BA5
:1036400023D05B68002B20D098471EE06C4BC0183D
:103650000C28C3D803F0F4FF1DC2C2150BC20B0B1C
:103660000B3223C23C00674BC0180728B6D8664B04
:103670001B68002B09D01B68002B06D02000984740
:103680000AE0A3681878FFF7C7F8200004F0E8F90B
:10369000ADE7A068FFF762F800289FD0F5E7A368C0
:1036A0001B78002BF1D0554B1B68002BEDD01B680D
:1036B000002BEAD0210055489847EDE74F4B1B6897
:1036C000002BE2D01B68002BDFD021005048F3E72D
:1036D000504B1B68002BD8D05B68002BD5D0210045
:1036E0004348E9E7FFF7EAF9CFE780884A4B984279
:1036F00003D04A4B984200D070E7464B1B68002B22
:10370000C3D05B68002BC0D02100D5E7153B012B4F
:10371000BBD963E7FFF798FAB7E7FFF77DFAB4E79D
:103720003F4B1B78042B07D100236A461380017995
:10373000408800F0C5FCA8E7364B1B68002BA4D0DE
:103740005B68002BA1D00100364898479DE7012413
:1037500021420AD0294B1B68002B04D05B68002B48
:1037600001D000209847012043E78B070AD5264B5C
:103770001B68002B04D05B68002B01D02000984709
:10378000022036E70421280008400D4200D131E72D
:10379000254E3388002B21D0013B9BB23380002B78
:1037A0001AD1FFF7DBF800280AD0204B1C70164B0B
:1037B0001B68002B04D05B68002B01D020009847C9
:1037C000FFF7C6F8694601F001FD6846FEF7FEFF07
:1037D0001D20FEF753FF308004200AE7024B1878C3
:1037E00004F02EF8F8E7C0468C61FF1FDD3EFF1F96
:1037F0000E20000001200000091000008461FF1F5E
:10380000FEDFFFFFAFDFFFFF8861FF1F0C2000001E
:103810000B2000006C61FF1F0D2000001320000032
:103820006161FF1FFFFF00005E61FF1F5C61FF1F02
:1038300010B501F09BF910BD014B18607047C046F0
:103840008861FF1F0B880020162B01D81723042046
:10385000014A13807047C0463661FF1F0020704741
:10386000074A03001188814207D0918800209942BD
:1038700002D101308000101870470020FAE7C046DE
:103880009461FF1FF0B58F7806000D00C5B01E2FA4
:1038900015D1FFF7E5FF051E03D10024200045B038
:1038A000F0BD00223B003100C078009200F0B2FB76
:1038B0000400A81C00F0D2FBFF23EB70EEE7264BC0
:1038C000062403931B78FF2BE8D0182FE6D87B083B
:1038D000224A013BDB0002929A589446002ADDD02E
:1038E000029AD3185B68002BD8D00878002802D140
:1038F0004B78012B02D10624122FCFD107AFAB8812
:10390000697800976446AA68A047041EC6D1AB78C0
:10391000029A5B08013BDB00D318390030005B687A
:103920009847041E0BD1AB78042BB6D0039A310014
:1039300010782200009700F06DFB0400AEE76A7873
:10394000002AABD1AA7805A93B88087130000A701B
:103950004B80FEF747FBA0E7E03EFF1F547C0111C0
:103960001D4B37B5050098420BD000290AD1FFF74F
:1039700077FF002805D11948FFF772FF002800D013
:10398000058037BD01291AD1FFF76AFF041EF8D060
:1039900001235B420380A378FF2BF2D0FE2B07D0DC
:1039A0000023E0781422009329001E3300F032FB3C
:1039B000A01C00F053FB01235B426380E1E7022976
:1039C000DFD1013901F0BEF80028DAD12800FFF775
:1039D00047FF041EDFD1D4E7FEFF0000FFFF000019
:1039E000022210B5074B52421A80074801325A8012
:1039F0009A80DA8000F07EFA044801F025F8002071
:103A000010BDC0469461FF1F853801116139011155
:103A10000388F7B50400002B02D102252800FEBD63
:103A200042680221137825485268FEF7A5FD002858
:103A30002ED0234F01253A88002AEFD080232188F9
:103A40005B0201259B1A9942E8DC0C2004F068F81F
:103A5000061E31D03B8822889C4600231800019521
:103A600061469DB2491989B2AA421BD8002801D0EB
:103A700062443A8000233000082208C0210003F08D
:103A800097FE104A1368002B13D100251660C5E776
:103A90006268022113780C485268FEF76DFD002819
:103AA000C7D1BAE760681D0140194181013301980F
:103AB000D6E71A001B68E6E71325AFE7C27C0111C1
:103AC000DE3EFF1F9061FF1FC07C0111014B18708B
:103AD0007047C046E03EFF1F14230A0010B51A408D
:103AE000194204D00122102101F048F810BD4B0604
:103AF000F9D4012088434000F8E710B514008B0684
:103B000004D50122102101F039F810BD08230A0064
:103B10001A40194202D14BB2002B0FDA102101F0EA
:103B20002DF8002808D02300F2331B78002BECD0AE
:103B3000F1342378012BE8D10020E6E70320890740
:103B4000FAD4E2E7F0B51F00184B85B01C6801906D
:103B500002910392002C27D1200005B0F0BDA5688A
:103B60003301ED186B89019A934211D3029A934263
:103B70000ED8002F04D10A9B002B10D12C00EBE7AC
:103B80003B002978039A6868FEF7F6FC0028F2D11A
:103B90000136B6B2A388B342E1D82468DAE7A36855
:103BA0000A9A5B891380E9E70026F3E79061FF1F1B
:103BB00037B50C000A8849880123914217D3002A9F
:103BC00015D0651D23792A0002210A48FEF7D4FC8E
:103BD000102300280BD023796188208800242A0034
:103BE0000094FFF7AFFF0A23A04200D02300180083
:103BF0003EBDC046C27C011113B50A000888498841
:103C0000012388420BD8002809D0002413790532FB
:103C10000094FFF797FF0A23A04200D0230018006A
:103C200016BD13B50A0008884988012388420BD8BD
:103C3000002809D00024137905320094FFF782FF91
:103C40000A23A04200D02300180016BDF0B58BB0A7
:103C500003904A8808880E000123824255D3002829
:103C600053D00023012704AC237000227188130075
:103C70000092FFF767FF051E3ED02078002835D15F
:103C80002B78022B18D167706A8983000130E31802
:103C900080005A8069680222201803F089FD237889
:103CA0000133DBB22370042B19D93B006889013042
:103CB00080B2002BD9D01FE0022363701223584337
:103CC0006A89231804305A8069681022201803F08A
:103CD0006FFD23780133DBB22370002BE5D10C4A52
:103CE0006B899B185A425341DBB2DFE76378012BA3
:103CF000E4D12B78022BC7D022780A23002A04D0E3
:103D000021000398FEF798F9002318000BB0F0BDCE
:103D10000100FFFF0F4BF0B504001868002816D013
:103D200083685D89A54207D88288AE18B44203DA59
:103D300012019A18934201D10068EFE71E005F89D3
:103D40001036A74204D1002900D00D801800F0BD24
:103D50003300EFE79061FF1F70B505000C00088885
:103D60000021FFF7D7FF03000120002B04D0220021
:103D70002800197AFFF7C1FE70BDF7B50C000025C9
:103D800001902300EE331B78AB4201D800200AE0FB
:103D90006B00E65A00213000E718FFF7BBFF002850
:103DA00002D126800130FEBD017A0198FFF794FE12
:103DB000002802D03B882380F5E70135EDB2E0E72B
:103DC00010B5040008880021FFF7A4FF03000120BC
:103DD000002B03D02000197AFFF77EFE10BD0000F3
:103DE000054B1B68002B01D1180004E09A6852892A
:103DF0008242F6D1988870479061FF1FF0B50E2778
:103E0000002687B0039302ABFF183E8005001F4BCE
:103E100040891400984207D02B78013000976A68D7
:103E200080B2FFF78FFE060002212B7818486A68DF
:103E3000FEF7A2FB00280FD06C892000FFF7D0FF0F
:103E4000002802D0013C0419A4B2039B002B00D02F
:103E50001C80300007B0F0BD02212B780D486A6845
:103E6000FEF78AFB0028E7D102212B780A486A680E
:103E7000FEF782FB002807D0002EDED03B88A3424D
:103E8000DBD17489013CDFE76C89DEE7FFFF0000CE
:103E9000C27C0111C07C0111BE7C011110B50C0067
:103EA000FFF7DEFC03000220002B0AD0002C00D01C
:103EB00023609B781720FE2B03D00138FF2B00D105
:103EC000002010BD73B50D0001A904001600FFF716
:103ED000E5FF172805D0002E04D129002000FEF7A9
:103EE00027F976BD01221021200000F047FE0028AE
:103EF000F3D0F6E7014B18607047C046A061FF1F82
:103F000037B56B469D1D010004000222280003F016
:103F10005FFD2B88B02B0ED12379122B09D1230002
:103F2000FA331B78012B06D10121608800F0E0F8FC
:103F300001E01B2BF8D037BD10B5054B04211870DC
:103F400000F098F8FFF74CFDFEF770FB10BDC0467F
:103F5000A461FF1F0020F0B50BB20F0087B08342B1
:103F600034DA274B187803F013FB051E2BD00378A7
:103F7000A02B25D103AE3100FEF7E4F8041E0BD1CF
:103F8000B378DB0724D51F4B06341B68002B03D006
:103F90003100688898470400A868002801D003F021
:103FA00027FC002C08D1184A039B1340174A934260
:103FB00006D0B3781B2B03D00121688800F098F855
:103FC000280003F04DFD80200002784007B0F0BDCE
:103FD0000F4B1B68002B10D0310068889847041ED7
:103FE000DAD07378002BD7D1B27801A90A704B8050
:103FF0000C716888FDF7F6FFCEE70624F1E7C046AE
:10400000A461FF1F9C61FF1F00FFFF000001120061
:10401000A061FF1FF7B50190FC200D0017001E00E6
:1040200003F01EFC04001320002C12D0B02320004B
:104030002370089BF4226770658026710830002B7E
:1040400008D0190003F0B4FB2100019803F018FC1C
:104050000020FEBD089903F06BFCF5E710B5041EC7
:1040600006D00078FD2803D803F04AFCFF23237014
:1040700010BD00000A1F93B210B504000220032BEC
:1040800005D882400020024BD1529B189C7010BD75
:10409000C461FF1F0B8870B5043B04000D000220B3
:1040A000032B0BD80121200000F04CFD030014204D
:1040B000002B03D02900200000F0DEFB70BD0000C3
:1040C00007B51300034A00920A00012100F02CFCFE
:1040D0000EBDC046FD42011107B5019203220092B8
:1040E000024B0A00122100F049FC0EBD7B43011176
:1040F00007B56B4601AA11800449D88008780633B9
:10410000012802D1190003F0D3FA07BDA561FF1FF2
:104110000C4B10B518700023FF210B4A138013813C
:1041200093819380094A53801370517293819372E3
:10413000D174D3821375517703F0D2FC00F0FCF9EF
:1041400010BDC046D461FF1FC461FF1FA661FF1FE1
:10415000F0B58DB06B46002003910C229B5E83422C
:1041600000DBB0E05D4B187803F012FA051E00D1B9
:10417000A4E00378902B00D09DE006AF01004688B4
:10418000380000F013FA79680400002900D19CE09F
:104190003B88052B6ED13B89032B1CD905AC200035
:1041A00000F0A2F86288172A61D83989131D994254
:1041B00031D17968237804310291D90738D56078F4
:1041C00000F08EF9071E06D0002303712378012B1F
:1041D00008D0132B23D0A868002800D178E003F082
:1041E00007FB75E06288029909A800F0A6F8029022
:1041F000380000F08BF909AA2378387A019200225E
:1042000031000092029A00F012F9380000F064F9CF
:10421000029B002BDFD0300000F080F9DBE7037851
:10422000032BD8D16288029909A800F0D6F8DEE7FE
:10423000122B13D1029909A800F0B5F8021EEAD199
:1042400027498B88002BC6D0887909A9237801914A
:1042500061780091310000F0EAF8BCE7002302AA7F
:1042600093833000617809AAFFF72AFFB3E71D4B5B
:104270000993F6E7042B02D09A1F012AABD8184AFB
:10428000043B9B00995A0029A5D0D21890783100A0
:104290003A0000F0AEF800289DD13B88042B03D0F3
:1042A00001213000FFF724FF012C04D1A868002869
:1042B00001D003F09DFA280003F0D2FB8020039B7D
:1042C0000002434018000DB0F0BD012800D182E784
:1042D00001213000FFF70CFFEDE7C046D461FF1F5E
:1042E000C461FF1F010017000B7803704B78437007
:1042F000CB788A781B021343438070470A880300F7
:1043000002700A88120A42700A88012A06D14A8875
:1043100082704A88120AC2700420704702208242CA
:10432000FBD14A8804309A704A88120ADA708A8867
:104330001A718A88120A5A71EFE710B50400012039
:1043400082420CD94B780A781B02134323808342A4
:1043500006D1CB788A781B0213436380002010BDFE
:10436000022BFBD1CB788A781B02134363804B79F5
:104370000A791B021343A380F0E70B8803700B88B4
:104380001B0A43704B8883704B881B0AC3708B8851
:1043900003718B881B0A4371CB888371CB881B0AFE
:1043A000C3710820704703000120082A14D14A78FD
:1043B0000878120202431A80CA78887812020243EF
:1043C0005A804A790879120202439A80CA79887918
:1043D000120202430020DA80704710B50400012069
:1043E000022A05D100204B780A781B021343238050
:1043F00010BDF8B5060010200F00150003F030FACC
:1044000004000120002C0ED0A0230C2229002380C0
:104410006780201D002D07D003F0CAF9210030006D
:1044200003F02EFA0020F8BD03F082FAF6E7F7B5A4
:104430001E00009008AB142017001D78019103F0B6
:104440000FFA041E12D0A2230370019B4770438011
:10445000099B057146710C220830002B07D019000A
:1044600003F0A6F92100009803F00AFAF7BD0999B4
:1044700003F05EFAF6E737B5041E0FD04388002B31
:104480000CD00025C1881323007A172201950095CE
:10449000FFF7CDFFFF2365806372257037BD0000F5
:1044A00010B50C4904004A88002A09D08B89002BDA
:1044B00005D00020CB8A0222834201D010BD012208
:1044C00013000A20434300204032C854C8184280D9
:1044D0000472F3E7A661FF1F002343800370704757
:1044E000094B00211A0010B55C88002C06D01C79FD
:1044F000844203D10A234B43D01810BD01310A3343
:104500000329F1D10020F8E7A661FF1F10B50400D0
:10451000407A03F0F5F9FF23637210BD7047043051
:1045200010B580B203F04CF8002803D004214942B2
:1045300003F066FA10BD000070B50025104CA068AD
:104540002580A581A580A84202D003F051F9A5607D
:1045500000250C4C0C4B606D1D80230058331D70E2
:10456000A84202D003F044F9656500256068002880
:1045700001D003F03DF9013508340A2DF6D170BDA4
:104580006C62FF1F1062FF1F6062FF1F70B5041E88
:1045900009D1054D2880A881A880A868002802D0EC
:1045A00003F026F9AC6070BD6C62FF1FF0B54B885C
:1045B00085B00193002343600A7905000F00022AA9
:1045C00000D07BE0CA88032A17D98B685E781978F7
:1045D0003602DC78D8790E4399781B7A24021B02C4
:1045E0000C43034353495BBA0B80331D93421ED1E6
:1045F000042C04D0631F022B0ED9012015E0019A70
:104600004D4B1201D35A002B06D00198FFF7BEFF85
:104610004A4A1369013313610421B8682E812C8042
:10462000494203F0EDF96860002005B0F0BD434D4C
:10463000042C06D0631F022B0FD9EB680133EB600B
:10464000DBE7019A3C4B1201D35A002B05D00198AD
:10465000FFF79CFF2B6901332B61374B300002932E
:10466000019B029A1B010193002301998C468B52F6
:10467000130063449C8003939E81FFF750FF039BCC
:10468000041E986016D00421B868494203F0B8F9B6
:10469000FA880100043A200003F08AF80199029A8E
:1046A000FB888A5A043B9B18029A8B522B68013371
:1046B0002B60A2E7AB690133AB619EE71E4B02930F
:1046C000019B1E01029BF35A002B2DD002998C19DD
:1046D000A068002828D0012A26D1FA889B189BB20E
:1046E0007352A189994217D39B1AC018B96803F075
:1046F0005FF8029BA289F35A934200D07DE7002223
:104700002B81A3882B80A3686B60029BF2520B4A1B
:1047100053680133536070E7084A9368013393602C
:104720000198FFF733FF68E7044A53690133536187
:10473000F6E7C046D661FF1F6C62FF1FDC61FF1FFA
:1047400070B5051E15D10B4C0B4B18802300583348
:104750001870606D002802D003F04AF865652500E6
:1047600050356068002801D003F042F80834AC42AC
:10477000F7D170BD1062FF1F6062FF1FF0B5170018
:10478000A12285B0920001934243394B06001B6879
:104790000C009B18D933FF331D78FDF741FF04301F
:1047A000854204DD3000FDF73BFF0430C5B2BD4259
:1047B00007D33A0000213000019B03F029F905B02E
:1047C000F0BD2900380003F0A3F92300C6B250332E
:1047D0001E700393019B29006365380003F0C8F83D
:1047E000CBB20293002B02D0039B01361E70002631
:1047F0002300503303931B78B34204D8606D002824
:1048000031D10020DBE7029A2800002A04D0013BC6
:104810001000B34200D02800F700E719387003F009
:10482000C7F8786000280ED03A78019902F0C0FFEE
:10483000019A3B780136D3180E4A0193D369F6B238
:104840000133D361D4E7039B18706065A74205D19B
:10485000084A1320D36A0133D362B0E7606802F0DC
:10486000C7FF0834F2E702F0C3FF00236365C8E71F
:104870003409FF1FDC61FF1FF7B50D00070004219D
:10488000686803F0BDF82B89040003702B891B0AAC
:1048900043702B8883702B881B0AC3702E890225D6
:1048A0000436F6B2F42E15D81B4B9F4214D10C20BF
:1048B00002F0D6FF1135011E0CD0902303708E3B01
:1048C0000371043B4380154B8460C680187802F066
:1048D000D7FF00252800FEBD5C237B43104AD31878
:1048E0000093583301931B78002B0FD10300320043
:1048F00038000099FFF742FF019B05001B78002B51
:10490000E8D13800009903F0B3F8E3E7054A07253A
:10491000536A01335362DDE7FEFF0000D461FF1FDD
:104920001062FF1FDC61FF1FF0B587B000901720F9
:104930000F0016000193FFF7F2FD1325041E19D096
:104940000C98031E02D00199201D9847030AE370BA
:10495000052302AAA0700430908127700098667029
:1049600003A993800494FFF787FF051E02D020005F
:1049700002F03EFF280007B0F0BD0000F0B587B0A0
:104980001F000CAB1B780391059301210DAB0600B2
:104990001C78049200F0D6F81425002821D02000BD
:1049A000FFF77EFD0135041E1BD01149059B0A78D7
:1049B00003700132D2B2131EC68001D101231A0046
:1049C0000B7022713000049B03990097FFF7ACFF36
:1049D000051E09D1230021000648074A093302F0C9
:1049E000E7FD280007B0F0BD002363802370F8E7DF
:1049F000D861FF1F7744011130750000F8B505003C
:104A00000E00064C064F2368002B02D03100280010
:104A100098470434BC42F6D1F8BDC0467C62FF1F03
:104A20009062FF1F0123064A5B42538000231371EB
:104A30005362044A136053609360D36013617047FC
:104A40009062FF1F7C62FF1F0200002310B5064921
:104A50009C000859002801D1625010BD0133052B7C
:104A6000F6D11320F9E7C0467C62FF1F034A538842
:104A7000181A434258414042104070479062FF1F4D
:104A8000F0B585B002930AAB1F780CAB1B88009081
:104A900008000E0001920393FFF7E8FF05001120C4
:104AA000002D1BD10E48FFF7E1FF04001520002C5C
:104AB00014D006220B99A771E01D02F079FE019B2C
:104AC00030002371029B29006371009B6680237074
:104AD000039B6562E381FFF791FF280005B0F0BDFD
:104AE000FFFF000010B5FFF7C1FF04000220002CFB
:104AF00012D060880121FFF781FF606A002801D091
:104B000002F06EFD28220021200002F011FF012397
:104B100000205B426380207110BD000030B5074A61
:104B2000074C5588010013780020A54204D05B1A79
:104B300059424B415842104030BDC0469062FF1F61
:104B4000FFFF0000084A10B501230C00904208D076
:104B5000FFF78CFF031E04D0037923405A1E9341B4
:104B6000DBB2180010BDC046FEFF0000024B1879F2
:104B7000431E9841C0B270479062FF1F70B5040099
:104B80000D001600FFF772FF002804D10D4B9C4268
:104B900000D0143070BD416A03790520002907D088
:104BA00012221A40102A02D10520002EF2D10F2025
:104BB000DB06EFD5897E0C20A94289414942494252
:104BC0000840E7E7FEFF0000030010B5002800D111
:104BD00010BD0348034A41889142F9D09847F7E74E
:104BE0009062FF1FFFFF0000002330B5C45CCD5C66
:104BF0006C40D4540133102BF8D130BD0F23002268
:104C000010B5C45C64002243CA54C25CD209013BA3
:104C1000F7D210BD0200010010B52032103102F0B1
:104C20003FFD10BDF0B58BB0039010200593170029
:104C3000049102F075FF0090102002F071FF009BBC
:104C400013240190002B05D000280CD113240098C8
:104C500002F0C6FC019B002B02D0180002F0C0FC41
:104C600020000BB0F0BD102002F05AFF060010200B
:104C700002F056FF13240500002E00D1AEE00028FC
:104C800019D01022002102F053FE320029000398AF
:104C900002F006FD041E0ED133787F2B51D8300070
:104CA0000099FFF7ABFF009B1B787F2B53D801992E
:104CB0000098FFF7A3FF300002F092FC002D02D015
:104CC000280002F08DFC002CC1D1102002F028FF3A
:104CD0000600102002F024FF0290002E7CD0002855
:104CE00078D03A000F3223000125121105D00F337E
:104CF0003B4015B25A4253411BB26A1E1201002BAF
:104D000033D0049BD2B298180099029AFFF76CFF37
:104D1000013D10220021300002F00AFEADB2049FD6
:104D20002D017D19AF4242D0002C33D0300002F06B
:104D300057FC029B002B00D189E7180002F050FCC1
:104D400085E729003000FFF759FF28002549009A20
:104D5000FFF74AFFA7E729000098FFF74FFF280059
:104D60002049019AFFF740FFA5E70F210F40049962
:104D70008A18D9B28F4208D9D15C06A819540133D8
:104D8000102BF6D1029A0199C0E7791A48424141A5
:104D9000C901F2E73900300006AAFFF725FF32000B
:104DA000039806A902F07CFC10370400BAE7002C37
:104DB000BCD13000029906AAFFF716FF320006A9FF
:104DC000039802F06DFC082204003100059802F0FF
:104DD000EFFCABE71324A9E71324AAE7002800D0CF
:104DE0006EE733E7C87C0111F0B58BB00F001600F9
:104DF0000225009000283FD0002A3DD00B1DDBB2D9
:104E00001800029302F08CFE1135041E34D0FDF719
:104E100047FD05003A000099201D02F039FDEBB274
:104E20000393E3702B0CDBB22F0A00936370FFB285
:104E30002B0E2370A7700193FDF72CFD10220100AB
:104E400006A802F025FD2100029A04AB06A8FFF790
:104E5000E9FE051E0DD1039B08223370009B04A9B7
:104E6000B370019B7770F370301D02F011FDFDF7F8
:104E70001DFD200002F0B4FB28000BB0F0BDF0B522
:104E80008FB00D00149E039004920593002A03D165
:104E9000022420000FB0F0BD002EF9D00398FFF7D8
:104EA000E5FD1424071EF4D07278337812021A43F9
:104EB000B3781B041343F27812061A43036A019273
:104EC000934201D30133E3D1002D03D03B79012478
:104ED0009B07DED50822002106A802F029FD059BCC
:104EE00013240433DBB21800029302F019FE051EEE
:104EF000CFD0059A0499043002F0CAFC0422310094
:104F0000280002F0C5FC3900102210310AA802F076
:104F1000BFFC2900029A06AB0AA8FFF783FE041E15
:104F20000FD1082206A908A802F0B2FC0822311D00
:104F300008A802F04DFC012807D101990398FDF75C
:104F4000C9FC280002F04CFBA3E70124F9E70000AC
:104F500070B51C4C05002368181E10D0002D14D10C
:104F60001A78002A0CD1981C083202F021FC02F0B9
:104F70006FFC0135002808D123681D70012070BD29
:104F80000A331800082202F013FC2368002BF5D026
:104F9000122002F065FC061E0DD0C12321680370AB
:104FA000457002311022023002F002FC2368310009
:104FB000587802F065FC206802F012FB00232360A1
:104FC000DCE7C046B862FF1FF8B504002020FDF7FB
:104FD00055FB0D4EA700BB590500002B0DD0002836
:104FE0000BD0D878FF2809D108492A000C55F3596D
:104FF00007480333611802F0DBFAF8BD290002F01C
:1050000087FC0028F0D1F8E7D462FF1FBC62FF1FC5
:105010002162011170B5064D84006359002B05D043
:10502000D87802F06DFCFF226359DA7070BDC0467B
:10503000D462FF1F70B506008CB00C001500002173
:105040003022684602F074FC31001022684602F0FB
:105050001FFC1D2021000322684402F019FC684651
:10506000FFF7D8FD2D21040003222800694402F037
:105070000FFC20000CB070BDF0B50700160097B013
:1050800001931CAB1D7830221EAB00910AA80021B1
:105090001C7802F04DFC102239000AA802F0F8FB3F
:1050A0001022002102A802F043FC0722310002A8CE
:1050B00002F0EEFB072202AB9818631E9C41019997
:1050C00002F0E6FB02AB9C732B005A1E934102AA2E
:1050D000D3730021102206A802F02AFC06221D9993
:1050E00007A802F0D5FB1A2002ABC01806221F99B0
:1050F00002F0CEFB102200990EA802F0C9FB10228C
:1051000002AB0EA908781C78013A6040D2B2087050
:1051100001330131002AF5D10AA8FFF77BFD1022E7
:1051200012A904000EA802F043FB102206AB0EA940
:1051300008781D78013A6840D2B208700133013115
:10514000002AF5D10AA8FFF765FD04431022209834
:10515000E4B212A902F09CFB200017B0F0BD70B5BC
:105160000E0014008CB00100102268461D0002F0F1
:105170008FFB3100082204A802F08AFB21000822DC
:1051800006A802F085FB6846FFF744FD04001022E4
:10519000280008A902F07CFB20000CB070BDF8B517
:1051A00006000D0000243719AC4200D3F8BD02F010
:1051B00017FB030A3B70631CDBB201379D4203D926
:1051C0000234F054E4B2EEE71C00EDE773B50600DC
:1051D0000C000225002819D0002917D0032101A8AE
:1051E000FFF7DDFF6B469A793F231A4001331343E3
:1051F0006A463000937101A92200FFF71BFF051ECC
:1052000004D10322E01C01A902F0D2FA280076BDE5
:1052100003785807DA08C00FD20080009B071043BC
:105220009B0F1843C0B2704707230B40C908C90041
:105230000B4303707047000070B50400FFF7EAFEEF
:10524000134DA4006359002B21D0186A002801D007
:1052500002F0C6F92B59986E002801D002F0C0F96F
:105260002B59D86E002801D002F0BAF92B59186FCB
:10527000002801D002F0B4F92B59586F002801D052
:1052800002F0AEF9285902F0ABF900232B5170BDA2
:10529000D462FF1F0E4B8000C35870B50C00002B6A
:1052A0000FD09D68002D0CD02B78201D0B706B78D3
:1052B0004B70A97CFFF7B8FF2B7E23726B69E3600C
:1052C00070BD10220021200002F032FBF8E7C0463A
:1052D000D462FF1F014B18607047C046D062FF1FA9
:1052E000074A03008000825810B5002A06D0D088F3
:1052F000984203D1012901D1FFF79EFF10BDC0469E
:10530000D462FF1FF0B5264E95B087000B93BB59B2
:105310000500099112200A92002B31D0D888FFF79E
:10532000A5FB04001420002C2AD0280010A9FFF7A8
:10533000B1FFBB591E781D6A002E23D00895FDF7DA
:10534000EFFA07000020FDF7F1FA0790A379E61DB8
:10535000069310AD0CA9089800F0E2FA0EA92800F7
:1053600000F0D7FA0B9B0A990493069B09980293C5
:10537000079B0396019300970EAB0CAAFFF77CFEE8
:1053800015B0F0BDFDF7CCFA06903000FDF7CEFA6F
:10539000E31DA779079310AB06000893DAE7C04630
:1053A000D462FF1F30B50C4C85002A59030085B02C
:1053B0000120002A0ED018006946FFF76BFF2B5919
:1053C0001A78D888054B002A00D1054B6A46072178
:1053D00000F0D9FB05B030BDD462FF1F1359011195
:1053E0002159011130B5094C8500295985B0102289
:1053F0006846253102F0DCF92A591121044BD08886
:105400006A4600F0C0FB05B030BDC046D462FF1F45
:10541000BD59011130B5094C8500295985B01022BC
:105420006846353102F0C4F92A591121044BD0885D
:105430006A4600F0A8FB05B030BDC046D462FF1F2D
:10544000FB590111F7B54D4F86001020F4590D009E
:1054500002F066FBF3592062186A132200286CD010
:10546000033A29009C6802F0A3F9F3591A780192D3
:10547000002A58D11E6A227D317B94465140012278
:10548000019F114201D167461740217D9143394365
:105490002175377B4F40BC4660460027800701D40A
:1054A0004F081740012102208F40227D82433A435A
:1054B0002275377B5740BC4660460027400701D421
:1054C00097080F400420227DBF0082433A43227593
:1054D000627D002794466046727B42400A4201D1B9
:1054E00067460F400121627D8A433A436275777BAC
:1054F0005740BC4660460027800701D457080F403C
:105500000220627D7F00824317436775767B00220D
:105510007E40760701D4BA080A400426617D9200D5
:10552000B1430A4362756A78002A08D06278002A7B
:1055300005D005220533DA7700221000FEBD0422D3
:105540002979114205D1A17C114202D10533033AD8
:10555000F1E7019A21782C78002A02D10A00210073
:10556000140018220429E8D8042CE6D8052060434A
:10557000034A05331218525CDDE7C046D462FF1FB0
:10558000D87C011110B50A001121024B00F0FBFA82
:1055900010BDC046575A01110B0030B587B001ADA0
:1055A0002B806B4604001100981D082202F000F9C0
:1055B0002A000B212000024B00F0E5FA07B030BDB5
:1055C0007F5A011110B50A001121024B00F0DBFADD
:1055D00010BDC046D35A011113B50B0011006A4625
:1055E00013706B4604000622581C02F0E1F86A466C
:1055F00008212000014B00F0C6FA13BDF35A011137
:1056000010B50A001121024B00F0BDFA10BDC046D2
:10561000435B01117FB505000B4BAA00D45808006D
:10562000002C0FD0666F237FE28821780396266FC7
:105630000296E66E0196A46E0094FDF709FC280020
:10564000FFF7FAFD7FBDC046D462FF1F10B51721DA
:10565000FFF7E0FF10BD000070B50A000D00064B1B
:105660000221040000F08FFA060029782000FFF7DD
:10567000D1FF300070BDC046235A011170B586B00D
:1056800000236A461370836804001D78681E0A2888
:1056900059D801A902F0FCF9060633373B3F4347CE
:1056A0004B4F5300180000F042F9062312284BD04C
:1056B00000281BD16088FFF7D9F90823002813D0F0
:1056C0004279002A47D1264B1A78072312070BD5B7
:1056D000244B1A680723002A06D01668002E03D030
:1056E000290001AAB04703006A4613706B461B7875
:1056F0006088002B2AD1FFF767FC06B070BD180048
:1057000000F06CF9D4E7180000F087F9D0E7180032
:1057100000F093F9CCE7180000F0ADF9C8E71800E5
:1057200000F0C3F9C4E7180000F0F6F9C0E718006C
:1057300000F0F6F9BCE7180000F013FAB8E718001B
:1057400000F013FAB4E707236A46137069466088CD
:10575000FFF782FFD1E70523012AC5D1024BB8E745
:105760006161FF1FCC62FF1FD062FF1FF8B52C4F95
:105770008600F35904000D00002B40D0DA888242E5
:105780003DD15A78062A33D11A78002A2ED001202A
:1057900099681A6A097D014206D0157B054203D03B
:1057A00007225A700120F8BD0220014204D0157B67
:1057B000054201D00922F4E70420014204D0127B03
:1057C000024201D00B22ECE7164B1B68002BE9D0FC
:1057D0005B68002BE6D020009847BB5900215B781E
:1057E000122BDFD12000FFF715FFDBE70E4BECE7B4
:1057F000112A04D1002900D032252900F2E7002D1A
:1058000008D12000FFF732F9002803D010230279D5
:105810001343037121002800FDF798FAC2E7C04640
:10582000D462FF1FCC62FF1FD062FF1F70B50E4E07
:105830008500AB590400002B13D01B78002B11D12D
:105840000A4B1B68002B04D05B68002B01D02000A2
:10585000984773595B78122B03D100212000FFF782
:10586000D9FE70BD024BECE7D462FF1FD062FF1F70
:10587000CC62FF1F094B8000C3581020002B0CD0B6
:105880001A6A002A09D09B68002B06D0127A1B7E68
:10589000101C9A4200D9181CC0B27047D462FF1F76
:1058A00070B503000D0014000220002A30D000293A
:1058B0002ED013700B78081D53704B789370FFF740
:1058C000A7FCE070012002212B7A23716B7B03403F
:1058D00063716A7B0A401343042263716E7B164036
:1058E000334363716E7BF608F600334363712B7BA1
:1058F0000340A371287B014000200B43A371297B47
:105900000A401343A3712A7BD208D2001343A37128
:1059100070BD10B50A0001000120FFF7C1FF10BDE6
:1059200010B50A0001000220FFF7BAFF10BD70B5E4
:1059300006000C000220002E30D000292ED07378F3
:10594000201D0B70B3784B70F178FFF76DFC0122CE
:105950003579257271794B1008001340934010403F
:105960000343881010408000C9080343C9000B435B
:105970006373B1794B100800134093401040034308
:10598000881002409200C9081343C9000B4321202C
:105990002373FCF773FE854201D2122070BD2220D2
:1059A000257AFCF76BFE8542F7D823781820042B64
:1059B000F4D86378012BF1D80020EFE7030010B58D
:1059C0000220002909D0002B07D00322481C0A70AE
:1059D00019000D3201F0ECFE002010BD0300022280
:1059E000080010B5002B06D0002904D00E32591C37
:1059F00001F0DEFE0022100010BD030010B50220F1
:105A0000002909D0002B07D00422481C0A70190075
:105A10000C3201F0CDFE002010BD10B5FFF7DEFF07
:105A200010BD03000220002906D0002B04D005225F
:105A300000200A701B784B70704703000220002B77
:105A400008D0002906D05B7800200B70013B082BA2
:105A500000D918307047030010B50220002909D082
:105A6000002B07D00622481C0A7019000A3201F0E8
:105A70009FFE002010BD10B5FFF7B0FF10BD020063
:105A80000B00022010B500290ED0002A0CD00721EF
:105A90001970118859701188090A99701118082213
:105AA000D81C01F085FE002010BD03000A00022072
:105AB00010B5002B0CD000290AD09978587809022B
:105AC00001431180901CD91C082201F071FE0020B6
:105AD00010BD030010B50220002909D0002B07D00B
:105AE0000822481C0A701900921801F061FE00207B
:105AF00010BD02000B00022010B500290BD0002AB7
:105B000009D009211970117818185970511C0622F2
:105B100001F04EFE002010BD10B5FFF75FFF10BD75
:105B200002000B00022010B5002A09D0002907D07E
:105B30005178197011180622581C01F039FE002006
:105B400010BD030010B50220002909D0002B07D09A
:105B50000A22481C0A701900063201F029FE0020B2
:105B600010BD10B5FFF73AFF10BD02000B00022078
:105B700010B5002A06D0002904D018005178FFF78C
:105B800053FB002010BDF0B585B017001E006A461B
:105B900006230500080091819380FEF7C0FC1324C2
:105BA000011E02900CD03800B047041E05D1280019
:105BB00001A9FEF76FFA041E02D0029801F018FE48
:105BC0002800FFF701FA200005B0F0BDF0B5040091
:105BD0008BB0019115000021102202A801F0A8FE4F
:105BE000334EA700B85900283CD0C388A34239D10E
:105BF0000378002B36D14278062A18D10200010022
:105C0000553235310C3006ABFFF7A9FA002829D1FF
:105C10002000FFF72FFE020006A902A801F0C8FD30
:105C2000200002A901F0F4FC01200BB0F0BD816E50
:105C3000002917D00B8A112A28D19D420ED1019834
:105C40001231093A01F0C4FD012807D1BB592000E7
:105C50009D6EFFF70FFE29000200DEE732212000D3
:105C6000FFF7D8FC2000FEF701FF061E1BD0416A9B
:105C7000002918D00B8AAB4215D1082201981231A5
:105C800001F0A6FD01280ED1716A0AE09D42E9D11A
:105C900008220198123101F09BFD0128E2D1BB5985
:105CA000996E8A7EB9E7200001F02AFDBCE7C04664
:105CB000D462FF1FF0B56B4D87007E5985B03378F5
:105CC00002900393002B00D087E0B368346A0193FD
:105CD0007078062817D101221B7D134202D0217B48
:105CE000114218D10222134202D0217B114251D11C
:105CF0000422134203D0237B134200D08BE0019B8C
:105D00005A7DEB5991E007380428F8D801F0C0FE1D
:105D1000032E42678300B36E002B03D11C2001F0D9
:105D2000FFFEB066EB599C6E002C1CD010220021A7
:105D3000200001F0FDFD0298FFF79CFD010020000E
:105D4000FFF72DFA01F04CFD2082200008211230CF
:105D5000FFF725FA0298FFF78DFDA076EB59210099
:105D6000D888FFF70FFC0822EB591CE0B36E002B1C
:105D700005D01A00198AF0881232FFF70DFC0222B2
:105D8000019B197DEB5911423DD0207B10423AD046
:105D9000073208E0F488FCF7DBFD01002000FFF784
:105DA00011FC0A22EB595A70029B9C002A59537825
:105DB000073B042B11D8D088FEF758FE00284ED0A0
:105DC000C3895A08D2182849029B0298CB542B59F0
:105DD00041180433254801F0EBFB05B0F0BDFCF79A
:105DE0009FFD03000120834201D100200393EB5962
:105DF000DE88FCF79BFD039902003000FFF7ECFB07
:105E0000019AEB59117D042211420CD0217B1142E1
:105E100009D00B22C7E7F688FCF73CFD01003000F3
:105E2000FFF7EEFB6BE7019A527D01210A4204D095
:105E3000607B084201D00C22B5E702210A4204D05F
:105E4000607B084201D00E22ADE704210A4204D053
:105E5000627B0A4201D01022A5E71222A3E7FA22B0
:105E60005200B0E7D462FF1FD862FF1F2B620111FE
:105E700010B5064B1A780423100018401A4200D0BF
:105E80000348FFF727FA002010BDC0466161FF1FDD
:105E9000E43EFF1F70B50400FFF7D4FA051E43D19E
:105EA0002000FFF77FFA234EA400A0598268937C5C
:105EB000DB0708D50321036A1B790B40012B02D1B4
:105EC000017F0B430377431DD97F8B1E022B0DD817
:105ED000022900D00121C088FCF790FF042133592A
:105EE0001A7F59700A431A77280070BD01290CD116
:105EF00002231022437000210C3001F019FD3059AB
:105F000010213530FFF74BF9EEE70529ECD10223DC
:105F1000D118437010220C3001F04AFC042332598E
:105F2000117F0B431377EAE708251828DCD1053DDC
:105F3000DAE7C046D462FF1FF0B58BB00591438805
:105F40007E4F9E00F45915000493002C15D10129B1
:105F500002D000200BB0F0BD101D57781678FFF767
:105F600057F9EB68320002932B7A04990193009061
:105F70003B002000FCF70CFFEBE7E388049A934218
:105F800001D00820E6E72378012B00D1D4E0059B5F
:105F9000581E092800D9CFE001F07AFD05CE0A2964
:105FA000CC506C859AB229000498FFF773FFD1E7B3
:105FB000200029001022453001F0FAFBB9594B7836
:105FC000042B02D1013B4B70C3E70B000A002533C1
:105FD00035320C310498FFF795F90498FFF702FA6F
:105FE0000522431E9841BB59C0005A70B2E72000F9
:105FF00029001022553001F0DBFB049B4F4C9D0023
:10600000295904980A0006AB55320C31FFF77AF98A
:1060100029591022453106A801F0DAFB012808D1E0
:106020000498FFF7F7F90590002804D106222B59B0
:106030005A7005988EE708230593FAE763780C2BCE
:106040007AD1E36E002B03D11C2001F069FDE066DC
:10605000BB59D86E00286FD01022290001F0A8FB90
:10606000BB590498DC6EFFF705FC0D22A076BB59E6
:106070005A706EE7E06E00285ED063780D2B5BD11E
:106080002B8808220382A91C123001F091FBBB5916
:106090009A68517D0222114226D0186A407B104234
:1060A00022D00C32E4E763780E2B45D1236F002B0E
:1060B00003D1162001F034FD2067BB59186F00286A
:1060C00003D01022290001F073FB0F22BB59CFE748
:1060D00063780F2B30D1206F0622691C103001F03D
:1060E00067FBBB599A68517D0422114203D0196A9B
:1060F000497B1142D5D100210498FFF78BFA28E79C
:10610000636F002B0DD0BB59586F0028F3D01022BD
:10611000290001F04DFB0122BB5952425B6F1A610D
:10612000E9E7142001F0FCFCBB5960675B6F002BB2
:10613000E9D126E72978DFE707200BE7D462FF1FC4
:1061400010B5064C207001F0D3FC06212078FDF735
:1061500091FF0348FEF778FC10BDC046E762FF1FC1
:10616000E152011100200BB270B50D00834216DA26
:10617000264B187801F00CFA041E0DD00378922BF0
:106180000ED0A02B37D0224B1878FF283AD0210010
:1061900001F076FB002835D180200002684070BDF8
:1061A00043780E2B0BD03E2BEDD18378052B12D0EC
:1061B000082BE8D181798088FFF7D8FA08E0154BE1
:1061C00082889A42DFD183681878591CFEF7C0FE96
:1061D000002817D1D7E7104B1B785B0712D50F4B60
:1061E0001B68002B0ED09B68002B0BD0C289811D31
:1061F00080889847ECE7FFF741FAA068002801D0B3
:1062000001F0F6FA200001F02BFCC5E7E762FF1F62
:10621000DD3EFF1F182000006161FF1FD062FF1FDD
:1062200010B50078FFF712FA10BD10B50078FFF72F
:10623000FDFA10BD0C234343084A10B59B185A6859
:10624000002A03D0012901D1904710BD9B68002B83
:10625000FBD00029F9D19847F7E7C0460463FF1F38
:1062600001238340094A10B5946B1C439463506B1F
:1062700098435063D46B20009843012901D120003A
:106280001843D063116B0B43136310BD00800040B3
:10629000064B01215A68C2400A4204D01B68C34021
:1062A0001800084070471B6DF9E7C04600800040A9
:1062B00030B5032444430F4BE25C1B199C785D7896
:1062C00001232D1B0135AB40013BA340A140DB4323
:1062D0000C00122807D8084992005218116819407A
:1062E0002143116030BD054A11680B402343136000
:1062F000F8E7C0461F7D011108F0004014F000408F
:10630000C21F70B5D4B20623092C0BD80125084C46
:106310009540002908D00021FFF7CAFF23682B43CE
:1063200023600023180070BD2368AB43F8E7C04624
:1063300000380040214BF0B51B185B78022B21D1AF
:10634000032444431E4A1F4EA35C12199478012271
:1063500015008540B76B013CE4B23D43A240B563F4
:10636000194C122815D89B0000290CD117495B182D
:1063700099680A439A600123205C154A834011689A
:106380000B431360F0BD11495B1899689143996004
:10639000F1E70E4B00290DD159690A435A61225C7D
:1063A0001328E8D00123203A93400A4908680343A0
:1063B0000B60E7E7596991435961F0E7E862FF1F15
:1063C0001F7D011100800040647D011100F000403C
:1063D000A0F00040A4F00040F8B500241B4E1C4D76
:1063E0001C4B1B5D012B1FD1194A9269E2401A42D6
:1063F0000BD00122B25693402200143AD2B2022AA4
:1064000009D815494A6913434B61013402360C35EA
:10641000172CE5D1F8BD0022B2560F499200521850
:1064200091680B439360F0E7022BEED1E7B238009E
:10643000FFF72EFF01235840C1B23800FFF77AFF63
:106440003800FFF725FF6877DFE7C046F17C0111D0
:10645000E862FF1FE962FF1F00F0004001220238DE
:106460008240054B002903D059690A435A6170479D
:10647000596991435961FAE700380040F8B50E00B8
:1064800001210F008740114A0400D368FD43BB433C
:10649000D360831E8B4201D8FFF7E0FF002120006C
:1064A000FFF72EFF0A4A0B4B5168012E05D13943E5
:1064B0001B1951605E700020F8BD29405160022216
:1064C0001C1962709A6915409D61F4E7003800401C
:1064D00000800040E862FF1F012210B58240074B98
:1064E000002906D019680A431A600121FFF7C6FF88
:1064F00010BD196891431960F7E7C046008000405D
:10650000F8B50C244443134B0500E4186368002BD2
:1065100003D1A3681220002B1AD0022201270E4BB0
:1065200000215B195A7028002770FFF7A7FF6368E6
:106530001E1E08D0A3683E00002B04D02800FFF7E1
:10654000A7FE4640F6B228003100FFF789FE002082
:10655000F8BDC0460463FF1FE862FF1FF7B5C42003
:10656000FF222B4B80001958002491433F3A0A43E5
:106570001A508022274F5202274E1A60274B1D5D6A
:10658000002D21D0A31E012B03D80121E0B2FFF77B
:1065900065FF012D18D11F4B9B69E3402B4213D09F
:1065A000E3B218000193FFF773FE01000198FFF7B3
:1065B00093FFE3B2143B022B1DD801217156184AF8
:1065C0008D405369AB4353613B7F002B0DD0E5B247
:1065D0002800FFF795FF2800FFF75AFE7B7F010098
:1065E000834202D02800FFF725FE01340C37023623
:1065F000172CC3D1F7BD012100237156F3568D40EE
:10660000074A9B009B189A68AA439A60DCE7C04639
:1066100000E100E0E862FF1FF17C0111E962FF1F69
:1066200000F0004070B5134D07202C78002C1FD1CE
:10663000982221005200280001F032FA0123C420E0
:10664000FF222B700C4B80001C635C630B4B1C60A7
:106650005C600B4B195891433F3A0A431A50802211
:1066600052021A600D20074A074901F059F820002C
:1066700070BDC046E862FF1F00800040A0F00040EF
:1066800000E100E05D650111D9630111030010B55F
:106690000620072B09D8054A137001F059F8D721B5
:1066A0000020034B034A89005A5010BD0C3FFF1FC6
:1066B0000000FF1FD91AFF1F70B51D0002240C290E
:1066C00010D8094ACA40D2070CD5FBF7E3FF041ED5
:1066D00008D1059A04992800FBF7F8FFFCF766FE3D
:1066E000FFF7C6FB200070BD1210000030B50D781A
:1066F00002232C009C43184201D02B431C00082588
:106700002300AB43284201D02B00234320241D004B
:10671000A543204201D01C4325002A230D701842B6
:1067200004D011781E3B0B43137030BD0028FCD100
:106730000C2113788B43F7E7F8B51D0006AB1B88D7
:10674000140007AA0E000B201778002B27D10A7817
:10675000022A49D14A68507811780002244A084335
:106760008018042840D801F093F903121D1B230060
:10677000F06800F015FF021CC0B2B84200D93A1C04
:10678000D2B22000F1682A8001F012F806E002225D
:10679000F3681B882A8023701B0A63700020F8BDF1
:1067A0000622EEE701232B80F3681B782370F5E7C0
:1067B000F368002B16D008222A801A8822701A88C3
:1067C000120A62705A88A2705A88120AE2709A8875
:1067D00022719A88120A6271DA88A271DB881B0A18
:1067E000E371DBE72B80D9E701202B80D7E7C04698
:1067F00000D6FFFFF7B516000A781D0008AB1F880A
:106800000C000123022A18D14A685078117800023E
:106810002B4A0843801803280FD801F039F90225C4
:106820004439E06800F0BCFEC0B20723B84204D38C
:106830007B190193152B02DD0D231800FEBDE068C6
:106840002A003100C01900F0B3FF6B4600209B887E
:10685000E268D0541B4B1B68834203D01B68834201
:1068600000D098470023E8E70B23002FE5D1022D45
:10687000E2D1737832781B021343E2681380114B24
:106880001B68002BEED01B68002BEBD00120E8E743
:106890000B23002FD1D1062DCED12A003100E06884
:1068A00000F086FFDEE70B23002FC6D1012DC3D1F8
:1068B00032787533012AC0D8E3681A70D2E7C0462F
:1068C00000D6FFFFF464FF1F70B50C001500072809
:1068D00037D801F0DDF8041436361B36242E182084
:1068E00015290BD8184E16220021300001F020F88F
:1068F00022002900300000F05BFF002070BD18204E
:106900000229FBD11288114B1A80F6E718200829BA
:10691000F4D10A000E48290001F05AF8EDE71820DA
:106920000129EBD10B4B10780B49DA69FFF7DEFE3A
:10693000E3E718200129E1D1064B10780749DA6B0B
:10694000F4E70220DAE7C046DC64FF1F8A3FFF1F3E
:10695000803FFF1F103FFF1F383FFF1F583FFF1FA3
:10696000030010B50020DB0704D50721024A0348C5
:1069700000F08CF810BDC0467C7D0111103FFF1F58
:10698000054A03001068002803D082889A4201D18A
:10699000806870470068F6E7EC66FF1F0A8803000E
:1069A00008009A4204D08A8804309A4200D000201D
:1069B00070470000F8B5F22200230D4F0D4E7968A4
:1069C000050042433370994200D07B600A4C00219D
:1069D000200000F0ADFF00231A007C60AB4202D122
:1069E00000203370F8BD01332280DBB2F234F5E7CA
:1069F000E467FF1FE267FF1FF066FF1F73B56B467A
:106A000001900600684615001980FDF701F8041E84
:106A100011D1002D0FD07689002E11D00C2001F05D
:106A20007FF800280ED0084A0460136886808560CD
:106A3000002B02D11060200076BD1A001B68F7E71A
:106A40000224F8E71324F6E7EC66FF1F0121002279
:106A50000A4B10B549420A4C198099809A719A7074
:106A6000084B2070012019805A60FFF7A3FF20789F
:106A7000FDF72CF80448FDF7E7FF10BDFC64FF1F8D
:106A8000EC67FF1FE467FF1F396B0111022310B58C
:106A9000002802D0FFF7B2FF0300180010BD00006D
:106AA000030010B50020DB0704D50421024A034887
:106AB000FFF7A4FF10BDC046907D0111903FFF1F5E
:106AC000F0B50E2687B003930CAB1F8802ABF61807
:106AD0000500080031000292FDF71CF904000120B6
:106AE000002C0FD03088FFF74BFF03000E20002B47
:106AF00008D05E68002E05D021002800039B029A72
:106B00000097B04707B0F0BD0A4B10B5984207D1C7
:106B10000122002352420A808B708A808B7110BD43
:106B2000FFF73CFF0028FAD001235B4203800023DB
:106B30008370F4E7FFFF0000F8B5050001290AD1D2
:106B4000134E00243388F227AB4219D02800114994
:106B5000FFF7DAFF06E0022904D10139FDF7F2FF61
:106B60000028EDD0F8BD3B0063437268D018D35ABB
:106B7000002B09D03A00002100F0DAFE0134E4B223
:106B8000054B1B78A342EED801235B423380DDE73F
:106B9000E467FF1FFC64FF1FE267FF1F10B5FFF7EC
:106BA000FDFE03000020834200D0987810BD000055
:106BB000F0B589B01C000EAB80CB03901E8810ABE3
:106BC0001B78049202930B7A0D00DB0616D42B7807
:106BD0000593022B24D00498FFF7D2FE002812D090
:106BE00003689C46002B0ED0029B220001932900D3
:106BF0003B00644603980096A04705E00498FFF721
:106C0000BFFE002802D10E2009B0F0BD8368002B22
:106C1000F9D00A222900039898470028D7D0F3E733
:106C20006B6858781A786B4B000210439842D2D8A0
:106C3000043B984210D2684B984242D015D8674B1B
:106C4000C0180128C7D80B20002EDDD1EB681A78B8
:106C500059683A80200028E0614BC018032800D909
:106C600079E000F015FF846A789E5E4B9842B2D1BD
:106C70000B20002EC8D101233B80EB6831001B782C
:106C800023706889013080B2FDF744F83A88031E0A
:106C90000ED0017802328A183A80428962704289A5
:106CA000120AA27059680278E01C00F081FD06E02B
:106CB00004323A8031000422601C00F039FE0020CA
:106CC000A2E70B20002E9FD1EB6807A91E880423A2
:106CD0003B80330A300026706370FDF71BF8051EF9
:106CE00028D004AB9A890E2304A95B183E49C668D4
:106CF000FDF784F800280BD12B783C486A68059989
:106D0000FBF73AFC002803D1012304AA5B42D3819C
:106D10003278022A06D17168201D00F049FD3B88B7
:106D200002333B800E2304AA9B181B88A3701B0A06
:106D3000E370C4E704ABDE81F4E70B20002E00D043
:106D400062E7E9680398FFF729FF02233B80207080
:106D5000000A6070B3E70B20002E00D054E7022237
:106D6000EB681B883A8023701B0A6370A7E7E8680A
:106D700000F016FCC2B203000720B24200D243E783
:106D80000DD00299DBB27118994202DB921BD3B28B
:106D90000293029BE9681A003B8089195AE7002395
:106DA000F6E70B20002E00D02EE70722EB683A8092
:106DB0001A7822705A7862705A88A2705A88120A19
:106DC000E2701A792271DA886271DB881B0AA3717A
:106DD00075E7C046042900000228000000D8FFFF24
:106DE000FFD6FFFF03280000FFFF0000C07C011159
:106DF000F0B58DB06B460020089120229B5E834247
:106E00003DDAA64B187800F0C3FB071E32D003789A
:106E1000B02B2CD10079023816281FD800F0C0FD05
:106E200017001E001E001E0031001E0096001E00EE
:106E30001D011E0052011E0073011E00CD011E0027
:106E400050021E001E001E008E021E00E302944B24
:106E500094491B8878880B80FBF7CEF83800FDF743
:106E60004FF8914B1B68002B01D038009847380031
:106E700000F0F6FD8020089B0002434018000DB092
:106E8000F0BDEE220021874800F052FD0BAA3B7BAB
:106E90007989388900923A000D32FCF753FE0400DC
:106EA000804B1B78002C3FD146E0804B78880593BF
:106EB0007F4B4100CB5A0BAE073BDBB232880293CB
:106EC000002301937B4B210006930093059BFFF762
:106ED0006FFE744D002810D1069B3A8A1B889A4297
:106EE0000BD138000599123000F072FC002804D054
:106EF0002B7862899B00EB185A80162306A81B1872
:106F0000328820007989FCF779FF2B7804009A00F9
:106F1000AA1851880029C3D00133DBB22B70002896
:106F200007D006A9C98A9180634A12889A42BCD8C0
:106F300002E0012149429180002B04D05949788810
:106F4000FBF78EF88AE73E890A2479E000253E891E
:106F5000574B06937B88069A5B009B5A033B9D42E6
:106F600002DB002DF0D05BE0162206A812183B7B56
:106F7000798900923A0030000D32FCF7E3FD05906C
:106F8000002858D04689017A7888FCF7A5FD041EB0
:106F900044D1464B78880793069B4100C95A454B1C
:106FA0000439C9B206AAD28A0693029101940093C9
:106FB0000599079BFFF7FCFD041E2FD1069B39495D
:106FC0001A88931C002D26D14B807988384B4900B4
:106FD000CB5A5119033B8B4220DD059B31485B891D
:106FE00041190B71A91C0135C9B2EDB205914519C2
:106FF0001B0A2B71059B2D490433181800F0D8FB90
:107000002C4B059A1B88D318DDB22C4B9E4205D021
:107010000136B6B29CE749889942D6D0002D0CD0F3
:10702000204C2800618800F0CBFC2070210078887B
:10703000FBF726F812E7059CF0E7002C00D183E768
:107040007B78142B00D109E716493B794E800B70F1
:107050000C717888FAF7C6FF00E7162406ABE4182F
:1070600021003889FCF756FE011E00D1B7E178886F
:1070700022880F4C45002C5B0A4D013CE4B202947F
:1070800000240F4B01940095FFF792FD041E00D0E1
:1070900014E129007888FBF703F8DFE6EC67FF1FAF
:1070A0007E3EFF1F0465FF1FF864FF1FF865FF1F8A
:1070B0003461FF1FE866FF1F7C3EFF1FFFFF0000DB
:1070C0000665FF1F162406ABE41821003889FCF77B
:1070D00021FE011E00D182E178882288AE4C450055
:1070E0002C5BAE4D013CE4B202947C89AC4B019424
:1070F0000095FFF75DFD041E00D0DFE029007888D1
:10710000FAF7D8FFAAE60025A44B1D803B00F63312
:107110001B78A24A78880792AB4208D99E4B128806
:107120000693069943005B5A013B9A4203DB079999
:10713000FAF7CAFF92E616246B00FB18059306AB1C
:10714000E418059B21001889FCF7E4FD011E03D11A
:10715000059B01241E8973E77888924B2288069C40
:10716000099343001B5B904E013BDBB2029300236B
:1071700000960193099BFFF71BFD041E02D0059B9F
:107180001E895DE77B88069A5B009B5A079A1088E8
:1071900032881218934202DC1B1A013B33807F4C69
:1071A000023032880999001900F002FB23883288E6
:1071B00001359B182380EDB2A8E70BAA3B7B7989A8
:1071C000388900923A000D32FCF7BCFC002505908E
:1071D000059B002B04D10A24002D00D16EE060E055
:1071E000059B7888197AFCF777FC0100041E63D1AF
:1071F000694C6C4B788806940993069B4400E45ACA
:10720000694B063CE4B20BAE3288079302940191BD
:1072100000930599099BFFF7CBFC041E4CD1079BFB
:107220005E491B881A1D002D30D14A80059B5B4C9E
:107230005A8963191A716B1C9BB2E318120A1A71EE
:10724000162306A832881B1879890598FCF7D6FD05
:10725000FF21AA1C2E1D03350B00059092B2B6B279
:10726000ADB2002803D006ABDB8AD9B21B0AA21844
:10727000651911712B714C4D301D2A884949201810
:1072800000F096FA2B88F618B5B2A1E7498891422A
:1072900007D17A8806995200525AEB18053A9A4259
:1072A000C4DC3E4C2800618800F032FC20702100D4
:1072B0007888FAF713FFD1E5002DF2D13E89BFE6B9
:1072C000162606ABF61831003889FCF723FD3D0081
:1072D0000400FA3500282DD0037A9B060CD4002236
:1072E0007B893989788800923A000C32FFF7E8FBF5
:1072F000041E10D03E8915E03088FFF741FB0028BE
:107300001AD08368002B17D0210012227888984762
:10731000041EE4D0EEE72B78002B02D17888FAF730
:10732000EDFE00262B78002B00D097E5002C00D135
:1073300094E585E60124DDE70E24DBE7162506ABA0
:10734000ED1829003889FCF7E5FC041E47D0037AC4
:107350009B0611D4154A7B881188994203D01448A2
:10736000814207D11380134BF2261D780023D9B236
:10737000A94221D30924A1E72888FFF701FB0028AF
:107380002FD08368002B2CD02100122278889847B8
:10739000041EDFD092E7C0463461FF1F0465FF1F63
:1073A0000665FF1FF865FF1FE866FF1FE467FF1F04
:1073B000FFFF0000E267FF1F3100594354680133AB
:1073C0006018615A0029D2D13C0008342100F22211
:1073D00000F0EEF921007888FAF798FE3EE50124E6
:1073E0006CE70E246AE71D4B1A887B889A4231D0DD
:1073F0007888FAF795FE31E5F22305985168434302
:10740000CD18C95A00291FD03B7A012B0BD16C88AB
:10741000AB887888AA1D0094FFF752FB041E02D0A7
:1074200000233B722E88F2220021280000F080FA0F
:1074300000232B80059B0133DBB20593084B059994
:107440001B78064A8B42D7D801235B421380002C5D
:10745000CED0F5E5002634000596EFE7E467FF1F80
:10746000E267FF1F70B504000E001500FFF796FAE3
:10747000031E08D131000548FFF790FA03001120E0
:10748000002B02D01C8000209D7070BDFFFF00000B
:10749000F8B50B4F06003B780D001400FF2B0ED003
:1074A0000A2000F0DDF9011E09D0B123038000237A
:1074B00046800371C5800481387800F0E1F9F8BD99
:1074C000D13FFF1FF7B50F0008A90600088809A9DA
:1074D0000B240988002821D10234022B1ED15578B3
:1074E00013782D021D432B008B4301937334002B23
:1074F00014D1FB68300019000093FFF74FFB019C8B
:1075000085420BD02A0030000099FFF7ABFF041E24
:1075100004D12A0030007989FFF7BAFF2000FEBDB0
:10752000F0B50E7885B003900AA805880120022ED8
:107530000DD14C682778647824023C43054FBC4247
:1075400005D10398DBB201960095FFF7BBFF05B0AC
:10755000F0BDC04602290000034B10B51B68002B8C
:1075600000D09847FEE7C046F067FF1F07B501A8A7
:10757000FFF7F2FF044A05480021121A00F090FAC2
:10758000F9F7EAF8FEE7C046F467FF1FD43FFF1F94
:1075900001B40248844601BC604700BFF54E0100BB
:1075A00001B40248844601BC604700BFDD520100BF
:1075B00001B40248844601BC604700BFA9460100EF
:1075C00001B40248844601BC604700BFE9280000BE
:1075D00001B40248844601BC604700BFEDA500002D
:1075E00001B40248844601BC604700BF014C010061
:1075F00001B40248844601BC604700BFE131FF1F6F
:1076000001B40248844601BC604700BFC51D0000AC
:1076100001B40248844601BC604700BF311B000032
:1076200001B40248844601BC604700BF4D1F000002
:1076300001B40248844601BC604700BF3D18000009
:1076400001B40248844601BC604700BFB537FF1F44
:1076500001B40248844601BC604700BFC9A90000CC
:1076600001B40248844601BC604700BFED4A0100F6
:1076700001B40248844601BC604700BF25260000D3
:1076800001B40248844601BC604700BF5D1700009A
:1076900001B40248844601BC604700BF4537FF1F64
:1076A00001B40248844601BC604700BFE5480000C1
:1076B00001B40248844601BC604700BFE1170000E6
:1076C00001B40248844601BC604700BF1D4B010065
:1076D00001B40248844601BC604700BF1133FF1F5C
:1076E00001B40248844601BC604700BF7134FF1FEB
:1076F00001B40248844601BC604700BF9534FF1FB7
:1077000001B40248844601BC604700BF091B000069
:1077100001B40248844601BC604700BF7137FF1FB7
:1077200001B40248844601BC604700BF1930FF1F06
:1077300001B40248844601BC604700BF59520100B1
:1077400001B40248844601BC604700BF45500000B8
:1077500001B40248844601BC604700BFD91AFF1F2C
:1077600001B40248844601BC604700BF851F000089
:1077700001B40248844601BC604700BFB54C01001B
:1077800001B40248844601BC604700BF8D1200006E
:1077900001B40248844601BC604700BFC521000017
:1077A00001B40248844601BC604700BF456B01003C
:1077B00001B40248844601BC604700BFE94C0100A7
:1077C00001B40248844601BC604700BFB931FF1FC5
:1077D00001B40248844601BC604700BFCD4C0100A3
:1077E00001B40248844601BC604700BF2951010032
:1077F00001B40248844601BC604700BFD94901007A
:1078000001B40248844601BC604700BF0D5201002C
:1078100001B40248844601BC604700BF5522000005
:1078200001B40248844601BC604700BFB14E00006D
:1078300001B40248844601BC604700BF51250000E6
:1078400001B40248844601BC604700BFB352010046
:1078500001B40248844601BC604700BFD91B000048
:1078600001B40248844601BC604700BF1D4D0100C1
:1078700001B40248844601BC604700BF291C0000D7
:1078800001B40248844601BC604700BF594F010063
:1078900001B40248844601BC604700BF4551010065
:1078A00001B40248844601BC604700BF792DFF1F28
:1078B00001B40248844601BC604700BF2124000097
:1078C00001B40248844601BC604700BF056A00005D
:1078D00001B40248844601BC604700BFC94A0100A8
:1078E00001B40248844601BC604700BF8B520100CE
:1078F00001B40248844601BC604700BF6DBC000073
:1079000001B40248844601BC604700BF1147010032
:1079100001B40248844601BC604700BF51470100E2
:1079200001B40248844601BC604700BFF30E00006A
:1079300001B40248844601BC604700BF154D0100F8
:1079400001B40248844601BC604700BF5136FF1FA6
:1079500001B40248844601BC604700BFC936FF1F1E
:1079600001B40248844601BC604700BF3D36FF1F9A
:1079700001B40248844601BC604700BF090E000004
:1079800001B40248844601BC604700BF01240000E6
:1079900001B40248844601BC604700BF8552010023
:1079A00001B40248844601BC604700BFDD37FF1FB9
:1079B00001B40248844601BC604700BF017F00005B
:1079C00001B40248844601BC604700BF350E000088
:1079D00001B40248844601BC604700BF810E00002C
:1079E00001B40248844601BC604700BF055E000048
:1079F00001B40248844601BC604700BF9937FF1FAD
:107A000001B40248844601BC604700BF55490100EB
:107A100001B40248844601BC604700BF5118FF1FF3
:107A200001B40248844601BC604700BF2146010002
:107A300001B40248844601BC604700BFDD66010016
:107A400001B40248844601BC604700BFADAE0000EF
:107A500001B40248844601BC604700BF156B0100B9
:107A600001B40248844601BC604700BF434D010099
:107A700001B40248844601BC604700BF7D18FF1F67
:107A800001B40248844601BC604700BFA54F010015
:107A900001B40248844601BC604700BFC937FF1FDC
:107AA00001B40248844601BC604700BFB70E000025
:107AB00001B40248844601BC604700BF691F000052
:107AC00001B40248844601BC604700BF4935FF1F2E
:107AD00001B40248844601BC604700BF3555000030
:107AE00001B40248844601BC604700BF7918000019
:107AF00001B40248844601BC604700BFC9260000AB
:107B000001B40248844601BC604700BFF94C010043
:107B100001B40248844601BC604700BF090E000062
:107B200001B40248844601BC604700BF3D4B0100E0
:107B300001B40248844601BC604700BFB92FFF1F53
:107B40000200030004000500060007000800090009
:107B50000C000D0016000000F508011129090111A3
:107B600000000000020000006E7B0111192A0F18AE
:107B70000A000000F1590000FD2400004146010008
:107B80005141011165610111B9350111553F0111D3
:107B9000E11B0111F16D01114D180111BB0A011119
:107BA000910C0111000000000C0000000200000018
:107BB000B67B0111F3FFF0FFFF000000FF000000A3
:107BC000FFFFFFFF00FFFFFF00FFFFFF00FF601050
:107BD000A9120111000000000000000044495900F2
:107BE00056322E3100303032300067697468756269
:107BF0002E636F6D2F7076767800454C4B2D424C7E
:107C000045444F4D2D4D454C420000000200000000
:107C1000207C0111292A282A272A262A252A242AD3
:107C20000A180000050000001F501D10023CB4009F
:107C300030313233343536373839414243444546A2
:107C400000FB349B5F8000008000100000000000FB
:107C500000000000BB21011145380111DF21011195
:107C60004D3C011163220111233C0111D922011164
:107C7000F93B01112B230111C13D01119323011186
:107C8000C13D0111C52301117B3D0111D922011113
:107C9000B13B011151230111593D011100000000B8
:107CA0000000000037240111593D011199240111F0
:107CB0005D380111052A042A012A002A0229032815
:107CC0000128002801180018000000000000000032
:107CD0000000000000000087010102010201010212
:107CE0000102030304010301010101010303020175
:107CF00003000D000E001000110013001401070115
:107D000008010A010B011C011D0204020502070201
:107D1000080219021A021C021D03010302031700C4
:107D20000201000504000807000B0A001716001DD9
:107D30001C010201010504010E0D011110011413B3
:107D4000011716011A19020201020B0A020E0D0296
:107D50001110021413021716030504030807030B7E
:107D60000A030E0D0001020307090A0B0E0F101182
:107D700012141718191A1B1F20212200396701112C
:107D8000F56701110000000002000000C67C01112F
:107D90000000000021750111000000000200000039
:047DA000C47C01118D
:020000041FFFDC
:1000000000000000550A0111747B0111707B011181
:10001000E05CFF1F00000000000000000000000086
:1000200000000000000000000000000000000000D0
:1000300000000000000000000000000000000000C0
:1000400000000000000000000000000000000000B0
:1000500000000000000000000000000000000000A0
:100060000000000000000000000000000000000090
:100070000000000000000000000000000000000080
:100080000000000000000000000000000000000070
:100090000000000000000000000000000000000060
:1000A0000000000000000000000000000000000050
:1000B0000000000000000000000000000000000040
:1000C0000000000000000000000000000000000030
:1000D0000000000000000000000000000000000020
:1000E0000000000000000000000000000000000010
:1000F0000000000000000000000000000000000000
:1001000000000000000000000000000000000000EF
:1001100000000000000000000000000000000000DF
:1001200000000000000000000000000000000000CF
:1001300000000000000000000000000000000000BF
:1001400000000000000000000000000000000000AF
:10015000000000000000000000000000000000009F
:10016000000000000000000000000000000000008F
:10017000000000000000000000000000000000007F
:10018000000000000000000000000000000000006F
:100190000532FF1F6530FF1FC1660100000000002F
:1001A000000000000000000000000000000000004F
:1001B000000000000000000000000000000000003F
:1001C000000000000000000000000000000000002F
:1001D000000000000000000000000000000000001F
:1001E000000000000000000000000000000000000F
:1001F00000000000000000000000000000000000FF
:1002000000000000000000000000000000000000EE
:1002100000000000000000000000000000000000DE
:1002200000000000000000000000000000000000CE
:1002300000000000000000000000000000000000BE
:1002400000000000000000000000000000000000AE
:10025000000000000000000000000000000000009E
:10026000000000000000000000000000000000008E
:10027000000000000000000000000000000000007E
:10028000000000000000000000000000000000006E
:10029000000000000000000000000000000000005E
:1002A000000000000000000000000000000000004E
:1002B000000000000000000000000000000000003E
:1002C000000000000000000000000000000000002E
:1002D000000000000000000000000000000000001E
:1002E000000000000000000000000000000000000E
:1002F00000000000000000000000000000000000FE
:1003000000000000000000000000000000000000ED
:1003100000000000000000000000000000000000DD
:1003200000000000000000000000000000000000CD
:1003300000000000000000000000000000000000BD
:1003400000000000000000000000000000000000AD
:10035000000000000000000000000000000000009D
:10036000000000000000000000000000000000008D
:100370006D75011100000000000000000000000089
:10038000000000000000000000000000000000006D
:10039000000000000000000000000000000000005D
:1003A000000000000000000000000000591AFF1FBC
:1003B000000000000000000000000000000000003D
:1003C000000000000000000000000000000000002D
:1003D000000000000000000000000000000000001D
:1003E000000000000000000000000000000000000D
:1003F00000000000000000000000000000000000FD
:08183800006CFF1F4118FF1FA7
:10184000024981F3088802F0CBF80000006CFF1F0A
:1018500010B502F0B5F9072804D0122808D00228E4
:1018600008D010BD044A0420136B01331363F8E75A
:101870000220F6E71420F4E7DC61FF1FF8B507004B
:101880000C0026002500503630785135002804D150
:101890000300287058342370F8BD2978CA00481E08
:1018A0008141A3183800A25C5B68C9B2FFF7D0FF82
:1018B00000280DD12B78DA00A218013350602B706C
:1018C0003378044A013B3370136A01331362D8E75B
:1018D0000123DFE7DC61FF1F5C234343074910B5A9
:1018E000C9180B0058331B78012B05D1FFF7C6FF31
:1018F000034A936A0133936210BDC0461062FF1F12
:10190000DC61FF1F10B502F0DBF8064A012113006D
:1019100010CB4942D967044B136002F019F920003B
:1019200010BDC04600E100E01000100010B504003A
:1019300002F0C6F8024B1C6002F00AF910BDC04666
:1019400000E100E0431E5A425341A022F0B5D2010B
:101950005B421340154D164A40019B182A18127E0F
:101960008BB00191002A1BD01A000832D46F0022DC
:10197000E6B206AFE4B294420EDC2818C369002B2D
:1019800008D0019902AA117106AA049202AA16733C
:1019900003A898470BB0F0BD1978B9540132EAE7B3
:1019A0001A7D1A7806AB01261A70E6E79C64FF1FC1
:1019B00000400040F0B5254B04004001C25C85B0FA
:1019C000002A2BD01A18117E002927D0917E0029D9
:1019D00024D01179022921D11689D788D168F51B25
:1019E000ADB22A1C102D00D9102292B2BE4217D1DE
:1019F0001818012303710023C269C38003819A422E
:101A000006D06846032103730171029301A8904731
:101A10000820002C00D0192001F0DAFA05B0F0BD42
:101A2000013C65426C41A0256442ED012C40084D0B
:101A30001B186419074D0633013A92B2AA42EDD041
:101A40001888461C1E80085C2070F5E79C64FF1F08
:101A500000400040FFFF00000F220E4B10B59868B9
:101A6000104002380A280BD801F0AEFE0D0A0B0A0E
:101A70000A110A0A0A0A060002210020FFF762FF83
:101A800010BD0121F9E70020FFF794FFF8E7DB6FB5
:101A9000F6E7C046004000400F220E4B10B5986894
:101AA000104002380A280BD801F08EFE0E0A0B0AED
:101AB0000A120A0A0A0A060002210120FFF742FF61
:101AC00010BD01210800F9E70120FFF773FFF7E7D8
:101AD000DB6FF5E70090004013B5334C2378072BFC
:101AE0003DD8324B1A78324B002A39D180221968FE
:101AF00052020A431A60252001F0C6FD20232D4A18
:101B000011680B43802113606B460422C9050868E5
:101B10000733104228D080210422C905C86810422A
:101B20002ED080212020C905CA688243CA601422B1
:101B30001A701A78002A2FD18021C905C86820326E
:101B40000243CA6014221A701A78002A28D11A4B4C
:101B50001A7D22785A601D221A705932DA6013BD3C
:101B60001A6816490A40C5E7086802430A60142249
:101B70001A701A78002ACED01A78013AD2B2F7E752
:101B8000C8680243CA6014221A7019784A1ED2B279
:101B90001A700029F9D1C4E71A78013AD2B2C7E71E
:101BA0001A78013AD2B2CEE70C3FFF1FD43FFF1F95
:101BB0003CF00040043FFF1F00200040FFFFFEFFFD
:101BC000564B70B51B68012B03D1554A936D0133F9
:101BD000936501F045FF534B534A1860534B544CE7
:101BE0001A600123534A1360534A13602378002B71
:101BF00006D006225149524802F05AF800232370B9
:101C0000504A514B10681B78C1B2002B0ED14F4C7B
:101C1000C0B223785BB2002B4FDB237824785BB211
:101C200064B21B0424021B191B1813600B1C5029DF
:101C30004ED95023464A47491078DBB2FF2202288A
:101C40004BD10868444C454D267890432A789642FB
:101C500054D9227824782E78023B5D10A31B6B4365
:101C60005201D31A10335B111843086001F0A0FE33
:101C7000031F012B45D83A4B1B78002B06D0394B5C
:101C80001B78002B02D0002001F02AFFA122364B46
:101C900092009978354B4A431B689B188322920027
:101CA0009B181B78033B012B03D8AF20400001F0A9
:101CB000BFFF01222E4BDA8270BD237824785BB2FD
:101CC00064B2FF33FF341B0424021B190138ABE755
:101CD000CAB2022AAED20223ACE70868254C264DD0
:101CE000267890432A78964208D9227824782D784D
:101CF000023B5B10641B63435201B2E72378DBB203
:101D0000B2E70228D5D11D4B1B78013B022B03D92A
:101D10001B4B1B78022BCCD16C20C8E79809FF1F06
:101D2000FC0FFF1F2861FF1FFF3F0000141003403E
:101D30002C61FF1F0C10034000100340D50BFF1F48
:101D40007211FF1FB40003408C09FF1F680AFF1FB8
:101D5000490AFF1F94000340460AFF1F470AFF1F5E
:101D6000F908FF1F2209FF1F300DFF1F3409FF1F55
:101D7000BC0BFF1F440AFF1F450AFF1F1C09FF1F62
:101D80002309FF1F10B501F013FF0022014B1A8039
:101D900010BDC0462461FF1F10B501F099FEA121BE
:101DA000054A89009478054A61431268044B521829
:101DB000528C1A8010BDC046300DFF1F3409FF1F22
:101DC0002461FF1F10B50D4B0D4A9978A1239B008C
:101DD0004B431268D218531DD97F0A4B1B88994276
:101DE00009D2441C07D0C82805D0D2695B1A5A43CF
:101DF000054B5343C01801F05BFD10BD300DFF1FB4
:101E00003409FF1F2461FF1F7102000070B5244DCB
:101E10002B68002B28D001F03BFD2B68D8402B68A5
:101E20000400002B27D001F0E3FC2B68D8401D4BA9
:101E30001D4A9978A1239B004B431268D118D25CAC
:101E400091239B00002A20D0CA580132CA50174B58
:101E500017491B680868834214D3D23B181A012A19
:101E60001AD0144B186070BD01F012FD124B1968A6
:101E700001F0E6FCD3E701F0BBFC0F4B196801F061
:101E8000DFFCD4E70D495B18E8E7CA500C4B1B6830
:101E9000DB68E418201AE4E7F530FF30E1E7C046DC
:101EA0001C08FF1F300DFF1F3409FF1F9C09FF1F77
:101EB0002861FF1FA009FF1F1808FF1F2DFF3F000B
:101EC0003061FF1F70B504000D00282916D10300F2
:101ED000A433C2881B889B1A0B4A9BB293420DD92C
:101EE00006006A3605223100653001F041FD002808
:101EF00004D13100200001F00BFD70BD290020004D
:101F000001F016FEF9E7C046FE7F0000F8B50500B7
:101F1000012001F07DFD134CA36AA26A9342FBD11C
:101F2000114E336001F054FE104903000860104860
:101F3000426894460F4A17680022BC4501D24268A5
:101F4000BA1A0D4802603268AD18A422E562606AD0
:101F5000520302436262094A1278002A01D00F3B01
:101F60000B60F8BD00F00040340AFF1FE408FF1FBB
:101F700028100040180AFF1F1C0AFF1F1C09FF1F22
:101F800070B580241025E405A3682B43A36001F0FD
:101F9000AFFCA368AB43A36070BD0000F7B51600AB
:101FA00080221C001023D2050191916805000B438B
:101FB000936000225A4BD7301A6001F0E9FC9D2350
:101FC0002A002F009B00EB58CA3201210092FC37F7
:101FD000002B01D00021009A386801F0C9FD2900CA
:101FE000009BCB311A784F4BD3351A604B780A7867
:101FF0001B0213438A7812041A43CB781B0613433F
:10200000494A1BBA13604B790A791B0213438A7938
:1020100012041A43CB7931001B061343434A1BBAFF
:1020200013606B782A781B021343AA7812041A43B0
:10203000EB781B0613433E4A1BBA1360019A330226
:1020400013433C4A13603C4B22001B1B9C46032954
:102050003DDCB3089A0013005142B21A032A46D15C
:10206000354AE018511A827840781204000202437F
:10207000E05C043302430A600022FF2B4BDDF022B8
:102080002E4B12011A600F222D4B1A602D4A136835
:10209000002BFCD00023224A27491360091B321D64
:1020A0000B191B68043A180A23706070180C1B0E79
:1020B000A070E3700434002AF2DC802210213B6817
:1020C000D20501333B6093688B439360F7BD634651
:1020D000D578981893782D061B042B43157804396E
:1020E0002B43557804322D022B430360AFE7022ABD
:1020F0000AD1114AE05C511AE218527812020243E6
:102100000A6004339BB2B7E7012AB5D10A4A521AD2
:10211000E15C1160F5E7084959180A600433ACE73F
:10212000000004403C0004403800044034000440F7
:10213000300004400C00044000010440040004404E
:102140001000044014000440F7B5150080221C0064
:102150001023D2050091916807000B439360002380
:10216000654AD730136001F013FC9D233E009B00AD
:10217000F9583B00CA363200FC33002900D07FE01A
:10218000586801F0F5FC390032785C4BCB311A60AD
:102190004B780A781B0213438A78AC4612041A4320
:1021A000CB78281D1B061343554A1BBA13604B7985
:1021B0000A791B0213438A7912041A43CB791B064E
:1021C0001343504A1BBA13604B7A0A7A1B0213431B
:1021D0008A7A12041A43CB7A21001B0613434A4A17
:1021E0001BBA1360009A2B021343484A1360220063
:1021F000474B1B1B0093009BCE785B1801938B7899
:1022000036061B0433430E78043833434E780431CA
:1022100036023343019E33600328ECDC0321A80817
:10222000431C9B002940800003292BD13849E51825
:102230005E18A9786D78E35C09042D0229431943DF
:102240003160030008330021FF2B2DDD314B324973
:1022500019600F21314B1960012327490B60304B66
:1022600019680029FCD006211B680B40042B20D0E4
:1022700080220020D20593680A318B439360FEBD13
:1022800001217DE7022908D121495D18E11849782B
:10229000E35C090219432960D3E70129D3D11C4922
:1022A0005918E35C0B60CCE7194818180160043337
:1022B000CAE7002310490B606346002B0CDC3B008F
:1022C000FC335A68102101325A608022D20593688B
:1022D00001208B439360D2E7009B9B181B68190A6F
:1022E00013705170190C1B0ED37004235B42917054
:1022F0009C440432E0E7C046000004403C00044037
:102300003800044034000440300004400C00044015
:102310000001044004000440080F000010000440C5
:102320001400044070B5061E19D002225A4B9B7946
:102330009343012B13D1594B1A78FF2A0FD15A78A6
:10234000FF2A0CD19A78FF2A09D1DA78FF2A06D120
:102350001A79FF2A03D15B79FF2B00D199E0504B0A
:102360000C201A78012A08D000224E4D1A702978C4
:102370000B00093B042B01D8212070BD4B1F012B02
:10238000FAD9454CA37B042B00D982E0A279032A19
:1023900000D97EE09A1ED2B2012A02D860881F2896
:1023A00077D9002E56D0012E73D1A0880128E3D012
:1023B000002907D1581E032803D801F005FA121787
:1023C00015122E702978481E032811D80025364B87
:1023D0001D602823237501F03BFBA84227D0A58070
:1023E000CAE702212970EDE70421FBE70321F9E7A1
:1023F00007390129C0D82D490968C96A8906BBD5A2
:102400002B4908780028B7D1012A01D9002BB3D174
:1024100002230B708021274D2633890128782375EC
:1024200001F0AEFA80212878890101F021FB012317
:10243000A380214B1B78002B0AD0FA2280211F4B4E
:1024400092001B8809025A431A4B187801F028FAA7
:10245000002092E701F034FB2B78A680073B012B8C
:1024600003D917482E7001F053FB114B114C1A7809
:10247000002A06D080210022207889011A7001F0FC
:102480007FFA01F065FB80212078090201F078FADB
:10249000DEE7122071E7C046A60BFF1F6B09FF1F86
:1024A0001A09FF1F1C09FF1F4809FF1F3061FF1F8A
:1024B0002309FF1F1B09FF1F2109FF1F2C09FF1FF5
:1024C0000010004010B5002901D001F0C1FB10BD83
:1024D000F7B5604B01919978A1239B004B435E4A6D
:1024E000060014681022E418D6235B00E058362357
:1024F000FF33E35C00279343222B41D1574B0F3A24
:102500001A600760012501F0CBFB019B1880E823CE
:102510005B00E35C002B01D0B34258DD0023504F39
:10252000FB70AD33FF33E3581A68002A03D09B8851
:10253000DB439B071DD03823FF33E35C002B18D00F
:102540009B235B00E35C002B13D1D133FF33E35CAF
:10255000B3420EDAA4235B00E15AE018090A023103
:1025600001F0CEFA23000122FE33013E01351A8725
:10257000FA70E8235B00E35C002B2AD0A8B2FEBD12
:1025800003683D00002BBED081880430090A023167
:1025900001F0B6FAD6235B00E3581F60B2E72300D0
:1025A000B133BA00FF339858013781880430090AE3
:1025B000023101F0A5FAE8235B00E35CBB42EEDCEC
:1025C000E822F61AED1800235200A354A6E70027CC
:1025D000F1E7200001F044FB00281FD0002E1DDD94
:1025E0007319882647190193B600200001F018FBE3
:1025F0005A30800020184068013581880430090A6B
:10260000023101F07DFA200001F03AFAA3590133BA
:10261000A351BD4202D0019B9D42E6D1114BE35C28
:10262000002BABD095239B00E35C002BA6D00E4B78
:10263000E15A0029A2D00D4AA35C994202D9013384
:10264000A3549BE700231A212000A35401F080F932
:1026500094E7C046300DFF1F3409FF1F00140340EC
:10266000E010FF1F5A020000720200005E0200002C
:102670000D4970B54A6E0D4CD2038B69D20BA24244
:1026800006D80B4D0224AA4204D901F0D1F870BD3E
:1026900002246442E21815007E2425402242F4D030
:1026A000A3432B438B61F0E700F000400A200000B9
:1026B000FC1C0000F8B51D4B1D4F1A78002A10D1E4
:1026C000BA7B002A02D101321A7003E0032AFAD041
:1026D000022AF8D001F0BCF900220120154B1A7033
:1026E000F8BD154B154D1C68154B9E7801232B70BA
:1026F0002878C0B200F09EFBBB7B002B0BD101F011
:102700006FFAA1239B007343E41883239B00E41812
:1027100023782B70E4E7032B02D101F0A9F8F0E74E
:102720000020022BDCD101F0DBF8EAE71C09FF1FD7
:10273000A60BFF1F2309FF1F3409FF1F490AFF1FB4
:10274000300DFF1FF0B587B00EAD2F780FAD2D788F
:102750000593AC46634614000E4D0CAA12782E78F1
:1027600003930D9B009201932200059B029701F0B9
:10277000D7F82E70012C01D0042C08D180220649F4
:102780008B889343054A1278D20113438B8007B09C
:10279000F0BDC0461C09FF1F6C11FF1F7809FF1F09
:1027A0000B001B3B70B504003020E02B0DD813004C
:1027B000E025493BFF3B9BB2ED00AB4205D8034B04
:1027C000200019825A8201F0EBF870BD8410FF1FBF
:1027D00010B501F045F9054B00205B68052B04D9C5
:1027E000034A5268D20200D4980810BD001000407D
:1027F000FCE100E070B501F063F90D4B1B68FC33A0
:10280000DC691D6AFFF7E4FF6419844204D2094BB6
:1028100001241B68002B07D004220024064B1A70E9
:10282000064A93690133936101F092F9200070BD6B
:102830003061FF1F9809FF1F2309FF1FFC0FFF1FB7
:1028400070B50C4D2B68FC335C6A01F039F9FFF769
:10285000BFFF2B680025FC339B6AE318834204D238
:10286000054B1B68AB4200D1051B01F071F9280034
:1028700070BDC0463061FF1F9809FF1FD722044B6F
:1028800092009B5810B5002B00D0984710BDC04651
:102890000000FF1F10B500F07FFFFFF7EFFF274993
:1028A000274BCA6D274C1A4084235B001343CB652A
:1028B000254B1B68186A01F0ABF8244B244A1A60B8
:1028C000244B254A1A60A022244B52001A60244B44
:1028D000187801F005FA2000224901F031F80023B0
:1028E000A3600233A360204B2049236003232048C8
:1028F000A36001F025F810221E4BFF201A608022F1
:1029000052031A60802292031A60802212041A6015
:1029100001F0E6F8012001F06BF9FA20400001F027
:1029200007F8582001F084F9134801F081F80120DC
:1029300000F0CEFF072000F073FF10BD00F0004054
:1029400000FEFEFF141000403061FF1F0000034036
:102950000180063DBC00034034080000A400034091
:102960004A0AFF1F71020000C3090000FFFF3F0079
:102970002810004000E100E030750000674E336829
:1029800088331B6883F3088801F082F9644A65493B
:10299000136800200B401360634B644A1B6893422A
:1029A00000D1A6E001F024F80221614A13688B43AC
:1029B0001360FFF76FFF5F4B5F4C1878C0B200F0F9
:1029C0009FFF0023A3600233A3605C4B01202360C0
:1029D00001F01EF80323A36001F052F9040001F096
:1029E0003FF8050001F04CF9554B186000F0B8FFB6
:1029F000544B1968621A531EA14200D21300802260
:102A0000D203934201D39B029B0A3268D16AC90761
:102A100000D471E04C491C0C09689BB24C435943EB
:102A20002402090A641803264849FC3293680A689C
:102A300047489B1A474A0768126847499B18474A04
:102A40009A1833409208DB190A600360042B03D9FB
:102A5000013233400A6003600E684149A619300014
:102A600000F0EEFE3F4F3E493B68C3183B6030002C
:102A7000019301F025F93C4E306808183849306060
:102A8000884205D9019B01333B6001F019F931609F
:102A900001F046F8354B1B78002B0DD000F0E0FF1D
:102AA000334B621B196812188A4232D24919091B2A
:102AB000091A304800F044FF2F4E337A002B0ED015
:102AC00000F0CEFF621BF1681218914224D9491917
:102AD000091B091A294800F033FF00233372284BE1
:102AE00083F3088801F094F8002000F081FF00F0E3
:102AF00097FF00F07DFF5CE7DC0199000234641A67
:102B00005900641A09214B438033CB40A408E418D0
:102B100089E7FA218900CCE71A49DBE73061FF1F1A
:102B20001CF00040FFFFC1FF0C0AFF1FB64121034C
:102B300010000040490AFF1F14100040C3090000A4
:102B4000100AFF1F340AFF1F380AFF1F200AFF1F49
:102B5000280AFF1F1C0AFF1F240AFF1FC4090000C8
:102B6000710200006008FF1F2C0AFF1F1C09FF1FD5
:102B7000E408FF1F00100040740BFF1F3C100040D2
:102B800000000020DC050000A022054B92009B58AD
:102B900010B5002B01D0984710BD00F0F1FFFBE706
:102BA0000000FF1FA122054B92009B5810B5002B7F
:102BB00001D0984710BD00F0E3FFFBE70000FF1FC6
:102BC000A222054B92009B5810B5002B01D09847CC
:102BD00010BD00F0D5FFFBE70000FF1FA322054B4F
:102BE00092009B5810B5002B01D0984710BD00F003
:102BF000C7FFFBE70000FF1FA422054B92009B5874
:102C000010B5002B01D0984710BD00F0B9FFFBE7CD
:102C10000000FF1F70B500F023FF4F4B186000F05D
:102C20008FFF0400C30702D400F0F2FD70BD002244
:102C30004A4B1A604A4B18780138042829D800F00A
:102C4000C3FD0320181C2400200000F0B9FE012859
:102C5000ECD0444C2378042B6ED100F0F9FD002811
:102C6000E4D000F0CDFF582000F0E2FF02232370F3
:102C7000DCE7200000F0C4FEE9E7200000F0F8FFE8
:102C8000E5E7200000F004FFE1E7200000F030FF5E
:102C9000DDE700F08DFE0500012808D1324B1B78DE
:102CA000053B012B03D82000FFF76EFFD1E72D4B2A
:102CB0001B78022B01D0052B20D1022D28D12B4BC4
:102CC0009B7BAB431CD12000FFF76CFF264B187891
:102CD0000128BED16405BCD4244925224B7B034284
:102CE00005D1233A13405A42534126331A000B7D33
:102CF0009342AED9322000F0E3FDAAE7022D07D1BE
:102D0000194B1B78052B11D12000FFF759FFDDE788
:102D1000012D0BD1012B03D12000FFF75FFF98E7B6
:102D2000062B03D12000FFF767FF92E7200000F099
:102D300027FF022D8DD1C9E7032B04D10C4B987CC2
:102D400000F0AEFE72E7072B00D06FE7094B987BCF
:102D500000F086FD6AE7C0469C09FF1F9809FF1F27
:102D60009009FF1F2309FF1F1C09FF1FA60BFF1F50
:102D7000BC0BFF1FD40BFF1FFA210A4B0A4A490064
:102D80001A640A4A5A500A4A04395A50094A083100
:102D90009A64094A5A50094A5C315A50084ADA661C
:102DA0007047C0460000FF1F4527FF1F4128FF1F37
:102DB000F527FF1F2523FF1FB526FF1FC51DFF1F7A
:102DC000991DFF1FF7B50B0CFF270122009300236D
:102DD0003C001E001D009446019089B262469A4054
:102DE0001000084018413618B6B2FF2F02D1012E4C
:102DF00000D19FB2009802401A41AD18ADB2FF2C2D
:102E000002D1012D00D19CB20133102BE6D1032059
:102E1000012E07D1012D04D1019B2401E4191C705E
:102E20000138FEBD102EFCD10238102DF9D0023031
:102E3000F7E700008023F7B59C46264B264F019309
:102E40002649274A274D284C284B02281AD160468C
:102E500038600868264E30408026360330430860CC
:102E600001990978002909D11660224A2A60224A6C
:102E70002260E02219689143A03A1BE08021C90238
:102E80001160F2E766463E600F68194E3E408027AB
:102E9000FF023E430E600199097800290DD11760A9
:102EA00001280ED1154A2A60154A2260E0221968CD
:102EB0009143C03A0A431A60F7BD8021890211602C
:102EC000EEE7E0210F4A02432A600F4A22601A68A7
:102ED0008A43F0E74B0AFF1FE0000340D80003409D
:102EE00090000340000003405000034040000340B6
:102EF000FFFFE3FF0280063D804508220180063D7A
:102F0000806608220080069880550822F8B51E4B7E
:102F100080261A68002014003440324232D11A68E8
:102F20001A4F32431A6001223B68063093433B60DC
:102F300000F06EFD0122164D2B681E432E603B688B
:102F40000A2613433B608027BF00124B1B683B429D
:102F500011D1013EF6B2FF2E09D17E220E4B1C6824
:102F60002B68E40B1440934323432B6005E00820B7
:102F700000F04EFDE9E7002EEFD180222B686008BB
:102F800093432B60F8BDC046C4F000405CF00040A5
:102F900018F0004068F0004060F0004010B500F00C
:102FA00017FD01215820034A00F0F2FDFFF7AEFFA4
:102FB00010BDC046600AFF1F10B5782200210348EB
:102FC00000F05EFC00F074FD002010BD2464FF1FC3
:102FD00070B5040000F074FD002319001D000D4AB7
:102FE0001078002806D0A0420CD1557001310C3267
:102FF0000A29F5D1002B0AD100F05AFD00F0A8FDF6
:10300000002070BD5078461EB0411B18EEE700F05E
:10301000A7FDF3E72464FF1FF7B504000C2000238D
:1030200084460E4D019267465F43E85D7E19A042DB
:1030300012D000280BD10A4B9C4662461B780833FD
:103040001370019B70707C557160B360FEBD0133DD
:103050000A2BE8D10320F9E70720F7E72464FF1FD4
:103060002064FF1F8020F8B5484BC0051B68C124B1
:103070008360474BFF251A68012313434361454B87
:10308000A4001A68444B40211A60444B1A68444B10
:103090001A60444B1A59AA431A51C52292009E58ED
:1030A000AE433143802699509F583F49F6010F4067
:1030B0003E439E509E5880273602360A3043985031
:1030C00080201A5900020A4002431A5104341A5946
:1030D000364E3F04324080263A431A511A5936067A
:1030E0001202120A32431A5108341A5980260A4031
:1030F00002431A51C32292009F58B446AF4337434C
:103100009F509F58294E0F4007439F509F5837406C
:1031100080263604374380269F509F5836063F024C
:103120003F0A37439F50C0221F59AF433A431A51B9
:103130001A591202120A1643C6221E5192009C58B6
:10314000AC4365462C439C509C5800250C402043C2
:103150009850C72080001A58154C1140C022120206
:103160000A431A50134B1B78DB08AB4201DC0020EA
:10317000F8BD2378002B06D0A368002B00D0984719
:1031800001350C34EEE71220F2E7C046083FFF1F7E
:10319000043FFF1FB0F000401C64FF1FB4F000406C
:1031A0001864FF1F00E100E0FF00FFFFFFFF00FFCA
:1031B0002464FF1F2064FF1F030010B51F2809D8D7
:1031C000072200201340072404490A78A24313432E
:1031D0000B7010BD00230620F5E7C0462064FF1FDA
:1031E000054B06491B780A6805485B0702401B0B24
:1031F000134300200B6070472064FF1F1CF0004049
:10320000FFFFC1FF70B50C25FFF7EAFF0A4B1C78E2
:103210000A4BE4086543ED18002C01D1200070BD75
:103220002B78002B06D06B68002B00D09847013C10
:103230000C3DF1E71220F2E72064FF1F1864FF1F26
:103240001FB5002102220B0001910091052000F022
:10325000F7FB02230B490A681A42FCD1202303938F
:10326000039B5A1E0392002BFAD1074A1368002BC6
:10327000FCDA0B246C442000012100F091FC207842
:1032800004B010BD90C8004000C8004013B5040051
:103290000A4B0193019B002B01D1112016BDFFF7B2
:1032A000CFFF23000340044205D0052000F0B0FB0F
:1032B000019B013BEDE71800F0E7C046FFFFFF0769
:1032C00007B500F0FDFB80220821D205936A019129
:1032D000002B01D10739916202210C4A116001993A
:1032E000481E01900029FAD1033111600531019186
:1032F0000199481E01900029FAD11160002B02D1DA
:103300008022D205936200F023FC07BD00C000407C
:10331000F0B52D4C89B02378002B4FD1FEF7F2FA8F
:1033200002232A4F03903A681A42FCD120230693C5
:10333000069B5A1E0692002BFAD1254E3368002BAD
:10334000FCDA0120FFF7A2FF011E02D0112009B014
:10335000F0BD030003220190009005AD9F2000F016
:103360006FFB0321280000F01BFC02233A681A427D
:10337000FCD120230793079B5A1E0792002BFAD1FA
:103380003368002BFCDA0120FFF780FF0028DDD135
:103390000398FEF7CBFAAA786B7811041B020B4353
:1033A00029780B4363601300113B0A49052B07D8AA
:1033B00001239340A3600B60012323700020C6E724
:1033C00080231B03F6E7C046F03EFF1F90C8004075
:1033D00000C800409808FF1F1E4B30B55A68187887
:1033E0001D4B85B0D31859424B4101210093002356
:1033F00000F006FA194B1A4A02259A6300221A6550
:1034000010325A658022C4219D65164B1648D2029F
:10341000DA6789004258154B80241A4080231B0428
:1034200013434350642341200393E40500F02CF937
:10343000402000F029F96562039D6B1E0393002D67
:10344000FAD103236362FFF73BFFA562FFF760FF3A
:1034500005B030BDFC3EFF1F95FFFEF700C80040E1
:10346000050001FF04E100E000E100E0FFFF00FFD4
:1034700010B5064B18705960FFF7AEFF00211320FE
:10348000034AFFF7C9FD002010BDC046FC3EFF1FE8
:10349000D933FF1FF0B587B0029103920400FEF705
:1034A00031FA019000F00CFB802302250122234E0B
:1034B000DB0535605D629A6200F04AFB204F3B6895
:1034C0002B42FCD120230493049B5A1E0492002B10
:1034D000FAD11C4D2B68002BFCDA0120FFF7D6FE39
:1034E000002802D0112007B0F0BD2000039A0299F5
:1034F00000F0A6FB022304003A681A42FCD1202304
:103500000593059B5A1E0592002BFAD12B68002BC0
:10351000FCDA0120FFF7BAFE051EE3D100F0D0FA75
:1035200080230322DB0535605A629D6200F010FBA8
:103530000198FEF7FBF9E0B2D5E7C04600C00040B5
:1035400090C8004000C80040F0B5802489B0060053
:10355000FEF7D8F9E405A36A02250393029000F070
:10356000AFFA0123304F3D606562A36200F0F0FACC
:103570002E4C23682B42FCD120230593059B5A1E19
:103580000592002BFAD12A4D2B68002BFCDA012082
:10359000FFF77CFE002803D01124200009B0F0BD05
:1035A000244B2360022322681A42FCD12023069375
:1035B000069B5A1E0692002BFAD12B68002BFCDAD0
:1035C0000120FFF763FE021EE6D11B4B03211E60A4
:1035D000030001900090202000F032FA02232268BC
:1035E0001A42FCD120230793079B5A1E0792002BF7
:1035F000FAD12B68002BFCDA0320FFF747FE041EEC
:10360000CAD100F05DFA80230322DB053C605A62D8
:103610009C6200F09DFA039B002B01D1FFF750FE46
:103620000298FEF783F9B8E700C0004090C8004058
:1036300000C800400100000694C8004007B5000221
:1036400001910422000A01A9FFF724FF0EBD00002A
:1036500073B5050005240B4AA3005B429B1819684B
:103660006B46DE1D3000FFF7ADFB022804D1337836
:103670002B55013CEFD276BD052CFCD00128FAD1A8
:103680000230F8E7140900111F2807D8012380220F
:103690008340D20591680B43936070473F2808D858
:1036A0000123802220388340D20551690B435361A6
:1036B000F3E75F28F1D80123802240388340D20508
:1036C000116A0B431362E8E710B50400012813D117
:1036D000A022184992050B685B015B0913430B603C
:1036E000154B164A19681140154A0A431A604022C0
:1036F00019680A431A6010BD0028FCD101000A2095
:1037000000F0E6FA21000B2000F0E2FAC0220A4B9A
:10371000920019680A4340211A601A688A431A60A5
:10372000B022044912060B685B015B0913430B606E
:10373000E1E7C04614F000401CF000407F00FEFFAF
:1037400080FD010072B6074A13680133136004223A
:10375000054B1A600023054A13608022D20553608E
:10376000FEE7C0467808FF1FC0F00040C4F00040EC
:1037700005490B68002B05D1044A0A6004490A6018
:10378000044A13607047C046140AFF1F841E0000DD
:10379000380AFF1FC4F000400023034A1360034AA5
:1037A0001360034A1360704754F0004040F100403A
:1037B00044F1004002B471464908490009564900E5
:1037C0008E4402BC7047C04602B4714649084900A5
:1037D000095C49008E4402BC7047C04603B4714680
:1037E000490840004900095A49008E4403BC70470B
:1037F00001B40248844601BC604700BF6D0B010064
:1038000001B40248844601BC604700BFC56D010099
:1038100001B40248844601BC604700BFDD0A0100D4
:1038200001B40248844601BC604700BFF90D0100A5
:1038300001B40248844601BC604700BFD1AE00001D
:1038400001B40248844601BC604700BF090E000075
:1038500001B40248844601BC604700BF01D70000A4
:1038600001B40248844601BC604700BFC1F70000B4
:1038700001B40248844601BC604700BF75F80000EF
:1038800001B40248844601BC604700BFB70E000087
:1038900001B40248844601BC604700BFE90B010047
:1038A00001B40248844601BC604700BF8B5201004E
:1038B00001B40248844601BC604700BF893701005B
:1038C00001B40248844601BC604700BF6137010073
:1038D00001B40248844601BC604700BFE512010004
:1038E00001B40248844601BC604700BF19FA0000D9
:1038F00001B40248844601BC604700BFDD3F0000C0
:1039000001B40248844601BC604700BF891401002D
:1039100001B40248844601BC604700BF85C1000075
:1039200001B40248844601BC604700BF9D6A0000A4
:1039300001B40248844601BC604700BF8512010003
:1039400001B40248844601BC604700BF2D6C0100F1
:1039500001B40248844601BC604700BF53B900006F
:1039600001B40248844601BC604700BFC166010043
:1039700001B40248844601BC604700BFCD4C010041
:1039800001B40248844601BC604700BFB352010045
:1039900001B40248844601BC604700BF894400006E
:1039A00001B40248844601BC604700BF116E0000AC
:1039B00001B40248844601BC604700BFDD0C010031
:1039C00001B40248844601BC604700BF01340100D5
:1039D00001B40248844601BC604700BFED680100A5
:1039E00001B40248844601BC604700BF75750111EF
:1039F00001B40248844601BC604700BF016C01006D
:103A000001B40248844601BC604700BF093401008C
:103A100001B40248844601BC604700BF0189000030
:103A200001B40248844601BC604700BF85520100D2
:103A300001B40248844601BC604700BF8D110100FB
:103A400001B40248844601BC604700BF496D0100D3
:103A500001B40248844601BC604700BFA9D80000F9
:103A600001B40248844601BC604700BFC95C010044
:103A700001B40248844601BC604700BF0D520100FA
:103A800001B40248844601BC604700BF597601007A
:103A900001B40248844601BC604700BFF53501000F
:103AA00001B40248844601BC604700BF4DF90000E4
:103AB00001B40248844601BC604700BFADAE0000BF
:103AC00001B40248844601BC604700BF75A90000EC
:103AD00001B40248844601BC604700BFF9ED000014
:103AE00001B40248844601BC604700BFED6B010091
:103AF00001B40248844601BC604700BFF9350100AB
:103B000001B40248844601BC604700BFC1150100F2
:103B100001B40248844601BC604700BFC1A5000053
:103B200001B40248844601BC604700BFD54401008F
:103B300001B40248844601BC604700BF51B8000090
:103B400001B40248844601BC604700BFBD0B0100C0
:103B500001B40248844601BC604700BF9DA9000033
:103B600001B40248844601BC604700BF21A900009F
:103B700001B40248844601BC604700BF21440000F4
:103B800001B40248844601BC604700BFE917010048
:103B900001B40248844601BC604700BF01670100D0
:103BA00001B40248844601BC604700BF3D7101007A
:103BB00001B40248844601BC604700BF8D8200000A
:103BC00001B40248844601BC604700BFE9270000F9
:103BD00001B40248844601BC604700BFBD5C0100DF
:103BE00001B40248844601BC604700BFE9F600000A
:103BF00001B40248844601BC604700BF691101005E
:103C000001B40248844601BC604700BF6DF6000065
:103C100001B40248844601BC604700BF79970000A8
:103C200001B40248844601BC604700BFD9B000001F
:103C300001B40248844601BC604700BF791201000C
:103C400001B40248844601BC604700BF957301007F
:103C500001B40248844601BC604700BFE9D40000BB
:103C600001B40248844601BC604700BF71B0000047
:103C700001B40248844601BC604700BF053401001E
:103C800001B40248844601BC604700BF156B0100C7
:103C900001B40248844601BC604700BFC9A90000C6
:103CA00001B40248844601BC604700BFCD0C01004E
:103CB00001B40248844601BC604700BFE94C0100E2
:103CC00001B40248844601BC604700BF090E0000F1
:103CD00001B40248844601BC604700BFB1620111D3
:103CE00001B40248844601BC604700BFEDA5000056
:103CF00002000000C27C011101000000647B011180
:103D000002000000BE7C011101000000303DFF1FD9
:103D1000020000006C7B011101000000C85EFF1F63
:103D200002000000BC7C011103000000D45CFF1FF6
:103D30001200000002000000C27C0111010000001E
:103D4000AC7B011102000000BE7C011101000000EB
:103D5000A87B011102000000B47B011102000000E9
:103D6000E45CFF1F02000000C27C011101000000A2
:103D70000C7C011102000000BE7C0111010000005A
:103D8000393EFF1F020000001E7C011101000000EF
:103D9000FA7B011102000000BE7C0111010000004D
:103DA000383EFF1F020000001C7C011101000000D2
:103DB000AC5EFF1F02000000BE7C0111010000008C
:103DC000373EFF1F020000001A7C011101000000B5
:103DD000EA7B011102000000BE7C0111010000001D
:103DE000363EFF1F02000000187C01110100000098
:103DF000E57B011102000000BE7C01110100000002
:103E0000353EFF1F02000000167C0111010000007A
:103E1000E07B011102000000BE7C011101000000E6
:103E2000343EFF1F02000000147C0111010000005D
:103E3000DC7B011102020202020200002D150111B9
:103E400029150111307C011190011D001800180086
:103E5000FFFF07010203040506020106000000003F
:103E60000000000000000000000000000000000052
:103E7000000000000000000003000B000500F0003F
:103E80000000B4000028002800283075A000A00021
:103E9000A000A00000080008E001F00010001000E1
:103EA00010001000100010005000500050001000D2
:103EB0001000D0070000000000000F000100050006
:103EC000307507001000010081FF00000000FF00B6
:103ED0001D35011125330111B5300111FFFF01001E
:103EE000FF000000395F0111B55C0111CD5B0111CC
:103EF00000000000000000000000080004000000B6
:103F00003B0001085902E00188212800FF00000061
:103F100002000000C27C011101000000887D011137
:103F200002000000BE7C0111010000008D3FFF1F58
:103F300002000000BA7C011101000000DC64FF1FD8
:103F400002000000BE7C0111010000008C3FFF1F39
:103F500002000000B87C0111010000008A3FFF1F31
:103F600002000000BE7C011101000000883FFF1F1D
:103F700002000000B67C011101000000803FFF1F1D
:103F8000180018001D00900102000003020200004A
:103F900002000000C27C0111010000009C7D0111A3
:103FA00002000000BE7C011101000000D03FFF1F95
:103FB00002000000B47C01110000000000000000BD
:103FC00002000000BC7C011103000000FC64FF1F24
:023FD00020FFD0
:040000051FFF184180
:00000001FF
