:020000041101E8
:10010000F7B5164B0192C318021D002000938823F7
:100110005B05D3181B685C1C1AD09CB2402C18D805
:100120008D781E0CAC466746CD782D023D43AE421D
:1001300006D1019800280ED110000C70240A4C70D2
:1001400003249BB20733A343D218009B9A42DED309
:10015000FEBD4432F9E71000FAE7C046FC0F00008C
:10016000802213B503000324019189B252010731A3
:100170009B18A14304305A1A88235B05C3181B68D7
:10018000591C03D190429241104016BD99B24029AA
:1001900007D80B000733A343C0189042ECD30020CC
:1001A000F3E74430F9E7134B134A1B68126810B5A4
:1001B000F424934201D81A00F024104BA4021B68C7
:1001C0009A4210D813000E4A12689A420ED3013395
:1001D00007D1F0239B029C4203D10A49054808F04D
:1001E00037FB200010BDF824A402ECE7FC24A40295
:1001F000F7E7C04600C0031100D0031100E003116F
:1002000000F00311FFFFFF7FF0B59BB015000490D5
:100210000391402A00D9A0E006AB59801A80FFF76D
:10022000C2FF0400042816D9002206A9FFF768FFC0
:10023000052810D906AB1B88AB420CD1002D07D086
:10024000514B2A000499C01808F022FA002802D164
:1002500001201BB0F0BD06AB1D8020000699FFF702
:100260007FFF041E7BD1069B0793FFF79CFF802333
:100270005B01C61880230700DB029E4201D3F026F3
:10028000B60288235B05F31801931B68013302D083
:10029000019808F085FC3D49019808F0D9FA3B1D0A
:1002A0000293331D05938822029B52059B181B68FD
:1002B00008935A1C3CD044219AB20091402A04D899
:1002C0000320D11D814389B2009103991B0C8B42FD
:1002D00024D0402A22D80122300008A9FFF710FFBD
:1002E000021E1BD1380008A9FFF70AFF04000428EA
:1002F00031D9009A059B9B1880225201B218934273
:1003000040D288235B05C118009A09A808F070FA4A
:100310001D4B009A09A9F01808F0C2FB009A029B35
:100320009446634402931A4B029AFB189A42BAD33A
:1003300088235B05FC1821680198013908F088FAC8
:10034000200008F02DFC039A07AB5A803000079973
:10035000FFF706FF0400002C03D1002079E70428F2
:10036000FBD988235B05E018069908F071FA03238E
:10037000EA1C9A4300D16BE7034B0499E01808F09C
:100380008FFB65E70424ECE704000011FFFFFF7F0B
:10039000F80F0000F7B505001400402A21D8002707
:1003A00001AE71803780FFF7FEFE042816D93A00AF
:1003B0003100FFF7A5FE042810D93688BC420BD0C7
:1003C000BD4209D0221CB44200D9321C064B92B265
:1003D000C118280008F00CFA30B2FEBDC04300B2CC
:1003E000FBE703204042F8E70400001137B5042280
:1003F00004000D0001A81649FFF7CCFF02000428F5
:100400000BD1019BA34208D3AB4204D0104901A8F1
:100410000195FFF7F9FE01203EBD0E4C2368200038
:10042000019308F0BDFB019920000139019108F00A
:100430000FFA80235B01E418074B9C42EED10422A3
:10044000034901A80195FFF7DFFE0020E4E7C0465D
:100450005555000000C00311000004118022F8B5BA
:10046000964C974BD200002120001C6008F018F930
:100470002300944A88331A60934B1A786A23002A1F
:1004800000D01133E3620A232365904B37221B7897
:100490000820A3638E4B2118E361102323628D4B48
:1004A0003B256361C823DB00A36123008C331A6002
:1004B0002823013AE26320646364CA67043A211D79
:1004C000CA672100BC310D602100C03108602100E5
:1004D000C4310B6021000635CC310D602100083D90
:1004E000C8310D602100D0310A602200D432106082
:1004F0002200D832136022000227E0322100176068
:100500004222DC310A6021001B3DE4310D602100F4
:10051000E83108602100EC310B6023000521F43341
:1005200019602300F0331A602300183290331A60E8
:1005300023009433186023001E3A98331A60AF23C7
:10054000DB002360644BFA262363644B644DE36055
:10055000644BF031A3642300FF31FC33B600A1608B
:1005600021611E60A5627325E5656D3D6565A56524
:1005700096255D4AAD00E264666258606766A566CE
:1005800000270925A767E566584F594D6067200089
:100590002567E2673A6015279C30676007001A20DC
:1005A00038602000A0300700212038602000A830EB
:1005B00007004C4838602000F830066026006427A9
:1005C000A436376026005F3FAC3637602600033F15
:1005D000B03637602600C637B436376026000027AD
:1005E000B836376038269E60424E96205E64424E92
:1005F0005A66DE61414E9A645E62F53EFF3E9E623F
:100600001E269A67354A8000DE661F675F67DD65D4
:100610001D661862DA67BE23394A5B00E250394B27
:10062000D838235004302250C4225200A350C6238D
:10063000E4205B00E1500433334AE1503349344B4A
:10064000D1603449800019503349E938FF381950D6
:1006500032490430195032493248D161324911636C
:10066000324951631900F4310860CE20304940000E
:1006700011603049195019002F48F83108602F498E
:10068000D16582212E4A89005A501A002D4908321C
:10069000D1671A002C49B432116088212B4A890095
:1006A0005A501A002A49883211602A4ADA6407F03F
:1006B000C7FF012008F0F4F8F8BDC0460004FF1F92
:1006C0008062FF1F506DFF1F0441FF1F4A0AFF1F7A
:1006D0003A07000080C3C9019A020000DC0500004F
:1006E0006A18000050C3000088130000F009FF1FC3
:1006F000204E00006509FF1F68100000C4090000BB
:1007000040420F0010270000FC00FF1FC11BFF1F0D
:100710000000FF1F152CFF1F9D2FFF1F352EFF1FF1
:10072000811FFF1F7126FF1F9D1FFF1F4921FF1FF4
:100730000D1FFF1F9528FF1F7D29FF1FD918FF1FC1
:10074000A127FF1FC524FF1FD124FF1F0D1EFF1F60
:10075000C51EFF1F851DFF1F0223F0B50124634D39
:10076000634E2B70634B34701A68634B89B004205E
:100770005A7006F039FD07F0CBFFFFF76FFE08F067
:100780000FF81F2200215D4B1E271A705C4B6F442F
:100790001C705C4B19705C4B19689143163A0A4304
:1007A0001A60602219689143403A0A431A6007F0C0
:1007B000B7FF08F065F9554B9847C120FF21544B0E
:1007C00080001A588A431A50C522920098588843CC
:1007D000BF390143995098584E4908408021C901BA
:1007E0000143802099509958C0050902090A014324
:1007F000995080214848490108F092F903232200CA
:10080000464901940093464808F0BAF81622454933
:1008100002A807F0EDFF02AC61782078023406F000
:10082000E1F8A742F8D1404C404B226803201A401F
:10083000A023DB0213432360802322689B0413431D
:10084000236022683A4B1A4080239B0313432360A2
:10085000384A394B934200D8012008F089F908F052
:100860006FF880232268DB0413432360287808F0A4
:10087000BFF93078C0B207F0C3FE08F089F92F49FC
:10088000042008F0F5F806F0A5FA06F0F1FE00F0F5
:10089000B1FF01F059F82A482A4906F08FFD2A4B8A
:1008A0002A4819782A4B32781C782A4BC9B21E780C
:1008B000D2B22B780196009406F080FD08212648DC
:1008C000264A06F07BFD8023A12225489200234979
:1008D0005B0106F073FD234B2348196806F06EFD9B
:1008E00000F022F9002009B0F0BDC0464A0AFF1FFF
:1008F0000441FF1F34F000402860FF1F480AFF1F1B
:10090000490AFF1F680AFF1FBCF00040E1A2000077
:1009100000E100E0FF00FFFF0841FF1F8C53FF1FB5
:100920000851FF1F6F94011114F00040FF7FF8FF82
:10093000FFFF9FFF0080FF1F506DFF1F3B0001085E
:10094000308C0111020101034B0AFF1F468C01117B
:10095000440AFF1F450AFF1F748C0111780A00002A
:10096000A48C0111800AFF1FF88C01117047704799
:1009700030B503A804880B20002C0ED14968074D20
:1009800008784978090201430A20A94205D10121CA
:1009900020001980024B1B7A137030BD192A000009
:1009A0001060FF1FF7B5150008AA16884A680F4F98
:1009B00014785278120222430A24BA4214D1012236
:1009C000DBB2019200962A0007F088FD041E0BD1CD
:1009D000074B1B68002B07D068782A780002104369
:1009E00042425041013098472000FEBD02290000DC
:1009F0000C5EFF1F30B5012503790400BFB02B4208
:100A000011D00A49408807F0D5F828420BD0084B8E
:100A100001A95B8D4D800B80064B00221B7A6088FC
:100A20000B7103F057FD3FB030BDC046045EFF1FA1
:100A3000F03DFF1F1060FF1F10B50549054807F086
:100A40006FF80421044A054807F02CF810BDC04691
:100A5000045EFF1FFFFF000088940111F03DFF1F9F
:100A600010B5024804F014FC10BDC046F509011190
:100A700001230370054B1A7A42700C2282709A7916
:100A8000C270DB79037105207047C0461060FF1FFC
:100A9000022310B50370013B43700533837010339C
:100AA0000371443B43712A3383714433C371002380
:100AB0000372064B04001B8843720A30FFF7D8FF0D
:100AC000831D0A30C0B2E37010BDC0461060FF1F26
:100AD00010B5142008F03CF8124B142200211860C5
:100AE00007F0DEFD002008F02BF8012007F0F0FDF4
:100AF000022007F07DFF032003F012FE042005F022
:100B0000A9FE052003F046F8062003F01DFD07208E
:100B100001F0AEFA082006F0A5FF092001F034F834
:100B200010BDC046105EFF1F07F0C2FD012007F098
:100B30004FFF07F0ADFE032382B054280ED8434385
:100B4000DAB2D0430023C0B2FF210A4008401202AB
:100B50000B401B041043184302B07047A92806D865
:100B600055384343DBB2DA430020D2B2ECE75630CB
:100B70005843C0B2C3430022DBB2E5E7F0B5030A35
:100B8000040C071CD8B285B00E004843FF2107F0C3
:100B900047FEC5B2E0B2FF21704307F041FEC4B288
:100BA000F8B2FF21704307F03BFEFF231D401840C1
:100BB0002D021C4024042843204305B0F0BD000052
:100BC00013B52638C0B211280FD80A4A0A4B115C57
:100BD0000A4A1B5C125CFF242340180021400902D2
:100BE000224012040843104316BD002211001300D6
:100BF000F1E7C046DE940111F0940111CC9401118B
:100C000037B500240325019028006043044B0322DC
:100C1000C01801A9013407F0EBFD202CF4D137BD39
:100C2000945FFF1F10B50C220249034800F07DFBC2
:100C300010BDC0461C5EFF1FF45FFF1FF0B5A44B44
:100C40008FB01B68002B78D0A24B20211800019395
:100C500000F0FAFCA04C2378002B5FD063791800D9
:100C600025381C285AD807F0D3FD34006A006A00E2
:100C70006A006A006A006A006A00940094009400A6
:100C8000D800F700F700F700F700F700F700F700CB
:100C900015015900590059005900590059005900CF
:100CA00059001D00A2780DAB1A70E2785A702279B3
:100CB0009A7061780D98FFF761FF05AB1870020418
:100CC0000002000E120E5A7098700598FFF798FFF8
:100CD00024E00025814B0DAF0293029AEB001078BF
:100CE0000326C018C0B2FFF726FF387003040002C5
:100CF0001B0E000E7B70B87061783868FFF73EFFFE
:100D00006E43019B019A98550304000296191B0E2D
:100D1000000E01357370B070202DDED19825704C17
:100D20006D0020212B002200019800F0B4FC01008E
:100D3000A84202D1200000F063FC0FB0F0BD67496B
:100D40000A78097849B200291EDB5200D5B2180092
:100D5000FFF736FF0DAE3070030400021B0E000ECD
:100D60007370B0706078FF21684307F059FDC1B21D
:100D70000D98FFF703FF0304307000021B0E000EF6
:100D80007370B0700D98A1E7FF25AD1A6D00EDB23C
:100D9000DDE72D2B37D0FF2500242E2B35D1280061
:100DA00002944E4B1A781B785BB2002B30DB52005A
:100DB000D7B2FF26F31B9BB231005843039307F0D1
:100DC00097FD04AB1872039B02987C435843310093
:100DD000001907F08DFD04AB5872380031006843EC
:100DE00007F086FD04AB98723B4B06985978FFF7E5
:100DF000C5FE07AB187002040002000E120E5A70F6
:100E00009870079862E70025FF2420000295C8E744
:100E1000FF239B1A5B00DFB2CBE7304B1878030748
:100E200000D57BE7C000C0B2FFF785FE08AB1870A5
:100E300002040002120E000E5A7098706178089831
:100E4000FFF79CFE09AB187002040002000E120EA0
:100E50005A709870099839E7204A1278120700D51D
:100E60005CE71800FFF7ACFE0AAB18700204000242
:100E7000120E000E5A70987061780A98FFF77EFE85
:100E80000BAB187002040002000E120E5A7098701C
:100E90000B981BE72420114B1B781B095843C0B249
:100EA000FFF749FE0CAB187002040002120E000E90
:100EB0005A70987061780C98FFF760FE0DAB0204D1
:100EC00018700002120E000E5A7098705AE7C04651
:100ED000605EFF1F945FFF1FF45FFF1F3D5EFF1FFB
:100EE000645EFF1FF0B5C5B01D004AAB059016004B
:100EF0000E201F88002911D0002A0FD04B681A78C5
:100F00005B781B0213433C4A934209D101220598A6
:100F10000192EBB23200009707F0E0FA45B0F0BD65
:100F2000364A0A209342F9D10130002FF6D102301F
:100F3000142DF3D82A003100314807F059FC29005C
:100F4000304806F03BFA2900300006F0A5FB2E4C95
:100F50002A003100200000F087F9050001282DD17A
:100F60002A49059806F026FE284080B2002804D1C0
:100F7000274806F023FA0020D0E73900F22207A81C
:100F800007F08EFBFFF74EFE0C2202AB214908A8AA
:100F9000DA8207F02DFC204B02AA1B8807A9938256
:100FA00005983A0003F096FA1C4D0100A079637988
:100FB00022780090280006F001FADCE7002805D02E
:100FC0001748290006F0FAF98020A7E7154B18709A
:100FD000FFF728FEFFF732FE2579637862792178E2
:100FE0000395E57810480295A5780195A4790094B9
:100FF00006F0E4F9BFE7C04602290000D9FF00006F
:10100000285EFF1F0A8D0111F45FFF1F145EFF1F92
:10101000318D01111C5EFF1F7E3EFF1F788D011177
:10102000C18D01113C5EFF1FF18D0111F8B51D004E
:1010300006AB16001A8807AB1F784B6859781878EA
:101040000B4B090201430A20994210D10130002ABA
:101050000DD1FFF7E7FD3C1C0C2F00D90C24E4B2A6
:1010600022003000034907F0C3FB00202C80F8BDAC
:10107000D4FF00001C5EFF1F094B10B5040098420E
:1010800005D0012904D12000064906F049FD10BD14
:101090000229FCD1013904F0B9F80028F3D0F6E7B1
:1010A000FEFF0000145EFF1F10B50E4800F0AAF905
:1010B0000021072005F07CFD0221072005F092FCAD
:1010C0000021032005F074FD0221032005F08AFCB5
:1010D0000021042005F06CFD0221042005F082FCB3
:1010E00010BDC0463E5EFF1F30B5072085B005F03D
:1010F00059FC0400032005F055FC0500042005F010
:1011000051FC01214D404C40EBB241401D4DE2B23B
:101110001D4CC9B200912800210000F07BF9002885
:1011200014D025796378627921780395E57817489A
:101130000295A5780195A579009506F03FF9002262
:10114000134B1A70FFF76EFDFFF778FD2378002B25
:101150000CD06379412B09D00D49A2790B78120983
:101160000133DBB20132934202D20B7005B030BDC5
:101170000023084A0B70137801331370FFF75EFDEC
:10118000F4E7C0463E5EFF1FF45FFF1F318E011182
:101190003C5EFF1F3D5EFF1F70B51B4C200000F042
:1011A00051F80022194B1A70194B1A70FFF73AFDCB
:1011B0001849194806F0B4FC184803F0A9FF18486C
:1011C00000F090F943424341164D17492B60002827
:1011D00000D11649164806F0F1F82B68002B0DD007
:1011E000002325782370FFF729FD2570FFF726FDE2
:1011F000A379627861790F4806F0E0F806210E4A7B
:101200000E4806F04FFC70BDF45FFF1F3D5EFF1FF0
:101210003C5EFF1F145EFF1FFFFF000079100111ED
:10122000009F2400605EFF1F768E0111738E0111F6
:101230007B8E01119A8E011104950111343EFF1F1E
:101240007047704700280ED0012303707F3343702E
:101250007F3325228370BF3BC370002342710D3A58
:1012600003718271C3717047030010B50220002B17
:101270000DD000290BD0032A1CD10C78EF2C07D1FC
:10128000487801284FD18B78772B00D0033010BDE0
:101290000420CC2CFBD18C78332CF8D1497823292D
:1012A00003D101221A700020F1E710002429EED1A9
:1012B0000022F7E7072A1ED10A780420562AE6D131
:1012C0008A79AA2AE3D14A79F02A0CD14A789A700D
:1012D0008A78DA70CA781A71FF225A70BE3A5A7147
:1012E0000022DA71DFE703200F2AD0D10A799A7041
:1012F000DA700A79EFE704208242C8D10C78100036
:10130000BB2CC4D1CA78442AC1D14A780320140026
:10131000253C132CBBD85A7189780A1C002900D1AE
:1013200001229A71DCE70420B1E7030010B5002820
:1013300023D0081E21D000200B2A1ED966220A7055
:10134000513A4A701A785442624123328A705A796B
:10135000CA7020220A715A79412A00D098794871BE
:101360009A780C208A71DA78CA711B790B72002383
:101370004B7206338B729333CB7210BD02788A4264
:1013800004D0012301708370002070478378032B01
:1013900018D80133DBB28370042BF5D14378934224
:1013A000F2D04270002A05D000238380C3800372EC
:1013B0000120EAE7037A8280C280027258425841D3
:1013C0004000E2E74378002BDED083880C4A93424A
:1013D00001D001338380037A002B07D182883B2A16
:1013E000D2D901220272C3800320CEE7C388013321
:1013F0009BB20E2B01D8C380C6E70023F3E7C0469B
:10140000FFFF000010B5002803D02022002107F0C4
:1014100047F910BDF7B51E0008AB1B780C0005009E
:101420001100019300283DD0201E3BD02800FFF77B
:10143000A5FF0700280031000A30FFF79FFF0600D4
:10144000280001991430FFF799FF02000020012FB6
:1014500004D12378380059424B412370022E22D107
:1014600007210320AB7F01330B401C49AB77584366
:101470000B00C35C0918A3704123637100234E78ED
:101480008978E6702171E3710120022A18D1EB7F7F
:10149000013201331340124AEB77D35C63710023AE
:1014A000E3710120FEBD032EEFD1637820201900E7
:1014B0002039C9B29F2901D81B18D8B26070E3E760
:1014C000032AEFD1A37920211A00103AD2B2CF2AF1
:1014D00001D85B18D9B2A171E3E7C0462695011186
:1014E0002295011170B5041E66D08423354A5B0134
:1014F00011680B4313604023334A11680B43136098
:101500008023DB051A6831490A401A608022196875
:1015100052010A432E491A600A682E4B1A40B02322
:101520005B0313430B6080232B4ADB0311680B43DF
:1015300013602A4B98476300050083423FD8600838
:101540002100401907F0D4F9254A030090422FD911
:101550001300DA0717D51A00032B00D20322214902
:10156000013A8B4200D90B001100614301335C4307
:10157000481B8D4200D9681A611BA54200D9291B5E
:10158000884200D81300082400201749174AFF3466
:10159000087014802222164C25682A432260154ABE
:1015A0001360154B154A1860012313700B7070BD42
:1015B0000228CED20223CCE701204042F7E70220E6
:1015C000FBE7C0460800004014000040FFEFFFFFAB
:1015D0002C380040FFFFC0FF0C380040D1A50000B0
:1015E000FEFF0000FDFF000008700040007000409A
:1015F0002C300040147000402C70004010700040EF
:1016000030B5002817D002230C4C4118884206D16F
:1016100001232278100018401A42FAD130BD2278F6
:101620001A42F3D0064A1268072AEFD80578054A0D
:1016300001301560EAE701204042EFE728700040E2
:1016400020700040607000400B00002805D003218E
:10165000594300234118884200D1704703704370FA
:1016600083700330F7E7F0B50022062413008026CC
:101670000427A446340014413D00044200D06546CE
:10168000DB0001322B43082AF4D11A0C0A701A0A23
:101690004A708B70F0BDF0B504001500070085B0EE
:1016A000002819D0171E17D009224A4317001037F7
:1016B0000192BB4222D303232E004B43C318029353
:1016C000330009330393029B9C4208D1019B1022F3
:1016D0000021E81806F0E4FF380005B0F0BD310045
:1016E0006078FFF7C0FF2078F11CFFF7BCFFA078FF
:1016F000B11DFFF7B8FF0334039EE1E70027EBE7D6
:1017000070B5160004AA148805AA15784A6850789E
:10171000117800022A4A0843801805284BD806F0A1
:10172000EFFF03131E29343F07221000062C0AD8AE
:10173000121BAA4200D92A0022491A803000091936
:1017400007F056F8002070BD0720112CFBD812229C
:10175000121BAA4200D92A001B491A80EEE7072073
:101760000E2CF0D80F22121BAA4200D92A001749CA
:101770001A80E3E70720032CE5D80422121BAA42B3
:1017800000D92A0012491A80D8E70720032CDAD89A
:101790000422121BAA4200D92A000E491A80CDE762
:1017A0000720022CCFD80322121BAA4200D92A00FC
:1017B00009491A80C2E700220A201A80C3E7C046FE
:1017C000DCD5FFFF6A950111FC5FFF1F5A950111DF
:1017D00055950111509501114C95011110B50D2130
:1017E000024A034806F05EF910BDC046409501115B
:1017F000943EFF1F10B5084CE368002B08D18022EF
:10180000064B52021B689B186360054B1B682360E4
:1018100006F056FFA06010BD3860FF1FC8F0004002
:10182000CCF0004070B5184A936A916A9942FBD196
:1018300016498A689A421FD39A1A8B60144B012664
:10184000186893B2D202D20E4343424300204C6840
:101850001B0A1B1912029B180E4C0A684B60551C80
:10186000A3420CD8002801D04B600A600A4A1360DA
:1018700008680A4B186070BD581E821ADDE7084AD6
:1018800030009B182A00EAE700F000403860FF1F94
:10189000140AFF1F40420F00C8F00040CCF0004087
:1018A000C0BDF0FF70B51F4C23793F2B01D93F23FA
:1018B00023711D4B22791A701878C0B207F0D0F846
:1018C00018231A491A4A0B801A4913800B80538037
:1018D000A379194980200B800C21938001334B435D
:1018E000164D191C0001834200D9011C2980D180AA
:1018F0006379002B01D101336371237A012B01D865
:10190000022323726279237A0D4853430A215843F4
:1019100006F086FF0B4D2860E379052B01D81023D4
:10192000E37170BD2C60FF1F480AFF1F7E3FFF1F41
:10193000B040FF1F7C3FFF1F7A3FFF1F783FFF1F14
:10194000710200001C60FF1F064B70B51900064AAB
:1019500031CA31C102225A7100229A71FFF7A2FFE7
:1019600070BDC0462C60FF1F8C95011170470000B0
:1019700070B50400013806280DD806F0C1FE041128
:1019800035551D0C57002A4805F018FD294B02213A
:10199000187806F0EDFE2100274805F00FFD70BD18
:1019A000264805F00BFD234B0821187807F008F9AD
:1019B0000022234B1A72EEE780220025204B5200B2
:1019C0001A81FA22DD721F4B1A4E5B7A92000821AF
:1019D0005A43307806F0ECFE2900307806F000FF1C
:1019E000194805F0EBFCD6E7184805F0E7FC114B69
:1019F0000821187807F0E4F81548FFF749F8114B6B
:101A0000144A9B799380144A138000220C4BDA729B
:101A10000132FF321A81114B1B78002BBBD0104AC8
:101A2000136006F0CDFEB6E70E48DAE70E48D8E7B9
:101A3000D68E01114860FF1F548F0111E58E0111F0
:101A40001C60FF1F2C60FF1FF98E01110C8F01110C
:101A5000893FFF1FB040FF1F7A3FFF1F2860FF1F15
:101A600034F00040238F0111448F01110300F0B5C1
:101A70000A4D8E18B14202D152008018F0BD0C7888
:101A80002F6824093C5D0F271C700C7801313C4005
:101A90002F683C5D5C700233ECE7C046743FFF1F6B
:101AA00010220F4B10B51A700F230E4C0E492370E5
:101AB000093A063B0D48637006F09AFE2D23012279
:101AC0000B490C486372FFF7D1FF01220A49FFF767
:101AD000CDFF01220949FFF7C9FF0023037010BDA4
:101AE0004662FF1F2762FF1F6A9501112962FF1FCF
:101AF0006709FF1F3162FF1F6609FF1F6509FF1F8E
:101B000010B5FFF7CDFF084C084B207821000130BD
:101B1000C0B2187006F014FE2178054A0139C9B226
:101B2000002005F0DDFE10BD2762FF1F4662FF1F8B
:101B30002962FF1F10B5114B1A781870002A0ED0B9
:101B400000280BD10E4B1A78062A07D85423D3400D
:101B5000DB0703D50B4B187801F09AFE10BD002867
:101B6000FCD0074B1B78012B02D0033B022BF5D88E
:101B7000044B0121187806F0FBFDEFE74A62FF1FD6
:101B80007162FF1F7262FF1FF0B5624B87B0187061
:101B9000614805F013FC614805F010FC604805F051
:101BA0000DFC06F0ADFE03225E495F48FFF75EFFC5
:101BB0002D24030088211C70042249050130FFF701
:101BC00055FF30230222047043708370574C584BEA
:101BD0002000DA8757490432FEF7DCFB062813D0D1
:101BE000200006F0F5FF022809D00321200006F0AE
:101BF00097FE8D23E3706E3B2371193363710622C8
:101C000020004C49FEF700FB4B4B01251B68FC33C1
:101C10005C64FFF775FF0723484E494C3370053B62
:101C200023700433A370033BE3702371D2336371D9
:101C300044492A3344486570A37105F0BFFB64230F
:101C4000424F43487979594305F0B8FB2178A3788E
:101C500062780591A1793F480391617902912179D8
:101C60000191E1780091059905F0A8FB0020FFF7AC
:101C700061FF3278384E23002900307801F0CAFD28
:101C8000364A0021364B1278307801F0C3FD6422C9
:101C9000344B204C1D707B7953431900244A0A3180
:101CA00093811382D18151822078202106F0A8FDF2
:101CB0000120404205F060FE0120404205F0FCFE9C
:101CC000FFF78CFDFEF7B8FE274805F077FB0120F3
:101CD0004042FFF761FAFFF7E7F980210A22090184
:101CE000207806F065FD280006F0EAFDF02000F0FF
:101CF00047FF2900207806F03BFD207801F044FFE3
:101D00001A4806F055FFFEF731FE194805F056FB5C
:101D100007B0F0BD4860FF1F638F0111918F011163
:101D2000AC8F01112440FF1FFC5FFF1F6509FF1FDF
:101D3000B03FFF1FADAC00008062FF1FA83FFF1F38
:101D4000893FFF1F2962FF1FC28F01112C60FF1FF7
:101D5000D58F0111F28F01117262FF1F4662FF1FC2
:101D60002762FF1F1862FF1F259001114A60FF1FA5
:101D700052900111F8B520230E000D001E401942AB
:101D800061D0654B654C1B78002B42D0FFF74AFDB4
:101D9000634B644E99686268737A8A1ADB039A42CD
:101DA0003ED36160FEF7E2FD637A002B2ED0013B4B
:101DB000DBB26372002B29D1E27A002A11D0A27A19
:101DC000E372002A02D0A372FEF7D1FD564A574FA4
:101DD0001388380001331380FEF75AFE390006F0ED
:101DE0000FFE64227379524E53431900514A0A314F
:101DF0009381D18113825182307801F049FD042210
:101E00004D4B012130781A7006F0B2FC237A013371
:101E100023724A48217A05F0D1FA20206840F8BDA3
:101E2000A37A002BC0D00023A372FEF7A0FD3E4A88
:101E30003E4F1388380001331380FEF729FE390026
:101E400006F0DEFDB0E70BB2002B15DA3C4B18783C
:101E500006F00EFD041E0CD00378912B06D14378BA
:101E60000E2B03D18188374805F0A8FA200006F030
:101E700037FC80200002D1E70224214209D03248F9
:101E800005F09CFA254B01201E72FFF753FE20003F
:101E9000C4E70824214207D02C4805F08FFAFFF749
:101EA000C1FCFEF763FDF2E7CB0615D51E4B2848B3
:101EB0001A7AD98805F082FAFEF759FD164B1B787D
:101EC000002B07D1FEF7CCFD164B1B68DB0701D5B5
:101ED000FFF7B7F91020A1E70124214208D01D48DF
:101EE00005F06CFA1C4800F087F806F051FCCEE7CC
:101EF00080242401214202D0FFF7F6F8C7E704242A
:101F000008002040214200D189E7144805F056FA24
:101F1000FFF796F9BBE7C0464A62FF1F1C60FF1F30
:101F20003860FF1F2C60FF1F1060FF1F893FFF1FDD
:101F30007262FF1FB03FFF1F7162FF1F7D90011192
:101F40004860FF1F85900111AE900111DD900111D5
:101F5000E8900111FC9001116C3FFF1F17910111D6
:101F6000F0B51B4B1B4F1B883A8804001A4E1B4DC3
:101F700085B09A420DD832889A420AD3184B1A88F3
:101F80002B889A4205D1174A174B12881B889A4210
:101F90001BD0052000F050FE3B8802AA1380338836
:101FA000019053802B88114D93800F4B02A91B8801
:101FB000D3800F4B2A78188802F096FB0D4B08212E
:101FC0002878019A1C7006F033FC05B0F0BDC046BD
:101FD0001662FF1F7E3FFF1F7C3FFF1F7A3FFF1FE0
:101FE0001462FF1F1262FF1F783FFF1F7262FF1F04
:101FF000803FFF1F1062FF1F13B50C4B1C78002C95
:1020000011D1002801D00A4B18600A4A0A4B1178F6
:102010000A4A10780A4A01920A4A0092002205F000
:102020004FFB200016BD1124FBE7C0467162FF1F65
:102030000C62FF1F7062FF1F6062FF1F7262FF1F52
:102040004C62FF1F5062FF1F10B5064B12201B7819
:10205000052B06D1044B13221988044B187800F085
:10206000C7FF10BD7162FF1F803FFF1F7262FF1F1D
:1020700010B500240122114B52421870104B1C70F5
:10208000104B1A8001F080FD04220F4B21001A70C2
:102090000E480C3206F0FCFC102221000C4806F021
:1020A000F7FC07220B4B1C600B4B1C700B4B1C707E
:1020B0000B4B1A700B4B1C7010BDC0467262FF1F99
:1020C0007162FF1F803FFF1F7062FF1F6062FF1F72
:1020D0005062FF1F4C62FF1F2662FF1F2562FF1F19
:1020E000823FFF1F2462FF1FF8B5174C06002578BA
:1020F00006A814240078052D23D1B41F134FA5B2D0
:102100001824BD421DD88D1FADB2BD4219D8FA2585
:102110006D00AA4215D21D000D4F0A3DADB2BD4261
:102120000FD80C4C26800C4C21800C4900240A80CE
:102130000B4A1380FFF714FF0A4B0421187806F0AE
:102140003FFD2000F8BDC0467162FF1F790C000002
:10215000750C00007E3FFF1F7C3FFF1F7A3FFF1F73
:10216000783FFF1F7262FF1FF0B50BB20D0089B000
:10217000002B00DB84E1AC4E307806F079FB041EC6
:102180002DD00378A22B00D133E1D02B2CD0912B72
:1021900022D143780E2B1FD18388A44A934211D1B8
:1021A000A34A83681278052A16D1032018567F287F
:1021B00012D0A04B1B68002B0ED05B68002B0BD0FD
:1021C000984709E09C4A934206D181689B488B78E6
:1021D0004A78097805F0F2F8200006F081FA8020AC
:1021E0000002684009B0F0BD80780728F4D806F0F6
:1021F000CFFB0800F3FF1C003C003C007300A7006D
:10220000D7006378002B0CD10121894B19708C4BBE
:102210001A78002A54D08B4B307801F0FBFA002852
:102220004ED00722824B1A704AE061780029F8D11B
:10223000E378002B0AD0844A844B1278307801F07E
:10224000E9FA60706378002BC6D0EAE7784B1B7818
:10225000022BC1D00121307806F052FC0028F1D1C8
:102260000121307806F084FAECE76378002BD8D1AE
:102270006F4F032807D13B78052B02D101333B7008
:102280001EE00223FBE7724B1A88724B0293002A6E
:102290000BD01B78002B03D00121307806F0C8FA50
:1022A0003B78062B04D1013BE9E7029B1A70F7E764
:1022B000042B43D10121029B3078197006F058FAA3
:1022C0005C4B1B68002B00D186E71B68002B00D1FC
:1022D00082E7574A107873E76378554F002B27D170
:1022E0000622211D5C4806F083FA62895B4B5C493B
:1022F0001A80A2895B4B1A80E3890B800521397013
:1023000059490A80594A1380228A594B1A80594BDD
:102310001B78012B09D11F2000F08EFCFA229200BD
:1023200042430421307806F083FA0022494B7AE7D1
:10233000312B00D075E70022464B1A7003239EE72D
:1023400006220021444806F0A3FB0023464A04214C
:102350001380464A30781380454A138006F030FCDB
:102360000821307806F02CFCA379083B5A425341EF
:102370002F4A03331370324B1B78002B06D0354B9A
:1023800030781A78002A06D001F082FA0122334B05
:1023900052421A8094E70121197006F0E9F9F5E735
:1023A0000821307806F00CFC6378002B00D013E78E
:1023B0002D4B2F4F0293E388029A042113802B4B5D
:1023C000307803932389039A138063893B8006F056
:1023D00097FB002800D0FFE6274B1B68002B00D19D
:1023E000FAE6039902983A88098800881B6898479A
:1023F000F2E64379132B00D0EEE60389012B0AD1D4
:102400001E4B1B78022B06D10821307806F0D8FB32
:10241000FFF71AFEE0E6052000F00EFC082102009E
:10242000307806F005FAD7E67262FF1F0514000047
:102430007162FF1F0C62FF1F222000003991011101
:10244000A83FFF1F893FFF1F4662FF1F2762FF1F34
:102450004862FF1F4A62FF1F1962FF1F803FFF1F74
:102460002062FF1F2262FF1F1662FF1F1462FF1F00
:102470001262FF1F1862FF1F0862FF1F1062FF1F1A
:102480008020C001014200D0ABE6CB0731D5324BF2
:102490001B78002B1DD0314E05AC3378052B1AD19B
:1024A000023B23702E4B21001B7823722D4B1B788F
:1024B00063722D4B187801F051F9002809D00720DC
:1024C0002A4B30701B68002B03D01B68002B00D0F8
:1024D0009847012085E60E20254B06221B782549CA
:1024E0002370254B1B78637002ABC01806F080F98F
:1024F000D8E7022308001840194209D0174B1B786F
:10250000052B03D11D4B188806F03AFB022068E624
:102510000424214203D0FFF723FD200061E60823B5
:1025200008001840194200D15CE6154B1C78012CBC
:1025300003D0022C0DD0082053E6124B124A134947
:1025400013481B881288098800880094FFF7CCFD87
:10255000F1E7FFF779FDEEE74A62FF1F7162FF1FA7
:10256000823FFF1F2462FF1F7262FF1F0C62FF1F6A
:102570002662FF1F833FFF1F2562FF1F803FFF1F53
:102580001062FF1F783FFF1F7A3FFF1F7C3FFF1F36
:102590007E3FFF1F10B5034C0B000122210000F00D
:1025A0006BFA10BD552701110B8870B506000D00A0
:1025B0000224162B11D92B000322094900F05CFAE2
:1025C000041E0AD1074B2A881B88191C934200D984
:1025D000111C300089B200F0EFFA200070BDC04637
:1025E000812701118662FF1F10B54A780400013A65
:1025F0000B000220012A07D80A78002A04D00522FD
:102600002000024900F038FA10BDC046AF27011182
:102610000A7810B50B0004000220002A04D007221B
:102620002000024900F028FA10BDC0465B280111C5
:102630000A7810B50B0004000220002A04D00922F9
:102640002000024900F018FA10BDC046C12801114F
:1026500010B5034C0B000B22210000F00DFA10BD49
:10266000F128011110B5034C0B000D22210000F0E0
:1026700003FA10BD6329011110B5034C0B000F22A2
:10268000210000F0F9F910BDBD2901110A7810B53B
:102690000B0004000220002A04D01122200002496D
:1026A00000F0EAF910BDC046CD290111002310B594
:1026B0001322190000F0E0F910BD000010B5034C22
:1026C0000B001722210000F0D7F910BD1F2A0111BD
:1026D000002310B51922190000F0CEF910BD00003A
:1026E00010B5034C0B001B22210000F0C5F910BDF2
:1026F000592A0111F7B584890D0006000121002C2B
:1027000022D000238268D3561778002B1EDA0C2CB7
:102710001AD90C3CA4B2131940880093230002F08C
:1027200012FF431E984101307B06DB0F6B703F2385
:10273000013C1F40A4B22870AF70AC80002C07D0C1
:10274000B3680133AB6000210800FEBD0020EBE759
:10275000AC60F8E70B7803704B8843704B881B0A1A
:1027600083700B79C370042070470420022B06D1BC
:102770000020537811781B02009A0B431380704796
:102780000B8803700B881B0A4370022070470420DB
:10279000009983420AD1537810781B0203430B80BF
:1027A000D37890781B02034300204B807047F8B524
:1027B0000D004B7801240021461C03702B788B42BE
:1027C00001D82000F8BD6B78B01C4F1C012B10D134
:1027D000890069184B88022233704B88B9001B0AA4
:1027E0007370691806F0FCF804360434A4B2F9B228
:1027F000E4E7122359436B185A88043132705B881E
:1028000010221B0A7370691806F0EAF812361234A7
:10281000ECE770B5049D14001E00052B01D80420C0
:1028200070BD637812781B0213432B80E378A27883
:102830001B02134302226B802A71211D681D063E74
:1028400006F0CEF8B2B22A81E92AE8D82800A11D04
:102850000A3006F0C5F80020E2E7002310B50A7838
:102860009A4201D8900010BD9A008A18548801330A
:1028700004705488DBB2240A44709488847092886F
:10288000120AC2700430EAE710B51100029C062B50
:1028900004D004201022142B01D010BD022222717A
:1028A0004B7808781B0203432380CB7888781B027F
:1028B000034363800431601D06F092F80020ECE7CA
:1028C00010B50C788B7804315C43E4B203702200BD
:1028D000013006F085F8601C10BD0420022B06D1E3
:1028E0000020537811781B02009A0B431380704725
:1028F00010B50C000A88023106F072F8208810BD6D
:1029000070B504000D0004981100012B01D80420BB
:1029100070BD167852781202324302800200F13202
:1029200055701470E125002C00D10C35023B9AB291
:102930004280AA42EBD80231043006F051F8002060
:10294000E6E70420009983420AD1537810781B02ED
:1029500003430B80D37890781B02034300204B8005
:10296000704710B50C000A88023106F039F820884B
:1029700010BD000070B501211E000420049C0E4013
:102980000B4218D1CB40DDB28D4214D90A49DBB2DB
:10299000098899420FD32300EE331D70330058008D
:1029A00011184978165C0902314301332152D9B21A
:1029B0008D42F4D8002070BDAA3FFF1F10B50C0057
:1029C0000A88023106F00CF8208810BD10B50C788A
:1029D0008B7804315C43E4B203702200013005F0CF
:1029E000FFFF601C10BD10B511000298032B01D829
:1029F000042010BD14785278043B12022243028056
:102A0000CA788C781202224342809AB28280EB2AE2
:102A1000EED80431063005F0E3FF0020E9E710B5F9
:102A20000C000B8803700B881B0A43704B88837063
:102A30004B881B0AC3708A880430063105F0D0FF2A
:102A4000A088043080B210BD0420012B03D10020E7
:102A50001378009A1370704710B50C000B88037040
:102A60000B881B0A43704A880230043105F0B8FF16
:102A70006088023080B210BDF0B589B003931E4B60
:102A8000029242000700D05A019102F050F813253B
:102A9000061E2DD0029B01240370019B002B04D045
:102AA000001903999847001984B26B461B7A5BB2F0
:102AB000002B0FDA1021380002F0A8FB192500289E
:102AC00013D130003219E1B202F0F2FC051E0CD134
:102AD0000C34A4B2042304AA380005A993800696F6
:102AE000948101F0DFFD051E02D0300005F038FEB4
:102AF000280009B0F0BDC0468462FF1F70B5050014
:102B00000C0000280CD00020814209D010222000A7
:102B1000044905F065FF01202B7823736B786373FC
:102B200070BDC04698950111F0B506000D00170064
:102B30001C0085B002291BD00020102907D1022BD0
:102B400007D0102B03D115E00020102C08D005B0C1
:102B5000F0BD69463800FFF7D1FF2A0069460BE057
:102B600069463000FFF7CAFF22006946380004E0DA
:102B7000022BE9D12A003900300005F051FDE6E7CB
:102B8000031CF02800D9F023032008499AB2013A27
:102B90000B80D317034006499B189B100B80D30F63
:102BA00004499B185B100B807047C046AE3FFF1F67
:102BB000AC3FFF1FAA3FFF1F054B10B51B888B4280
:102BC00005D3044B4000C152034804F0F7FB10BD8D
:102BD000AE3FFF1F8462FF1F4C910111014B40006B
:102BE000185A70478462FF1F1722014B1A807047E2
:102BF0008462FF1F70B505000E2005F0B1FF041EB2
:102C000013D0D02303700023062283700749457038
:102C1000033005F0E5FE064B2100DA8A62811B7E57
:102C20002373044B187805F05BFE70BDA062FF1F94
:102C30009062FF1FFE3FFF1F262803D8024B400073
:102C4000C05A70470148FCE7B03FFF1FFFFF00007C
:102C500070B506000C00094D1C220021280005F06B
:102C600017FF074B1E70074B1C7005F021FE012358
:102C7000002801D0002312202B7070BD9062FF1F2E
:102C8000FE3FFF1FB162FF1F70B505000D4C08002D
:102C9000E260A16010220021656005F0A1FF01281B
:102CA00003D11021A06802F004FE102200212800A8
:102CB00005F096FF012803D11021606802F0F9FDAC
:102CC00070BDC0469062FF1F70B5041E05D100297B
:102CD00003D006220D4805F083FE0D4B1D78012D13
:102CE00011D1002C05D102221A7005F0C9FD28006F
:102CF00070BD00221A70074B1B78FF2BF7D0200005
:102D0000FFF778FFF3E70025F1E7C046A062FF1F59
:102D10009062FF1FFE3FFF1F030010B5002801D186
:102D2000002010BD00780B4A002803D15988D182B9
:102D30001B7913761378022BF2D10023984200D12D
:102D400003331370044B1B78FF2B01D0FFF752FFA6
:102D50000120E6E79062FF1FFE3FFF1F002911D010
:102D600000280CD04B79012803D140225242134352
:102D700003E03F221340032802D001204B7170472B
:102D80004022F4E70800FAE770B5094D0100287801
:102D900000280BD0074C0622200005F021FE210060
:102DA0002878FFF7DBFF200005F08AFE70BDC046E3
:102DB000B062FF1F8A62FF1F00290AD0012808D1D4
:102DC0003F224B799343C02B03D0403B5A4253419F
:102DD000981C704770B5174D06002B78FF2B15D047
:102DE0000A2005F0BDFE041E10D0D0230370C83B9E
:102DF0008370114B11491B784670C3700622043052
:102E000005F0EEFD2100287805F06AFD0C4B1B78DB
:102E1000012B0DD10B4B1B68002B03D09B68002BA3
:102E200000D09847084B04211878084A05F0C0FCE8
:102E300070BDC046FE3FFF1FB062FF1F8A62FF1FCA
:102E4000AC62FF1FD862FF1FDC62FF1F60EA000058
:102E5000014B98687047C0469062FF1F014BDB68CA
:102E6000186870479062FF1F074B10B5DA68136847
:102E700001331360054B1878FF2803D08021C90166
:102E800005F076FC10BDC0469062FF1FFE3FFF1F9D
:102E9000F7B50E0002F04EF9051E1CD00E4B06626F
:102EA0001F78002F00D10778AB791020019305F02F
:102EB00057FE041E0FD0D0230380C73B8370019BB5
:102EC000E91DC3700622043005F08AFD2100380098
:102ED000E66005F005FDF7BDFC3FFF1F014B1878CC
:102EE0007047C046B062FF1F054B002805D1054B57
:102EF0001A78054B002A00D1014B18007047C046D4
:102F0000A062FF1FB062FF1F8A62FF1F014B58685B
:102F10007047C0469062FF1F024B1868431E9841DD
:102F2000C0B27047B462FF1F421E03000120152A81
:102F300003D9FF3B5A425341D8B27047F0B51C0049
:102F400000230E0085B0039002920B70029A934208
:102F500001D3002019E0E55C5A1CD2B2002DF8D054
:102F6000029851198142F4DC0233DFB2A35C1800ED
:102F70000193FFF7D9FF002807D0013D019A03997B
:102F8000EBB233708A4202D1E01905B0F0BDDB1913
:102F9000DBB2DBE710B50C0002F024F903001220CD
:102FA000002B03D02100588805F082FD10BD0000E1
:102FB00070B50E4D84006359002B15D0186A002897
:102FC00001D005F03DFD2B59586A002801D005F0CD
:102FD00037FD2B59986A002801D005F031FD28599A
:102FE00005F02EFD00232B5170BDC046C062FF1FAF
:102FF0001C4B70B504000E00150099420AD11A4B03
:103000001B68002B01D1122070BD1B68002BFAD069
:103010009847F9E7154B994215D1134B1B68002BC4
:103020000AD01B68002B07D09847002804D1104B0A
:103030001C70104B1D70E7E729002000FFF7AAFF66
:103040000028E1D1F3E7080002F074F80028DAD094
:1030500003780320A342D7D12900300005F028FDD2
:10306000D2E7C046FEFF0000BC62FF1FFFFF00006A
:10307000B962FF1FB862FF1FF7B50400808802F035
:1030800059F80025A84203D00578A08802F08EF8F0
:103090001C4E3378002B1FD0AB421DD11A4B280099
:1030A0001978FFF777FF002818D000233370A37931
:1030B0000820A778A688019305F052FD011E0DD0C7
:1030C000D0230370CA3B8370019B47708680837155
:1030D000280005F005FC01E0002DE8D1A0880B4B8D
:1030E0008200D358002B01D0FFF762FF1721A08880
:1030F000FFF762FDA08801F057FDA08801F062FE95
:10310000F7BDC046B962FF1FB862FF1FC062FF1F54
:10311000F0B587B01D000CAB1B88070001930DAB09
:103120001B88142002930EAB1B88160003930FAB71
:103130001B880091049310AB1B88059305F010FDCC
:10314000041E1AD0D0230370CB3B47708370C67027
:10315000062229000430002D11D005F041FC019B0E
:1031600021006381029B0098A381039BE381049B60
:103170002382059BA37405F0B3FB07B0F0BD05F0F7
:1031800087FCECE7F7B5009308AB1B8807000C2021
:103190000D001600019305F0E3FC041E13D0280077
:1031A00001F0C8FF00280FD00078D0232370C93B5E
:1031B000A370009B21002381019B6770A580E6809E
:1031C000638105F08DFBF7BD014B1878EDE7C04634
:1031D000FE3FFF1F13B5040064890389C2888188FC
:1031E000C0780094FFF7CEFF13BD000010B5044C6B
:1031F0002068002803D005F023FC0023236010BDC5
:10320000C462FF1FA122F0B5818892004A43384B67
:10321000384F1B6804009B189D2292009B188279EE
:1032200089B01A603B68002B5FD01D78324B1B6859
:10323000002B04D05B68002B01D0002098472600AB
:1032400008363100E079FFF7B7FD237DE071020019
:10325000E0780493638A29000393238A0293E38925
:103260000193A38800933300FFF752FFE378002B0C
:103270000BD1E289A379A18802920196E279280014
:103280000092012201F060FFE0703B68002B20D02B
:10329000FFF7ACFF194D287800281AD0184B197881
:1032A000FFF778FE002814D02B78E67808200793E3
:1032B000A78805F055FC011E09D0D0230370CA3B36
:1032C0004670837087808671079805F009FB00239C
:1032D0002B701721A088FFF76FFCA08801F064FC19
:1032E000A08801F06FFD09B0F0BD064B9DE7C04618
:1032F0003409FF1FC462FF1FD862FF1FB962FF1F9E
:10330000B862FF1FFE3FFF1FF8B5070008000E0060
:1033100001F010FF041E18D02620FFF78DFC051EBB
:1033200000D12578062005F01BFC041E0DD00021DD
:10333000062205F0ADFBD0232370C23B210067704D
:10334000A370A680E8B205F0CBFAF8BDF0B585B061
:1033500001930AAB1B78070002930BAB1B780800A4
:103360000D000092039301F0E5FE061E22D010200E
:1033700005F0F6FB041E1DD01022002105F088FB8D
:103380002620FFF759FC002800D13078D023237085
:10339000C13BA370009B21002372019B6770637285
:1033A000029BA580A372039BC0B2E3720C9BE360F7
:1033B00005F096FA05B0F0BDF7B50D00019001F0EB
:1033C000B9FE071E20D00E2005F0CAFB041E1BD03C
:1033D0002620FFF731FC061E00D13E78D023238043
:1033E000C53B0622A370F91DE01C05F0F9FA019B0C
:1033F0002A0063810123DD401A401D402100227311
:103400006573F0B205F06CFAF7BD0000F0B585B059
:10341000029010000D0017000A9E039301F08AFE2F
:10342000041E31D0029B002B2ED1039B02795B0737
:1034300024D5122313430422002E08D10B9900290E
:1034400005D10C99002902D10D9900291AD01A43EF
:103450000D9B2271002B00D0C9E0002E00D1CFE0DF
:10346000002D00D0CCE0606A002801D005F0E8FA19
:103470001C21300005F034FB606205E002239A4312
:103480000E33D7E793432371654BBA00D458002C11
:1034900000D1AAE0002E10D0236A002B03D11C20FB
:1034A00005F056FB20625E4BBA00D358186A00281C
:1034B00003D01C22310005F093FA0C9B002B12D094
:1034C000574CBB001D596B6A002B03D1162005F029
:1034D0003FFB6862BB00E358586A002803D01622FD
:1034E0000C9905F07DFA0D9B002B11D04C4DBC00C2
:1034F0006659B36A002B03D1142005F029FBB06292
:103500002B59986A002803D014220D9905F068FA07
:10351000380001F00FFE051E67D0414BBA00D358AA
:10352000002B62D01A6A3420002A00D11C389A6A13
:10353000002A01D0143080B20B9A002A01D01C302E
:1035400080B25B6A002B01D0163080B205F008FB18
:10355000041E4AD01822002105F09AFA2620FFF70F
:103560006BFB0190002801D12B780193D0232370AD
:10357000029B200063700A23294EA370039BBD00A9
:10358000A371AB59A780196A1830002905D01C22F5
:10359000A06005F025FA200034307359996A00299B
:1035A00007D0030014221433E060029305F018FAE8
:1035B00002980B9B002B08D003001C221C330B9994
:1035C0002061029305F00CFA02987359596A002998
:1035D00003D01622606105F003FA6B4621001879CA
:1035E00005F07EF93800FFF7E3FC05B0F0BD1022CE
:1035F0000D9B0D991B69A018236205F0F1F92CE7CA
:103600000B9B002B00D13FE7012D00D03CE7606A07
:10361000002801D005F014FA1C210B982AE7C046B7
:10362000C062FF1F10B5044C2068002803D005F0CD
:1036300007FA0023236010BDB462FF1F0B4B07B5D0
:103640001A68002A01D100200EBD6946531C0120D2
:1036500012780731FFF772FC0028F4D002780123BA
:10366000100018401A42EED0EEE7C046D062FF1FAD
:10367000F0B51F4F01203B6887B0002B25D09B7809
:10368000059300F0DDFB002821D00A20FFF7D4FAD3
:1036900004000B20FFF7D0FA164B05001E78731EAE
:1036A0009E413B68F6B2191DD878FFF757FB3B687F
:1036B0002900DA7A043303929A79019302920090F6
:1036C00033002000059A05F04BF907B0F0BDFFF775
:1036D000B5FF002805D00620FFF7AEFA040007204A
:1036E000D8E70820FFF7A8FA04000920D2E7C0466F
:1036F000B462FF1FB062FF1F70B50A4E040033783A
:103700000D00FF2B0DD0042005F02AFA011E08D071
:10371000D0230370CE3B45708370C470307805F0C1
:10372000DFF870BD0C40FF1F70B5040006200D00CF
:1037300005F016FA011E0AD0D0230370CD3B83702A
:10374000054B44701B688580187805F0C9F8002C7B
:1037500001D0FFF767FF70BDB462FF1FF8B5264FB9
:1037600006003B680D001124002B05D10522234BD8
:103770001B78134202D112242000F8BD204A1024E5
:103780001268002AF8D01278002AF5D0DB0719D584
:103790002B789A1E012A1AD80C2005F0D9F9132487
:1037A00038600028E8D000230A2243702900067000
:1037B000023005F015F9FFF75BFF041E0AD0FFF792
:1037C00031FFD9E700F03CFB0028E1D1E4E7002B12
:1037D000E2D0D0E70B4B1B78032BCDD11D20FFF798
:1037E0002BFA094B18800028C6D0084B0421187802
:1037F000074A04F0DDFFBFE7B462FF1FB162FF1F9D
:10380000D062FF1FB062FF1FAE62FF1FDC62FF1FAE
:1038100060EA0000F7B50193194B14001A780523EC
:1038200006000F0012201A4221D0012920D1154B89
:103830001D68002D1BD002201F2C18D8002C02D090
:10384000019B002B13D0104B1F221E706E1C0021F9
:10385000300005F01DF901992200300005F0C0F894
:10386000310020002C70002F06D005F0D9F8FEBDE5
:10387000064B12201D68DCE704F062FFF7E7C04644
:10388000B162FF1FD062FF1F0C40FF1FCC62FF1F01
:10389000F8B50F4E12243368002B17D01B780F3C5D
:1038A000834213D100250B4F0221387805F088F9A7
:1038B000094B042138781D8005F082F9074B280058
:1038C0001D8033685C7004F0CBFF04002000F8BD5D
:1038D000B462FF1FDC62FF1FC862FF1FAE62FF1FE2
:1038E00070B5012823D11B4C2388002B03D01A4A22
:1038F0001578002D07D0194B1B68002B02D01878C3
:10390000FFF7C6FF70BD3B2B02D93C3B2380F9E794
:10391000134E0221307805F053F9FA2223889200E1
:1039200002215A43307804F083FF2580EAE70B4BED
:103930001B68002BE6D00B4B1B785B07E2D5084BCE
:103940000221187805F03CF90022024B1A80FFF79B
:1039500069FED7E7C862FF1FAC62FF1FB462FF1F9A
:10396000DC62FF1FB162FF1FF8B51E4D28680028FA
:1039700003D005F065F800232B601B4E306800284B
:1039800003D005F05DF800233360184F05243B7821
:1039900018002040234221D0154800F055FA3B780A
:1039A000234213D0202005F0D3F82860002813D03C
:1039B0002022002105F06CF8202005F0C9F8041E33
:1039C000306005D02022002105F062F8002004E0DC
:1039D000286805F035F82C601320F8BD00F034FAA3
:1039E000F4E7C046D062FF1FCC62FF1FB162FF1F29
:1039F0000040FF1F10B50A4C23681A1E0ED0002885
:103A000008D10130587004F02BFF002805D023683E
:103A1000002B02D00021FFF787FE0122100010BD0D
:103A2000B462FF1FF7B5274E050033680191181ED9
:103A300021D05C78244F012C30D1FFF7FFFD002806
:103A400025D02000FFF7F8F80400412814D91F4BB7
:103A5000022118781E4A04F0ABFE1E4B3C3C1C8031
:103A6000022233685A703B78002B14D12800019948
:103A7000FFF75AFE0120FEBDFA2292004243002ABF
:103A8000EED0124B0221187804F0D2FEE8E7FFF7DF
:103A9000D3F80200F3E700233B70EBE73B78002B01
:103AA000E8D1032005F05CF8011E08D0D023037094
:103AB000CC3B457083703368187804F011FFFFF732
:103AC000B1FDD7E7B462FF1FAC62FF1FDC62FF1FCE
:103AD00060EA0000C862FF1F10B5204B8188994240
:103AE00034D016D81E4B994207D81E4B994221D884
:103AF0001D4B994219D0002010BD1C4B9942FAD1A0
:103B0000836899785A78090218781143FFF78AFF79
:103B1000F2E7174B99421DD0164B0020CB18052B0E
:103B2000EAD8154803F04AFC0EE083681878FFF7DE
:103B300061FFE1E7114A83688818424250411B78CF
:103B4000C0B21900FFF7D8FD0120D5E783680C4803
:103B50001978E7E783680B481978E3E751200000FC
:103B60000920000007200000062000000A200000B5
:103B700052200000ADDFFFFF5B910111F8DFFFFF76
:103B800088910111A1910111014B18707047C04635
:103B90000D40FF1F10B5064C207001F0A7FA2078E9
:103BA00005F03EF80521207800F06CFD10BDC04600
:103BB000DC62FF1F0BB273B50D00002B00DBCBE006
:103BC0008B4B187804F054FE041E0ED00378912B12
:103BD0000FD0A22B00D1A8E0864B1878FF2852D036
:103BE000210004F07DFE00284DD1802000026840B5
:103BF00076BD43780F2B76D013D8052B70D00E2BC3
:103C0000EAD180887C4B98422BD87C4B98421BD8B9
:103C10007B4B9842E0D1A3681878591CFFF754F801
:103C200038E03E2BD8D18378032B79D06CD8012B88
:103C300073D0022BD0D1734B1B68002B23D05B6851
:103C4000002B20D098471EE06F4BC0180C28C3D81B
:103C500004F06EFD1DC2C2150BC20B0B0B3223C24A
:103C60003C006A4BC0180728B6D8694B1B68002B6C
:103C700009D01B68002B06D0200098470AE0A368F3
:103C80001878FFF7A7F8200004F02AFDADE7A06838
:103C9000FFF742F800289FD0F5E7A3681B78002BB8
:103CA000F1D0584B1B68002BEDD01B68002BEAD0DD
:103CB000210058489847EDE7524B1B68002BE2D093
:103CC0001B68002BDFD021005348F3E7534B1B68E0
:103CD000002BD8D05B68002BD5D021004648E9E7FF
:103CE000FFF7CAF9CFE780884D4B984203D04D4B80
:103CF000984200D070E7494B1B68002BC3D05B682B
:103D0000002BC0D02100D5E7152B0CD04648162B30
:103D100000D061E703F052FBB5E7FFF773FAB2E7B3
:103D2000FFF758FAAFE74148F4E7414B1B78042B03
:103D300007D100236A4613800179408800F0C8FC4F
:103D4000A1E7364B1B68002B9DD05B68002B9AD0F7
:103D500001003848984796E7012421420AD0294BB0
:103D60001B68002B04D05B68002B01D00020984713
:103D700001203CE78B070AD5254B1B68002B04D09C
:103D80005B68002B01D02000984702202FE7042118
:103D9000280008400D4200D12AE7274E3388002B27
:103DA00021D0013B9BB23380002B1AD1FFF7B4F82E
:103DB00000280AD0214B1C70154B1B68002B04D027
:103DC0005B68002B01D020009847FFF79FF86946F9
:103DD00001F086FD6846FEF7D7FF1D20FEF72CFF99
:103DE0003080042003E7024B187804F0E9FEF8E77E
:103DF000DC62FF1F0D40FF1F0E20000001200000AD
:103E000009100000D462FF1FFEDFFFFFAFDFFFFFDE
:103E1000D862FF1F0C2000000B200000BC62FF1FB7
:103E20000D20000013200000F7910111BB9101113A
:103E3000B162FF1FFFFF0000AE62FF1FAC62FF1FF9
:103E400010B501F0F7F910BD014B18607047C0467E
:103E5000D862FF1F0B880020162B01D817230420DF
:103E6000014A13807047C0468662FF1F00207047DA
:103E7000074A03001188814207D0918800209942A7
:103E800002D101308000101870470020FAE7C046C8
:103E9000E462FF1FF0B58F7806000D00C5B01E2F3D
:103EA00015D1FFF7E5FF051E03D10024200045B022
:103EB000F0BD00223B003100C078009200F0B2FB60
:103EC0000400A81C00F0D2FBFF23EB70EEE7264BAA
:103ED000062403931B78FF2BE8D0182FE6D87B0825
:103EE000224A013BDB0002929A589446002ADDD018
:103EF000029AD3185B68002BD8D00878002802D12A
:103F00004B78012B02D10624122FCFD107AFAB88FB
:103F1000697800976446AA68A047041EC6D1AB78AA
:103F2000029A5B08013BDB00D318390030005B6864
:103F30009847041E0BD1AB78042BB6D0039A3100FE
:103F400010782200009700F06DFB0400AEE76A785D
:103F5000002AABD1AA7805A93B88087130000A7005
:103F60004B80FEF717FBA0E71040FF1FA89501113B
:103F70001D4B37B5050098420BD000290AD1FFF739
:103F800077FF002805D11948FFF772FF002800D0FD
:103F9000058037BD01291AD1FFF76AFF041EF8D04A
:103FA00001235B420380A378FF2BF2D0FE2B07D0C6
:103FB0000023E0781422009329001E3300F032FB26
:103FC000A01C00F053FB01235B426380E1E7022960
:103FD000DFD1013901F01AF90028DAD12800FFF702
:103FE00047FF041EDFD1D4E7FEFF0000FFFF000003
:103FF000022210B5074B52421A80074801325A80FC
:104000009A80DA8000F07EFA044801F081F80020FE
:1040100010BDC046E462FF1F953E0111713F0111C2
:104020000388F7B50400002B02D102252800FEBD4D
:1040300042680221137825485268FEF775FD002872
:104040002ED0234F01253A88002AEFD080232188E3
:104050005B0201259B1A9942E8DC0C2004F078FDF4
:10406000061E31D03B8822889C460023180001950B
:1040700061469DB2491989B2AA421BD8002801D0D5
:1040800062443A8000233000082208C0210004F076
:10409000A7FC104A1368002B13D100251660C5E752
:1040A0006268022113780C485268FEF73DFD002833
:1040B000C7D1BAE760681D014019418101330198F9
:1040C000D6E71A001B68E6E71325AFE7169601113D
:1040D0000E40FF1FE062FF1F14960111014B187084
:1040E0007047C0461040FF1F14230A0010B51A4045
:1040F000194204D00122102101F0A4F810BD4B0692
:10410000F9D4012088434000F8E710B514008B066D
:1041100004D50122102101F095F810BD08230A00F2
:104120001A40194202D14BB2002B0FDA102101F0D4
:1041300089F8002808D02300F2331B78002BECD03C
:10414000F1342378012BE8D10020E6E7032089072A
:10415000FAD4E2E7F0B51F00184B85B01C68019057
:1041600002910392002C27D1200005B0F0BDA56874
:104170003301ED186B89019A934211D3029A93424D
:104180000ED8002F04D10A9B002B10D12C00EBE796
:104190003B002978039A6868FEF7C6FC0028F2D134
:1041A0000136B6B2A388B342E1D82468DAE7A3683F
:1041B0000A9A5B891380E9E70026F3E7E062FF1FB4
:1041C00037B50C000A8849880123914217D3002A89
:1041D00015D0651D23792A0002210A48FEF7A4FCA8
:1041E000102300280BD023796188208800242A001E
:1041F0000094FFF7AFFF0A23A04200D0230018006D
:104200003EBDC0461696011113B50A0008884988BC
:10421000012388420BD8002809D0002413790532E5
:104220000094FFF797FF0A23A04200D02300180054
:1042300016BD13B50A0008884988012388420BD8A7
:10424000002809D00024137905320094FFF782FF7B
:104250000A23A04200D02300180016BDF0B58BB091
:1042600003904A8808880E000123824255D3002813
:1042700053D00023012704AC23700022718813005F
:104280000092FFF767FF051E3ED02078002835D149
:104290002B78022B18D167706A8983000130E318EC
:1042A00080005A8069680222201804F099FB237864
:1042B0000133DBB22370042B19D93B00688901302C
:1042C00080B2002BD9D01FE0022363701223584321
:1042D0006A89231804305A8069681022201804F073
:1042E0007FFB23780133DBB22370002BE5D10C4A2E
:1042F0006B899B185A425341DBB2DFE76378012B8D
:10430000E4D12B78022BC7D022780A23002A04D0CC
:1043100021000398FEF768F9002318000BB0F0BDE8
:104320000100FFFF0F4BF0B504001868002816D0FD
:1043300083685D89A54207D88288AE18B44203DA43
:1043400012019A18934201D10068EFE71E005F89BD
:104350001036A74204D1002900D00D801800F0BD0E
:104360003300EFE7E062FF1F70B505000C0008881E
:104370000021FFF7D7FF03000120002B04D022000B
:104380002800197AFFF7C1FE70BDF7B50C000025B3
:1043900001902300EE331B78AB4201D800200AE0E5
:1043A0006B00E65A00213000E718FFF7BBFF00283A
:1043B00002D126800130FEBD017A0198FFF794FEFC
:1043C000002802D03B882380F5E70135EDB2E0E715
:1043D00010B5040008880021FFF7A4FF03000120A6
:1043E000002B03D02000197AFFF77EFE10BD0000DD
:1043F000054B1B68002B01D1180004E09A68528914
:104400008242F6D198887047E062FF1FF0B50E2710
:10441000002687B0039302ABFF183E8005001F4BB8
:1044200040891400984207D02B78013000976A68C1
:1044300080B2FFF78FFE060002212B7818486A68C9
:10444000FEF772FB00280FD06C892000FFF7D0FF29
:10445000002802D0013C0419A4B2039B002B00D019
:104460001C80300007B0F0BD02212B780D486A682F
:10447000FEF75AFB0028E7D102212B780A486A6828
:10448000FEF752FB002807D0002EDED03B88A34267
:10449000DBD17489013CDFE76C89DEE7FFFF0000B8
:1044A00016960111149601111296011110B50C0007
:1044B000FFF7DEFC03000220002B0AD0002C00D006
:1044C00023609B781720FE2B03D00138FF2B00D1EF
:1044D000002010BD73B50D0001A904001600FFF700
:1044E000E5FF172805D0002E04D129002000FEF793
:1044F000F7F876BD01221021200000F0A3FE00286D
:10450000F3D0F6E7014B18607047C046F062FF1F1A
:1045100037B56B469D1D010004000222280004F0FF
:1045200067F92B88B02B0ED12379122B09D12300E8
:10453000FA331B78012B06D10121608800F0E0F8E6
:1045400001E01B2BF8D037BD10B5054B04211870C6
:1045500000F098F8FFF74CFDFEF746FB10BDC04693
:10456000F462FF1F0020F0B50BB20F0087B083424A
:1045700034DA274B187804F07BF9051E2BD003782A
:10458000A02B25D103AE3100FEF7B4F8041E0BD1E9
:10459000B378DB0724D51F4B06341B68002B03D0F0
:1045A0003100688898470400A868002801D004F00A
:1045B000D7F8002C08D1184A039B1340174A93429E
:1045C00006D0B3781B2B03D00121688800F098F83F
:1045D000280004F085F880200002784007B0F0BD84
:1045E0000F4B1B68002B10D0310068889847041EC1
:1045F000DAD07378002BD7D1B27801A90A704B803A
:104600000C716888FDF7C6FFCEE70624F1E7C046C7
:10461000F462FF1FEC62FF1F00FFFF0000011200A9
:10462000F062FF1FF7B50190FC200D0017001E007F
:1046300004F096FA04001320002C12D0B0232000BE
:104640002370089BF4226770658026710830002B68
:1046500008D0190004F0C4F92100019804F040F9D1
:104660000020FEBD089904F013FAF5E710B5041E0A
:1046700006D00078FD2803D804F07AF9FF232370D0
:1046800010BD00000A1F93B210B504000220032BD6
:1046900005D882400020024BD1529B189C7010BD5F
:1046A0001463FF1F0B8870B5043B04000D0002204B
:1046B000032B0BD80121200000F0A8FD03001420DB
:1046C000002B03D02900200000F028FC70BD000062
:1046D00007B51300034A00920A00012100F088FC8C
:1046E0000EBDC0460D49011107B50192032200928B
:1046F000024B0A00122100F0A5FC0EBD8B490111EE
:1047000007B56B4601AA11800449D88008780633A2
:10471000012802D1190003F0EBFF07BDF562FF1F6E
:104720000C4B10B518700023FF210B4A1380138126
:1047300093819380094A53801370517293819372CD
:10474000D174D3821375517704F0F2F900F0FCF9BB
:1047500010BDC0462463FF1F1463FF1FF662FF1FD6
:10476000F0B58DB06B46002003910C229B5E834216
:1047700000DBB0E05D4B187804F07AF8051E00D13C
:10478000A4E00378902B00D09DE006AF010046889E
:10479000380000F01FFA79680400002900D19CE07D
:1047A0003B88052B6ED13B89032B1CD905AC20001F
:1047B00000F0A2F86288172A61D83989131D99423E
:1047C00031D17968237804310291D90738D56078DE
:1047D00000F08EF9071E06D0002303712378012B09
:1047E00008D0132B23D0A868002800D178E003F06C
:1047F000B7FF75E06288029909A800F0A6F8029058
:10480000380000F08BF909AA2378387A0192002247
:1048100031000092029A00F012F9380000F064F9B9
:10482000029B002BDFD0300000F080F9DBE703783B
:10483000032BD8D16288029909A800F0D6F8DEE7E8
:10484000122B13D1029909A800F0B5F8021EEAD183
:1048500027498B88002BC6D0887909A92378019134
:1048600061780091310000F0EAF8BCE7002302AA69
:1048700093833000617809AAFFF72AFFB3E71D4B45
:104880000993F6E7042B02D09A1F012AABD8184AE5
:10489000043B9B00995A0029A5D0D218907831008A
:1048A0003A0000F0AEF800289DD13B88042B03D0DD
:1048B00001213000FFF724FF012C04D1A868002853
:1048C00001D003F04DFF280003F00AFF8020039B76
:1048D0000002434018000DB0F0BD012800D182E76E
:1048E00001213000FFF70CFFEDE7C0462463FF1FF6
:1048F0001463FF1F010017000B7803704B7843709F
:10490000CB788A781B021343438070470A880300E0
:1049100002700A88120A42700A88012A06D14A885F
:1049200082704A88120AC2700420704702208242B4
:10493000FBD14A8804309A704A88120ADA708A8851
:104940001A718A88120A5A71EFE710B50400012023
:1049500082420CD94B780A781B021343238083428E
:1049600006D1CB788A781B0213436380002010BDE8
:10497000022BFBD1CB788A781B02134363804B79DF
:104980000A791B021343A380F0E70B8803700B889E
:104990001B0A43704B8883704B881B0AC3708B883B
:1049A00003718B881B0A4371CB888371CB881B0AE8
:1049B000C3710820704703000120082A14D14A78E7
:1049C0000878120202431A80CA78887812020243D9
:1049D0005A804A790879120202439A80CA79887902
:1049E000120202430020DA80704710B50400012053
:1049F000022A05D100204B780A781B02134323803A
:104A000010BDF8B5060010200F00150004F0A8F83E
:104A100004000120002C0ED0A0230C2229002380AA
:104A20006780201D002D07D003F0DAFF2100300041
:104A300003F056FF0020F8BD04F02AF8F6E7F7B5BA
:104A40001E00009008AB142017001D78019104F09F
:104A500087F8041E12D0A2230370019B4770438085
:104A6000099B057146710C220830002B07D01900F4
:104A700003F0B6FF2100009803F032FFF7BD09995B
:104A800004F006F8F6E737B5041E0FD04388002B74
:104A90000CD00025C1881323007A172201950095B8
:104AA000FFF7CDFFFF2365806372257037BD0000DF
:104AB00010B50C4904004A88002A09D08B89002BC4
:104AC00005D00020CB8A0222834201D010BD0122F2
:104AD00013000A20434300204032C854C8184280C3
:104AE0000472F3E7F662FF1F0023438003707047F0
:104AF000094B00211A0010B55C88002C06D01C79E7
:104B0000844203D10A234B43D01810BD01310A332C
:104B10000329F1D10020F8E7F662FF1F10B5040069
:104B2000407A03F025FFFF23637210BD7047043005
:104B300010B580B204F06CF8002803D0042149427B
:104B400003F006FF10BD000070B50025124CA068F0
:104B50002580A581A580A84202D003F001FEA560B2
:104B600000250E4C0E4B606D1D80230058331D70C8
:104B7000A84202D003F0F4FD6565002560680028B6
:104B800001D003F0EDFD013508340A2DF6D10548BA
:104B900002F014FC70BDC046BC63FF1F6063FF1FC2
:104BA000B063FF1F2F92011170B5041E0CD1074D89
:104BB0002880A881A880A868002802D003F0D0FD32
:104BC000AC60034802F0FAFB70BDC046BC63FF1F37
:104BD0003B9201110023F0B54E8843600A7904002E
:104BE0000F0089B0022A00D08BE0C98803291ED9A2
:104BF000BB685A781878120202430592DA789D78D9
:104C000012021543DA791B7A67481B0213435BBA19
:104C10009AB20380059B04338B4227D1042D08D020
:104C20006B1F022B16D92900604802F0C7FB012038
:104C30001AE05F4B3101CB5A002B0BD0F4215D48B9
:104C4000FF3102F0BBFB3000FFF7AEFF5A4A136999
:104C5000013313610421059BB868238125804942F3
:104C600003F076FE6060002009B0F0BD524C042DC8
:104C70000CD06B1F022B18D983212B004D488900C3
:104C800002F09CFBE3680133E360D0E7484B31015D
:104C9000CB5A002B09D04748484902F08FFB30001F
:104CA000FFF782FF236901332361414B36010693ED
:104CB0000023069AB3529319059A9D80100007931A
:104CC0009A81FFF734FF079B051E986015D00421D9
:104CD000B868494203F03CFEFA880100043A280013
:104CE00003F07EFE069AFB88B25A043B9B18069A94
:104CF000B35223680133236099E7A3690133A361A9
:104D000095E72B4B3101059333010693059B300149
:104D1000CB5A05990D18A968002B30D000292ED048
:104D2000012A2CD1FA880598944663449BB232013B
:104D30001352A88998421AD362469B1AC818B968B8
:104D400003F04EFE059B0699AA89CB5A934200D0E8
:104D50006DE70A0000212381AB882380AB68636084
:104D6000059BD152144A5368013353605FE7124ADE
:104D70009368013393603000FFF716FF57E70A4A44
:104D8000059F1288029333019C466744BB890091BA
:104D90009921094C019363690948890002F00EFBCF
:104DA000636901336361E6E72663FF1F47920111E0
:104DB000BC63FF1F609201112C63FF1F13020000F0
:104DC0007792011170B5051E18D10D4C0D4B18804E
:104DD000230058331870606D002802D003F0C0FC27
:104DE0006565250050356068002801D003F0B8FCE7
:104DF0000834AC42F7D1044802F0E0FA70BDC04676
:104E00006063FF1FB063FF1F9E920111F0B5160093
:104E1000A12285B09200019342433D4B05001B68DF
:104E20000C009B18D933FF331F78FDF7D7FE0430F1
:104E3000874204DD2800FDF7D1FE0430C7B2B74237
:104E400007D3320000212800019B03F0C1FC05B00C
:104E5000F0BD3900300003F04BFD2300C5B25033E4
:104E60001D700393019B39006365300003F008FC5B
:104E7000CBB20293002B02D0039B01351D7000269C
:104E8000230050331B78B34204D8606D002839D119
:104E90000020DCE7029A3800002A04D0013B100011
:104EA000B34200D03800F5006519287003F0B0FD5A
:104EB000019B686001001A78164802F07FFA686862
:104EC00000280ED02A78019903F08AFD019A2B78E8
:104ED0000136D318104A0193D369F6B20133D36176
:104EE000CEE72300503318706065A54205D10A4A09
:104EF0001320D36A0133D362A9E7606803F030FC62
:104F00000834F2E703F02CFC00236365C0E7C046D9
:104F10003409FF1FAA9201112C63FF1FF7B50C0083
:104F200006000421606803F013FD23890500037067
:104F300023891B0A43702388837023881B0AC3704C
:104F4000278902240437FFB2F42F15D8224B9E4242
:104F500014D10C2003F004FE1134011E0CD0902358
:104F600003708E3B0371043B43801C4B8560C780FC
:104F7000187803F0B5FC00242000FEBD5C217143CD
:104F8000174B591801930B0058331B78002B19D17C
:104F900003003A003000FFF739FF041E05D0114B23
:104FA00022001148D96A02F009FA5C237343019A7E
:104FB000D1180B0058331B78002BDDD1300003F0E3
:104FC0003FFCD9E7074A0948536A07240133536273
:104FD00002F0F4F9E9E7C046FEFF00002463FF1F7A
:104FE0006063FF1F2C63FF1FBE920111D992011154
:104FF000F0B587B0009017200F0016000193FFF75F
:1050000096FD1325041E19D00C98031E02D0019999
:10501000201D9847030AE370052302AAA0700430FC
:10502000908127700098667003A993800494FFF71D
:1050300075FF051E02D0200003F092FB280007B088
:10504000F0BD0000F0B587B01F000CAB1B780391DA
:10505000059301210DAB06001C78049200F0D6F8F0
:105060001425002821D02000FFF722FD0135041E61
:105070001BD01149059B0A7803700132D2B2131E6E
:10508000C68001D101231A000B7022713000049BED
:1050900003990097FFF7ACFF051E09D123002100FB
:1050A0000648074A093303F0D3FC280007B0F0BDD7
:1050B000002363802370F8E72863FF1F874A0111EC
:1050C00030750000F8B505000E00064C064F236849
:1050D000002B02D03100280098470434BC42F6D19E
:1050E000F8BDC046CC63FF1FE063FF1F0123064AE3
:1050F0005B425380002313715362044A1360536070
:105100009360D36013617047E063FF1FCC63FF1FA0
:105110000200002310B506499C000859002801D15F
:10512000625010BD0133052BF6D11320F9E7C046BC
:10513000CC63FF1F034A5388181A43425841404228
:1051400010407047E063FF1FF0B585B002930AABD3
:105150001F780CAB1B88009008000E00019203938F
:10516000FFF7E8FF05001120002D1BD10E48FFF7C7
:10517000E1FF04001520002C14D006220B99A77122
:10518000E01D03F02DFC019B30002371029B2900E0
:105190006371009B66802370039B6562E381FFF768
:1051A00091FF280005B0F0BDFFFF000010B5FFF72C
:1051B000C1FF04000220002C12D060880121FFF7FB
:1051C00081FF606A002801D003F03AFC2822002108
:1051D000200003F05DFC012300205B42638020710E
:1051E00010BD000030B5074A074C55880100137800
:1051F0000020A54204D05B1A59424B41584210404E
:1052000030BDC046E063FF1FFFFF0000084A10B535
:1052100001230C00904208D0FFF78CFF031E04D03E
:10522000037923405A1E9341DBB2180010BDC046DB
:10523000FEFF0000024B1879431E9841C0B2704730
:10524000E063FF1F70B504000D001600FFF772FF4A
:10525000002804D10D4B9C4200D0143070BD416A2F
:1052600003790520002907D012221A40102A02D102
:105270000520002EF2D10F20DB06EFD5897E0C2011
:10528000A9428941494249420840E7E7FEFF000040
:10529000030010B5002800D110BD0348034A41881F
:1052A0009142F9D09847F7E7E063FF1FFFFF000046
:1052B000002330B5C45CCD5C6C40D4540133102B5A
:1052C000F8D130BD0F23002210B5C45C6400224326
:1052D000CA54C25CD209013BF7D210BD02000100E2
:1052E00010B52032103103F0A3FB10BDF0B58BB028
:1052F0000390102005931700049103F029FC0090FF
:10530000102003F025FC009B13240190002B05D0F6
:1053100000280CD11324009803F092FB019B002B72
:1053200002D0180003F08CFB20000BB0F0BD102061
:1053300003F00EFC0600102003F00AFC1324050005
:10534000002E00D1AEE0002819D01022002103F079
:105350009FFB32002900039803F06AFB041E0ED164
:1053600033787F2B51D830000099FFF7ABFF009BBB
:105370001B787F2B53D801990098FFF7A3FF3000CB
:1053800003F05EFB002D02D0280003F059FB002C37
:10539000C1D1102003F0DCFB0600102003F0D8FB85
:1053A0000290002E7CD0002878D03A000F322300E3
:1053B0000125121105D00F333B4015B25A4253411B
:1053C0001BB26A1E1201002B33D0049BD2B2981874
:1053D0000099029AFFF76CFF013D10220021300076
:1053E00003F056FBADB2049F2D017D19AF4242D0B0
:1053F000002C33D0300003F023FB029B002B00D1A4
:1054000089E7180003F01CFB85E729003000FFF74F
:1054100059FF28002549009AFFF74AFFA7E729000E
:105420000098FFF74FFF28002049019AFFF740FF3F
:10543000A5E70F210F4004998A18D9B28F4208D9E5
:10544000D15C06A819540133102BF6D1029A0199A8
:10545000C0E7791A48424141C901F2E739003000FA
:1054600006AAFFF725FF3200039806A903F0E0FA29
:1054700010370400BAE7002CBCD13000029906AA0C
:10548000FFF716FF320006A9039803F0D1FA0822AD
:1054900004003100059803F0A3FAABE71324A9E751
:1054A0001324AAE7002800D06EE733E72C960111F9
:1054B000F0B58BB00F0016000225009000283FD0F9
:1054C000002A3DD00B1DDBB21800029303F040FB15
:1054D0001135041E34D0FDF7C1FC05003A000099D7
:1054E000201D03F065FAEBB20393E3702B0CDBB2E3
:1054F0002F0A00936370FFB22B0E2370A7700193E5
:10550000FDF7A6FC1022010006A803F051FA2100C5
:10551000029A04AB06A8FFF7E9FE051E0DD1039B16
:1055200008223370009B04A9B370019B7770F3705D
:10553000301D03F03DFAFDF797FC200003F080FAE0
:1055400028000BB0F0BDF0B58FB00D00149E039095
:1055500004920593002A03D1022420000FB0F0BD6D
:10556000002EF9D00398FFF7E5FD1424071EF4D0B0
:105570007278337812021A43B3781B041343F2781B
:1055800012061A43036A0192934201D30133E3D115
:10559000002D03D03B7901249B07DED50822002192
:1055A00006A803F075FA059B13240433DBB2180038
:1055B000029303F0CDFA051ECFD0059A049904306A
:1055C00003F0F6F904223100280003F0F1F9390064
:1055D000102210310AA803F0EBF92900029A06AB59
:1055E0000AA8FFF783FE041E0FD1082206A908A807
:1055F00003F0DEF90822311D08A803F011F8012894
:1056000007D101990398FDF743FC280003F018FA2D
:10561000A3E70124F9E7000070B51C4C05002368DE
:10562000181E10D0002D14D11A78002A0CD1981C05
:10563000083203F0D5F903F07BF90135002808D1D1
:1056400023681D70012070BD0A331800082203F082
:10565000C7F92368002BF5D0122003F081FA061E4B
:105660000DD0C12321680370457002311022023031
:1056700003F0B6F923683100587803F031F9206857
:1056800003F0DEF900232360DCE7C0460864FF1F57
:10569000F8B504002020FDF7CFFA154FA600F35906
:1056A0000500002B1FD000280ED0D878FF280CD082
:1056B000290002F0BDFF002807D1F3590D49DB781E
:1056C0000D48220001F07AFEF8BD0C492A000C5565
:1056D000BB59611803330A4803F0BAF9BB590549AD
:1056E000DB780848EDE72100074801F067FEEBE7AB
:1056F0002464FF1F1C960111EB9201110C64FF1F23
:1057000035690111159301113E93011170B50B4CD0
:1057100085002B590100002B0BD0DA78084801F0E6
:105720004DFE2B59D87803F023F9FF222B59DA705C
:1057300070BD044801F042FEFAE7C0462464FF1F32
:10574000589301113E93011170B506008CB00C0006
:10575000150000213022684603F09AF9310010222A
:10576000684603F025F91D2021000322684403F058
:105770001FF96846FFF7B2FD2D210400032228001F
:10578000694403F015F920000CB070BDF0B50700B6
:10579000160097B001931CAB1D7830221EAB009110
:1057A0000AA800211C7803F073F9102239000AA816
:1057B00003F0FEF81022002102A803F069F9072285
:1057C000310002A803F0F4F8072202AB9818631E18
:1057D0009C41019903F0ECF802AB9C732B005A1E1C
:1057E000934102AAD3730021102206A803F050F9B6
:1057F00006221D9907A803F0DBF81A2002ABC01897
:1058000006221F9903F0D4F8102200990EA803F085
:10581000CFF8102202AB0EA908781C78013A60403C
:10582000D2B2087001330131002AF5D10AA8FFF77E
:1058300055FD102212A904000EA803F0D1F8102281
:1058400006AB0EA908781D78013A6840D2B20870FC
:1058500001330131002AF5D10AA8FFF73FFD0443C7
:1058600010222098E4B212A903F0A2F8200017B089
:10587000F0BD70B50E0014008CB001001022684617
:105880001D0003F095F83100082204A803F090F8F9
:105890002100082206A803F08BF86846FFF71EFDDA
:1058A00004001022280008A903F082F820000CB0A0
:1058B00070BDF8B506000D0000243719AC4200D3C6
:1058C000F8BD03F015F9030A3B70631CDBB2013726
:1058D0009D4203D90234F054E4B2EEE71C00EDE738
:1058E00073B506000C000225002819D0002917D036
:1058F000032101A8FFF7DDFF6B469A793F231A4089
:10590000013313436A463000937101A92200FFF767
:105910001BFF051E04D10322E01C01A903F060F85F
:10592000280076BD03785807DA08C00FD20080003F
:105930009B0710439B0F1843C0B2704707230B40CF
:10594000C908C9000B4303707047000070B504001C
:10595000FFF7DCFE134DA4006359002B21D0186A19
:10596000002801D003F06CF82B59986E002801D064
:1059700003F066F82B59D86E002801D003F060F8C8
:105980002B59186F002801D003F05AF82B59586F83
:10599000002801D003F054F8285903F051F80023EF
:1059A0002B5170BD2464FF1F0E4B8000C35870B58F
:1059B0000C00002B0FD09D68002D0CD02B78201DE3
:1059C0000B706B784B70A97CFFF7B8FF2B7E2372AE
:1059D0006B69E36070BD10220021200003F058F8CD
:1059E000F8E7C0462464FF1F014B18607047C046AB
:1059F0002064FF1F074A03008000825810B5002A68
:105A000006D0D088984203D1012901D1FFF79EFF2B
:105A100010BDC0462464FF1FF0B5264E95B0870028
:105A20000B93BB590500099112200A92002B31D02B
:105A3000D888FFF77FFB04001420002C2AD0280010
:105A400010A9FFF7B1FFBB591E781D6A002E23D0A5
:105A50000895FDF743FA07000020FDF745FA079087
:105A6000A379E61D069310AD0CA9089800F0E2FAA0
:105A70000EA9280000F0D7FA0B9B0A990493069B05
:105A800009980293079B0396019300970EAB0CAA0B
:105A9000FFF77CFE15B0F0BDFDF720FA0690300050
:105AA000FDF722FAE31DA779079310AB06000893D0
:105AB000DAE7C0462464FF1F30B50C4C85002A5934
:105AC000030085B00120002A0ED018006946FFF7B8
:105AD0006BFF2B591A78D888054B002A00D1054B4B
:105AE0006A46072100F0D9FB05B030BD2464FF1FD2
:105AF000276001113560011130B5094C8500295925
:105B000085B010226846253102F06AFF2A5911211A
:105B1000044BD0886A4600F0C0FB05B030BDC046DB
:105B20002464FF1FD160011130B5094C850029594B
:105B300085B010226846353102F052FF2A591121F2
:105B4000044BD0886A4600F0A8FB05B030BDC046C3
:105B50002464FF1F0F610111F7B54D4F860010201F
:105B6000F4590D0002F0F4FFF3592062186A132271
:105B700000286CD0033A29009C6802F031FFF359E9
:105B80001A780192002A58D11E6A227D317B9446F0
:105B900051400122019F114201D167461740217DEA
:105BA000914339432175377B4F40BC4660460027FF
:105BB000800701D44F081740012102208F40227D29
:105BC00082433A432275377B5740BC4660460027E4
:105BD000400701D497080F400420227DBF00824374
:105BE0003A432275627D002794466046727B4240AC
:105BF0000A4201D167460F400121627D8A433A4340
:105C00006275777B5740BC4660460027800701D409
:105C100057080F400220627D7F008243174367755B
:105C2000767B00227E40760701D4BA080A4004261B
:105C3000617D9200B1430A4362756A78002A08D0F8
:105C40006278002A05D005220533DA770022100099
:105C5000FEBD04222979114205D1A17C114202D155
:105C60000533033AF1E7019A21782C78002A02D112
:105C70000A002100140018220429E8D8042CE6D8D0
:105C800005206043034A05331218525CDDE7C04625
:105C90002464FF1F3C96011110B50A001121024B2C
:105CA00000F0FBFA10BDC0466B6101110B0030B56E
:105CB00087B001AD2B806B4604001100981D0822AF
:105CC00002F08EFE2A000B212000024B00F0E5FAC4
:105CD00007B030BD9361011110B50A001121024BCC
:105CE00000F0DBFA10BDC046E761011113B50B00EF
:105CF00011006A4613706B4604000622581C02F01D
:105D00006FFE6A4608212000014B00F0C6FA13BD61
:105D10000762011110B50A001121024B00F0BDFA13
:105D200010BDC046576201117FB505000B4BAA009C
:105D3000D4580800002C0FD0666F237FE2882178AA
:105D40000396266F0296E66E0196A46E0094FDF708
:105D50005DFB2800FFF7FAFD7FBDC0462464FF1FEE
:105D600010B51721FFF7E0FF10BD000070B50A0065
:105D70000D00064B0221040000F08FFA060029787E
:105D80002000FFF7D1FF300070BDC0463761011120
:105D900070B586B000236A461370836804001D78CE
:105DA000681E0A2859D801A902F0AAFC0606333752
:105DB0003B3F43474B4F5300180000F042F9062386
:105DC00012284BD000281BD16088FFF7B3F90823B5
:105DD000002813D04279002A47D1264B1A7807238E
:105DE00012070BD5244B1A680723002A06D0166821
:105DF000002E03D0290001AAB04703006A461370A1
:105E00006B461B786088002B2AD1FFF741FC06B057
:105E100070BD180000F06CF9D4E7180000F087F9A5
:105E2000D0E7180000F093F9CCE7180000F0ADF9C6
:105E3000C8E7180000F0C3F9C4E7180000F0F6F94D
:105E4000C0E7180000F0F6F9BCE7180000F013FAFC
:105E5000B8E7180000F013FAB4E707236A46137096
:105E600069466088FFF782FFD1E70523012AC5D183
:105E7000024BB8E7B162FF1F1C64FF1F2064FF1FC5
:105E8000F8B52C4F8600F35904000D00002B40D0CC
:105E9000DA8882423DD15A78062A33D11A78002A0C
:105EA0002ED0012099681A6A097D014206D0157B1F
:105EB000054203D007225A700120F8BD022001429A
:105EC00004D0157B054201D00922F4E704200142E9
:105ED00004D0127B024201D00B22ECE7164B1B6868
:105EE000002BE9D05B68002BE6D020009847BB5917
:105EF00000215B78122BDFD12000FFF715FFDBE7D5
:105F00000E4BECE7112A04D1002900D032252900DC
:105F1000F2E7002D08D12000FFF70CF9002803D08C
:105F2000102302791343037121002800FDF7ECF9D7
:105F3000C2E7C0462464FF1F1C64FF1F2064FF1FCC
:105F400070B50E4E8500AB590400002B13D01B78A2
:105F5000002B11D10A4B1B68002B04D05B68002B6F
:105F600001D02000984773595B78122B03D1002190
:105F70002000FFF7D9FE70BD024BECE72464FF1F41
:105F80002064FF1F1C64FF1F094B8000C3581020B2
:105F9000002B0CD01A6A002A09D09B68002B06D06F
:105FA000127A1B7E101C9A4200D9181CC0B270478E
:105FB0002464FF1F70B503000D0014000220002AA6
:105FC00030D000292ED013700B78081D53704B78F9
:105FD0009370FFF7A7FCE070012002212B7A237158
:105FE0006B7B034063716A7B0A4013430422637135
:105FF0006E7B1640334363716E7BF608F6003343C5
:1060000063712B7B0340A371287B014000200B436D
:10601000A371297B0A401343A3712A7BD208D200C3
:106020001343A37170BD10B50A0001000120FFF7F2
:10603000C1FF10BD10B50A0001000220FFF7BAFF32
:1060400010BD70B506000C000220002E30D00029D3
:106050002ED07378201D0B70B3784B70F178FFF75A
:106060006DFC01223579257271794B1008001340BF
:10607000934010400343881010408000C908034338
:10608000C9000B436373B1794B1008001340934070
:1060900010400343881002409200C9081343C9000E
:1060A0000B4321202373FCF7C7FD854201D2122048
:1060B00070BD2220257AFCF7BFFD8542F7D82378F2
:1060C0001820042BF4D86378012BF1D80020EFE7D7
:1060D000030010B50220002909D0002B07D00322AD
:1060E000481C0A7019000D3202F07AFC002010BD25
:1060F00003000222080010B5002B06D0002904D0AE
:106100000E32591C02F06CFC0022100010BD03007E
:1061100010B50220002909D0002B07D00422481C0A
:106120000A7019000C3202F05BFC002010BD10B5A3
:10613000FFF7DEFF10BD03000220002906D0002B70
:1061400004D0052200200A701B784B7070470300B2
:106150000220002B08D0002906D05B7800200B70AD
:10616000013B082B00D918307047030010B50220FE
:10617000002909D0002B07D00622481C0A701900FC
:106180000A3202F02DFC002010BD10B5FFF7B0FF61
:1061900010BD02000B00022010B500290ED0002A0D
:1061A0000CD007211970118859701188090A99704B
:1061B00011180822D81C02F013FC002010BD0300A7
:1061C0000A00022010B5002B0CD000290AD09978C3
:1061D0005878090201431180901CD91C082202F052
:1061E000FFFB002010BD030010B50220002909D0DC
:1061F000002B07D00822481C0A701900921802F0E0
:10620000EFFB002010BD02000B00022010B500299A
:106210000BD0002A09D0092119701178181859706B
:10622000511C062202F0DCFB002010BD10B5FFF768
:106230005FFF10BD02000B00022010B5002A09D03C
:10624000002907D05178197011180622581C02F045
:10625000C7FB002010BD030010B50220002909D0A3
:10626000002B07D00A22481C0A701900063202F0DF
:10627000B7FB002010BD10B5FFF73AFF10BD0200BC
:106280000B00022010B5002A06D0002904D0180007
:106290005178FFF753FB002010BDF0B585B0170013
:1062A0001E006A4606230500080091819380FEF7D0
:1062B0003EFC1324011E02900CD03800B047041E8F
:1062C00005D1280001A9FEF7EDF9041E02D00298BD
:1062D00002F046FA2800FFF7DBF9200005B0F0BD18
:1062E000F0B504008BB0019115000021102202A826
:1062F00002F0CEFB334EA700B85900283CD0C3882B
:10630000A34239D10378002B36D14278062A18D11E
:1063100002000100553235310C3006ABFFF7A9FA07
:10632000002829D12000FFF72FFE020006A902A8AD
:1063300002F056FB200002A902F022FA01200BB065
:10634000F0BD816E002917D00B8A112A28D19D42F9
:106350000ED101981231093A02F062F9012807D1F1
:10636000BB5920009D6EFFF70FFE29000200DEE7FB
:1063700032212000FFF7D8FC2000FEF7DBFE061ECE
:106380001BD0416A002918D00B8AAB4215D10822D4
:106390000198123102F044F901280ED1716A0AE025
:1063A0009D42E9D108220198123102F039F9012801
:1063B000E2D1BB59996E8A7EB9E7200002F0C8F994
:1063C000BCE7C0462464FF1FF0B56B4D87007E59C3
:1063D00085B0337802900393002B00D087E0B36838
:1063E000346A01937078062817D101221B7D13426D
:1063F00002D0217B114218D10222134202D0217B0C
:10640000114251D10422134203D0237B134200D006
:106410008BE0019B5A7DEB5991E007380428F8D8AE
:1064200002F06EF9032E42678300B36E002B03D196
:106430001C2002F08DFBB066EB599C6E002C1CD02A
:1064400010220021200002F023FB0298FFF79CFDA0
:1064500001002000FFF72DFA02F04AFB2082200005
:1064600008211230FFF725FA0298FFF78DFDA0767C
:10647000EB592100D888FFF70FFC0822EB591CE0EC
:10648000B36E002B05D01A00198AF0881232FFF77C
:106490000DFC0222019B197DEB5911423DD0207B5E
:1064A00010423AD0073208E0F488FCF72FFD0100D3
:1064B0002000FFF711FC0A22EB595A70029B9C0046
:1064C0002A595378073B042B11D8D088FEF732FEA7
:1064D00000284ED0C3895A08D2182849029B029836
:1064E000CB542B5941180433254802F0B1FA05B0BA
:1064F000F0BDFCF7F3FC03000120834201D1002032
:106500000393EB59DE88FCF7EFFC0399020030009F
:10651000FFF7ECFB019AEB59117D042211420CD0DC
:10652000217B114209D00B22C7E7F688FCF790FCCB
:1065300001003000FFF7EEFB6BE7019A527D01216D
:106540000A4204D0607B084201D00C22B5E7022148
:106550000A4204D0607B084201D00E22ADE704213C
:106560000A4204D0627B0A4201D01022A5E712221F
:10657000A3E7FA225200B0E72464FF1F2864FF1F3C
:106580003F69011110B5064B1A780423100018401A
:106590001A4200D00348FFF727FA002010BDC0467A
:1065A000B162FF1F1440FF1F70B50400FFF7D4FA5B
:1065B000051E43D12000FFF77FFA234EA400A05907
:1065C0008268937CDB0708D50321036A1B790B40A3
:1065D000012B02D1017F0B430377431DD97F8B1E13
:1065E000022B0DD8022900D00121C088FCF7E4FE5F
:1065F000042133591A7F59700A431A77280070BD55
:1066000001290CD102231022437000210C3002F02A
:106610003FFA305910213530FFF74BF9EEE70529E5
:10662000ECD10223D118437010220C3002F0D8F9BB
:1066300004233259117F0B431377EAE70825182802
:10664000DCD1053DDAE7C0462464FF1FF0B58BB00E
:10665000059143887E4F9E00F45915000493002C49
:1066600015D1012902D000200BB0F0BD101D5778C4
:106670001678FFF757F9EB68320002932B7A0499EA
:10668000019300903B002000FCF760FEEBE7E388FD
:10669000049A934201D00820E6E72378012B00D129
:1066A000D4E0059B581E092800D9CFE002F028F855
:1066B00005CE0A29CC506C859AB229000498FFF7C0
:1066C00073FFD1E7200029001022453002F088F93D
:1066D000B9594B78042B02D1013B4B70C3E70B0037
:1066E0000A00253335320C310498FFF795F90498E8
:1066F000FFF702FA0522431E9841BB59C0005A70A9
:10670000B2E7200029001022553002F069F9049BFD
:106710004F4C9D00295904980A0006AB55320C31A4
:10672000FFF77AF929591022453106A801F078FFC0
:10673000012808D10498FFF7F7F90590002804D143
:1067400006222B595A7005988EE708230593FAE71D
:1067500063780C2B7AD1E36E002B03D11C2002F05E
:10676000F7F9E066BB59D86E00286FD010222900D7
:1067700002F036F9BB590498DC6EFFF705FC0D22D8
:10678000A076BB595A706EE7E06E00285ED0637841
:106790000D2B5BD12B8808220382A91C123002F03A
:1067A0001FF9BB599A68517D0222114226D0186AFE
:1067B000407B104222D00C32E4E763780E2B45D1A7
:1067C000236F002B03D1162002F0C2F92067BB59BA
:1067D000186F002803D01022290002F001F90F22BF
:1067E000BB59CFE763780F2B30D1206F0622691C8D
:1067F000103002F0F5F8BB599A68517D042211421D
:1068000003D0196A497B1142D5D100210498FFF7C2
:106810008BFA28E7636F002B0DD0BB59586F002807
:10682000F3D01022290002F0DBF80122BB595242BA
:106830005B6F1A61E9E7142002F08AF9BB596067BF
:106840005B6F002BE9D126E72978DFE707200BE70C
:106850002464FF1F10B5064C207001F0C9FE06210C
:106860002078FDF70FFF0348FEF752FC10BDC0462D
:106870003764FF1FF559011100200BB270B50D00F0
:10688000834216DA264B187801F0F2FF041E0DD071
:106890000378922B0ED0A02B37D0224B1878FF28EC
:1068A0003AD0210002F01CF8002835D180200002E7
:1068B000684070BD43780E2B0BD03E2BEDD1837812
:1068C000052B12D0082BE8D181798088FFF7D8FA00
:1068D00008E0154B82889A42DFD183681878591CEA
:1068E000FEF79AFE002817D1D7E7104B1B785B07FD
:1068F00012D50F4B1B68002B0ED09B68002B0BD0C2
:10690000C289811D80889847ECE7FFF741FAA068AB
:10691000002801D001F024FF200001F0E1FEC5E7CE
:106920003764FF1F0D40FF1F18200000B162FF1FDA
:106930002064FF1F10B50078FFF712FA10BD10B5E4
:106940000078FFF7FDFA10BD0C234343084A10B549
:106950009B185A68002A03D0012901D1904710BD25
:106960009B68002BFBD00029F9D19847F7E7C04678
:106970005464FF1F01238340094A10B5946B1C43E4
:106980009463506B98435063D46B20009843012963
:1069900001D120001843D063116B0B43136310BD6A
:1069A00000800040064B01215A68C2400A4204D0D0
:1069B0001B68C3401800084070471B6DF9E7C046CC
:1069C000008000400122064B8240002903D0D96894
:1069D0000A43DA607047D9689143D960FAE7C04644
:1069E0000038004030B5032444430F4BE25C1B19D0
:1069F0009C785D7801232D1B0135AB40013BA34002
:106A0000A140DB430C00122807D808499200521815
:106A1000116819402143116030BD054A11680B40CF
:106A200023431360F8E7C0468396011108F0004045
:106A300014F00040C21F70B5D4B20623092C0BD845
:106A40000125084C9540002908D00021FFF7CAFF16
:106A500023682B4323600023180070BD2368AB43D9
:106A6000F8E7C04600380040214BF0B51B185B78B2
:106A7000022B21D1032444431E4A1F4EA35C12194A
:106A80009478012215008540B76B013CE4B23D4388
:106A9000A240B563194C122815D89B0000290CD1CF
:106AA00017495B1899680A439A600123205C154ACC
:106AB000834011680B431360F0BD11495B1899685E
:106AC00091439960F1E70E4B00290DD159690A43B2
:106AD0005A61225C1328E8D00123203A93400A49E6
:106AE000086803430B60E7E7596991435961F0E790
:106AF0003864FF1F8396011100800040C896011181
:106B000000F00040A0F00040A4F00040F8B50024E0
:106B10001B4E1C4D1C4B1B5D012B1FD1194A92694A
:106B2000E2401A420BD00122B25693402200143A9E
:106B3000D2B2022A09D815494A6913434B6101347C
:106B400002360C35172CE5D1F8BD0022B2560F499C
:106B50009200521891680B439360F0E7022BEED13C
:106B6000E7B23800FFF71EFF01235840C1B23800DA
:106B7000FFF77AFF3800FFF715FF6877DFE7C046B9
:106B8000559601113864FF1F3964FF1F00F0004063
:106B9000012202388240054B002903D059690A437B
:106BA0005A617047596991435961FAE700380040CA
:106BB000F8B50E0001210F008740114A0400D36888
:106BC000FD43BB43D360831E8B4201D8FFF7E0FF38
:106BD00000212000FFF72EFF0A4A0B4B5168012EBF
:106BE00005D139431B1951605E700020F8BD294062
:106BF000516002221C1962709A6915409D61F4E788
:106C000000380040008000403864FF1F012210B5AA
:106C10008240074B002906D019680A431A600121F7
:106C2000FFF7C6FF10BD196891431960F7E7C0462A
:106C3000008000400C2370B5002543430A4A290018
:106C40009B181D70094B04001B185D70FFF7B0FF07
:106C50000123A340064928000A681A430A6005492F
:106C60000A689A430A6070BD5464FF1F3864FF1FAE
:106C7000348000403080004070B504000E00FF28D2
:106C800013D003250540FFF7D5FF084AA3089B0052
:106C90009B183F22ED00AA40AE40196820009143A6
:106CA000314319600121FFF78DFE70BD1838004097
:106CB000F8B50C244443134B0500E4186368002B1B
:106CC00003D1A3681220002B1AD0022201270E4BF9
:106CD00000215B195A7028002770FFF769FF63686D
:106CE0001E1E08D0A3683E00002B04D02800FFF72A
:106CF00059FE4640F6B228003100FFF73BFE002067
:106D0000F8BDC0465464FF1F3864FF1FF7B5C420A8
:106D1000FF222B4B80001958002491433F3A0A432D
:106D20001A508022274F5202274E1A60274B1D5DB2
:106D3000002D21D0A31E012B03D80121E0B2FFF7C3
:106D400027FF012D18D11F4B9B69E3402B4213D025
:106D5000E3B218000193FFF725FE01000198FFF749
:106D600055FFE3B2143B022B1DD801217156184A7E
:106D70008D405369AB4353613B7F002B0DD0E5B28F
:106D80002800FFF795FF2800FFF70CFE7B7F01002E
:106D9000834202D02800FFF7D7FD01340C370236BA
:106DA000172CC3D1F7BD012100237156F3568D4036
:106DB000074A9B009B189A68AA439A60DCE7C04682
:106DC00000E100E03864FF1F559601113964FF1F90
:106DD00000F0004070B5134D07202C78002C1FD117
:106DE000982221005200280001F05AFC0123C420FF
:106DF000FF222B700C4B80001C635C630B4B1C60F0
:106E00005C600B4B195891433F3A0A431A50802259
:106E100052021A600D20074A074901F029FC2000A0
:106E200070BDC0463864FF1F00800040A0F00040E5
:106E300000E100E00D6D01110D6B0111F8B50600C8
:106E4000012826D00B220827164C01239340164A0E
:106E5000164DD3677301ED18287C0021FFF7B2FDB2
:106E60000021687CFFF7AEFD0025802338002373E6
:106E70002571257025732572656001F0E9FB3800E6
:106E800001F09EFD0A4BAE4207D1EB2292009E50CC
:106E9000F8BD11221927074CD7E7F12292009D5027
:106EA000F6E7C0460040004004E100E0EC65FF1F4B
:106EB0000000FF1F00900040F0B587B0050001F012
:106EC0006FFD04902800FFF7B9FF012D00D17DE090
:106ED0000523042708260393444C06330193444BAF
:106EE0006A019B181A7CFF2A02D15B7CFF2B6BD0B6
:106EF000300001F0B5FB300001F0AAFB3C4B6A0109
:106F000002936B010593029B02219E18307CFFF7D0
:106F100069FD0221707CFFF765FD39000027307C98
:106F2000FFF7AAFE707C0399FFF7A6FE277371692D
:106F3000049B18114B08C01801F0DAFC802327616C
:106F40002373030ADBB22371F37EC0B22070BB420D
:106F500044D01B232373029B6A019B181A7E0123D2
:106F6000002A3DD087222272636062687F33134318
:106F70006A0194466360029B63449B7E002B03D0AE
:106F800002236268134363601A4A002D2AD1EB2161
:106F9000194B89005350019B184A9B089B009B1872
:106FA0000322019CC0202240FF24D2009440800094
:106FB0001958A1438024944022000A431A50012307
:106FC000019A93400D4A136007B0F0BD09230827CA
:106FD0000393DB1919260A4C019380E70323B9E7D1
:106FE0002272C5E7F121074BD3E7C04600400040BD
:106FF000EC65FF1F0000FF1F591AFF1F00E100E0B2
:1070000000900040991AFF1F10B50020FFF754FFB1
:1070100010BD10B50120FFF74FFF10BDF0B587B0D0
:1070200005930CAB1D78174F6E01F35D029002AC17
:10703000112003910492002B1ED1637A0C38019326
:10704000002B19D119002022F01901F029FB0E4B59
:10705000F31807CC07C39C466246236828001360D8
:10706000FFF72AFF0123F355002D07D1290008203F
:10707000064A01F0FDFA002007B0F0BD1920044ACD
:107080000199F6E7EC65FF1FFC65FF1F0970011110
:1070900013700111F0B5504B87B000934301019379
:1070A000009B150042019E18B37E04000F00002BC8
:1070B00059D00620002D1DD000291BD0337903386C
:1070C000002B17D07289954214D8012B14D0338924
:1070D0005B1993420EDC01F0FBFB3389F0682A0058
:1070E000C018390001F084FB3389EB18338101F0BB
:1070F0000FFD002007B0F0BD2A00F06801F078FB1A
:107100000023F38002333371F16835812B1C102D7D
:1071100000D91023651E6A425541A0220220D201E7
:107120006D4215402D4A013BAD186A682C4E8243D2
:10713000600184466A60009A9BB2624406321088FD
:10714000013B471C1780085C9BB22870B342F6D104
:107150000820002C00D0192001F0BAFC02236A6834
:1071600013436B60C5E7013C62425441A022039384
:107170000123D20164421440184A1A48A418E26F4D
:10718000110019401A420FD120221648002D12D1A9
:10719000402214490595237D1342AAD1059B581C12
:1071A00005908B42F7DD04E0039A511C0391824263
:1071B000E5DD0D209EE70491237D134205D03B7849
:1071C000013DADB223700137E0E7049B5E1C0496DD
:1071D0008342F1DDEDE7C046EC65FF1F0040004053
:1071E000FFFF0000A0860100030010B50620072B5A
:1071F00009D8054A137001F00BFAD7210020034B80
:10720000034A89005A5010BD3C40FF1F0000FF1F79
:10721000D91AFF1F10B50A0001000020FFF73AFF3E
:1072200010BD0000F0B599B01E9F1400614E019191
:1072300003937B0600D4604E10233A001A40049258
:1072400001221F424BD09743DB1806AA537000223D
:1072500006AB02331A70BA0705D5002844DA2D228E
:1072600040421A70013C20233A001A4005921F4206
:1072700003D0019B102B40D1023C002843D1302287
:10728000012507AB1A70039B2E009D4200DA1E00F9
:107290001123A41B1F4207D12700002F41DCE34329
:1072A000DB17621E1C40141B06AB981C0378002BD6
:1072B00002D00121FFF7AEFF059B002B09D0019BF7
:1072C000082B37D106ABD81C302301210370FFF700
:1072D000A1FF049B2700002B42D030274FE0202342
:1072E0001742B2D01033B0E77A0702D52B221A70BA
:1072F000B8E73A07B7D52022F9E7019B083B5A4285
:107300005341E41AB9E700250199029001F0B8F958
:10731000725C07A94A55019B029A01359342F3D941
:10732000B1E706ABD81C202301210370013FFFF712
:1073300071FFB2E7019B102BCBD106AA2033D01CE2
:107340000121D370FFF766FF782306AA0121D370CD
:10735000D01CBCE7012106AB5818FFF75BFF013FCB
:10736000002FF7DCE343DB17621E1C40141BB4E75D
:1073700006ABD81C01210770FFF74CFF013EAE425F
:10738000F6DC013D04D22025002C0ADC19B0F0BD4A
:1073900006ABD81C07ABEB5C01210370FFF73AFF8B
:1073A000EFE706ABD81C01210570013CFFF732FF67
:1073B000EAE7C046AC930111879301110FB4002195
:1073C000F0B589B00EAC40CC039107943378002B14
:1073D0000AD1002903D0039889B2FFF71BFF09B037
:1073E000F0BC08BC04B01847252B08D0039B002B29
:1073F00001D100210396370001317E1CE6E7002908
:1074000005D0039889B2FFF705FF002303930022FC
:107410007378771C2B2B2DD00DD8202B2CD0232B21
:107420002CD02A2B33D120CCB71C002D12DA1A3BDA
:107430006D421A430EE02D2B18D0302B20D01800AF
:10744000303800250A210928EBD83B78180030385D
:10745000092817D93B782E2B57D17B78791C180037
:10746000303809284CD800230A2717E010233E00A3
:107470001A43CDE70423FAE70823F8E72023F6E7C9
:107480000123F4E74D43ED180137303DDDE70125D9
:107490006D42DFE77B431B180131303B0878060063
:1074A000303E092EF6D9D8430F00C0170340397873
:1074B000682903D0202081434C2900D101373E7830
:1074C000782E09D8622E26D80021412E95D0582E2C
:1074D00000D1B8E0252E07D00B2004ABC01825231F
:1074E00001210370FFF796FE3978002900D1B9E039
:1074F0000B2004ABC01801700121FFF78BFE4BE09D
:107500002A2B05D108CCB91CCDE701235B42CEE77D
:107510000F000023CBE7300063381528DAD801F0DC
:1075200037FA16009D00D9FFD9FFD9FFD9FF9D007A
:10753000D9FFD9FFD9FFD9FF3B00A3008600D9FFAF
:10754000D9FF4700D9FF9F00D9FFD9FF9400D20689
:1075500015D42E0009E0202204ABDA720B2304AA12
:107560009B1801211800FFF755FE013E002EF2DCAA
:1075700001236A1E002D00DC1D005D1B551908CC7F
:1075800004AAD3720B239B1801211800FFF742FEB7
:107590002026013D002D01DC00212EE704ABDE7228
:1075A0000B2304AA9B1801211800FFF733FEF0E714
:1075B000210040C90491002E00D12C4E3400F31854
:1075C0002178002901D09C421AD1A41BD2060ED4E6
:1075D0000595059B9C4215DBE10FEB17A5424B413E
:1075E0000021DBB26A1E8B4200D0611B55183000AF
:1075F000A1B2FFF70FFE2026A5420FDC049CCBE7CB
:107600000134DDE70B2004ABC018202301210370F7
:10761000FFF700FE059B013B0593DAE70B2004AB67
:10762000C01801210670013DFFF7F4FDE4E7691C75
:1076300002D1012109350A43009210212A0001CC10
:10764000FFF7F0FDA8E740210A4310212068261D1E
:1076500000922A00FFF7E6FD34009DE702210A436D
:107660000A21F3E7013FC8E60821EFE7D1930111B2
:1076700030B587B002AA1100064B31CB31C11B686F
:107680000B60002102980091049A0399FFF7C6FC51
:1076900007B030BDE096011170B506000D00002462
:1076A000AC4203DB0448FFF789FE70BD315D03483F
:1076B000FFF784FE0134F3E71B940111D893011105
:1076C00070B506000C001D00042909D00C2904D057
:1076D000012905D00224200070BD0948FFF76EFE85
:1076E00021003000FBF7B4FA041EF4D1059A049986
:1076F0002800FBF7C9FAFCF737F9FEF743FFEAE782
:10770000DE93011130B50D7802232C009C43184202
:1077100001D02B431C0008252300AB43284201D095
:107720002B00234320241D00A543204201D01C43ED
:1077300025002A230D70184204D011781E3B0B43FC
:10774000137030BD0028FCD10C2113788B43F7E770
:10775000F8B51D0006AB1B88140007AA0E000B200D
:107760001778002B27D10A78022A49D14A68507825
:1077700011780002244A08438018042840D800F0F9
:10778000BFFF03121D1B2300F06801F039FA021C31
:10779000C0B2B84200D93A1CD2B22000F1682A80A7
:1077A00001F01EF906E00222F3681B882A8023708C
:1077B0001B0A63700020F8BD0622EEE701232B8030
:1077C000F3681B782370F5E7F368002B16D00822C6
:1077D0002A801A8822701A88120A62705A88A27047
:1077E0005A88120AE2709A8822719A88120A627183
:1077F000DA88A271DB881B0AE371DBE72B80D9E70B
:1078000001202B80D7E7C04600D6FFFFF7B5160052
:107810000A781D0008AB1F880C000123022A18D12A
:107820004A685078117800022B4A084380180328D0
:107830000FD800F065FF02254439E06801F0E0F957
:10784000C0B20723B84204D37B190193152B02DD84
:107850000D231800FEBDE0682A003100C01901F0B8
:10786000BFF86B4600209B88E268D0541B4B1B6816
:10787000834203D01B68834200D098470023E8E787
:107880000B23002FE5D1022DE2D1737832781B0251
:107890001343E2681380114B1B68002BEED01B686A
:1078A000002BEBD00120E8E70B23002FD1D1062DD0
:1078B000CED12A003100E06801F092F8DEE70B2318
:1078C000002FC6D1012DC3D132787533012AC0D81B
:1078D000E3681A70D2E7C04600D6FFFF4466FF1F78
:1078E00070B50C001500072837D800F009FF041404
:1078F00036361B36242E182015290BD8184E162282
:107900000021300001F0C4F822002900300001F00D
:1079100067F8002070BD18200229FBD11288114B96
:107920001A80F6E718200829F4D10A000E48290029
:1079300000F05EFFEDE718200129EBD10B4B10782A
:107940000B49DA69FFF7DEFEE3E718200129E1D1F0
:10795000064B10780749DA6BF4E70220DAE7C046F5
:107960002C66FF1FBA40FF1FB040FF1F4040FF1FA3
:107970006840FF1F8840FF1F030010B50020DB0791
:1079800004D50721024A034800F08CF810BDC04618
:10799000F09601114040FF1F054A030010680028BF
:1079A00003D082889A4201D1806870470068F6E768
:1079B0003C68FF1F0A88030008009A4204D08A88A6
:1079C00004309A4200D0002070470000F8B5F2223F
:1079D00000230D4F0D4E79680500424333709942E4
:1079E00000D07B600A4C0021200001F051F80023F8
:1079F0001A007C60AB4202D100203370F8BD013325
:107A00002280DBB2F234F5E73469FF1F3269FF1FD1
:107A10004068FF1F73B56B4601900600684615006D
:107A20001980FCF7FDFA041E11D1002D0FD07689C4
:107A3000002E11D00C2001F08BF800280ED0084A3F
:107A40000460136886808560002B02D110602000DE
:107A500076BD1A001B68F7E70224F8E71324F6E75F
:107A60003C68FF1F012100220A4B10B549420A4C15
:107A7000198099809A719A70084B207001201980A2
:107A80005A60FFF7A3FF2078FCF728FB0448FDF7B6
:107A90003FFB10BD4C66FF1F3C69FF1F3469FF1F91
:107AA000517B0111022310B5002802D0FFF7B2FF6D
:107AB0000300180010BD0000030010B50020DB0714
:107AC00004D50421024A0348FFF7A4FF10BDC046B5
:107AD00004970111C040FF1FF0B50E2687B0039335
:107AE0000CAB1F8802ABF6180500080031000292AB
:107AF000FCF718FC04000120002C0FD03088FFF7A1
:107B00004BFF03000E20002B08D05E68002E05D02E
:107B100021002800039B029A0097B04707B0F0BDF0
:107B20000A4B10B5984207D10122002352420A8025
:107B30008B708A808B7110BDFFF73CFF0028FAD054
:107B400001235B42038000238370F4E7FFFF000002
:107B5000F8B5050001290AD1134E00243388F22715
:107B6000AB4219D028001149FFF7DAFF06E00229DD
:107B700004D10139FDF74AFB0028EDD0F8BD3B00E8
:107B800063437268D018D35A002B09D03A00002101
:107B900000F07EFF0134E4B2054B1B78A342EED81F
:107BA00001235B423380DDE73469FF1F4C66FF1F12
:107BB0003269FF1F10B5FFF7FDFE0300002083426E
:107BC00000D0987810BD0000F0B589B01C000EAB55
:107BD00080CB03901E8810AB1B78049202930B7A23
:107BE0000D00DB0616D42B780593022B24D00498C5
:107BF000FFF7D2FE002812D003689C46002B0ED05F
:107C0000029B2200019329003B00644603980096E2
:107C1000A04705E00498FFF7BFFE002802D10E2020
:107C200009B0F0BD8368002BF9D00A22290003981F
:107C300098470028D7D0F3E76B6858781A786B4BD1
:107C4000000210439842D2D8043B984210D2684BAD
:107C5000984242D015D8674BC0180128C7D80B20CE
:107C6000002EDDD1EB681A7859683A80200028E0B0
:107C7000614BC018032800D979E000F041FD846A07
:107C8000789E5E4B9842B2D10B20002EC8D10123C2
:107C90003B80EB6831001B7823706889013080B22B
:107CA000FCF740FB3A88031E0ED0017802328A1896
:107CB0003A80428962704289120AA2705968027839
:107CC000E01C00F08DFE06E004323A803100042210
:107CD000601C00F0DDFE0020A2E70B20002E9FD1EB
:107CE000EB6807A91E8804233B80330A3000267006
:107CF0006370FCF717FB051E28D004AB9A890E238E
:107D000004A95B183E49C668FCF780FB00280BD12C
:107D10002B783C486A680599FAF706FF002803D1DA
:107D2000012304AA5B42D3813278022A06D171680A
:107D3000201D00F055FE3B8802333B800E2304AA31
:107D40009B181B88A3701B0AE370C4E704ABDE8199
:107D5000F4E70B20002E00D062E7E9680398FFF7F4
:107D600029FF02233B802070000A6070B3E70B20DC
:107D7000002E00D054E70222EB681B883A80237063
:107D80001B0A6370A7E7E86800F03AFFC2B203007D
:107D90000720B24200D243E70DD00299DBB271183E
:107DA000994202DB921BD3B20293029BE9681A004C
:107DB0003B8089195AE70023F6E70B20002E00D0FC
:107DC0002EE70722EB683A801A7822705A786270A0
:107DD0005A88A2705A88120AE2701A792271DA88D7
:107DE0006271DB881B0AA37175E7C0460429000095
:107DF0000228000000D8FFFFFFD6FFFF0328000085
:107E0000FFFF000014960111F0B58DB06B46002005
:107E1000089120229B5E83423DDAA64B187800F041
:107E200027FD071E32D00378B02B2CD10079023801
:107E300016281FD800F0ECFC17001E001E001E00C4
:107E400031001E0096001E001D011E0052011E0082
:107E500073011E00CD011E0050021E001E001E00F8
:107E60008E021E00E302944B94491B8878880B8095
:107E7000FAF79AFB3800FCF74BFB914B1B68002B81
:107E800001D038009847380000F02AFC8020089B79
:107E90000002434018000DB0F0BDEE2200218748DB
:107EA00000F0F6FD0BAA3B7B7989388900923A00F5
:107EB0000D32FCF74FF90400804B1B78002C3FD1AA
:107EC00046E0804B788805937F4B4100CB5A0BAE40
:107ED000073BDBB232880293002301937B4B2100E6
:107EE00006930093059BFFF76FFE744D002810D199
:107EF000069B3A8A1B889A420BD1380005991230AA
:107F000000F08EFB002804D02B7862899B00EB18D0
:107F10005A80162306A81B18328820007989FCF79E
:107F200075FA2B7804009A00AA1851880029C3D04A
:107F30000133DBB22B70002807D006A9C98A9180D3
:107F4000634A12889A42BCD802E0012149429180DA
:107F5000002B04D059497888FAF75AFB8AE73E8902
:107F60000A2479E000253E89574B06937B88069AC0
:107F70005B009B5A033B9D4202DB002DF0D05BE08F
:107F8000162206A812183B7B798900923A0030002D
:107F90000D32FCF7DFF80590002858D04689017AA9
:107FA0007888FCF7A1F8041E44D1464B78880793E3
:107FB000069B4100C95A454B0439C9B206AAD28A68
:107FC00006930291019400930599079BFFF7FCFD2E
:107FD000041E2FD1069B39491A88931C002D26D1E7
:107FE0004B807988384B4900CB5A5119033B8B425F
:107FF00020DD059B31485B8941190B71A91C0135B6
:10800000C9B2EDB2059145191B0A2B71059B2D498B
:108010000433181800F0E4FC2C4B059A1B88D31885
:10802000DDB22C4B9E4205D00136B6B29CE74988A2
:108030009942D6D0002D0CD0204C2800618800F049
:10804000EFFB207021007888FAF7F2FA12E7059C1E
:10805000F0E7002C00D183E77B78142B00D109E7EF
:1080600016493B794E800B700C717888FAF792FABA
:1080700000E7162406ABE41821003889FCF752F912
:10808000011E00D1B7E1788822880F4C45002C5B97
:108090000A4D013CE4B2029400240F4B0194009578
:1080A000FFF792FD041E00D014E129007888FAF74A
:1080B000CFFADFE63C69FF1FAE3FFF1F5466FF1F8C
:1080C0004866FF1F4867FF1F8462FF1F3868FF1F55
:1080D000AC3FFF1FFFFF00005666FF1F162406ABD4
:1080E000E41821003889FCF71DF9011E00D182E156
:1080F00078882288AE4C45002C5BAE4D013CE4B242
:1081000002947C89AC4B01940095FFF75DFD041E41
:1081100000D0DFE029007888FAF7A4FAAAE6002563
:10812000A44B1D803B00F6331B78A24A7888079247
:10813000AB4208D99E4B12880693069943005B5ABE
:10814000013B9A4203DB0799FAF796FA92E6162466
:108150006B00FB18059306ABE418059B21001889FA
:10816000FCF7E0F8011E03D1059B01241E8973E78B
:108170007888924B2288069C099343001B5B904EA3
:10818000013BDBB20293002300960193099BFFF7AA
:108190001BFD041E02D0059B1E895DE77B88069AA5
:1081A0005B009B5A079A108832881218934202DCAF
:1081B0001B1A013B33807F4C023032880999001929
:1081C00000F00EFC2388328801359B182380EDB225
:1081D000A8E70BAA3B7B7989388900923A000D32D7
:1081E000FBF7B8FF00250590059B002B04D10A245E
:1081F000002D00D16EE060E0059B7888197AFBF7CE
:1082000073FF0100041E63D1694C6C4B788806949F
:108210000993069B4400E45A694B063CE4B20BAE5A
:10822000328807930294019100930599099BFFF707
:10823000CBFC041E4CD1079B5E491B881A1D002DE8
:1082400030D14A80059B5B4C5A8963191A716B1CAB
:108250009BB2E318120A1A71162306A832881B185B
:1082600079890598FCF7D2F8FF21AA1C2E1D033549
:108270000B00059092B2B6B2ADB2002803D006ABA7
:10828000DB8AD9B21B0AA218651911712B714C4DEA
:10829000301D2A884949201800F0A2FB2B88F618C7
:1082A000B5B2A1E74988914207D17A880699520070
:1082B000525AEB18053A9A42C4DC3E4C28006188B9
:1082C00000F016FB207021007888FAF7DFF9D1E57D
:1082D000002DF2D13E89BFE6162606ABF618310016
:1082E0003889FCF71FF83D000400FA3500282DD02E
:1082F000037A9B060CD400227B8939897888009206
:108300003A000C32FFF7E8FB041E10D03E8915E05E
:108310003088FFF741FB00281AD08368002B17D064
:108320002100122278889847041EE4D0EEE72B78CB
:10833000002B02D17888FAF7B9F900262B78002BA8
:1083400000D097E5002C00D194E585E60124DDE717
:108350000E24DBE7162506ABED1829003889FBF75C
:10836000E1FF041E47D0037A9B0611D4154A7B888F
:108370001188994203D01448814207D11380134BCE
:10838000F2261D780023D9B2A94221D30924A1E7FE
:108390002888FFF701FB00282FD08368002B2CD002
:1083A0002100122278889847041EDFD092E7C04649
:1083B0008462FF1F5466FF1F5666FF1F4867FF1F3A
:1083C0003868FF1F3469FF1FFFFF00003269FF1F7D
:1083D00031005943546801336018615A0029D2D1E1
:1083E0003C0008342100F22200F0FAFA21007888DB
:1083F000FAF764F93EE501246CE70E246AE71D4BA9
:108400001A887B889A4231D07888FAF761F931E589
:10841000F223059851684343CD18C95A00291FD04B
:108420003B7A012B0BD16C88AB887888AA1D00940D
:10843000FFF752FB041E02D000233B722E88F2226B
:108440000021280000F024FB00232B80059B013332
:10845000DBB20593084B05991B78064A8B42D7D8A7
:1084600001235B421380002CCED0F5E500263400BA
:108470000596EFE73469FF1F3269FF1F70B50400EE
:108480000E001500FFF796FA031E08D131000548CB
:10849000FFF790FA03001120002B02D01C8000206F
:1084A0009D7070BDFFFF0000F8B50B4F06003B78D4
:1084B0000D001400FF2B0ED00A2000F051FB011E0E
:1084C00009D0B1230380002346800371C580048155
:1084D000387800F005FAF8BD0141FF1FF7B50F002D
:1084E00008A90600088809A90B240988002821D1B9
:1084F0000234022B1ED1557813782D021D432B0018
:108500008B4301937334002B14D1FB6830001900A6
:108510000093FFF74FFB019C85420BD02A003000EF
:108520000099FFF7ABFF041E04D12A0030007989BF
:10853000FFF7BAFF2000FEBDF0B50E7885B00390BE
:108540000AA805880120022E0DD14C68277864788E
:1085500024023C43054FBC4205D10398DBB201968F
:108560000095FFF7BBFF05B0F0BDC0460229000033
:1085700010B504000C4800F0CBF90C48A16B00F0DA
:10858000C7F90B48E16B00F0C3F90A48216C00F011
:10859000BFF9094B0948196800F0BAF9084B1B6884
:1085A000002B00D09847FEE71D9401113394011170
:1085B000429401115194011104ED00E06094011105
:1085C0004069FF1F002307B501A80193FFF7D0FF03
:1085D000044A05480021121A00F062F8F8F7BCF8C6
:1085E000FEE7C0464469FF1F0441FF1F0000000072
:1085F00001B40248844601BC604700BFC9260000A0
:1086000001B40248844601BC604700BFB537FF1F74
:1086100001B40248844601BC604700BFD91AFF1F5D
:1086200001B40248844601BC604700BFCD4C010044
:1086300001B40248844601BC604700BF51470100B5
:1086400001B40248844601BC604700BFADAE0000E3
:1086500001B40248844601BC604700BF4937FF1F90
:1086600001B40248844601BC604700BFC936FF1F01
:1086700001B40248844601BC604700BF5930FF1F67
:1086800001B40248844601BC604700BF090E0000E7
:1086900001B40248844601BC604700BFF30E0000ED
:1086A00001B40248844601BC604700BFB70E000019
:1086B00001B40248844601BC604700BFED4A010096
:1086C00001B40248844601BC604700BF156B01003D
:1086D00001B40248844601BC604700BF3D18000059
:1086E00001B40248844601BC604700BF434D01000D
:1086F00001B40248844601BC604700BFE117000096
:1087000001B40248844601BC604700BFB538FF1F72
:1087100001B40248844601BC604700BFC9A90000FB
:1087200001B40248844601BC604700BF5D38FF1FAA
:1087300001B40248844601BC604700BFA138FF1F56
:1087400001B40248844601BC604700BF55220000C6
:1087500001B40248844601BC604700BF091B000009
:1087600001B40248844601BC604700BFD9490100FA
:1087700001B40248844601BC604700BF0D520100AD
:1087800001B40248844601BC604700BF311B0000B1
:1087900001B40248844601BC604700BFC51D00000B
:1087A00001B40248844601BC604700BF792DFF1F19
:1087B00001B40248844601BC604700BF5952010021
:1087C00001B40248844601BC604700BF3138FF1F36
:1087D00001B40248844601BC604700BF5118FF1F26
:1087E00001B40248844601BC604700BF2124000058
:1087F00001B40248844601BC604700BF810E0000FE
:1088000001B40248844601BC604700BF0124000057
:1088100001B40248844601BC604700BFDD38FF1F39
:1088200001B40248844601BC604700BF350E000019
:1088300001B40248844601BC604700BF8B5201006E
:1088400001B40248844601BC604700BF7D18FF1F89
:1088500001B40248844601BC604700BF7D36FF1F5B
:1088600001B40248844601BC604700BF691F000094
:1088700001B40248844601BC604700BFF54E0100C8
:1088800001B40248844601BC604700BF291C0000B7
:1088900001B40248844601BC604700BF8552010014
:1088A00001B40248844601BC604700BF456B01002B
:1088B00001B40248844601BC604700BF5125000056
:1088C00001B40248844601BC604700BF6DBC000093
:1088D00001B40248844601BC604700BF75A900008E
:1088E00001B40248844601BC604700BF594F0100F3
:1088F00001B40248844601BC604700BF090E000075
:1089000001B40248844601BC604700BF5133FF1FD9
:1089100001B40248844601BC604700BFE53A01004B
:1089200001B40248844601BC604700BF055E0000F8
:1089300001B40248844601BC604700BFD91B000057
:1089400001B40248844601BC604700BF2132FF1FCA
:1089500001B40248844601BC604700BF554901008C
:1089600001B40248844601BC604700BF851F000077
:1089700001B40248844601BC604700BF11470100B2
:1089800001B40248844601BC604700BF4550000066
:1089900001B40248844601BC604700BFC938FF1FCC
:1089A00001B40248844601BC604700BFD1A5000065
:1089B00001B40248844601BC604700BF4551010034
:1089C00001B40248844601BC604700BF0937FF1F5D
:1089D00001B40248844601BC604700BFA54F0100B6
:1089E00001B40248844601BC604700BFE94C010065
:1089F00001B40248844601BC604700BF2146010023
:108A000001B40248844601BC604700BF056A00000B
:108A100001B40248844601BC604700BF017F0000EA
:108A200001B40248844601BC604700BF4D1F0000EE
:108A300001B40248844601BC604700BFE54800001D
:108A400001B40248844601BC604700BF014C0100EC
:108A500001B40248844601BC604700BFA94601003A
:108A600001B40248844601BC604700BFDD660100D6
:108A700001B40248844601BC604700BFB134FF1F07
:108A800001B40248844601BC604700BF8538FF1F1F
:108A900001B40248844601BC604700BF154D010087
:108AA00001B40248844601BC604700BFD534FF1FB3
:108AB00001B40248844601BC604700BF8D1200002B
:108AC00001B40248844601BC604700BFC5210000D4
:108AD00001B40248844601BC604700BFD12FFF1F8C
:108AE00001B40248844601BC604700BFF94C010054
:108AF00001B40248844601BC604700BF295101000F
:108B000001B40248844601BC604700BFC94A010065
:108B100001B40248844601BC604700BF9DA9000023
:108B200001B40248844601BC604700BFB54C010057
:108B300001B40248844601BC604700BF79180000B8
:108B400001B40248844601BC604700BFB14E00003A
:108B500001B40248844601BC604700BF3D4B0100A0
:108B600001B40248844601BC604700BF1D4D0100AE
:108B700001B40248844601BC604700BFF931FF1FC1
:108B800001B40248844601BC604700BF25260000AE
:108B900001B40248844601BC604700BFB92FFF1FE3
:108BA00001B40248844601BC604700BF8935FF1FFD
:108BB00001B40248844601BC604700BF355500003F
:108BC00001B40248844601BC604700BFB3520100B3
:108BD00001B40248844601BC604700BF9136FF1FC4
:108BE00001B40248844601BC604700BF1D4B010030
:108BF00001B40248844601BC604700BFEDA50000F7
:108C000001B40248844601BC604700BFDD52010048
:108C100001B40248844601BC604700BFE928000057
:108C200001B40248844601BC604700BF5D170000E4
:108C300053444B2056657273696F6E20494420255A
:108C4000303878200A007266436C6B2025642072ED
:108C500063436C6B20256420737973436C6B202510
:108C6000642074704361705B253032782025303287
:108C7000785D0A0073697A656F662873747275632C
:108C800074206C6C5F706B745F6465736329203D46
:108C90002025642C206275662073697A65203D204A
:108CA00025640A0073697A656F6628675F70436F91
:108CB0006E6E656374696F6E4275666665722920B3
:108CC0003D2025642C2073697A656F662870436F98
:108CD0006E6E436F6E7465787429203D2025642C78
:108CE0002073697A656F66286C6172676548656193
:108CF00070293D2564200A005B52455354204341AE
:108D00005553455D2025640A20004D454C423A20CC
:108D100048617070794C69676874696E672046466F
:108D20004439207772697465206C656E3D25750A3B
:108D3000004D454C423A2048617070794C69676833
:108D400074696E67207374617475732072657175D0
:108D5000657374656420776974686F75742046461E
:108D60004434206E6F746966792073756273637220
:108D7000697074696F6E0A004D454C423A20486133
:108D80007070794C69676874696E67207374617478
:108D90007573206E6F7469667920726573756C7473
:108DA0003D257520706F7765723D2575206D6F6468
:108DB000653D253032782073706565643D25750A00
:108DC000004D454C423A2048617070794C696768A3
:108DD00074696E6720636F6D6D616E642072656A81
:108DE000656374656420726573756C743D25750ADE
:108DF000004D454C423A20737461746520706F7762
:108E000065723D2575206D6F64653D253032782093
:108E10006272696768743D25752073706565643D8D
:108E20002575207267623D25752C25752C25750AE0
:108E3000004D454C423A20627574746F6E73207019
:108E40006F7765723D2575206D6F64653D25303205
:108E500078206272696768743D2575207370656556
:108E6000643D2575207267623D25752C25752C257E
:108E7000750A006F6B004641494C004D454C423A23
:108E80002057533238313220535049312F50333428
:108E900020696E69743D25730A004D454C423A20A5
:108EA000626F6F7420656666656374207261696EB7
:108EB000626F77206D6F64653D2530327820627275
:108EC000696768746E6573733D2575207370656599
:108ED000643D25750A00476170726F6C655F73743D
:108EE0006172740A00476170726F6C655F616476CD
:108EF00065727374696E670A00476170726F6C65A2
:108F00005F436F6E6E65637465640A0047617072DB
:108F10006F6C655F446973636F6E6E656374696FD0
:108F20006E0A00476170726F6C655F776169747477
:108F3000696E675F61667465725F74696D65726F93
:108F400075740A00476170726F6C65206572726F8C
:108F500072210A005B47415020524F4C4520256446
:108F60005D0A000A4D454C4220626F6F743A204DF5
:108F7000757369632D4C696768742D56332D3232D1
:108F800031313031202F2053543137483636420AA0
:108F9000004D454C423A2055415254302050392F13
:108FA000503130203131353230300A004D454C429D
:108FB0003A20424C4520696E697420626567696E8B
:108FC0000A004D454C423A20424C45206E616D6589
:108FD0003D25730A004D454C423A20616476206974
:108FE0006E74657276616C20756E6974733D25755B
:108FF0000A004D454C423A206164762064617461F8
:109000003D253032782025303278202530327820C6
:1090100025303278202530327820253032782025CE
:109020003032780A004D454C423A207265676973C8
:109030007465722048617070794C69676874696EF4
:109040006720464644352F464644392F4646443429
:109050000A003D3D3D3D3D53696D706C65424C4598
:109060005065726970686572616C5F496E697420E1
:10907000446F6E653D3D3D3D3D3D3D0A006164767A
:109080004E25750A003D3D3E204843495F434F4D04
:109090004D414E445F434F4D504C4554455F4556FE
:1090A000454E545F434F44453A2025780A004D45CC
:1090B0004C423A205342505F52455345545F41441D
:1090C000565F455654202D3E20656E61626C6520CA
:1090D0006164766572746973696E670A0054494DFC
:1090E00045525F4556540A00566261743A20256421
:1090F000206D562C2025642025250A004D454C4224
:109100003A20474150526F6C655F537461727444EA
:1091100065766963650A00434D442064617461208B
:109120006576656E74730A00303132333435363704
:109130003839414243444546005B48434920444C4A
:10914000455D25642025642025640A005B41545454
:109150005F4D54555D202564200A0067617050659D
:10916000726950726F63657373484349436D64431A
:109170006F6D706C657465457674204F70636F64B5
:109180006520307825580A004354452050617261AB
:109190006D20737461747573203078253032580AED
:1091A0000043544520656E61626C65207374617480
:1091B0007573203078253032580A0067617050721C
:1091C0006F63657373424C454576656E74732048D2
:1091D00043495F4C455F434F4E4E454354494F4EC4
:1091E0004C4553535F49515F5245504F52545F4570
:1091F00056454E54200A0067617050726F63657364
:1092000073424C454576656E7473204843495F4C04
:10921000455F434F4E4E454354494F4E5F49515F62
:109220005245504F52545F4556454E54200A005BFC
:109230005341525F465245455D0A005B5245415FCE
:10924000465245455D0A005B5341525F52582045E6
:1092500052525D204E6F53617220632025780A00C0
:109260005B5341525F5258204552522025645D2085
:1092700025642025640A005B5341525F5258204503
:1092800052522025642025645D20256420702530FD
:109290003878204C20256420432025640A005B5345
:1092A00045475F465245455D0A005B5345475F5061
:1092B00052545D2530387820253032780A005B53CF
:1092C0004255462046554C4C5D204552522025645F
:1092D000203078253032780A005B534255462046CC
:1092E0005241472046554C4C5D0A0025732C757041
:1092F0006461746520636F6E6E656374696F6E4838
:10930000616E646C652025642074696D65724944E2
:109310002025640A0025732C737461727420636FB6
:109320006E6E656374696F6E48616E646C6520254E
:10933000642074696D657269642025640A00705048
:10934000616972696E67506172616D735B25645DFE
:10935000204E554C4C200A00736D53746F7052733D
:109360007054696D657220636F6E6E656374696FAA
:109370006E48616E646C652025642074696D657249
:1093800049442025640A00303132333435363738C9
:10939000396162636465666768696A6B6C6D6E6F7C
:1093A000707172737475767778797A0030313233F0
:1093B0003435363738394142434445464748494AAF
:1093C0004B4C4D4E4F505152535455565758595A75
:1093D000003C4E554C4C3E00253032782000474131
:1093E000505F446576696365496E69743A20474108
:1093F000505F50524F46494C455F43454E54524191
:109400004C207C204741505F50524F46494C455FAD
:109410005045524950484552414C200A005B486132
:109420007264206661756C742068616E646C65722C
:109430005D0A004C522020203D20307825303878BD
:109440000A0050432020203D203078253038780A0B
:109450000050535220203D203078253038780A00C3
:1094600049435352203D203078253038780A000295
:109470000003000400050006000700080009000CB6
:10948000000D00160000000071090111A50901116D
:1094900000000000020000009E940111192A0F181C
:1094A0000A000000F1590000FD24000041460100BF
:1094B0006147011179680111B53B01116545011141
:1094C00069210111097E0111751D01110000FF00C4
:1094D000FFFFFF000000000000FF00FFFFFF00FF94
:1094E00000FFFF00FF0000000000FF00FFFF00FF83
:1094F000FF0000FF00FFFF00000000FF0000FF0072
:10950000FFFF00002D100111E50E01110000000009
:10951000120C00000200000020950111D4FFD9FFB9
:10952000D5FF252D3038FF000000FF000000FF00B0
:10953000FFFFFF00FFFFFF00FF6010FFB4600000AF
:10954000011701110000000000000000444959000B
:1095500056322E31003030323000676974687562DF
:109560002E636F6D2F70767678005472696F6E651A
:10957000730000000200000088950111292A282AA2
:10958000272A262A252A242A0A1800000500000076
:109590001F501D10023CB400FB349B5F8000008014
:1095A00000100000000000006B270111553E011162
:1095B0008F2701115D42011113280111334201115E
:1095C0008928011109420111DB280111D143011140
:1095D00043290111D1430111752901118B43011157
:1095E00089280111C14101110129011169430111AA
:1095F0000000000000000000E7290111694301118B
:10960000492A01116D3E0111052A042A012A002A66
:10961000022903280128002801180018736D5374CB
:1096200061727452737054696D65720000000000BD
:10963000000000000000000000000087010102019E
:1096400002010102010203030401030101010101FE
:109650000303020103000D000E00100011001300AF
:109660001401070108010A010B011C011D0204027B
:1096700005020702080219021A021C021D03010357
:10968000020317000201000504000807000B0A008E
:109690001716001D1C010201010504010E0D011128
:1096A00010011413011716011A19020201020B0A04
:1096B000020E0D0211100214130217160305040303
:1096C0000807030B0A030E0D0001020307090A0B2A
:1096D0000E0F101112141718191A1B1F2021220027
:1096E0000506FFFF00C201000100000000000000AD
:1096F000517701110D7801110000000002000000F7
:109700001A960111000000003985011100000000C7
:0897100002000000189601118F
:020000041FFFDC
:1000000000000000D10A0111A4940111A094011173
:10001000105EFF1F00000000000000000000000054
:1000200000000000000000000000000000000000D0
:1000300000000000000000000000000000000000C0
:1000400000000000000000000000000000000000B0
:1000500000000000000000000000000000000000A0
:100060000000000000000000000000000000000090
:100070000000000000000000000000000000000080
:100080000000000000000000000000000000000070
:100090000000000000000000000000000000000060
:1000A0000000000000000000000000000000000050
:1000B0000000000000000000000000000000000040
:1000C0000000000000000000000000000000000030
:1000D0000000000000000000000000000000000020
:1000E0000000000000000000000000000000000010
:1000F0000000000000000000000000000000000000
:1001000000000000000000000000000000000000EF
:1001100000000000000000000000000000000000DF
:1001200000000000000000000000000000000000CF
:1001300000000000000000000000000000000000BF
:1001400000000000000000000000000000000000AF
:10015000000000000000000000000000000000009F
:10016000000000000000000000000000000000008F
:10017000000000000000000000000000000000007F
:10018000000000000000000000000000000000006F
:100190004532FF1FA530FF1FC166010000000000AF
:1001A000000000000000000000000000000000004F
:1001B000000000000000000000000000000000003F
:1001C000000000000000000000000000000000002F
:1001D000000000000000000000000000000000001F
:1001E000000000000000000000000000000000000F
:1001F00000000000000000000000000000000000FF
:1002000000000000000000000000000000000000EE
:1002100000000000000000000000000000000000DE
:1002200000000000000000000000000000000000CE
:1002300000000000000000000000000000000000BE
:1002400000000000000000000000000000000000AE
:10025000000000000000000000000000000000009E
:10026000000000000000000000000000000000008E
:10027000000000000000000000000000000000007E
:10028000000000000000000000000000000000006E
:10029000000000000000000000000000000000005E
:1002A000000000000000000000000000000000004E
:1002B000000000000000000000000000000000003E
:1002C000000000000000000000000000000000002E
:1002D000000000000000000000000000000000001E
:1002E000000000000000000000000000000000000E
:1002F00000000000000000000000000000000000FE
:1003000000000000000000000000000000000000ED
:1003100000000000000000000000000000000000DD
:1003200000000000000000000000000000000000CD
:1003300000000000000000000000000000000000BD
:1003400000000000000000000000000000000000AD
:10035000000000000000000000000000000000009D
:10036000000000000000000000000000000000008D
:10037000C585011100000000000000000000000021
:10038000000000000000000000000000000000006D
:10039000000000000000000000000000000000005D
:1003A000000000000000000000000000591AFF1FBC
:1003B000000000000000000000000000000000003D
:1003C000000000000000000000000000000000002D
:1003D000000000000000000000000000000000001D
:1003E000000000000000000000000000000000000D
:1003F00000000000000000000000000000000000FD
:08183800506DFF1F4118FF1F56
:10184000024981F3088802F0CBFA0000506DFF1FB7
:1018500010B502F095F9072804D0122808D0022804
:1018600008D010BD044A0420136B01331363F8E75A
:101870000220F6E71420F4E72C63FF1FF8B50700F9
:101880000C0026002500503630785135002804D150
:101890000300287058342370F8BD2978CA00481E08
:1018A0008141A3183800A25C5B68C9B2FFF7D0FF82
:1018B00000280DD12B78DA00A218013350602B706C
:1018C0003378044A013B3370136A01331362D8E75B
:1018D0000123DFE72C63FF1F5C234343074910B557
:1018E000C9180B0058331B78012B05D1FFF7C6FF31
:1018F000034A936A0133936210BDC0466063FF1FC1
:101900002C63FF1F10B502F093F8064A0121130063
:1019100010CB4942D967044B136002F079F82000DC
:1019200010BDC04600E100E01000100010B504003A
:1019300002F07EF8024B1C6002F06AF810BDC0464F
:1019400000E100E0431E5A425341A022F0B5D2010B
:101950005B421340154D164A40019B182A18127E0F
:101960008BB00191002A1BD01A000832D46F0022DC
:10197000E6B206AFE4B294420EDC2818C369002B2D
:1019800008D0019902AA117106AA049202AA16733C
:1019900003A898470BB0F0BD1978B9540132EAE7B3
:1019A0001A7D1A7806AB01261A70E6E7EC65FF1F70
:1019B00000400040F0B5254B04004001C25C85B0FA
:1019C000002A2BD01A18117E002927D0917E0029D9
:1019D00024D01179022921D11689D788D168F51B25
:1019E000ADB22A1C102D00D9102292B2BE4217D1DE
:1019F0001818012303710023C269C38003819A422E
:101A000006D06846032103730171029301A8904731
:101A10000820002C00D0192001F0FAFA05B0F0BD22
:101A2000013C65426C41A0256442ED012C40084D0B
:101A30001B186419074D0633013A92B2AA42EDD041
:101A40001888461C1E80085C2070F5E7EC65FF1FB7
:101A500000400040FFFF00000F220E4B10B59868B9
:101A6000104002380A280BD801F024FF0D0A0B0A97
:101A70000A110A0A0A0A060002210020FFF762FF83
:101A800010BD0121F9E70020FFF794FFF8E7DB6FB5
:101A9000F6E7C046004000400F220E4B10B5986894
:101AA000104002380A280BD801F004FF0E0A0B0A76
:101AB0000A120A0A0A0A060002210120FFF742FF61
:101AC00010BD01210800F9E70120FFF773FFF7E7D8
:101AD000DB6FF5E70090004013B5334C2378072BFC
:101AE0003DD8324B1A78324B002A39D180221968FE
:101AF00052020A431A60252001F0E6FD20232D4AF8
:101B000011680B43802113606B460422C9050868E5
:101B10000733104228D080210422C905C86810422A
:101B20002ED080212020C905CA688243CA601422B1
:101B30001A701A78002A2FD18021C905C86820326E
:101B40000243CA6014221A701A78002A28D11A4B4C
:101B50001A7D22785A601D221A705932DA6013BD3C
:101B60001A6816490A40C5E7086802430A60142249
:101B70001A701A78002ACED01A78013AD2B2F7E752
:101B8000C8680243CA6014221A7019784A1ED2B279
:101B90001A700029F9D1C4E71A78013AD2B2C7E71E
:101BA0001A78013AD2B2CEE73C40FF1F0441FF1F32
:101BB0003CF000403440FF1F00200040FFFFFEFFCC
:101BC000564B70B51B68012B03D1554A936D0133F9
:101BD000936501F0A5FF534B534A1860534B544C87
:101BE0001A600123534A1360534A13602378002B71
:101BF00006D006225149524801F07AFF0023237093
:101C0000504A514B10681B78C1B2002B0ED14F4C7B
:101C1000C0B223785BB2002B4FDB237824785BB211
:101C200064B21B0424021B191B1813600B1C5029DF
:101C30004ED95023464A47491078DBB2FF2202288A
:101C40004BD10868444C454D267890432A789642FB
:101C500054D9227824782E78023B5D10A31B6B4365
:101C60005201D31A10335B111843086001F0A8FF2A
:101C7000031F012B45D83A4B1B78002B06D0394B5C
:101C80001B78002B02D0002002F07AF8A122364BFC
:101C900092009978354B4A431B689B188322920027
:101CA0009B181B78033B012B03D8AF20400001F0A9
:101CB000D7FE01222E4BDA8270BD237824785BB2E6
:101CC00064B2FF33FF341B0424021B190138ABE755
:101CD000CAB2022AAED20223ACE70868254C264DD0
:101CE000267890432A78964208D9227824782D784D
:101CF000023B5B10641B63435201B2E72378DBB203
:101D0000B2E70228D5D11D4B1B78013B022B03D92A
:101D10001B4B1B78022BCCD16C20C8E79809FF1F06
:101D2000FC0FFF1F7862FF1FFF3F000014100340ED
:101D30007C62FF1F0C10034000100340D50BFF1FF7
:101D40007211FF1FB40003408C09FF1F680AFF1FB8
:101D5000490AFF1F94000340460AFF1F470AFF1F5E
:101D6000F908FF1F2209FF1F300DFF1F3409FF1F55
:101D7000BC0BFF1F440AFF1F450AFF1F1C09FF1F62
:101D80002309FF1F10B501F09BFE0022014B1A80B2
:101D900010BDC0467462FF1F10B501F0C1FFA12144
:101DA000054A89009478054A61431268044B521829
:101DB000528C1A8010BDC046300DFF1F3409FF1F22
:101DC0007462FF1F10B50D4B0D4A9978A1239B003B
:101DD0004B431268D218531DD97F0A4B1B88994276
:101DE00009D2441C07D0C82805D0D2695B1A5A43CF
:101DF000054B5343C01801F04BFE10BD300DFF1FC3
:101E00003409FF1F7462FF1F7102000070B5244D7A
:101E10002B68002B28D001F0E3FD2B68D8402B68FD
:101E20000400002B27D001F04BFF2B68D8401D4B3E
:101E30001D4A9978A1239B004B431268D118D25CAC
:101E400091239B00002A20D0CA580132CA50174B58
:101E500017491B680868834214D3D23B181A012A19
:101E60001AD0144B186070BD01F0BAFD124B1968FE
:101E700001F036FED3E701F023FF0F4B196801F0A4
:101E80002FFED4E70D495B18E8E7CA500C4B1B68DE
:101E9000DB68E418201AE4E7F530FF30E1E7C046DC
:101EA0001C08FF1F300DFF1F3409FF1F9C09FF1F77
:101EB0007862FF1FA009FF1F1808FF1F2DFF3F00BA
:101EC0008062FF1F70B504000D00282916D10300A1
:101ED000A433C2881B889B1A0B4A9BB293420DD92C
:101EE00006006A3605223100653001F021FD002828
:101EF00004D13100200001F0D3FE70BD2900200084
:101F000001F0D6FDF9E7C046FE7F0000F8B50500F8
:101F1000012001F0C5FD134CA36AA26A9342FBD1D4
:101F2000114E336001F09CFE104903000860104818
:101F3000426894460F4A17680022BC4501D24268A5
:101F4000BA1A0D4802603268AD18A422E562606AD0
:101F5000520302436262094A1278002A01D00F3B01
:101F60000B60F8BD00F00040340AFF1FE408FF1FBB
:101F700028100040180AFF1F1C0AFF1F1C09FF1F22
:101F800070B580241025E405A3682B43A36001F0FD
:101F900007FDA368AB43A36070BD0000F7B5160052
:101FA00080221C001023D2050191916805000B438B
:101FB000936000225A4BD7301A6001F0A1FC9D2398
:101FC0002A002F009B00EB58CA3201210092FC37F7
:101FD000002B01D00021009A386801F031FD290062
:101FE000009BCB311A784F4BD3351A604B780A7867
:101FF0001B0213438A7812041A43CB781B0613433F
:10200000494A1BBA13604B790A791B0213438A7938
:1020100012041A43CB7931001B061343434A1BBAFF
:1020200013606B782A781B021343AA7812041A43B0
:10203000EB781B0613433E4A1BBA1360019A330226
:1020400013433C4A13603C4B22001B1B9C46032954
:102050003DDCB3089A0013005142B21A032A46D15C
:10206000354AE018511A827840781204000202437F
:10207000E05C043302430A600022FF2B4BDDF022B8
:102080002E4B12011A600F222D4B1A602D4A136835
:10209000002BFCD00023224A27491360091B321D64
:1020A0000B191B68043A180A23706070180C1B0E79
:1020B000A070E3700434002AF2DC802210213B6817
:1020C000D20501333B6093688B439360F7BD634651
:1020D000D578981893782D061B042B43157804396E
:1020E0002B43557804322D022B430360AFE7022ABD
:1020F0000AD1114AE05C511AE218527812020243E6
:102100000A6004339BB2B7E7012AB5D10A4A521AD2
:10211000E15C1160F5E7084959180A600433ACE73F
:10212000000004403C0004403800044034000440F7
:10213000300004400C00044000010440040004404E
:102140001000044014000440F7B5150080221C0064
:102150001023D2050091916807000B439360002380
:10216000654AD730136001F0CBFB9D233E009B00F6
:10217000F9583B00CA363200FC33002900D07FE01A
:10218000586801F05DFC390032785C4BCB311A6045
:102190004B780A781B0213438A78AC4612041A4320
:1021A000CB78281D1B061343554A1BBA13604B7985
:1021B0000A791B0213438A7912041A43CB791B064E
:1021C0001343504A1BBA13604B7A0A7A1B0213431B
:1021D0008A7A12041A43CB7A21001B0613434A4A17
:1021E0001BBA1360009A2B021343484A1360220063
:1021F000474B1B1B0093009BCE785B1801938B7899
:1022000036061B0433430E78043833434E780431CA
:1022100036023343019E33600328ECDC0321A80817
:10222000431C9B002940800003292BD13849E51825
:102230005E18A9786D78E35C09042D0229431943DF
:102240003160030008330021FF2B2DDD314B324973
:1022500019600F21314B1960012327490B60304B66
:1022600019680029FCD006211B680B40042B20D0E4
:1022700080220020D20593680A318B439360FEBD13
:1022800001217DE7022908D121495D18E11849782B
:10229000E35C090219432960D3E70129D3D11C4922
:1022A0005918E35C0B60CCE7194818180160043337
:1022B000CAE7002310490B606346002B0CDC3B008F
:1022C000FC335A68102101325A608022D20593688B
:1022D00001208B439360D2E7009B9B181B68190A6F
:1022E00013705170190C1B0ED37004235B42917054
:1022F0009C440432E0E7C046000004403C00044037
:102300003800044034000440300004400C00044015
:102310000001044004000440080F000010000440C5
:102320001400044070B5061E19D002225A4B9B7946
:102330009343012B13D1594B1A78FF2A0FD15A78A6
:10234000FF2A0CD19A78FF2A09D1DA78FF2A06D120
:102350001A79FF2A03D15B79FF2B00D199E0504B0A
:102360000C201A78012A08D000224E4D1A702978C4
:102370000B00093B042B01D8212070BD4B1F012B02
:10238000FAD9454CA37B042B00D982E0A279032A19
:1023900000D97EE09A1ED2B2012A02D860881F2896
:1023A00077D9002E56D0012E73D1A0880128E3D012
:1023B000002907D1581E032803D801F07BFA121711
:1023C00015122E702978481E032811D80025364B87
:1023D0001D602823237501F0ABFBA84227D0A58000
:1023E000CAE702212970EDE70421FBE70321F9E7A1
:1023F00007390129C0D82D490968C96A8906BBD5A2
:102400002B4908780028B7D1012A01D9002BB3D174
:1024100002230B708021274D2633890128782375EC
:1024200001F02EFC80212878890101F099FC01231C
:10243000A380214B1B78002B0AD0FA2280211F4B4E
:1024400092001B8809025A431A4B187801F0C0FB0E
:10245000002092E701F0ECFA2B78A680073B012BD5
:1024600003D917482E7001F0DBFA114B114C1A7882
:10247000002A06D080210022207889011A7001F0FC
:10248000FFFB01F0C5FA80212078090201F0F8FB7A
:10249000DEE7122071E7C046A60BFF1F6B09FF1F86
:1024A0001A09FF1F1C09FF1F4809FF1F8062FF1F39
:1024B0002309FF1F1B09FF1F2109FF1F2C09FF1FF5
:1024C0000010004010B5002901D001F099FA10BDAC
:1024D000F7B5604B01919978A1239B004B435E4A6D
:1024E000060014681022E418D6235B00E058362357
:1024F000FF33E35C00279343222B41D1574B0F3A24
:102500001A600760012501F01BFA019B1880E8237F
:102510005B00E35C002B01D0B34258DD0023504F39
:10252000FB70AD33FF33E3581A68002A03D09B8851
:10253000DB439B071DD03823FF33E35C002B18D00F
:102540009B235B00E35C002B13D1D133FF33E35CAF
:10255000B3420EDAA4235B00E15AE018090A023103
:1025600001F0CEFA23000122FE33013E01351A8725
:10257000FA70E8235B00E35C002B2AD0A8B2FEBD12
:1025800003683D00002BBED081880430090A023167
:1025900001F0B6FAD6235B00E3581F60B2E72300D0
:1025A000B133BA00FF339858013781880430090AE3
:1025B000023101F0A5FAE8235B00E35CBB42EEDCEC
:1025C000E822F61AED1800235200A354A6E70027CC
:1025D000F1E7200001F0BCFB00281FD0002E1DDD1C
:1025E0007319882647190193B600200001F008FBF3
:1025F0005A30800020184068013581880430090A6B
:10260000023101F07DFA200001F09AFAA35901335A
:10261000A351BD4202D0019B9D42E6D1114BE35C28
:10262000002BABD095239B00E35C002BA6D00E4B78
:10263000E15A0029A2D00D4AA35C994202D9013384
:10264000A3549BE700231A212000A35401F060FA51
:1026500094E7C046300DFF1F3409FF1F00140340EC
:10266000E010FF1F5A020000720200005E0200002C
:102670000D4970B54A6E0D4CD2038B69D20BA24244
:1026800006D80B4D0224AA4204D901F031F970BDDD
:1026900002246442E21815007E2425402242F4D030
:1026A000A3432B438B61F0E700F000400A200000B9
:1026B000FC1C0000F8B51D4B1D4F1A78002A10D1E4
:1026C000BA7B002A02D101321A7003E0032AFAD041
:1026D000022AF8D001F02CFA00220120154B1A70C2
:1026E000F8BD154B154D1C68154B9E7801232B70BA
:1026F0002878C0B200F09EFBBB7B002B0BD101F011
:1027000077F9A1239B007343E41883239B00E4180B
:1027100023782B70E4E7032B02D101F009FBF0E7EB
:102720000020022BDCD101F053FBEAE71C09FF1F5C
:10273000A60BFF1F2309FF1F3409FF1F490AFF1FB4
:10274000300DFF1FF0B587B00EAD2F780FAD2D788F
:102750000593AC46634614000E4D0CAA12782E78F1
:1027600003930D9B009201932200059B029701F0B9
:102770000FF92E70012C01D0042C08D180220649BB
:102780008B889343054A1278D20113438B8007B09C
:10279000F0BDC0461C09FF1F6C11FF1F7809FF1F09
:1027A0000B001B3B70B504003020E02B0DD813004C
:1027B000E025493BFF3B9BB2ED00AB4205D8034B04
:1027C000200019825A8201F0D3FA70BD8410FF1FD5
:1027D00010B501F0A5F9054B00205B68052B04D965
:1027E000034A5268D20200D4980810BD001000407D
:1027F000FCE100E070B501F01BF90D4B1B68FC33E8
:10280000DC691D6AFFF7E4FF6419844204D2094BB6
:1028100001241B68002B07D004220024064B1A70E9
:10282000064A93690133936101F0F2F8200070BD0C
:102830008062FF1F9809FF1F2309FF1FFC0FFF1F66
:1028400070B50C4D2B68FC335C6A01F0F1F8FFF7B2
:10285000BFFF2B680025FC339B6AE318834204D238
:10286000054B1B68AB4200D1051B01F0D1F82800D5
:1028700070BDC0468062FF1F9809FF1FD722044B1E
:1028800092009B5810B5002B00D0984710BDC04651
:102890000000FF1F10B500F0F5FFFFF7EFFF27491D
:1028A000274BCA6D274C1A4084235B001343CB652A
:1028B000254B1B68186A01F0F3F8244B244A1A6070
:1028C000244B254A1A60A022244B52001A60244B44
:1028D000187801F03DF82000224901F061F9002349
:1028E000A3600233A360204B2049236003232048C8
:1028F000A36001F055F910221E4BFF201A608022C0
:1029000052031A60802292031A60802212041A6015
:1029100001F036FA012001F03BFAFA20400001F004
:102920007FF9582001F09CF8134801F041F901208B
:1029300001F0DEF9072001F0E3F910BD00F00040DE
:1029400000FEFEFF141000408062FF1F00000340E5
:102950000180063DBC00034034080000A400034091
:102960004A0AFF1F71020000C3090000FFFF3F0079
:102970002810004000E100E030750000674E336829
:1029800088331B6883F3088801F0E2F8644A6549DC
:10299000136800200B401360634B644A1B6893422A
:1029A00000D1A6E000F0E4FF0221614A13688B43E6
:1029B0001360FFF76FFF5F4B5F4C1878C0B201F0F8
:1029C00067F90023A3600233A3605C4B01202360FE
:1029D00001F066F80323A36001F0B2F9040001F0EE
:1029E0009FF8050001F0ACF9554B186001F0D0F8E4
:1029F000544B1968621A531EA14200D21300802260
:102A0000D203934201D39B029B0A3268D16AC90761
:102A100000D471E04C491C0C09689BB24C435943EB
:102A20002402090A641803264849FC3293680A689C
:102A300047489B1A474A0768126847499B18474A04
:102A40009A1833409208DB190A600360042B03D9FB
:102A5000013233400A6003600E684149A619300014
:102A600001F03EF83F4F3E493B68C3183B603000E1
:102A7000019301F0EDF83C4E306808183849306099
:102A8000884205D9019B01333B6001F0E1F83160D8
:102A900001F0D6F8354B1B78002B0DD001F040F833
:102AA000334B621B196812188A4232D24919091B2A
:102AB000091A304801F074F82F4E337A002B0ED0EB
:102AC00001F02EF8621BF1681218914224D94919BD
:102AD000091B091A294801F063F800233372284BB7
:102AE00083F3088801F05CF9002000F041FF00F05A
:102AF00067FF00F03DFF5CE7DC0199000234641AD7
:102B00005900641A09214B438033CB40A408E418D0
:102B100089E7FA218900CCE71A49DBE78062FF1FC9
:102B20001CF00040FFFFC1FF0C0AFF1FB64121034C
:102B300010000040490AFF1F14100040C3090000A4
:102B4000100AFF1F340AFF1F380AFF1F200AFF1F49
:102B5000280AFF1F1C0AFF1F240AFF1FC4090000C8
:102B6000710200006008FF1F2C0AFF1F1C09FF1FD5
:102B7000E408FF1F00100040740BFF1F3C100040D2
:102B800000000020DC050000A022054B92009B58AD
:102B900010B5002B01D0984710BD01F021F8FBE7DC
:102BA0000000FF1FA122054B92009B5810B5002B7F
:102BB00001D0984710BD01F013F8FBE70000FF1F9C
:102BC000A222054B92009B5810B5002B01D09847CC
:102BD00010BD01F005F8FBE70000FF1FA322054B25
:102BE00092009B5810B5002B01D0984710BD00F003
:102BF000F7FFFBE70000FF1FA422054B92009B5844
:102C000010B5002B01D0984710BD00F0E9FFFBE79D
:102C10000000FF1F70B500F083FF4F4B186001F0FC
:102C200027F80400C30702D400F07AFE70BD00222A
:102C30004A4B1A604A4B18780138042829D800F00A
:102C400039FE0320181C2400200000F011FF012889
:102C5000ECD0444C2378042B6ED100F011FF0028F7
:102C6000E4D000F085FF582000F0FAFE0223237024
:102C7000DCE7200000F074FEE9E7200000F0B8FF78
:102C8000E5E7200000F044FEE1E7200000F0E0FE70
:102C9000DDE700F095FF0500012808D1324B1B78D5
:102CA000053B012B03D82000FFF76EFFD1E72D4B2A
:102CB0001B78022B01D0052B20D1022D28D12B4BC4
:102CC0009B7BAB431CD12000FFF76CFF264B187891
:102CD0000128BED16405BCD4244925224B7B034284
:102CE00005D1233A13405A42534126331A000B7D33
:102CF0009342AED9322001F063F8AAE7022D07D142
:102D0000194B1B78052B11D12000FFF759FFDDE788
:102D1000012D0BD1012B03D12000FFF75FFF98E7B6
:102D2000062B03D12000FFF767FF92E7200000F099
:102D300057FF022D8DD1C9E7032B04D10C4B987C92
:102D400000F0C6FF72E7072B00D06FE7094B987BB6
:102D500000F03EFE6AE7C0469C09FF1F9809FF1F6E
:102D60009009FF1F2309FF1F1C09FF1FA60BFF1F50
:102D7000BC0BFF1FD40BFF1FFA210A4B0A4A490064
:102D80001A640A4A5A500A4A04395A50094A083100
:102D90009A64094A5A50094A5C315A50084ADA661C
:102DA0007047C0460000FF1F4527FF1F4128FF1F37
:102DB000F527FF1F2523FF1FB526FF1FC51DFF1F7A
:102DC000991DFF1FF7B50B0CFF270122009300236D
:102DD0003C001E001D009446019089B262469A4054
:102DE0001000084018413618B6B2FF2F02D1012E4C
:102DF00000D19FB2009802401A41AD18ADB2FF2C2D
:102E000002D1012D00D19CB20133102BE6D1032059
:102E1000012E07D1012D04D1019B2401E4191C705E
:102E20000138FEBD102EFCD10238102DF9D0023031
:102E3000F7E700008023F7B59C46264B264F019309
:102E40002649274A274D284C284B02281AD160468C
:102E500038600868264E30408026360330430860CC
:102E600001990978002909D11660224A2A60224A6C
:102E70002260E02219689143A03A1BE08021C90238
:102E80001160F2E766463E600F68194E3E408027AB
:102E9000FF023E430E600199097800290DD11760A9
:102EA00001280ED1154A2A60154A2260E0221968CD
:102EB0009143C03A0A431A60F7BD8021890211602C
:102EC000EEE7E0210F4A02432A600F4A22601A68A7
:102ED0008A43F0E74B0AFF1FE0000340D80003409D
:102EE00090000340000003405000034040000340B6
:102EF000FFFFE3FF0280063D804508220180063D7A
:102F0000806608220080069880550822F8B51E4B7E
:102F100080261A68002014003440324232D11A68E8
:102F20001A4F32431A6001223B68063093433B60DC
:102F300000F0B6FD0122164D2B681E432E603B6843
:102F40000A2613433B608027BF00124B1B683B429D
:102F500011D1013EF6B2FF2E09D17E220E4B1C6824
:102F60002B68E40B1440934323432B6005E00820B7
:102F700000F096FDE9E7002EEFD180222B68600873
:102F800093432B60F8BDC046C4F000405CF00040A5
:102F900018F0004068F0004060F0004010B500F00C
:102FA000B7FE01215820034A00F09AFEFFF7AEFF5A
:102FB00010BDC046600AFF1F10B5782200210348EB
:102FC00000F026FE00F0CCFD002010BD7465FF1F50
:102FD00070B5040000F02CFD00230C200B4A01000A
:102FE00059438D18515C00290DD0A14208D101230D
:102FF00000246B7000F06CFD00F00AFD200070BD35
:1030000001330A2BEBD11224F6E7C0467465FF1F8B
:1030100070B5040000F00CFD002319001D000D4ADE
:103020001078002806D0A0420CD1557001310C3226
:103030000A29F5D1002B0AD100F092FD00F0E8FC3E
:10304000002070BD5078461EB0411B18EEE700F01E
:103050003FFDF3E77465FF1FF7B504000C20002364
:1030600084460E4D019267465F43E85D7E19A0429B
:1030700012D000280BD10A4B9C4662461B780833BD
:103080001370019B70707C557160B360FEBD01339D
:103090000A2BE8D10320F9E70720F7E77465FF1F43
:1030A0007065FF1F8020F8B5484BC0051B68C12420
:1030B0008360474BFF251A68012313434361454B47
:1030C000A4001A68444B40211A60444B1A68444BD0
:1030D0001A60444B1A59AA431A51C52292009E58AD
:1030E000AE433143802699509F583F49F6010F4027
:1030F0003E439E509E5880273602360A30439850F1
:1031000080201A5900020A4002431A5104341A5905
:10311000364E3F04324080263A431A511A59360639
:103120001202120A32431A5108341A5980260A40F0
:1031300002431A51C32292009F58B446AF4337430B
:103140009F509F58294E0F4007439F509F5837402C
:1031500080263604374380269F509F5836063F020C
:103160003F0A37439F50C0221F59AF433A431A5179
:103170001A591202120A1643C6221E5192009C5876
:10318000AC4365462C439C509C5800250C40204382
:103190009850C72080001A58154C1140C0221202C6
:1031A0000A431A50134B1B78DB08AB4201DC0020AA
:1031B000F8BD2378002B06D0A368002B00D09847D9
:1031C00001350C34EEE71220F2E7C0463840FF1F0D
:1031D0003440FF1FB0F000406C65FF1FB4F00040AA
:1031E0006865FF1F00E100E0FF00FFFFFFFF00FF39
:1031F0007465FF1F7065FF1F030010B51F2809D8F5
:10320000072200201340072404490A78A2431343ED
:103210000B7010BD00230620F5E7C0467065FF1F48
:10322000054B06491B780A6805485B0702401B0BE3
:10323000134300200B6070477065FF1F1CF00040B7
:10324000FFFFC1FF70B50C25FFF7EAFF0A4B1C78A2
:103250000A4BE4086543ED18002C01D1200070BD35
:103260002B78002B06D06B68002B00D09847013CD0
:103270000C3DF1E71220F2E77065FF1F6865FF1F44
:103280001FB5002102220B0001910091052000F0E2
:103290008FFD02230B490A681A42FCD120230393B5
:1032A000039B5A1E0392002BFAD1074A1368002B86
:1032B000FCDA0B246C442000012100F079FB20781B
:1032C00004B010BD90C8004000C8004013B5040011
:1032D0000A4B0193019B002B01D1112016BDFFF772
:1032E000CFFF23000340044205D0052000F0D8FBA7
:1032F000019B013BEDE71800F0E7C046FFFFFF0729
:1033000007B500F095FB80220821D205936A019150
:10331000002B01D10739916202210C4A11600199F9
:10332000481E01900029FAD1033111600531019145
:103330000199481E01900029FAD11160002B02D199
:103340008022D205936200F063FB07BD00C00040FD
:10335000F0B52D4C89B02378002B4FD1FEF7D2FA6F
:1033600002232A4F03903A681A42FCD12023069385
:10337000069B5A1E0692002BFAD1254E3368002B6D
:10338000FCDA0120FFF7A2FF011E02D0112009B0D4
:10339000F0BD030003220190009005AD9F2000F0D6
:1033A00007FD0321280000F003FB02233A681A42BC
:1033B000FCD120230793079B5A1E0792002BFAD1BA
:1033C0003368002BFCDA0120FFF780FF0028DDD1F5
:1033D0000398FEF7ABFAAA786B7811041B020B4333
:1033E00029780B4363601300113B0A49052B07D86A
:1033F00001239340A3600B60012323700020C6E7E4
:1034000080231B03F6E7C0462040FF1F90C8004002
:1034100000C800409808FF1F1E4B30B55A68187846
:103420001D4B85B0D31859424B4101210093002315
:1034300000F0FEFB194B1A4A02259A6300221A6516
:1034400010325A658022C4219D65164B1648D2025F
:10345000DA6789004258154B80241A4080231B04E8
:1034600013434350642341200393E40500F02CF9F7
:10347000402000F029F96562039D6B1E0393002D27
:10348000FAD103236362FFF73BFFA562FFF760FFFA
:1034900005B030BD2C40FF1F95FFFEF700C800406F
:1034A000050001FF04E100E000E100E0FFFF00FF94
:1034B00010B5064B18705960FFF7AEFF00211320BE
:1034C000034AFFF7C9FD002010BDC0462C40FF1F76
:1034D0001934FF1FF0B587B0029103920400FEF784
:1034E00011FA019000F0A4FA802302250122234E54
:1034F000DB0535605D629A6200F08AFA204F3B6816
:103500002B42FCD120230493049B5A1E0492002BCF
:10351000FAD11C4D2B68002BFCDA0120FFF7D6FEF8
:10352000002802D0112007B0F0BD2000039A0299B4
:1035300000F026FA022304003A681A42FCD1202344
:103540000593059B5A1E0592002BFAD12B68002B80
:10355000FCDA0120FFF7BAFE051EE3D100F068FA9D
:1035600080230322DB0535605A629D6200F050FA29
:103570000198FEF7DBF9E0B2D5E7C04600C0004095
:1035800090C8004000C80040F0B5802489B0060013
:10359000FEF7B8F9E405A36A02250393029000F050
:1035A00047FA0123304F3D606562A36200F030FAB4
:1035B0002E4C23682B42FCD120230593059B5A1ED9
:1035C0000592002BFAD12A4D2B68002BFCDA012042
:1035D000FFF77CFE002803D01124200009B0F0BDC5
:1035E000244B2360022322681A42FCD12023069335
:1035F000069B5A1E0692002BFAD12B68002BFCDA90
:103600000120FFF763FE021EE6D11B4B03211E6063
:10361000030001900090202000F0CAFB02232268E2
:103620001A42FCD120230793079B5A1E0792002BB6
:10363000FAD12B68002BFCDA0320FFF747FE041EAB
:10364000CAD100F0F5F980230322DB053C605A6201
:103650009C6200F0DDF9039B002B01D1FFF750FEC7
:103660000298FEF763F9B8E700C0004090C8004038
:1036700000C800400100000694C8004007B50002E1
:1036800001910422000A01A9FFF724FF0EBD0000EA
:1036900073B5050005240B4AA3005B429B1819680B
:1036A0006B46DE1D3000FFF78DFB022804D1337816
:1036B0002B55013CEFD276BD052CFCD00128FAD168
:1036C0000230F8E7140900111F2807D801238022CF
:1036D0008340D20591680B43936070473F2808D818
:1036E0000123802220388340D20551690B43536166
:1036F000F3E75F28F1D80123802240388340D205C8
:10370000116A0B431362E8E71F2807D801228021C2
:103710008240C9058B6893438B6070473F2808D867
:103720000122802120388240C9054B6993434B61B7
:10373000F3E75F28F1D80122802140388240C90593
:103740000B6A93430B62E8E71F2810D8802302001E
:10375000DB05153A1968012A06D820229143196021
:1037600019680A431A60704701228240F6E73F2831
:1037700011D880230200DB05353AD968032A06D820
:1037800010229143D960D9680A43DA60EBE701223D
:1037900020388240F5E75F28E5D842238022181AB6
:1037A000413B8340D205516A99435162516A0B43B0
:1037B0005362D8E710B50400012813D1A02218499C
:1037C00092050B685B015B0913430B60154B164AAE
:1037D00019681140154A0A431A60402219680A43C1
:1037E0001A6010BD0028FCD101000A2000F060FA28
:1037F00021000B2000F05CFAC0220A4B92001968ED
:103800000A4340211A601A688A431A60B0220449A8
:1038100012060B685B015B0913430B60E1E7C046CE
:1038200014F000401CF000407F00FEFF80FD01000E
:1038300072B6074A1368013313600422054B1A60FD
:103840000023054A13608022D2055360FEE7C0467C
:103850007808FF1FC0F00040C4F0004005490B6825
:10386000002B05D1044A0A6004490A60044A136027
:103870007047C046140AFF1F841E0000380AFF1F4D
:10388000C4F000400023034A1360034A1360034A54
:103890001360704754F0004040F1004044F1004094
:1038A00002B4714649084900095649008E4402BCD9
:1038B0007047C04602B4714649084900095C490096
:1038C0008E4402BC7047C04603B4714649084000AC
:1038D0004900095E49008E4403BC704703B4714639
:1038E000490840004900095A49008E4403BC70470A
:1038F00001B40248844601BC604700BFD1AE00005D
:1039000001B40248844601BC604700BF89440000FE
:1039100001B40248844601BC604700BFF535010090
:1039200001B40248844601BC604700BFDD0A0100C3
:1039300001B40248844601BC604700BFCD4C010081
:1039400001B40248844601BC604700BFCD0C0100B1
:1039500001B40248844601BC604700BFEDA50000E9
:1039600001B40248844601BC604700BF093401002D
:1039700001B40248844601BC604700BF016C0100ED
:1039800001B40248844601BC604700BF9573010042
:1039900001B40248844601BC604700BF9D6A000034
:1039A00001B40248844601BC604700BFDD3F00000F
:1039B00001B40248844601BC604700BF3D7101006C
:1039C00001B40248844601BC604700BF8552010033
:1039D00001B40248844601BC604700BFC1F7000043
:1039E00001B40248844601BC604700BFE90B0100F6
:1039F00001B40248844601BC604700BFE9F60000FC
:103A000001B40248844601BC604700BFE9D400000D
:103A100001B40248844601BC604700BF9DA9000074
:103A200001B40248844601BC604700BFC1A5000044
:103A300001B40248844601BC604700BF75A900007C
:103A400001B40248844601BC604700BF2144000025
:103A500001B40248844601BC604700BFF93501004B
:103A600001B40248844601BC604700BF79120100DE
:103A700001B40248844601BC604700BF0134010024
:103A800001B40248844601BC604700BF01D7000072
:103A900001B40248844601BC604700BF8937010079
:103AA00001B40248844601BC604700BF01890000A0
:103AB00001B40248844601BC604700BF51B8000011
:103AC00001B40248844601BC604700BF8D820000FB
:103AD00001B40248844601BC604700BF21A9000030
:103AE00001B40248844601BC604700BF090E0000D3
:103AF00001B40248844601BC604700BFE94C0100A4
:103B000001B40248844601BC604700BFC1150100F2
:103B100001B40248844601BC604700BF53B90000AD
:103B200001B40248844601BC604700BFC95C010083
:103B300001B40248844601BC604700BFA9D8000018
:103B400001B40248844601BC604700BF59760100B9
:103B500001B40248844601BC604700BFC9A9000007
:103B600001B40248844601BC604700BFADAE00000E
:103B700001B40248844601BC604700BF6DF60000F6
:103B800001B40248844601BC604700BFE927000039
:103B900001B40248844601BC604700BFC166010011
:103BA00001B40248844601BC604700BF2D6C01008F
:103BB00001B40248844601BC604700BF8D1101007A
:103BC00001B40248844601BC604700BFDD0C01001F
:103BD00001B40248844601BC604700BF8B5201001B
:103BE00001B40248844601BC604700BFE9170100E8
:103BF00001B40248844601BC604700BF053401009F
:103C000001B40248844601BC604700BFD9B000003F
:103C100001B40248844601BC604700BFB70E0000F3
:103C200001B40248844601BC604700BF8512010010
:103C300001B40248844601BC604700BFC56D010065
:103C400001B40248844601BC604700BFD54401006E
:103C500001B40248844601BC604700BF090E000061
:103C600001B40248844601BC604700BFBD5C01004E
:103C700001B40248844601BC604700BFBD0B01008F
:103C800001B40248844601BC604700BFB352010042
:103C900001B40248844601BC604700BF891401009A
:103CA00001B40248844601BC604700BF85C10000E2
:103CB00001B40248844601BC604700BFE5690111B8
:103CC00001B40248844601BC604700BF6D0B01008F
:103CD00001B40248844601BC604700BF4DF90000B2
:103CE00001B40248844601BC604700BF016701007F
:103CF00001B40248844601BC604700BFE5120100E0
:103D000001B40248844601BC604700BFF90D0100C0
:103D100001B40248844601BC604700BFED68010061
:103D200001B40248844601BC604700BFF9ED0000C1
:103D300001B40248844601BC604700BF75F800002A
:103D400001B40248844601BC604700BF156B010006
:103D500001B40248844601BC604700BF71B0000056
:103D600001B40248844601BC604700BF0D52010007
:103D700001B40248844601BC604700BF116E0000D8
:103D800001B40248844601BC604700BFED6B0100EE
:103D900001B40248844601BC604700BF69110100BC
:103DA00001B40248844601BC604700BF7997000017
:103DB00001B40248844601BC604700BF496D010060
:103DC00001B40248844601BC604700BF613701006E
:103DD00001B40248844601BC604700BF19FA0000E4
:103DE00001B40248844601BC604700BFD18501117F
:103DF00002000000169601110100000094940111C8
:103E0000020000001296011101000000303EFF1F69
:103E1000020000009C940111010000001860FF1FC7
:103E2000020000001096011103000000045EFF1F55
:103E300012000000020000001696011101000000AF
:103E400014950111020000001296011101000000FA
:103E500011950111020000001E95011102000000E1
:103E6000285EFF1F020000001296011101000000F1
:103E700010950111020000001C95011101000000C5
:103E80001C5EFF1F020000001096011103000000DD
:103E9000145EFF1F020000001696011101000000D1
:103EA000749501110200000012960111010000003A
:103EB000693FFF1F0200000086950111010000000C
:103EC0006A95011102000000129601110100000024
:103ED000683FFF1F020000008495011101000000EF
:103EE000FC5FFF1F0200000012960111010000009C
:103EF000673FFF1F020000008295011101000000D2
:103F00005A950111020000001296011101000000F3
:103F1000663FFF1F020000008095011101000000B4
:103F200055950111020000001296011101000000D8
:103F3000653FFF1F020000007E9501110100000097
:103F400050950111020000001296011101000000BD
:103F5000643FFF1F020000007C950111010000007A
:103F60004C950111020202020202000071190111B6
:103F70006D1901112891011190011D001800180000
:103F8000FFFF07010203040506020106000000000E
:103F90000000000000000000000000000000000021
:103FA000000000000000000003000B000500F0000E
:103FB0000000B4000028002800283075A000A000F0
:103FC000A000A00000080008E001F00010001000B0
:103FD00010001000100010005000500050001000A1
:103FE0001000D0070000000000000F0001000500D5
:103FF000307507001000010081FF00000000FF0085
:10400000D93A0111E138011171360111FFFF0100A8
:10401000FF0000004D660111C9630111E162011149
:104020000000000000000000000008000400000084
:104030003B0001085902E00188212800FF00000030
:10404000020000001696011101000000FC9601110B
:10405000020000001296011101000000BD40FF1F88
:10406000020000000E960111010000002C66FF1FE7
:10407000020000001296011101000000BC40FF1F69
:10408000020000000C96011101000000BA40FF1F61
:10409000020000001296011101000000B840FF1F4D
:1040A000020000000A96011101000000B040FF1F4D
:1040B000180018001D009001020000030202000019
:1040C0000200000016960111010000001097011176
:1040D0000200000012960111010000000041FF1FC4
:1040E000020000000896011100000000000000001E
:1040F0000200000010960111030000004C66FF1F33
:0241000020FF9E
:040000051FFF184180
:00000001FF
