:020000041101E8
:10010000F7B5164B0192C318021D002000938823F7
:100110005B05D3181B685C1C1AD09CB2402C18D805
:100120008D781E0CAC466746CD782D023D43AE421D
:1001300006D1019800280ED110000C70240A4C70D2
:1001400003249BB20733A343D218009B9A42DED309
:10015000FEBD4432F9E71000FAE7C046FC0F00008C
:10016000802213B503000324019189B252010731A3
:100170009B18A14304305A1A88235B05C3181B68D7
:10018000591C03D190429241104016BD99B24029AA
:1001900007D80B000733A343C0189042ECD30020CC
:1001A000F3E74430F9E7134B134A1B68126810B5A4
:1001B000F424934201D81A00F024104BA4021B68C7
:1001C0009A4210D813000E4A12689A420ED3013395
:1001D00007D1F0239B029C4203D10A49054808F04D
:1001E000C7FE200010BDF824A402ECE7FC24A40202
:1001F000F7E7C04600C0031100D0031100E003116F
:1002000000F00311FFFFFF7FF0B59BB015000490D5
:100210000391402A00D9A0E006AB59801A80FFF76D
:10022000C2FF0400042816D9002206A9FFF768FFC0
:10023000052810D906AB1B88AB420CD1002D07D086
:10024000514B2A000499C01808F072FD002802D111
:1002500001201BB0F0BD06AB1D8020000699FFF702
:100260007FFF041E7BD1069B0793FFF79CFF802333
:100270005B01C61880230700DB029E4201D3F026F3
:10028000B60288235B05F31801931B68013302D083
:10029000019808F015FE3D49019808F069FE3B1DE4
:1002A0000293331D05938822029B52059B181B68FD
:1002B00008935A1C3CD044219AB20091402A04D899
:1002C0000320D11D814389B2009103991B0C8B42FD
:1002D00024D0402A22D80122300008A9FFF710FFBD
:1002E000021E1BD1380008A9FFF70AFF04000428EA
:1002F00031D9009A059B9B1880225201B218934273
:1003000040D288235B05C118009A09A808F098FF1D
:100310001D4B009A09A9F01808F04AFE009A029BAA
:100320009446634402931A4B029AFB189A42BAD33A
:1003300088235B05FC1821680198013908F018FE34
:10034000200008F0BDFD039A07AB5A8030000799E2
:10035000FFF706FF0400002C03D1002079E70428F2
:10036000FBD988235B05E018069908F001FE0323FA
:10037000EA1C9A4300D16BE7034B0499E01808F09C
:1003800017FE65E70424ECE704000011FFFFFF7F80
:10039000F80F0000F7B505001400402A21D8002707
:1003A00001AE71803780FFF7FEFE042816D93A00AF
:1003B0003100FFF7A5FE042810D93688BC420BD0C7
:1003C000BD4209D0221CB44200D9321C064B92B265
:1003D000C118280008F034FF30B2FEBDC04300B29F
:1003E000FBE703204042F8E70400001137B5042280
:1003F00004000D0001A81649FFF7CCFF02000428F5
:100400000BD1019BA34208D3AB4204D0104901A8F1
:100410000195FFF7F9FE01203EBD0E4C2368200038
:10042000019308F04DFD019920000139019108F078
:100430009FFD80235B01E418074B9C42EED1042210
:10044000034901A80195FFF7DFFE0020E4E7C0465D
:100450005555000000C00311000004118022F8B5BA
:10046000964C974BD200002120001C6008F050FDF4
:100470002300944A88331A60934B1A786A23002A1F
:1004800000D01133E3620A232365904B37221B7897
:100490000820A3638E4B2118E361102323628D4B48
:1004A0003B256361C823DB00A36123008C331A6002
:1004B0002823013AE26320646364CA67043A211D79
:1004C000CA672100BC310D602100C03108602100E5
:1004D000C4310B6021000635CC310D602100083D90
:1004E000C8310D602100D0310A602200D432106082
:1004F0002200D832136022000227E0322100176068
:100500004222DC310A6021001B3DE4310D602100F4
:10051000E83108602100EC310B6023000521F43341
:1005200019602300F0331A602300183290331A60E8
:1005300023009433186023001E3A98331A60AF23C7
:10054000DB002360644BFA262363644B644DE36055
:10055000644BF031A3642300FF31FC33B600A1608B
:1005600021611E60A5627325E5656D3D6565A56524
:1005700096255D4AAD00E264666258606766A566CE
:1005800000270925A767E566584F594D6067200089
:100590002567E2673A6015279C30676007001A20DC
:1005A00038602000A0300700212038602000A830EB
:1005B00007004C4838602000F830066026006427A9
:1005C000A436376026005F3FAC3637602600033F15
:1005D000B03637602600C637B436376026000027AD
:1005E000B836376038269E60424E96205E64424E92
:1005F0005A66DE61414E9A645E62F53EFF3E9E623F
:100600001E269A67354A8000DE661F675F67DD65D4
:100610001D661862DA67BE23394A5B00E250394B27
:10062000D838235004302250C4225200A350C6238D
:10063000E4205B00E1500433334AE1503349344B4A
:10064000D1603449800019503349E938FF381950D6
:1006500032490430195032493248D161324911636C
:10066000324951631900F4310860CE20304940000E
:1006700011603049195019002F48F83108602F498E
:10068000D16582212E4A89005A501A002D4908321C
:10069000D1671A002C49B432116088212B4A890095
:1006A0005A501A002A49883211602A4ADA6408F03E
:1006B00077FB012008F074FDF8BDC0460004FF1F61
:1006C000FC6AFF1FF075FF1F0441FF1F4A0AFF1F4E
:1006D0003A07000080C3C9019A020000DC0500004F
:1006E0006A18000050C3000088130000F009FF1FC3
:1006F000204E00006509FF1F68100000C4090000BB
:1007000040420F0010270000FC00FF1FC11BFF1F0D
:100710000000FF1F152CFF1F9D2FFF1F352EFF1FF1
:10072000811FFF1F7126FF1F9D1FFF1F4921FF1FF4
:100730000D1FFF1F9528FF1F7D29FF1FD918FF1FC1
:10074000A127FF1FC524FF1FD124FF1F0D1EFF1F60
:10075000C51EFF1F851DFF1F0223F0B50124634D39
:10076000634E2B70634B34701A68634B89B004205E
:100770005A7007F0D1F808F063FCFFF76FFE08F03D
:1007800097FB1F2200215D4B1E271A705C4B6F44A4
:100790001C705C4B19705C4B19689143163A0A4304
:1007A0001A60602219689143403A0A431A6008F0BF
:1007B0005FFB08F095FD554B9847C120FF21544B36
:1007C00080001A588A431A50C522920098588843CC
:1007D000BF390143995098584E4908408021C901BA
:1007E0000143802099509958C0050902090A014324
:1007F000995080214848490108F0A2FD03232200B6
:10080000464901940093464808F04AFB16224549A0
:1008100002A808F015FD02AC61782078023406F0D9
:1008200079FCA742F8D1404C404B226803201A4083
:10083000A023DB0213432360802322689B0413431D
:10084000236022683A4B1A4080239B0313432360A2
:10085000384A394B934200D8012008F081FA08F059
:1008600087FC80232268DB0413432360287808F088
:100870006FFC3078C0B208F04BFD08F069FD2F49DD
:10088000042008F0A5FB06F03DFE07F089FA01F010
:1008900087F901F02FFA2A482A4907F027F92A4B4D
:1008A0002A4819782A4B32781C782A4BC9B21E780C
:1008B000D2B22B780196009407F018F90821264847
:1008C000264A07F013F98023A122254892002349E4
:1008D0005B0107F00BF9234B2348196807F006F971
:1008E00000F022F9002009B0F0BDC0464A0AFF1FFF
:1008F0000441FF1F34F00040A068FF1F480AFF1F9B
:10090000490AFF1F680AFF1FBCF00040E1A2000077
:1009100000E100E0FF00FFFF0841FF1F8C53FF1FB5
:100920000851FF1FC89C011114F00040FF7FF8FF21
:10093000FFFF9FFF0080FF1FF075FF1F3B000108B6
:1009400060930111020101034B0AFF1F769301110D
:10095000440AFF1F450AFF1FA4930111780A0000F3
:10096000D4930111800AFF1F28940111704770472A
:1009700030B503A804880B20002C0ED14968074D20
:1009800008784978090201430A20A94205D10121CA
:1009900020001980024B1B7A137030BD192A000009
:1009A0008868FF1FF7B5150008AA16884A680F4F18
:1009B00014785278120222430A24BA4214D1012236
:1009C000DBB2019200962A0008F020F9041E0BD138
:1009D000074B1B68002B07D068782A780002104369
:1009E00042425041013098472000FEBD02290000DC
:1009F0000C5EFF1F30B5012503790400BFB02B4208
:100A000011D00A49408807F06DFC28420BD0084BF2
:100A100001A95B8D4D800B80064B00221B7A6088FC
:100A20000B7103F0EDFE3FB030BDC046045EFF1F0A
:100A3000F03DFF1F8868FF1F10B50549054807F006
:100A400007FC0421044A054807F0C4FB10BDC0465A
:100A5000045EFF1FFFFF0000E09C0111F03DFF1F3F
:100A600010B5024804F0AAFD10BDC046F5090111F9
:100A700001230370054B1A7A42700C2282709A7916
:100A8000C270DB79037105207047C0468868FF1F7C
:100A9000022310B50370013B43700533837010339C
:100AA0000371443B43712A3383714433C371002380
:100AB0000372064B04001B8843720A30FFF7D8FF0D
:100AC000831D0A30C0B2E37010BDC0468868FF1FA6
:100AD00010B5142008F024FA124B142200211860DB
:100AE00008F016FA002008F02BFA012008F0E8FBC5
:100AF000022008F095F9032003F0A8FF042006F077
:100B00003FF8052003F0DCF9062003F0B3FE0720D0
:100B100001F044FC082007F03DFB092001F00EFA2B
:100B200010BDC046105EFF1F08F09AFA012008F0C1
:100B30009FFB08F07DF9032382B054280ED843436D
:100B4000DAB2D0430023C0B2FF210A4008401202AB
:100B50000B401B041043184302B07047A92806D865
:100B600055384343DBB2DA430020D2B2ECE75630CB
:100B70005843C0B2C3430022DBB2E5E713B52638C1
:100B8000C0B211280FD80A4A0A4B115C0A4A1B5CF2
:100B9000125CFF2423401800214009022240120465
:100BA0000843104316BD002211001300F1E7C046B0
:100BB000369D0111489D0111249D011137B5002476
:100BC0000325019028006043044B0322C01801A9AB
:100BD000013408F035FB202CF4D137BDEC5FFF1F4A
:100BE00010B50C220249034800F026FC10BDC04697
:100BF0001C5EFF1F4C60FF1FF8B51D0006AB160002
:100C00001A8807AB1F784B68597818780B4B090284
:100C100001430A20994210D10130002A0DD1FFF77B
:100C2000DFFF3C1C0C2F00D90C24E4B22200300062
:100C3000034908F005FB00202C80F8BDD4FF00001C
:100C40001C5EFF1F094B10B50400984205D0012916
:100C500004D12000064907F0FBFA10BD0229FCD19F
:100C6000013904F069FC0028F3D0F6E7FEFF00002C
:100C7000145EFF1FF0B5050A070CC0B285B00C006A
:100C80004843FF2108F024F986B2E8B2FF2160430F
:100C900008F01EF985B2F8B2FF21604308F018F998
:100CA0007643FE36FF2184B2B0B208F011F96D43ED
:100CB000FE35FF21061CA8B208F00AF96443FE3491
:100CC000FF21051CA0B208F003F9FF231D401E40C0
:100CD0002D0218402E430004304305B0F0BD000043
:100CE000F0B5B74B8FB003931B68002B00D185E0A4
:100CF000B44F2021380000F07DFEB34C2378002B48
:100D00005FD06379180025381C285AD808F0C8F934
:100D10003400780078007800780078007800780057
:100D2000A900A900A900ED000C010C010C010C01A7
:100D30000C010C010C012A015900590059005900FD
:100D400059005900590059001D00A2780DAB1A70C6
:100D5000E2785A7022799A7061780D98FFF78AFFCD
:100D600005AB187002040002000E120E5A70987043
:100D70000598FFF723FF24E00025944B0DAE029366
:100D8000029AEB001078C018C0B2FFF7D4FE03043B
:100D90001B0E737003236B4330700002000EB070A3
:100DA000019361783068FFF765FF019B0204F854F6
:100DB0000002FB18120E000E01355A709870202D9B
:100DC000DED1C025824C6D0020212B0022007D4801
:100DD00000F037FE0100A84210D1200000F090FD85
:100DE0007C4B01001C6801341C60002800D1D6E057
:100DF0000023039A7848136006F078FE0FB0F0BD28
:100E000072490A78097849B2002925DB5200D6B226
:100E10001800FFF7B3FE0DAD2870030400021B0E8F
:100E2000000E6B70A8706078FF21704308F050F8D6
:100E300080B24043FE30FF2180B208F049F8C1B2D1
:100E40000D98FFF717FF0304287000021B0E000E19
:100E50006B70A8700D988CE7FF26B61A7600F6B274
:100E6000D6E72D2B37D0FF2600252E2B35D130008D
:100E70000195564A1378127852B2002A30DB5B0093
:100E8000DCB2FF273B1B9BB239005843029308F0AA
:100E900087F804AB1872029B0198654358433900E8
:100EA000401908F07DF804AB5872200039007043F7
:100EB00008F076F804AB9872434B06985978FFF720
:100EC000D9FE07AB187002040002000E120E5A7011
:100ED000987007984DE70026FF2528000196C8E77F
:100EE000FF24E41A6400E4B2CBE7384B1878030718
:100EF00000D566E7C000C0B2FFF71DFE08AB187052
:100F000002040002120E000E5A7098706178089860
:100F1000FFF7B0FE09AB187002040002000E120EBB
:100F20005A709870099824E7284A1278120700D559
:100F300047E71800FFF722FE0AAB18700204000210
:100F4000120E000E5A70987061780A98FFF792FEA0
:100F50000BAB187002040002000E120E5A7098704B
:100F60000B9806E72420194B1B781B095843C0B285
:100F7000FFF7E1FD0CAB187002040002120E000E28
:100F80005A70987061780C98FFF774FE0DAB0204EC
:100F900018700002120E000E5A7098705AE7012263
:100FA0000E4B6343D3410E4A934200D926E7064ACB
:100FB000210013780B48527906F098FD1EE7C046D1
:100FC000685EFF1FEC5FFF1F4C60FF1F445EFF1F4A
:100FD0006C5EFF1F405EFF1F3A940111295C8FC2B7
:100FE00051B81E0580940111F0B5C5B01D004AAB83
:100FF000059016000E201F88002911D0002A0FD05E
:101000004B681A785B781B0213433B4A934209D121
:10101000012205980192EBB23200009707F0F6FD2D
:1010200045B0F0BD354A0A209342F9D10130002F76
:10103000F6D10230142DF3D82A003100304808F0E0
:10104000FFF829002F4806F051FD2900300006F076
:10105000BBFE2D4C2A003100200000F08CF9050069
:1010600001282DD12949059807F03CF9284080B284
:10107000002804D1264806F039FD0020D0E73900C9
:10108000F22207A807F044FFFFF7AAFD0C2202ABEB
:10109000204908A8DA8208F0D3F81F4B02AA1B885F
:1010A00007A9938205983A0003F0AAFB1B4D0100A3
:1010B000A079637922780090280006F017FDDCE71C
:1010C000002805D01648290006F010FD8020A7E76B
:1010D000FFF786FDFFF704FE2579637862792178B2
:1010E0000395E5780F480295A5780195A4790094B9
:1010F00006F0FCFCC1E7C04602290000D9FF000051
:10110000285EFF1FB19401114C60FF1F145EFF1F8A
:10111000D89401111C5EFF1F7E3EFF1F1F95011119
:10112000689501119895011110B50E4800F0F2F97B
:101130000021072006F0D4F80221072005F0EAFF7D
:101140000021032006F0CCF80221032005F0E2FF85
:101150000021042006F0C4F80221042005F0DAFF83
:1011600010BDC046465EFF1F7FB5072005F0B2FFE9
:101170000400032005F0AEFF0500042005F0AAFFDF
:1011800001214D404C40EBB241402A4DE2B22A4C85
:10119000C9B200912800210000F0C4F900280FD046
:1011A00025796378627921780395E578234802955B
:1011B000A5780195A579009506F098FCFFF710FD3C
:1011C0001F4A138801339BB2312B01D813807FBD96
:1011D0000023138041221B4EA370E37023713378E8
:1011E0006271213A6270002B16D1FF33164DA37045
:1011F00000F0E8FB154C030005222900200006F052
:1012000075FC30780621013007F052FF3170FFF78E
:10121000E7FCFFF765FDDAE7022B03D1FD330C4D48
:10122000E370E5E70B4D042BE2D1FB330A4D23714C
:10123000DEE7C046465EFF1F4C60FF1FEB950111C5
:101240003E5EFF1F3C5EFF1FD89501112D960111D8
:10125000DC950111E2950111E6950111F0B52D4CD7
:1012600085B0200000F076F800232B4AE37013705D
:101270002A4A237113802A4A137020224133627054
:10128000DF32A2706371FFF7ABFC2649264806F0F7
:10129000DFFF264804F0D2F8254800F007FB434260
:1012A0004341244E244F3360002800D1234F00F0E7
:1012B0008FFB039000F098FB050000F08FFB03000C
:1012C0001B4A009301922B0039001D48039A06F037
:1012D0000DFC3368002B15D0002325782370FFF711
:1012E000FFFC2570FFF7FCFC6478FF2120006043C1
:1012F000FE3080B207F0ECFD124B02002100180016
:1013000006F0F4FB0621104A104806F063FF05B012
:10131000F0BDC0464C60FF1F445EFF1F3E5EFF1FD6
:101320003C5EFF1F145EFF1FFFFF0000450C011114
:10133000009F2400685EFF1F6B96011168960111E3
:1013400070960111BE9601115C9D0111343EFF1F84
:101350007047704700280DD00123FF2203707F33B0
:10136000437000230271BE3A4271293A8370C37000
:101370008271C3717047030010B50220002B0DD09D
:1013800000290BD0032A1CD10C78EF2C07D1487808
:1013900001284FD18B78772B00D0033010BD04206B
:1013A000CC2CFBD18C78332CF8D14978232903D16C
:1013B00001221A700020F1E710002429EED100224A
:1013C000F7E7072A1ED10A780420562AE6D18A793F
:1013D000AA2AE3D14A79F02A0CD14A789A708A78FD
:1013E000DA70CA781A71FF225A70BE3A5A71002216
:1013F000DA71DFE703200F2AD0D10A799A70DA7008
:101400000A79EFE704208242C8D10C781000BB2C87
:10141000C4D1CA78442AC1D14A7803201400253C9B
:10142000132CBBD85A7189780A1C002900D10122DB
:101430009A71DCE70420B1E7030010B5002823D03F
:10144000081E21D000200B2A1ED966220A70513AAC
:101450004A701A785442624123328A705A79CA70AB
:1014600020220A715A79412A00D0987948719A78D5
:101470000C208A71DA78CA711B790B7200234B72C7
:1014800006338B729333CB7210BD000002788A4210
:1014900004D0012301708370002070478378032BF0
:1014A00018D80133DBB28370042BF5D14378934213
:1014B000F2D04270002A05D000238380C3800372DB
:1014C0000120EAE7037A8280C280027258425841C2
:1014D0004000E2E74378002BDED083880C4A934239
:1014E00001D001338380037A002B07D182883B2A05
:1014F000D2D901220272C3800320CEE7C388013310
:101500009BB20E2B01D8C380C6E70023F3E7C04689
:10151000FFFF000010B5002803D02022002107F0B3
:10152000F7FC10BDF7B51E0008AB1B780C000500DA
:101530001100019300283DD0201E3BD02800FFF76A
:10154000A5FF0700280031000A30FFF79FFF0600C3
:10155000280001991430FFF799FF02000020012FA5
:1015600004D12378380059424B412370022E22D1F6
:1015700007210320AB7F01330B401C49AB77584355
:101580000B00C35C0918A3704123637100234E78DC
:101590008978E6702171E3710120022A18D1EB7F6E
:1015A000013201331340124AEB77D35C637100239D
:1015B000E3710120FEBD032EEFD1637820201900D6
:1015C0002039C9B29F2901D81B18D8B26070E3E74F
:1015D000032AEFD1A37920211A00103AD2B2CF2AE0
:1015E00001D85B18D9B2A171E3E7C0467E9D011115
:1015F0007A9D0111F7B5051E00D17DE08423414A93
:101600005B0111680B43136040233F4A11680B4391
:1016100013608023DB051A683C490A401A60802267
:10162000196852010A433A491A600A68394B1A404C
:10163000B0235B0313430B608023374ADB0311683D
:101640000B431360354B98476B000600834256D816
:1016500068082900801907F0A3FC314B0400984268
:1016600046D91C00E3071ED52300032C00D2032318
:10167000013B01932B4B9C4200D91C000199300087
:1016800007F08EFC070001342100300007F088FCD1
:10169000EA1BBD4200D27A1B2B1A854200D2431BA3
:1016A0009A4200D8019C002508221F4BFF321D7072
:1016B0001E4B30001A8022231D4A1E4F11680B4317
:1016C00013601D4B21001C601C4B1E601C4B1C60DA
:1016D00007F066FC1B4B38601D601B4B28001D602B
:1016E0001A4B1B4A1D60012313700F4A1370FEBD75
:1016F0000228B7D20224B5E701204042F7E70220D2
:10170000FBE7C0460800004014000040FFEFFFFF69
:101710002C380040FFFFC0FF0C380040D1A500006E
:10172000FEFF0000FDFF0000087000400070004058
:101730002C3000406868FF1F147000406C68FF1F69
:101740006468FF1F2C7000404C70004050700040D7
:1017500010700040034B10B51868002801D0FFF747
:1017600049FF10BD7068FF1FF0B5214B214D1B884C
:101770002A8887B09B1A80221C1C9BB212019342BC
:1017800001D31D4B1C881422002101A807F0C0FBC7
:101790001A4B02261B782A889B029B18184A0020A5
:1017A0009B1802936B461E73164B6A4604930123E3
:1017B000154FA4B2009413753B686946B3433B6070
:1017C000124B186005F094FA00280CD12B881B19D5
:1017D0009BB22B8005F0A4FB002807D13B681E4379
:1017E0003E6007B0F0BD0A204042FAE70B20FBE75D
:1017F0005C60FF1F5A60FF1F969D01116060FF1F14
:101800006260FF1F607000404C70004050700040EC
:101810001B4A1C4910880B8870B5984202D2FFF70A
:10182000A3FF70BD0124184B18480578254202D04B
:10183000013B002BF9D116480368013303601548BA
:101840000378002B0BD100220221134B0C201A70BD
:10185000124A13688B43136007F04AFBE1E7104B11
:10186000104C1B78DBB223700F4B1B889BB20B8094
:10187000002313800370FFF777FF0028E3D1D0E740
:101880005A60FF1F5C60FF1F214E0000287000405F
:101890005460FF1F5F60FF1F6160FF1F4C700040BE
:1018A0005E60FF1F6060FF1F5860FF1F37B50500B7
:1018B000FFF7A0FE041E18D10E4B01000E4A0C20AB
:1018C0001D6007F085FC00280DD105F099FB00286C
:1018D0000DD16B461C700949009805F0EDF9041E06
:1018E00003D0052400E00324644220003EBD04240C
:1018F000FAE7C0467068FF1F551701111118011152
:10190000F7B505000C00002847D0002945D08023FA
:10191000DB00994243D807F023FB224EA3B2327872
:1019200001932148214BD7B2002A22D1290022005D
:101930001F7007F085FC1E4B019A0C201A801D4B6E
:101940001F800123337007F03BFC051E05D0377064
:10195000032407F065FC644209E0FFF705FF041E5D
:1019600017D00C20357007F0C3FA07F059FC20009F
:10197000FEBD01271E7822007E40B302C018290058
:1019800007F05EFC0C4B019A1E700C4B1A800C4B3E
:101990001F7007F045FC0024E9E70124DBE702247F
:1019A000D9E7C0466160FF1F6260FF1F6060FF1FD4
:1019B0005C60FF1F5A60FF1F5E60FF1F5860FF1FC3
:1019C0005F60FF1F014B18687047C0465460FF1FDF
:1019D000014B18687047C0466C68FF1F014B1868C0
:1019E0007047C0466868FF1F014B18687047C046C3
:1019F0006468FF1F0B00002805D003215943002312
:101A00004118884200D170470370437083700330DF
:101A1000F7E7F0B500220624130080260427A44629
:101A2000340014413D00044200D06546DB00013221
:101A30002B43082AF4D11A0C0A701A0A4A708B70C8
:101A4000F0BDF0B504001500070085B0002819D0DE
:101A5000171E17D009224A43170060370192BB4274
:101A600022D303232E004B43C318029333000933C0
:101A70000393029B9C4208D1019B60220021E8183D
:101A800007F046FA380005B0F0BD31006078FFF786
:101A9000C0FF2078F11CFFF7BCFFA078B11DFFF755
:101AA000B8FF0334039EE1E70027EBE770B51600AB
:101AB00004AA148805AA15784A685078117800029B
:101AC0002A4A0843801805284BD807F0F9FA03136F
:101AD0001E29343F07221000062C0AD8121BAA42E6
:101AE00000D92A0022491A803000091907F0A8FB02
:101AF000002070BD0720112CFBD81222121BAA4215
:101B000000D92A001B491A80EEE707200E2CF0D8D6
:101B10000F22121BAA4200D92A0017491A80E3E7B4
:101B20000720032CE5D80422121BAA4200D92A0060
:101B300012491A80D8E70720032CDAD80422121B96
:101B4000AA4200D92A000E491A80CDE70720022CAC
:101B5000CFD80322121BAA4200D92A0009491A80B1
:101B6000C2E700220A201A80C3E7C046DCD5FFFF87
:101B7000C29D01117468FF1FB29D0111AD9D01113D
:101B8000A89D0111A49D011110B50D21024A034821
:101B900006F020FB10BDC046989D0111943EFF1F2A
:101BA00010B5084CE368002B08D18022064B520286
:101BB0001B689B186360054B1B68236007F098FB4C
:101BC000A06010BDB068FF1FC8F00040CCF000401E
:101BD00070B5184A936A916A9942FBD116498A688E
:101BE0009A421FD39A1A8B60144B0126186893B23D
:101BF000D202D20E4343424300204C681B0A1B19F9
:101C000012029B180E4C0A684B60551CA3420CD85C
:101C1000002801D04B600A600A4A136008680A4B2A
:101C2000186070BD581E821ADDE7084A30009B1804
:101C30002A00EAE700F00040B068FF1F140AFF1F07
:101C400040420F00C8F00040CCF00040C0BDF0FFA3
:101C500070B51F4C23793F2B01D93F2323711D4BB6
:101C600022791A701878C0B207F012F918231A49AD
:101C70001A4A0B801A4913800B805380A3791949A3
:101C800080200B800C21938001334B43164D191C8F
:101C90000001834200D9011C2980D1806379002B87
:101CA00001D101336371237A012B01D802232372FE
:101CB0006279237A0D4853430A21584307F008F903
:101CC0000B4D2860E379052B01D81023E37170BD1B
:101CD000A468FF1F480AFF1F7E3FFF1FB040FF1F81
:101CE0007C3FFF1F7A3FFF1F783FFF1F71020000FC
:101CF0009468FF1F064B70B51900064A31CA31C1FE
:101D000002225A7100229A71FFF7A2FF70BDC046ED
:101D1000A468FF1FE49D01117047000070B5040026
:101D2000013806280DD807F0CBF9041337571F0CDC
:101D300059002B4805F0DAFE2A4B0221187807F0EB
:101D40003FF9294B210029481C7005F0CFFE70BDDA
:101D5000274805F0CBFE234B0821187806F0E0FF5A
:101D60000022244B1A72ECE780220025214B5200FE
:101D70001A81FA22DD72204B1A4E5B7A92000821FA
:101D80005A43307807F03CF82900307807F048F9DA
:101D90001A4805F0ABFED4E7194805F0A7FE114B31
:101DA0000821187806F0BCFF1648FEF771FE124BAA
:101DB000154A9B799380154A138000220D4BDA72E5
:101DC0000132FF321A81124B1B78002BB9D0114A15
:101DD000136007F085F8B4E70F48DAE70F48D8E753
:101DE000FE960111C568FF1FC468FF1F7C97011193
:101DF0000D9701119468FF1FA468FF1F219701111F
:101E000034970111893FFF1FB040FF1F7A3FFF1F2A
:101E1000A068FF1F34F000404B9701116C9701112F
:101E20000300F0B50A4D8E18B14202D1520080185D
:101E3000F0BD0C782F6824093C5D0F271C700C78CE
:101E400001313C402F683C5D5C700233ECE7C046DA
:101E5000743FFF1F10220F4B10B51A700F230E4C4A
:101E60000E492370093A063B0D48637007F0E8F904
:101E70002D2301220B490C486372FFF7D1FF012289
:101E80000A49FFF7CDFF01220949FFF7C9FF0023E7
:101E9000037010BDC26AFF1FA36AFF1FC29D01111C
:101EA000A56AFF1F6709FF1FAD6AFF1F6609FF1FB5
:101EB0006509FF1F10B5FFF7CDFF084C084B2078D0
:101EC00021000130C0B2187007F09AF92178054A54
:101ED0000139C9B2002006F09BF810BDA36AFF1FAC
:101EE000C26AFF1FA56AFF1F10B5114B1A78187040
:101EF000002A0ED000280BD10E4B1A78062A07D8DC
:101F00005423D340DB0703D50B4B187801F056FE62
:101F100010BD0028FCD0074B1B78012B02D0033BDF
:101F2000022BF5D8044B0121187807F049F8EFE7A8
:101F3000C66AFF1FED6AFF1FEE6AFF1FF0B5664B12
:101F400087B01870654805F0D1FD654805F0CEFDF5
:101F5000644805F0CBFD06F013FF03226249634895
:101F6000FFF75EFF2D24030088211C700422490521
:101F70000130FFF755FF3023022204704370837055
:101F80005B4C5C4B2000DA875B490432FEF702FAB7
:101F9000062813D0200006F0DBFE022809D003211A
:101FA000200007F035F88D23E3706E3B2371193361
:101FB0006371062220005049FEF726F94F4B012598
:101FC0001B68FC335C64FFF775FF07234C4E4D4CD8
:101FD0003370053B23700433A370033BE37023711C
:101FE000D233637148492A3348486570A37105F0BC
:101FF0007DFD6423464F47487979594305F076FDC6
:102000002178A37862780591A17943480391617999
:10201000029121790191E1780091059905F066FD21
:102020000020FFF761FF32783C4E23002900307812
:1020300001F086FD3A4A00213A4B1278307801F0DF
:102040007FFD6422384B244C1D707B79534319006B
:10205000284A0A3193811382D1815182207820212C
:1020600007F066F90120404206F01EF801204042C8
:1020700006F0BAF8FFF788FDFEF7DEFC2B4805F006
:1020800035FD01204042FFF7E9F8FFF74DF88021C8
:102090000A222078090106F0B3FEFA22802192007C
:1020A0004901207806F0ACFE280006F0A1FEF020E1
:1020B00000F0FCFE2900207806F082FF207801F075
:1020C000F9FE1B4807F02CF9FEF750FC194805F003
:1020D0000DFD07B0F0BDC046C568FF1F8B9701110D
:1020E000B9970111D49701112440FF1F7468FF1F95
:1020F0006509FF1FB03FFF1FADAC0000FC6AFF1F6A
:10210000A83FFF1F893FFF1FA56AFF1FEA97011124
:10211000A468FF1FFD9701111A980111EE6AFF1FB5
:10212000C26AFF1FA36AFF1F946AFF1F4D98011127
:10213000C668FF1F7A98011173B520240E000D00A8
:102140002640214209D0414B4148197A0131C9B298
:10215000197205F0CBFC200017E00BB2002B16DA49
:102160003C4B187806F064FF041E0CD00378912BCA
:1021700006D143780E2B03D18188374805F0B6FC91
:10218000200006F07DFF80200002684076BD02241A
:10219000214208D0314805F0A9FC2C4B01201E72C9
:1021A000FFF7A2FED7E70824214207D02C4805F00C
:1021B0009DFCFFF70DFDFEF7D9FBCCE7CB0615D54F
:1021C000284B29481A7AD98805F090FCFEF7CFFBF6
:1021D000264B1B78002B07D1FEF742FC244B1B68D3
:1021E000DB0701D5FFF7B5F81020CEE70124214227
:1021F00008D0204805F07AFC1F4800F093F806F05C
:10220000FFFEA8E78024640121420DD01B4B174A32
:102210001968127801311960194B1A481B7800921D
:102220002A0005F063FC96E780242401214202D0B5
:10223000FEF79AFF8FE70424080020402142A5D032
:10224000114805F053FCFFF783F884E79468FF1FFB
:10225000A5980111C568FF1FAD980111D69801110D
:10226000059901118868FF1F10990111C66AFF1FA7
:10227000A468FF1F249901116C3FFF1FC068FF1F56
:10228000C468FF1F3F99011170990111F0B51B4BF4
:102290001B4F1B883A8804001A4E1B4D85B09A428A
:1022A0000DD832889A420AD3184B1A882B889A4242
:1022B00005D1174A174B12881B889A421BD005205C
:1022C00000F050FE3B8802AA1380338801905380AF
:1022D0002B88114D93800F4B02A91B88D3800F4B85
:1022E0002A78188802F096FB0D4B08212878019A6D
:1022F0001C7006F0C5FF05B0F0BDC046926AFF1F16
:102300007E3FFF1F7C3FFF1F7A3FFF1F906AFF1F2A
:102310008E6AFF1F783FFF1FEE6AFF1F803FFF1F7F
:102320008C6AFF1F13B50C4B1C78002C11D10028B0
:1023300001D00A4B18600A4A0A4B11780A4A1078F1
:102340000A4A01920A4A0092002205F051FD20003B
:1023500016BD1124FBE7C046ED6AFF1F886AFF1F08
:10236000EC6AFF1FDC6AFF1FEE6AFF1FC86AFF1FCF
:10237000CC6AFF1F10B5064B12201B78052B06D127
:10238000044B13221988044B187800F0C7FF10BDC6
:10239000ED6AFF1F803FFF1FEE6AFF1F10B500248C
:1023A0000122114B52421870104B1C70104B1A80B6
:1023B00001F080FD04220F4B21001A700E480C32F0
:1023C00006F0FEFC102221000C4806F0F9FC072262
:1023D0000B4B1C600B4B1C700B4B1C700B4B1A7087
:1023E0000B4B1C7010BDC046EE6AFF1FED6AFF1F4D
:1023F000803FFF1FEC6AFF1FDC6AFF1FCC6AFF1FD4
:10240000C86AFF1FA26AFF1FA16AFF1F823FFF1F4A
:10241000A06AFF1FF8B5174C0600257806A81424FB
:102420000078052D23D1B41F134FA5B21824BD4247
:102430001DD88D1FADB2BD4219D8FA256D00AA4234
:1024400015D21D000D4F0A3DADB2BD420FD80C4C48
:1024500026800C4C21800C4900240A800B4A1380F2
:10246000FFF714FF0A4B0421187806F059FC2000EE
:10247000F8BDC046ED6AFF1F790C0000750C000026
:102480007E3FFF1F7C3FFF1F7A3FFF1F783FFF1FEC
:10249000EE6AFF1FF0B50BB20D0089B0002B00DB18
:1024A00084E1AC4E307806F0C3FD041E2DD00378D5
:1024B000A22B00D133E1D02B2CD0912B22D1437809
:1024C0000E2B1FD18388A44A934211D1A34A83685B
:1024D0001278052A16D1032018567F2812D0A04B57
:1024E0001B68002B0ED05B68002B0BD0984709E0CF
:1024F0009C4A934206D181689B488B784A78097838
:1025000005F0F4FA200006F0BBFD802000026840D0
:1025100009B0F0BD80780728F4D806F061FD080006
:10252000F3FF1C003C003C007300A700D700637859
:10253000002B0CD10121894B19708C4B1A78002A81
:1025400054D08B4B307801F0FBFA00284ED0072294
:10255000824B1A704AE061780029F8D1E378002BA9
:102560000AD0844A844B1278307801F0E9FA60701E
:102570006378002BC6D0EAE7784B1B78022BC1D0DA
:102580000121307806F0F4FB0028F1D101213078E8
:1025900006F016FDECE76378002BD8D16F4F0328C7
:1025A00007D13B78052B02D101333B701EE002239B
:1025B000FBE7724B1A88724B0293002A0BD01B78F0
:1025C000002B03D00121307806F05AFE3B78062B11
:1025D00004D1013BE9E7029B1A70F7E7042B43D1D2
:1025E0000121029B3078197006F0EAFC5C4B1B68F5
:1025F000002B00D186E71B68002B00D182E7574AE9
:10260000107873E76378554F002B27D10622211DE0
:102610005C4806F015FE62895B4B5C491A80A28912
:102620005B4B1A80E3890B800521397059490A8078
:10263000594A1380228A594B1A80594B1B78012B17
:1026400009D11F2000F08EFCFA229200424304219F
:10265000307806F015FE0022494B7AE7312B00D086
:1026600075E70022464B1A7003239EE706220021DD
:10267000444806F0A5FB0023464A04211380464A3D
:1026800030781380454A138006F04AFB08213078E1
:1026900006F046FBA379083B5A4253412F4A0333C5
:1026A0001370324B1B78002B06D0354B30781A78DC
:1026B000002A06D001F082FA0122334B52421A80DE
:1026C00094E70121197006F07BFCF5E708213078CA
:1026D00006F026FB6378002B00D013E72D4B2F4F1D
:1026E0000293E388029A042113802B4B30780393E2
:1026F0002389039A138063893B8006F039FB002805
:1027000000D0FFE6274B1B68002B00D1FAE60399A7
:1027100002983A88098800881B689847F2E643794E
:10272000132B00D0EEE60389012B0AD11E4B1B7838
:10273000022B06D10821307806F0F2FAFFF71AFED4
:10274000E0E6052000F00EFC08210200307806F0DB
:1027500097FDD7E6EE6AFF1F05140000ED6AFF1F24
:10276000886AFF1F2220000092990111A83FFF1FD5
:10277000893FFF1FC26AFF1FA36AFF1FC46AFF1FB2
:10278000C66AFF1F956AFF1F803FFF1F9C6AFF1FDD
:102790009E6AFF1F926AFF1F906AFF1F8E6AFF1FCB
:1027A000946AFF1F846AFF1F8C6AFF1F8020C0018C
:1027B000014200D0ABE6CB0731D5324B1B78002B62
:1027C0001DD0314E05AC3378052B1AD1023B237056
:1027D0002E4B21001B7823722D4B1B7863722D4BDF
:1027E000187801F051F9002809D007202A4B3070E1
:1027F0001B68002B03D01B68002B00D098470120DA
:1028000085E60E20254B06221B7825492370254B93
:102810001B78637002ABC01806F012FDD8E70223E4
:1028200008001840194209D0174B1B78052B03D11B
:102830001D4B188806F0ECFC022068E604242142B7
:1028400003D0FFF723FD200061E6082308001840AD
:10285000194200D15CE6154B1C78012C03D0022CE8
:102860000DD0082053E6124B124A134913481B8817
:102870001288098800880094FFF7CCFDF1E7FFF784
:1028800079FDEEE7C66AFF1FED6AFF1F823FFF1F5B
:10289000A06AFF1FEE6AFF1F886AFF1FA26AFF1F60
:1028A000833FFF1FA16AFF1F803FFF1F8C6AFF1F2E
:1028B000783FFF1F7A3FFF1F7C3FFF1F7E3FFF1FB8
:1028C00010B5034C0B000122210000F06BFA10BD83
:1028D000812A01110B8870B506000D000224162B09
:1028E00011D92B000322094900F05CFA041E0AD119
:1028F000074B2A881B88191C934200D9111C3000F1
:1029000089B200F0EFFA200070BDC046AD2A011177
:10291000026BFF1F10B54A780400013A0B00022039
:10292000012A07D80A78002A04D00522200002498B
:1029300000F038FA10BDC046DB2A01110A7810B544
:102940000B0004000220002A04D0072220000249C4
:1029500000F028FA10BDC046872B01110A7810B587
:102960000B0004000220002A04D0092220000249A2
:1029700000F018FA10BDC046ED2B011110B5034C44
:102980000B000B22210000F00DFA10BD1D2C0111CF
:1029900010B5034C0B000D22210000F003FA10BD0E
:1029A0008F2C011110B5034C0B000F22210000F0F9
:1029B000F9F910BDE92C01110A7810B50B000400DB
:1029C0000220002A04D011222000024900F0EAF976
:1029D00010BDC046F92C0111002310B513221900B7
:1029E00000F0E0F910BD000010B5034C0B001722F9
:1029F000210000F0D7F910BD4B2D0111002310B5B7
:102A00001922190000F0CEF910BD000010B5034CDA
:102A10000B001B22210000F0C5F910BD852D01110E
:102A2000F7B584890D0006000121002C22D0002377
:102A30008268D3561778002B1EDA0C2C1AD90C3C5E
:102A4000A4B2131940880093230002F012FF431E22
:102A5000984101307B06DB0F6B703F23013C1F4028
:102A6000A4B22870AF70AC80002C07D0B3680133DB
:102A7000AB6000210800FEBD0020EBE7AC60F8E78A
:102A80000B7803704B8843704B881B0A83700B795B
:102A9000C370042070470420022B06D10020537815
:102AA00011781B02009A0B43138070470B88037048
:102AB0000B881B0A43700220704704200099834250
:102AC0000AD1537810781B0203430B80D378907897
:102AD0001B02034300204B807047F8B50D004B7874
:102AE00001240021461C03702B788B4201D8200062
:102AF000F8BD6B78B01C4F1C012B10D189006918F0
:102B00004B88022233704B88B9001B0A7370691816
:102B100006F05EF904360434A4B2F9B2E4E71223F5
:102B200059436B185A88043132705B8810221B0A93
:102B30007370691806F04CF912361234ECE770B570
:102B4000049D14001E00052B01D8042070BD63787D
:102B500012781B0213432B80E378A2781B021343E5
:102B600002226B802A71211D681D063E06F030F995
:102B7000B2B22A81E92AE8D82800A11D0A3006F05D
:102B800027F90020E2E7002310B50A789A4201D81D
:102B9000900010BD9A008A1854880133047054883C
:102BA000DBB2240A4470948884709288120AC2703E
:102BB0000430EAE710B51100029C062B04D0042073
:102BC0001022142B01D010BD022222714B780878FC
:102BD0001B0203432380CB7888781B020343638066
:102BE0000431601D06F0F4F80020ECE710B50C7815
:102BF0008B7804315C43E4B203702200013006F0AC
:102C0000E7F8601C10BD0420022B06D10020537889
:102C100011781B02009A0B431380704710B50C000B
:102C20000A88023106F0D4F8208810BD70B504007F
:102C30000D0004981100012B01D8042070BD1678F6
:102C400052781202324302800200F1325570147041
:102C5000E125002C00D10C35023B9AB24280AA42F9
:102C6000EBD80231043006F0B3F80020E6E7042088
:102C7000009983420AD1537810781B0203430B80DA
:102C8000D37890781B02034300204B80704710B527
:102C90000C000A88023106F09BF8208810BD000065
:102CA00070B501211E000420049C0E400B4218D177
:102CB000CB40DDB28D4214D90A49DBB20988994272
:102CC0000FD32300EE331D703300580011184978DC
:102CD000165C0902314301332152D9B28D42F4D836
:102CE000002070BDAA3FFF1F10B50C000A880231FA
:102CF00006F06EF8208810BD10B50C788B78043182
:102D00005C43E4B203702200013006F061F8601CFD
:102D100010BD10B511000298032B01D8042010BD7E
:102D200014785278043B120222430280CA788C78CD
:102D30001202224342809AB28280EB2AEED80431FA
:102D4000063006F045F80020E9E710B50C000B88C6
:102D500003700B881B0A43704B8883704B881B0AD7
:102D6000C3708A880430063106F032F8A088043037
:102D700080B210BD0420012B03D100201378009AEB
:102D80001370704710B50C000B8803700B881B0A7A
:102D900043704A880230043106F01AF86088023025
:102DA00080B210BDF0B589B003931E4B0292420071
:102DB0000700D05A019102F050F81325061E2DD0BD
:102DC000029B01240370019B002B04D0001903997E
:102DD0009847001984B26B461B7A5BB2002B0FDA5E
:102DE0001021380002F0A8FB1925002813D130006B
:102DF0003219E1B202F0F2FC051E0CD10C34A4B27F
:102E0000042304AA380005A993800696948101F052
:102E1000DFFD051E02D0300006F09AF8280009B048
:102E2000F0BDC046006BFF1F70B505000C00002808
:102E30000CD00020814209D010222000044905F066
:102E4000C7FF01202B7823736B78637370BDC04676
:102E5000F09D0111F0B506000D0017001C0085B0B3
:102E600002291BD00020102907D1022B07D0102BDC
:102E700003D115E00020102C08D005B0F0BD694644
:102E80003800FFF7D1FF2A0069460BE069463000A1
:102E9000FFF7CAFF22006946380004E0022BE9D19F
:102EA0002A003900300006F043F8E6E7031CF0285A
:102EB00000D9F023032008499AB2013A0B80D317B6
:102EC000034006499B189B100B80D30F04499B18A5
:102ED0005B100B807047C046AE3FFF1FAC3FFF1F2B
:102EE000AA3FFF1F054B10B51B888B4205D3044B2F
:102EF0004000C152034804F0F9FD10BDAE3FFF1F72
:102F0000006BFF1FA5990111014B4000185A704733
:102F1000006BFF1F1722014B1A807047006BFF1FC9
:102F200070B505000E2006F09BF9041E13D0D023C7
:102F3000037000230622837007494570033005F0B3
:102F400047FF064B2100DA8A62811B7E2373044B04
:102F5000187806F0A5F970BD1C6BFF1F0C6BFF1FE6
:102F6000FE3FFF1F262803D8024B4000C05A70477F
:102F70000148FCE7B03FFF1FFFFF000070B50600EF
:102F80000C00094D1C220021280005F019FF074BF9
:102F90001E70074B1C7006F0C3F80123002801D0F7
:102FA000002312202B7070BD0C6BFF1FFE3FFF1F14
:102FB0002D6BFF1F70B505000D4C0800E260A1608D
:102FC00010220021656005F0F3FE012803D11021D5
:102FD000A06802F004FE10220021280005F0E8FE9F
:102FE000012803D11021606802F0F9FD70BDC046D0
:102FF0000C6BFF1F70B5041E05D1002903D00622FB
:103000000D4805F0E5FE0D4B1D78012D11D1002C6A
:1030100005D102221A7006F05BF8280070BD00226C
:103020001A70074B1B78FF2BF7D02000FFF778FFB3
:10303000F3E70025F1E7C0461C6BFF1F0C6BFF1F79
:10304000FE3FFF1F030010B5002801D1002010BD76
:1030500000780B4A002803D15988D1821B79137656
:103060001378022BF2D10023984200D1033313705E
:10307000044B1B78FF2B01D0FFF752FF0120E6E73E
:103080000C6BFF1FFE3FFF1F002911D000280CD042
:103090004B79012803D140225242134303E03F22DF
:1030A0001340032802D001204B7170474022F4E7FF
:1030B0000800FAE770B5094D0100287800280BD008
:1030C000074C0622200005F083FE21002878FFF738
:1030D000DBFF200006F01CF870BDC0462C6BFF1F04
:1030E000066BFF1F00290AD0012808D13F224B7927
:1030F0009343C02B03D0403B5A425341981C704726
:1031000070B5174D06002B78FF2B15D00A2006F05E
:10311000A7F8041E10D0D0230370C83B8370114B56
:1031200011491B784670C3700622043005F050FE2A
:103130002100287806F0B4F80C4B1B78012B0DD138
:103140000B4B1B68002B03D09B68002B00D09847CB
:10315000084B04211878084A05F052FE70BDC0469D
:10316000FE3FFF1F2C6BFF1F066BFF1F286BFF1F0F
:10317000546BFF1F586BFF1F60EA0000014B9868FB
:103180007047C0460C6BFF1F014BDB681868704727
:103190000C6BFF1F074B10B5DA681368013313601F
:1031A000054B1878FF2803D08021C90105F008FFDE
:1031B00010BDC0460C6BFF1FFE3FFF1FF7B50E0092
:1031C00002F04EF9051E1CD00E4B06621F78002F30
:1031D00000D10778AB791020019306F041F8041E66
:1031E0000FD0D0230380C73B8370019BE91DC370C0
:1031F0000622043005F0ECFD21003800E66006F000
:103200004FF8F7BDFC3FFF1F014B18787047C046D1
:103210002C6BFF1F054B002805D1054B1A78054B79
:10322000002A00D1014B18007047C0461C6BFF1FDD
:103230002C6BFF1F066BFF1F014B58687047C04681
:103240000C6BFF1F024B1868431E9841C0B27047B9
:10325000306BFF1F421E03000120152A03D9FF3BDC
:103260005A425341D8B27047F0B51C0000230E00FB
:1032700085B0039002920B70029A934201D3002012
:1032800019E0E55C5A1CD2B2002DF8D00298511911
:103290008142F4DC0233DFB2A35C18000193FFF734
:1032A000D9FF002807D0013D019A0399EBB2337092
:1032B0008A4202D1E01905B0F0BDDB19DBB2DBE7D1
:1032C00010B50C0002F024F903001220002B03D0EB
:1032D0002100588805F08CFE10BD000070B50E4D21
:1032E00084006359002B15D0186A002801D005F01E
:1032F0001FFF2B59586A002801D005F019FF2B59E0
:10330000986A002801D005F013FF285905F010FF36
:1033100000232B5170BDC0463C6BFF1F1C4B70B58A
:1033200004000E00150099420AD11A4B1B68002BAD
:1033300001D1122070BD1B68002BFAD09847F9E725
:10334000154B994215D1134B1B68002B0AD01B68F3
:10335000002B07D09847002804D1104B1C70104B4D
:103360001D70E7E729002000FFF7AAFF0028E1D140
:10337000F3E7080002F074F80028DAD0037803209D
:10338000A342D7D12900300005F032FED2E7C04673
:10339000FEFF0000386BFF1FFFFF0000356BFF1FB3
:1033A000346BFF1FF7B50400808802F059F8002540
:1033B000A84203D00578A08802F08EF81C4E33781E
:1033C000002B1FD0AB421DD11A4B28001978FFF7F4
:1033D00077FF002818D000233370A3790820A7783E
:1033E000A688019305F03CFF011E0DD0D023037089
:1033F000CA3B8370019B477086808371280005F06B
:103400004FFF01E0002DE8D1A0880B4B8200D3587C
:10341000002B01D0FFF762FF1721A088FFF762FDA4
:10342000A08801F057FDA08801F062FEF7BDC046FC
:10343000356BFF1F346BFF1F3C6BFF1FF0B587B070
:103440001D000CAB1B88070001930DAB1B881420DB
:1034500002930EAB1B88160003930FAB1B880091E1
:10346000049310AB1B88059305F0FAFE041E1AD0D6
:10347000D0230370CB3B47708370C67006222900AF
:103480000430002D11D005F0A3FC019B21006381C5
:10349000029B0098A381039BE381049B2382059BED
:1034A000A37405F0FDFE07B0F0BD05F089FCECE764
:1034B000F7B5009308AB1B8807000C200D00160021
:1034C000019305F0CDFE041E13D0280001F0C8FFC3
:1034D00000280FD00078D0232370C93BA370009B35
:1034E00021002381019B6770A580E680638105F040
:1034F000D7FEF7BD014B1878EDE7C046FE3FFF1F32
:1035000013B5040064890389C2888188C078009457
:10351000FFF7CEFF13BD000010B5044C2068002853
:1035200003D005F005FE0023236010BD406BFF1F94
:10353000A122F0B5818892004A43384B384F1B686E
:1035400004009B189D2292009B18827989B01A6012
:103550003B68002B5FD01D78324B1B68002B04D0DA
:103560005B68002B01D00020984726000836310008
:10357000E079FFF7B7FD237DE0710200E078049366
:10358000638A29000393238A0293E3890193A38822
:1035900000933300FFF752FFE378002B0BD1E28951
:1035A000A379A18802920196E27928000092012273
:1035B00001F060FFE0703B68002B20D0FFF7ACFF0C
:1035C000194D287800281AD0184B1978FFF778FE83
:1035D000002814D02B78E67808200793A78805F0F8
:1035E0003FFE011E09D0D0230370CA3B4670837092
:1035F00087808671079805F053FE00232B701721F2
:10360000A088FFF76FFCA08801F064FCA08801F09F
:103610006FFD09B0F0BD064B9DE7C0463409FF1FA2
:10362000406BFF1F546BFF1F356BFF1F346BFF1F79
:10363000FE3FFF1FF8B5070008000E0001F010FF65
:10364000041E18D02620FFF78DFC051E00D125781A
:10365000062005F005FE041E0DD00021062205F00F
:10366000AFFBD0232370C23B21006770A370A680FC
:10367000E8B205F015FEF8BDF0B585B001930AABD0
:103680001B78070002930BAB1B7808000D0000921B
:10369000039301F0E5FE061E22D0102005F0E0FDA8
:1036A000041E1DD01022002105F08AFB2620FFF702
:1036B00059FC002800D13078D0232370C13BA3707F
:1036C000009B21002372019B67706372029BA5809F
:1036D000A372039BC0B2E3720C9BE36005F0E0FDB4
:1036E00005B0F0BDF7B50D00019001F0B9FE071E61
:1036F00020D00E2005F0B4FD041E1BD02620FFF7BD
:1037000031FC061E00D13E78D0232380C53B062223
:10371000A370F91DE01C05F05BFB019B2A0063818F
:103720000123DD401A401D40210022736573F0B271
:1037300005F0B6FDF7BD0000F0B585B002901000B1
:103740000D0017000A9E039301F08AFE041E31D07B
:10375000029B002B2ED1039B02795B0724D51223F9
:1037600013430422002E08D10B99002905D10C998E
:10377000002902D10D9900291AD01A430D9B2271FC
:10378000002B00D0C9E0002E00D1CFE0002D00D0EA
:10379000CCE0606A002801D005F0CAFC1C21300092
:1037A00005F096FD606205E002239A430E33D7E7E9
:1037B00093432371654BBA00D458002C00D1AAE082
:1037C000002E10D0236A002B03D11C2005F0A8FB8B
:1037D00020625E4BBA00D358186A002803D01C221E
:1037E000310005F0F5FA0C9B002B12D0574CBB00B2
:1037F0001D596B6A002B03D1162005F091FB6862FE
:10380000BB00E358586A002803D016220C9905F033
:10381000DFFA0D9B002B11D04C4DBC006659B36AEA
:10382000002B03D1142005F07BFBB0622B59986A62
:10383000002803D014220D9905F0CAFA380001F0CF
:103840000FFE051E67D0414BBA00D358002B62D043
:103850001A6A3420002A00D11C389A6A002A01D042
:10386000143080B20B9A002A01D01C3080B25B6AFF
:10387000002B01D0163080B205F0F2FC041E4AD0B5
:103880001822002105F09CFA2620FFF76BFB01901F
:10389000002801D12B780193D0232370029B2000B4
:1038A00063700A23294EA370039BBD00A371AB591B
:1038B000A780196A1830002905D01C22A06005F0E5
:1038C00087FA200034307359996A002907D0030021
:1038D00014221433E060029305F07AFA02980B9BED
:1038E000002B08D003001C221C330B99206102938B
:1038F00005F06EFA02987359596A002903D016220E
:10390000606105F065FA6B462100187905F0C8FC86
:103910003800FFF7E3FC05B0F0BD10220D9B0D99B8
:103920001B69A018236205F053FA2CE70B9B002BB0
:1039300000D13FE7012D00D03CE7606A002801D0AC
:1039400005F0F6FB1C210B982AE7C0463C6BFF1FD5
:1039500010B5044C2068002803D005F0E9FB0023D3
:10396000236010BD306BFF1F0B4B07B51A68002A90
:1039700001D100200EBD6946531C01201278073189
:10398000FFF772FC0028F4D00278012310001840E1
:103990001A42EED0EEE7C0464C6BFF1FF0B51F4F4A
:1039A00001203B6887B0002B25D09B78059300F061
:1039B000DDFB002821D00A20FFF7D4FA04000B20F9
:1039C000FFF7D0FA164B05001E78731E9E413B6828
:1039D000F6B2191DD878FFF757FB3B682900DA7A51
:1039E000043303929A7901930292009033002000ED
:1039F000059A05F0B5FB07B0F0BDFFF7B5FF00284D
:103A000005D00620FFF7AEFA04000720D8E708200B
:103A1000FFF7A8FA04000920D2E7C046306BFF1F69
:103A20002C6BFF1F70B50A4E040033780D00FF2B7E
:103A30000DD0042005F014FC011E08D0D023037023
:103A4000CE3B45708370C470307805F029FC70BDA2
:103A50000C40FF1F70B5040006200D0005F000FCAF
:103A6000011E0AD0D0230370CD3B8370054B4470F8
:103A70001B688580187805F013FC002C01D0FFF737
:103A800067FF70BD306BFF1FF8B5264F06003B681F
:103A90000D001124002B05D10522234B1B78134266
:103AA00002D112242000F8BD204A10241268002AF6
:103AB000F8D01278002AF5D0DB0719D52B789A1E9A
:103AC000012A1AD80C2005F02BFA1324386000289C
:103AD000E8D000230A22437029000670023005F066
:103AE00077F9FFF75BFF041E0AD0FFF731FFD9E734
:103AF00000F03CFB0028E1D1E4E7002BE2D0D0E766
:103B00000B4B1B78032BCDD11D20FFF72BFA094B54
:103B100018800028C6D0084B04211878074A05F001
:103B20006FF9BFE7306BFF1F2D6BFF1F4C6BFF1F43
:103B30002C6BFF1F2A6BFF1F586BFF1F60EA0000F2
:103B4000F7B50193194B14001A78052306000F00EE
:103B500012201A4221D0012920D1154B1D68002DB9
:103B60001BD002201F2C18D8002C02D0019B002B48
:103B700013D0104B1F221E706E1C0021300005F068
:103B80001FF901992200300005F022F931002000D0
:103B90002C70002F06D005F05BFBFEBD064B1220FB
:103BA0001D68DCE705F02CFBF7E7C0462D6BFF1F17
:103BB0004C6BFF1F0C40FF1F486BFF1FF8B50F4EEB
:103BC00012243368002B17D01B780F3C834213D18B
:103BD00000250B4F0221387805F0A2F8094B04218B
:103BE00038781D8005F09CF8074B28001D8033684D
:103BF0005C7005F085FA04002000F8BD306BFF1FF3
:103C0000586BFF1F446BFF1F2A6BFF1F70B5012805
:103C100023D11B4C2388002B03D01A4A1578002D82
:103C200007D0194B1B68002B02D01878FFF7C6FF8E
:103C300070BD3B2B02D93C3B2380F9E7134E022198
:103C4000307805F06DF8FA222388920002215A4359
:103C5000307805F015FB2580EAE70B4B1B68002B3D
:103C6000E6D00B4B1B785B07E2D5084B0221187896
:103C700005F056F80022024B1A80FFF769FED7E7DD
:103C8000446BFF1F286BFF1F306BFF1F586BFF1F1C
:103C90002D6BFF1FF8B51E4D2868002803D005F0D6
:103CA00047FA00232B601B4E3068002803D005F034
:103CB0003FFA00233360184F05243B78180020405A
:103CC000234221D0154800F055FA3B78234213D007
:103CD000202005F025F92860002813D0202200219B
:103CE00005F06EF8202005F01BF9041E306005D0A9
:103CF0002022002105F064F8002004E0286805F087
:103D000017FA2C601320F8BD00F034FAF4E7C0462F
:103D10004C6BFF1F486BFF1F2D6BFF1F0040FF1FE9
:103D200010B50A4C23681A1E0ED0002808D10130A5
:103D3000587005F0E5F9002805D02368002B02D063
:103D40000021FFF787FE0122100010BD306BFF1F1E
:103D5000F7B5274E050033680191181E21D05C7815
:103D6000244F012C30D1FFF7FFFD002825D0200083
:103D7000FFF7F8F80400412814D91F4B02211878E6
:103D80001E4A05F03DF81E4B3C3C1C800222336865
:103D90005A703B78002B14D128000199FFF75AFE86
:103DA0000120FEBDFA2292004243002AEED0124BBF
:103DB0000221187805F064FAE8E7FFF7D3F802006B
:103DC000F3E700233B70EBE73B78002BE8D10320BF
:103DD00005F046FA011E08D0D0230370CC3B457095
:103DE00083703368187805F05BFAFFF7B1FDD7E709
:103DF000306BFF1F286BFF1F586BFF1F60EA00002E
:103E0000446BFF1F10B5204B8188994234D016D8DF
:103E10001E4B994207D81E4B994221D81D4B9942FF
:103E200019D0002010BD1C4B9942FAD183689978B3
:103E30005A78090218781143FFF78AFFF2E7174B07
:103E400099421DD0164B0020CB18052BEAD81548F7
:103E500003F04CFE0EE083681878FFF761FFE1E79E
:103E6000114A83688818424250411B78C0B2190039
:103E7000FFF7D8FD0120D5E783680C481978E7E7FC
:103E800083680B481978E3E75120000009200000FF
:103E900007200000062000000A2000005220000039
:103EA000ADDFFFFFB4990111F8DFFFFFE1990111C8
:103EB000FA990111014B18707047C0460D40FF1F61
:103EC00010B5064C207001F0A7FA207805F0C0F874
:103ED0000521207800F06CFD10BDC046586BFF1F17
:103EE0000BB273B50D00002B00DBCBE08B4B1878C9
:103EF00005F09EF8041E0ED00378912B0FD0A22B54
:103F000000D1A8E0864B1878FF2852D0210005F098
:103F1000C7F900284DD180200002684076BD437863
:103F20000F2B76D013D8052B70D00E2BEAD18088BA
:103F30007C4B98422BD87C4B98421BD87B4B9842A9
:103F4000E0D1A3681878591CFFF754F838E03E2BED
:103F5000D8D18378032B79D06CD8012B73D0022B66
:103F6000D0D1734B1B68002B23D05B68002B20D073
:103F700098471EE06F4BC0180C28C3D805F088F88E
:103F80001DC2C2150BC20B0B0B3223C23C006A4B85
:103F9000C0180728B6D8694B1B68002B09D01B68CE
:103FA000002B06D0200098470AE0A3681878FFF796
:103FB000A7F8200005F064F8ADE7A068FFF742F825
:103FC00000289FD0F5E7A3681B78002BF1D0584B51
:103FD0001B68002BEDD01B68002BEAD0210058484D
:103FE0009847EDE7524B1B68002BE2D01B68002B73
:103FF000DFD021005348F3E7534B1B68002BD8D088
:104000005B68002BD5D021004648E9E7FFF7CAF9E5
:10401000CFE780884D4B984203D04D4B984200D05B
:1040200070E7494B1B68002BC3D05B68002BC0D0E6
:104030002100D5E7152B0CD04648162B00D061E7A0
:1040400003F054FDB5E7FFF773FAB2E7FFF758FA4C
:10405000AFE74148F4E7414B1B78042B07D100231D
:104060006A4613800179408800F0C8FCA1E7364B0E
:104070001B68002B9DD05B68002B9AD0010038484C
:10408000984796E7012421420AD0294B1B68002B50
:1040900004D05B68002B01D00020984701203CE74A
:1040A0008B070AD5254B1B68002B04D05B68002BBF
:1040B00001D02000984702202FE704212800084063
:1040C0000D4200D12AE7274E3388002B21D0013B37
:1040D0009BB23380002B1AD1FFF7B4F800280AD026
:1040E000214B1C70154B1B68002B04D05B68002B08
:1040F00001D020009847FFF79FF8694601F086FD40
:104100006846FEF7D7FF1D20FEF72CFF3080042005
:1041100003E7024B187804F003FEF8E7586BFF1F23
:104120000D40FF1F0E2000000120000009100000BC
:10413000506BFF1FFEDFFFFFAFDFFFFF546BFF1F62
:104140000C2000000B200000386BFF1F0D2000002A
:1041500013200000509A0111149A01112D6BFF1FBA
:10416000FFFF00002A6BFF1F286BFF1F10B501F037
:10417000F7F910BD014B18607047C046546BFF1F24
:104180000B880020162B01D817230420014A138026
:104190007047C046026BFF1F00207047074A0300AC
:1041A0001188814207D091880020994202D10130C4
:1041B0008000101870470020FAE7C046606BFF1FB0
:1041C000F0B58F7806000D00C5B01E2F15D1FFF792
:1041D000E5FF051E03D10024200045B0F0BD0022FC
:1041E0003B003100C078009200F0B2FB0400A81C34
:1041F00000F0D2FBFF23EB70EEE7264B062403937F
:104200001B78FF2BE8D0182FE6D87B08224A013B09
:10421000DB0002929A589446002ADDD0029AD31805
:104220005B68002BD8D00878002802D14B78012B8E
:1042300002D10624122FCFD107AFAB88697800973F
:104240006446AA68A047041EC6D1AB78029A5B08F0
:10425000013BDB00D318390030005B689847041E2F
:104260000BD1AB78042BB6D0039A31001078220022
:10427000009700F06DFB0400AEE76A78002AABD12E
:10428000AA7805A93B88087130000A704B80FEF7B8
:1042900017FBA0E71040FF1F009E01111D4B37B513
:1042A000050098420BD000290AD1FFF777FF0028BC
:1042B00005D11948FFF772FF002800D0058037BDEF
:1042C00001291AD1FFF76AFF041EF8D001235B42CF
:1042D0000380A378FF2BF2D0FE2B07D00023E078D9
:1042E0001422009329001E3300F032FBA01C00F0C2
:1042F00053FB01235B426380E1E70229DFD10139EF
:1043000001F01AF90028DAD12800FFF747FF041E50
:10431000DFD1D4E7FEFF0000FFFF0000022210B54E
:10432000074B52421A80074801325A809A80DA803D
:1043300000F07EFA044801F081F8002010BDC0466C
:10434000606BFF1FC14101119D4201110388F7B548
:104350000400002B02D102252800FEBD4268022184
:10436000137825485268FEF775FD00282ED0234F9C
:1043700001253A88002AEFD0802321885B0201259D
:104380009B1A9942E8DC0C2004F0CAFD061E31D0CD
:104390003B8822889C4600231800019561469DB207
:1043A000491989B2AA421BD8002801D062443A8038
:1043B00000233000082208C0210004F009FD104A43
:1043C0001368002B13D100251660C5E7626802212F
:1043D00013780C485268FEF73DFD0028C7D1BAE7B4
:1043E00060681D014019418101330198D6E71A0028
:1043F0001B68E6E71325AFE76E9E01110E40FF1F15
:104400005C6BFF1F6C9E0111014B18707047C0461A
:104410001040FF1F14230A0010B51A40194204D09F
:104420000122102101F0A4F810BD4B06F9D401209F
:1044300088434000F8E710B514008B0604D501222C
:10444000102101F095F810BD08230A001A40194206
:1044500002D14BB2002B0FDA102101F089F80028AD
:1044600008D02300F2331B78002BECD0F1342378F2
:10447000012BE8D10020E6E703208907FAD4E2E720
:10448000F0B51F00184B85B01C6801900291039293
:10449000002C27D1200005B0F0BDA5683301ED1830
:1044A0006B89019A934211D3029A93420ED8002F3E
:1044B00004D10A9B002B10D12C00EBE73B0029789C
:1044C000039A6868FEF7C6FC0028F2D10136B6B23E
:1044D000A388B342E1D82468DAE7A3680A9A5B8923
:1044E0001380E9E70026F3E75C6BFF1F37B50C008C
:1044F0000A8849880123914217D3002A15D0651DE7
:1045000023792A0002210A48FEF7A4FC1023002880
:104510000BD023796188208800242A000094FFF7BB
:10452000AFFF0A23A04200D0230018003EBDC046C2
:104530006E9E011113B50A0008884988012388423C
:104540000BD8002809D00024137905320094FFF716
:1045500097FF0A23A04200D02300180016BD13B510
:104560000A0008884988012388420BD8002809D00E
:104570000024137905320094FFF782FF0A23A0423A
:1045800000D02300180016BDF0B58BB003904A8808
:1045900008880E000123824255D3002853D00023FF
:1045A000012704AC23700022718813000092FFF7EA
:1045B00067FF051E3ED02078002835D12B78022BCE
:1045C00018D167706A8983000130E31880005A802F
:1045D00069680222201804F0FBFB23780133DBB268
:1045E0002370042B19D93B006889013080B2002B5D
:1045F000D9D01FE002236370122358436A8923181D
:1046000004305A8069681022201804F0E1FB2378F6
:104610000133DBB22370002BE5D10C4A6B899B1868
:104620005A425341DBB2DFE76378012BE4D12B78A8
:10463000022BC7D022780A23002A04D02100039835
:10464000FEF768F9002318000BB0F0BD0100FFFF72
:104650000F4BF0B504001868002816D083685D89F8
:10466000A54207D88288AE18B44203DA12019A181C
:10467000934201D10068EFE71E005F891036A74220
:1046800004D1002900D00D801800F0BD3300EFE701
:104690005C6BFF1F70B505000C0008880021FFF758
:1046A000D7FF03000120002B04D022002800197A34
:1046B000FFF7C1FE70BDF7B50C0000250190230087
:1046C000EE331B78AB4201D800200AE06B00E65ABB
:1046D00000213000E718FFF7BBFF002802D1268039
:1046E0000130FEBD017A0198FFF794FE002802D048
:1046F0003B882380F5E70135EDB2E0E710B5040013
:1047000008880021FFF7A4FF03000120002B03D03D
:104710002000197AFFF77EFE10BD0000054B1B68D4
:10472000002B01D1180004E09A6852898242F6D128
:10473000988870475C6BFF1FF0B50E27002687B086
:10474000039302ABFF183E8005001F4B4089140005
:10475000984207D02B78013000976A6880B2FFF743
:104760008FFE060002212B7818486A68FEF772FB5C
:1047700000280FD06C892000FFF7D0FF002802D05E
:10478000013C0419A4B2039B002B00D01C80300014
:1047900007B0F0BD02212B780D486A68FEF75AFB7E
:1047A0000028E7D102212B780A486A68FEF752FBFD
:1047B000002807D0002EDED03B88A342DBD17489CD
:1047C000013CDFE76C89DEE7FFFF00006E9E011110
:1047D0006C9E01116A9E011110B50C00FFF7DEFC02
:1047E00003000220002B0AD0002C00D023609B780D
:1047F0001720FE2B03D00138FF2B00D1002010BD65
:1048000073B50D0001A904001600FFF7E5FF172896
:1048100005D0002E04D129002000FEF7F7F876BD60
:1048200001221021200000F0A3FE0028F3D0F6E7BB
:10483000014B18607047C0466C6BFF1F37B56B4665
:104840009D1D010004000222280004F0F9FC2B88C1
:10485000B02B0ED12379122B09D12300FA331B7808
:10486000012B06D10121608800F0E0F801E01B2B4C
:10487000F8D037BD10B5054B0421187000F098F83A
:10488000FFF74CFDFEF746FB10BDC046706BFF1FE7
:104890000020F0B50BB20F0087B0834234DA274B0B
:1048A000187804F0C5FB051E2BD00378A02B25D16A
:1048B00003AE3100FEF7B4F8041E0BD1B378DB076A
:1048C00024D51F4B06341B68002B03D031006888A9
:1048D00098470400A868002801D004F039FB002C98
:1048E00008D1184A039B1340174A934206D0B37865
:1048F0001B2B03D00121688800F098F8280004F0F1
:10490000BFFB80200002784007B0F0BD0F4B1B6852
:10491000002B10D0310068889847041EDAD07378D5
:10492000002BD7D1B27801A90A704B800C7168882E
:10493000FDF7C6FFCEE70624F1E7C046706BFF1F08
:10494000686BFF1F00FFFF00000112006C6BFF1F70
:10495000F7B50190FC200D0017001E0004F080FC4C
:1049600004001320002C12D0B02320002370089BD9
:10497000F4226770658026710830002B08D019007A
:1049800004F026FA2100019804F08AFC0020FEBD04
:10499000089904F015FAF5E710B5041E06D0007862
:1049A000FD2803D804F0ACFCFF23237010BD0000E9
:1049B0000A1F93B210B504000220032B05D88240D1
:1049C0000020024BD1529B189C7010BD906BFF1FB2
:1049D0000B8870B5043B04000D000220032B0BD89C
:1049E0000121200000F0A8FD03001420002B03D0BB
:1049F0002900200000F028FC70BD000007B513005E
:104A0000034A00920A00012100F088FC0EBDC04656
:104A1000394C011107B5019203220092024B0A00A2
:104A2000122100F0A5FC0EBDB74C011107B56B4675
:104A300001AA11800449D88008780633012802D1E0
:104A4000190004F0FDF907BD716BFF1F0C4B10B589
:104A500018700023FF210B4A1380138193819380E8
:104A6000094A53801370517293819372D174D38227
:104A70001375517704F064F900F0FCF910BDC046DD
:104A8000A06BFF1F906BFF1F726BFF1FF0B58DB007
:104A90006B46002003910C229B5E834200DBB0E05A
:104AA0005D4B187804F0C4FA051E00D1A4E0037829
:104AB000902B00D09DE006AF01004688380000F042
:104AC0001FFA79680400002900D19CE03B88052B7F
:104AD0006ED13B89032B1CD905AC200000F0A2F855
:104AE0006288172A61D83989131D994231D17968B2
:104AF000237804310291D90738D5607800F08EF917
:104B0000071E06D0002303712378012B08D0132B36
:104B100023D0A868002800D178E004F019FA75E0E5
:104B20006288029909A800F0A6F80290380000F007
:104B30008BF909AA2378387A019200223100009279
:104B4000029A00F012F9380000F064F9029B002B81
:104B5000DFD0300000F080F9DBE70378032BD8D1F9
:104B60006288029909A800F0D6F8DEE7122B13D16B
:104B7000029909A800F0B5F8021EEAD127498B88EE
:104B8000002BC6D0887909A923780191617800911A
:104B9000310000F0EAF8BCE7002302AA938330005A
:104BA000617809AAFFF72AFFB3E71D4B0993F6E7DF
:104BB000042B02D09A1F012AABD8184A043B9B0051
:104BC000995A0029A5D0D218907831003A0000F007
:104BD000AEF800289DD13B88042B03D00121300082
:104BE000FFF724FF012C04D1A868002801D004F0AD
:104BF000AFF9280004F044FA8020039B00024340F0
:104C000018000DB0F0BD012800D182E7012130006D
:104C1000FFF70CFFEDE7C046A06BFF1F906BFF1F77
:104C2000010017000B7803704B784370CB788A78BB
:104C30001B021343438070470A88030002700A88EE
:104C4000120A42700A88012A06D14A8882704A886C
:104C5000120AC2700420704702208242FBD14A88A7
:104C600004309A704A88120ADA708A881A718A881F
:104C7000120A5A71EFE710B50400012082420CD9E4
:104C80004B780A781B0213432380834206D1CB78EA
:104C90008A781B0213436380002010BD022BFBD1D6
:104CA000CB788A781B02134363804B790A791B0205
:104CB0001343A380F0E70B8803700B881B0A437033
:104CC0004B8883704B881B0AC3708B8803718B8859
:104CD0001B0A4371CB888371CB881B0AC3710820E0
:104CE000704703000120082A14D14A78087812027C
:104CF00002431A80CA788878120202435A804A799D
:104D00000879120202439A80CA7988791202024312
:104D10000020DA80704710B504000120022A05D176
:104D200000204B780A781B021343238010BDF8B58E
:104D3000060010200F00150004F092FA0400012074
:104D4000002C0ED0A0230C22290023806780201D78
:104D5000002D07D004F03CF82100300004F0A0FA48
:104D60000020F8BD04F02CF8F6E7F7B51E0000901F
:104D700008AB142017001D78019104F071FA041E8D
:104D800012D0A2230370019B47704380099B0571D9
:104D900046710C220830002B07D0190004F018F8D7
:104DA0002100009804F07CFAF7BD099904F008F896
:104DB000F6E737B5041E0FD04388002B0CD0002532
:104DC000C1881323007A172201950095FFF7CDFFC4
:104DD000FF2365806372257037BD000010B50C4954
:104DE00004004A88002A09D08B89002B05D00020B6
:104DF000CB8A0222834201D010BD012213000A2077
:104E0000434300204032C854C81842800472F3E77C
:104E1000726BFF1F0023438003707047094B002112
:104E20001A0010B55C88002C06D01C79844203D18E
:104E30000A234B43D01810BD01310A330329F1D1A5
:104E40000020F8E7726BFF1F10B50400407A04F0F1
:104E500057FAFF23637210BD7047043010B580B25B
:104E600004F0C6F9002803D00421494204F090F967
:104E700010BD000070B50025124CA0682580A581EA
:104E8000A580A84202D004F063F8A56000250E4C6E
:104E90000E4B606D1D80230058331D70A84202D058
:104EA00004F056F8656500256068002801D004F01C
:104EB0004FF8013508340A2DF6D1054802F016FEE8
:104EC00070BDC046386CFF1FDC6BFF1F2C6CFF1FD2
:104ED000889A011170B5041E0CD1074D2880A88155
:104EE000A880A868002802D004F032F8AC6003481B
:104EF00002F0FCFD70BDC046386CFF1F949A011192
:104F00000023F0B54E8843600A7904000F0089B091
:104F1000022A00D08BE0C98803291ED9BB685A78C1
:104F20001878120202430592DA789D78120215432E
:104F3000DA791B7A67481B0213435BBA9AB2038083
:104F4000059B04338B4227D1042D08D06B1F022B05
:104F500016D92900604802F0C9FD01201AE05F4B14
:104F60003101CB5A002B0BD0F4215D48FF3102F008
:104F7000BDFD3000FFF7AEFF5A4A136901331361DC
:104F80000421059BB86823812580494204F000F97B
:104F90006060002009B0F0BD524C042D0CD06B1F96
:104FA000022B18D983212B004D48890002F09EFD69
:104FB000E3680133E360D0E7484B3101CB5A002B63
:104FC00009D04748484902F091FD3000FFF782FFC1
:104FD000236901332361414B360106930023069A6E
:104FE000B3529319059A9D80100007939A81FFF799
:104FF00034FF079B051E986015D00421B86849420C
:1050000004F0C6F8FA880100043A280003F0E0FE34
:10501000069AFB88B25A043B9B18069AB35223683F
:105020000133236099E7A3690133A36195E72B4B13
:105030003101059333010693059B3001CB5A059945
:105040000D18A968002B30D000292ED0012A2CD1B0
:10505000FA880598944663449BB232011352A8899A
:1050600098421AD362469B1AC818B96803F0B0FE7A
:10507000059B0699AA89CB5A934200D06DE70A0096
:1050800000212381AB882380AB686360059BD152EC
:10509000144A5368013353605FE7124A936801333F
:1050A00093603000FFF716FF57E70A4A059F128802
:1050B000029333019C466744BB8900919921094CB6
:1050C000019363690948890002F010FD63690133A7
:1050D0006361E6E7A26BFF1FA09A0111386CFF1F06
:1050E000B99A0111A86BFF1F13020000D09A011199
:1050F00070B5051E18D10D4C0D4B18802300583388
:105100001870606D002802D003F022FF656525004D
:1051100050356068002801D003F01AFF0834AC4213
:10512000F7D1044802F0E2FC70BDC046DC6BFF1F03
:105130002C6CFF1FF79A0111F0B51600A12285B063
:105140009200019342433D4B05001B680C009B18E5
:10515000D933FF331F78FDF7D7FE0430874204DDD3
:105160002800FDF7D1FE0430C7B2B74207D33200A2
:1051700000212800019B04F033F805B0F0BD390090
:10518000300003F00DFF2300C5B250331D700393B0
:10519000019B39006365300003F08AFFCBB20293B4
:1051A000002B02D0039B01351D70002623005033D5
:1051B0001B78B34204D8606D002839D10020DCE7A9
:1051C000029A3800002A04D0013B1000B34200D0FC
:1051D0003800F5006519287003F0DAFD019B68605E
:1051E00001001A78164802F081FC686800280ED089
:1051F0002A78019903F0ECFD019A2B780136D31837
:10520000104A0193D369F6B20133D361CEE723008C
:10521000503318706065A54205D10A4A1320D36A3D
:105220000133D362A9E7606803F092FE0834F2E725
:1052300003F08EFE00236365C0E7C0463409FF1FFC
:10524000039B0111A86BFF1FF7B50C00060004219A
:10525000606803F09DFF23890500037023891B0A02
:1052600043702388837023881B0AC3702789022414
:105270000437FFB2F42F15D8224B9E4214D10C20D4
:1052800003F0EEFF1134011E0CD0902303708E3B0F
:105290000371043B43801C4B8560C780187803F082
:1052A000FFFF00242000FEBD5C217143174B5918FD
:1052B00001930B0058331B78002B19D103003A00DF
:1052C0003000FFF739FF041E05D0114B22001148B2
:1052D000D96A02F00BFC5C237343019AD1180B00CE
:1052E00058331B78002BDDD1300003F0C1FED9E725
:1052F000074A0948536A07240133536202F0F6FB58
:10530000E9E7C046FEFF0000A06BFF1FDC6BFF1F3C
:10531000A86BFF1F179B0111329B0111F0B587B0DD
:10532000009017200F0016000193FFF796FD13253C
:10533000041E19D00C98031E02D00199201D984715
:10534000030AE370052302AAA0700430908127703D
:105350000098667003A993800494FFF775FF051EFB
:1053600002D0200003F0F4FD280007B0F0BD0000DB
:10537000F0B587B01F000CAB1B780391059301219A
:105380000DAB06001C78049200F0D6F81425002816
:1053900021D02000FFF722FD0135041E1BD011494A
:1053A000059B0A7803700132D2B2131EC68001D168
:1053B00001231A000B7022713000049B039900979F
:1053C000FFF7ACFF051E09D1230021000648074A5C
:1053D000093303F095FD280007B0F0BD002363807A
:1053E0002370F8E7A46BFF1FB34D01113075000067
:1053F000F8B505000E00064C064F2368002B02D0BE
:105400003100280098470434BC42F6D1F8BDC046AC
:10541000486CFF1F5C6CFF1F0123064A5B425380F0
:10542000002313715362044A136053609360D36086
:10543000136170475C6CFF1F486CFF1F0200002364
:1054400010B506499C000859002801D1625010BDD2
:105450000133052BF6D11320F9E7C046486CFF1F36
:10546000034A5388181A434258414042104070473B
:105470005C6CFF1FF0B585B002930AAB1F780CABD4
:105480001B88009008000E0001920393FFF7E8FFCD
:1054900005001120002D1BD10E48FFF7E1FF04008D
:1054A0001520002C14D006220B99A771E01D03F0E3
:1054B0008FFC019B30002371029B29006371009BCC
:1054C00066802370039B6562E381FFF791FF2800EC
:1054D00005B0F0BDFFFF000010B5FFF7C1FF0400ED
:1054E0000220002C12D060880121FFF781FF606A42
:1054F000002801D003F01CFE28220021200003F028
:105500005FFC012300205B426380207110BD00001E
:1055100030B5074A074C5588010013780020A54292
:1055200004D05B1A59424B415842104030BDC0462E
:105530005C6CFF1FFFFF0000084A10B501230C0040
:10554000904208D0FFF78CFF031E04D0037923405C
:105550005A1E9341DBB2180010BDC046FEFF00008A
:10556000024B1879431E9841C0B270475C6CFF1F14
:1055700070B504000D001600FFF772FF002804D17B
:105580000D4B9C4200D0143070BD416A0379052058
:10559000002907D012221A40102A02D10520002E1D
:1055A000F2D10F20DB06EFD5897E0C20A94289417C
:1055B000494249420840E7E7FEFF0000030010B5FA
:1055C000002800D110BD0348034A41889142F9D018
:1055D0009847F7E75C6CFF1FFFFF0000002330B522
:1055E000C45CCD5C6C40D4540133102BF8D130BD79
:1055F0000F23002210B5C45C64002243CA54C25C6D
:10560000D209013BF7D210BD0200010010B52032D3
:10561000103103F03DFE10BDF0B58BB003901020AB
:1056200005931700049103F07BFC0090102003F019
:1056300077FC009B13240190002B05D000280CD18F
:105640001324009803F074FD019B002B02D0180076
:1056500003F06EFD20000BB0F0BD102003F060FCE5
:105660000600102003F05CFC13240500002E00D17E
:10567000AEE0002819D01022002103F0A1FB320077
:105680002900039803F004FE041E0ED133787F2B0B
:1056900051D830000099FFF7ABFF009B1B787F2BA0
:1056A00053D801990098FFF7A3FF300003F040FDA5
:1056B000002D02D0280003F03BFD002CC1D11020AA
:1056C00003F02EFC0600102003F02AFC0290002EAE
:1056D0007CD0002878D03A000F3223000125121127
:1056E00005D00F333B4015B25A4253411BB26A1EDC
:1056F0001201002B33D0049BD2B298180099029A61
:10570000FFF76CFF013D10220021300003F058FB31
:10571000ADB2049F2D017D19AF4242D0002C33D091
:10572000300003F005FD029B002B00D189E7180033
:1057300003F0FEFC85E729003000FFF759FF280041
:105740002549009AFFF74AFFA7E729000098FFF7CD
:105750004FFF28002049019AFFF740FFA5E70F21DE
:105760000F4004998A18D9B28F4208D9D15C06A893
:1057700019540133102BF6D1029A0199C0E7791A16
:1057800048424141C901F2E73900300006AAFFF75B
:1057900025FF3200039806A903F07AFD10370400B4
:1057A000BAE7002CBCD13000029906AAFFF716FF19
:1057B000320006A9039803F06BFD082204003100B3
:1057C000059803F005FBABE71324A9E71324AAE728
:1057D000002800D06EE733E7849E0111F0B58BB04E
:1057E0000F0016000225009000283FD0002A3DD06F
:1057F0000B1DDBB21800029303F092FB1135041E5F
:1058000034D0FDF7C1FC05003A000099201D03F0DB
:105810001FFBEBB20393E3702B0CDBB22F0A009358
:105820006370FFB22B0E2370A7700193FDF7A6FCE7
:105830001022010006A803F00BFB2100029A04AB22
:1058400006A8FFF7E9FE051E0DD1039B0822337061
:10585000009B04A9B370019B7770F370301D03F0B7
:10586000F7FAFDF797FC200003F062FC28000BB06C
:10587000F0BDF0B58FB00D00149E03900492059317
:10588000002A03D1022420000FB0F0BD002EF9D071
:105890000398FFF7E5FD1424071EF4D072783378DF
:1058A00012021A43B3781B041343F27812061A4308
:1058B000036A0192934201D30133E3D1002D03D057
:1058C0003B7901249B07DED50822002106A803F0BE
:1058D00077FA059B13240433DBB21800029303F01C
:1058E0001FFB051ECFD0059A0499043003F0B0FACF
:1058F00004223100280003F0ABFA390010221031E5
:105900000AA803F0A5FA2900029A06AB0AA8FFF735
:1059100083FE041E0FD1082206A908A803F098FAF6
:105920000822311D08A803F003FB012807D10199C3
:105930000398FDF743FC280003F0FAFBA3E70124DA
:10594000F9E7000070B51C4C05002368181E10D044
:10595000002D14D11A78002A0CD1981C083203F0BB
:1059600037FA03F00DFC0135002808D123681D70BB
:10597000012070BD0A331800082203F029FA2368B9
:10598000002BF5D0122003F06BFC061E0DD0C123B6
:1059900021680370457002311022023003F018FABA
:1059A00023683100587803F07BFC206803F0C0FBCB
:1059B00000232360DCE7C046846CFF1FF8B50400B9
:1059C0002020FDF7CFFA154FA600F3590500002B54
:1059D0001FD000280ED0D878FF280CD0290003F063
:1059E00027FC002807D1F3590D49DB780D48220028
:1059F00002F07CF8F8BD0C492A000C55BB5961181F
:105A000003330A4803F07CFABB590549DB780848A0
:105A1000EDE72100074802F069F8EBE7A06CFF1FF3
:105A2000749E0111449B0111886CFF1F616C011170
:105A30006E9B0111979B011170B50B4C85002B5982
:105A40000100002B0BD0DA78084802F04FF82B59F0
:105A5000D87803F055FCFF222B59DA7070BD04484A
:105A600002F044F8FAE7C046A06CFF1FB19B011199
:105A7000979B011170B506008CB00C001500002139
:105A80003022684603F09CF931001022684603F08A
:105A9000DFF91D2021000322684403F0D9F968468C
:105AA000FFF7B2FD2D21040003222800694403F012
:105AB000CFF920000CB070BDF0B50700160097B00C
:105AC00001931CAB1D7830221EAB00910AA8002167
:105AD0001C7803F075F9102239000AA803F0B8F910
:105AE0001022002102A803F06BF90722310002A85E
:105AF00003F0AEF9072202AB9818631E9C4101998E
:105B000003F0A6F902AB9C732B005A1E934102AA24
:105B1000D3730021102206A803F052F906221D9922
:105B200007A803F095F91A2002ABC01806221F99A6
:105B300003F08EF9102200990EA803F089F91022C3
:105B400002AB0EA908781C78013A6040D2B2087006
:105B500001330131002AF5D10AA8FFF755FD1022C3
:105B600012A904000EA803F033F9102206AB0EA907
:105B700008781D78013A6840D2B2087001330131CB
:105B8000002AF5D10AA8FFF73FFD04431022209810
:105B9000E4B212A903F05CF9200017B0F0BD70B5B3
:105BA0000E0014008CB00100102268461D0003F0A6
:105BB0004FF93100082204A803F04AF92100082215
:105BC00006A803F045F96846FFF71EFD0400102201
:105BD000280008A903F03CF920000CB070BDF8B50E
:105BE00006000D0000243719AC4200D3F8BD03F0C5
:105BF000A7FA030A3B70631CDBB201379D4203D94D
:105C00000234F054E4B2EEE71C00EDE773B5060091
:105C10000C000225002819D0002917D0032101A863
:105C2000FFF7DDFF6B469A793F231A400133134398
:105C30006A463000937101A92200FFF71BFF051E81
:105C400004D10322E01C01A903F0C2F8280076BDAC
:105C500003785807DA08C00FD20080009B07104372
:105C60009B0F1843C0B2704707230B40C908C900F7
:105C70000B4303707047000070B50400FFF7DCFEB3
:105C8000134DA4006359002B21D0186A002801D0BD
:105C900003F04EFA2B59986E002801D003F048FA11
:105CA0002B59D86E002801D003F042FA2B59186FF7
:105CB000002801D003F03CFA2B59586F002801D07E
:105CC00003F036FA285903F033FA00232B5170BD44
:105CD000A06CFF1F0E4B8000C35870B50C00002B4A
:105CE0000FD09D68002D0CD02B78201D0B706B7889
:105CF0004B70A97CFFF7B8FF2B7E23726B69E360C2
:105D000070BD10220021200003F05AF8F8E7C046C9
:105D1000A06CFF1F014B18607047C0469C6CFF1FB2
:105D2000074A03008000825810B5002A06D0D088A8
:105D3000984203D1012901D1FFF79EFF10BDC04653
:105D4000A06CFF1FF0B5264E95B087000B93BB5992
:105D50000500099112200A92002B31D0D888FFF754
:105D60007FFB04001420002C2AD0280010A9FFF784
:105D7000B1FFBB591E781D6A002E23D00895FDF790
:105D800043FA07000020FDF745FA0790A379E61DC6
:105D9000069310AD0CA9089800F0E2FA0EA92800AD
:105DA00000F0D7FA0B9B0A990493069B099802937B
:105DB000079B0396019300970EAB0CAAFFF77CFE9E
:105DC00015B0F0BDFDF720FA06903000FDF722FA7D
:105DD000E31DA779079310AB06000893DAE7C046E6
:105DE000A06CFF1F30B50C4C85002A59030085B00C
:105DF0000120002A0ED018006946FFF76BFF2B59CF
:105E00001A78D888054B002A00D1054B6A4607212D
:105E100000F0D9FB05B030BDA06CFF1F536301112A
:105E20006163011130B5094C8500295985B01022F4
:105E30006846253102F0CCFF2A591121044BD08845
:105E40006A4600F0C0FB05B030BDC046A06CFF1F25
:105E5000FD63011130B5094C8500295985B0102228
:105E60006846353102F0B4FF2A591121044BD0881D
:105E70006A4600F0A8FB05B030BDC046A06CFF1F0D
:105E80003B640111F7B54D4F86001020F4590D0009
:105E900003F046F8F3592062186A132200286CD0E8
:105EA000033A29009C6802F093FFF3591A78019293
:105EB000002A58D11E6A227D317B9446514001222E
:105EC000019F114201D167461740217D914339431B
:105ED0002175377B4F40BC4660460027800701D4C0
:105EE0004F081740012102208F40227D82433A4310
:105EF0002275377B5740BC4660460027400701D4D7
:105F000097080F400420227DBF0082433A43227548
:105F1000627D002794466046727B42400A4201D16E
:105F200067460F400121627D8A433A436275777B61
:105F30005740BC4660460027800701D457080F40F1
:105F40000220627D7F00824317436775767B0022C3
:105F50007E40760701D4BA080A400426617D92008B
:105F6000B1430A4362756A78002A08D06278002A31
:105F700005D005220533DA7700221000FEBD042289
:105F80002979114205D1A17C114202D10533033A8E
:105F9000F1E7019A21782C78002A02D10A00210029
:105FA000140018220429E8D8042CE6D80520604300
:105FB000034A05331218525CDDE7C046A06CFF1F90
:105FC000949E011110B50A001121024B00F0FBFA5A
:105FD00010BDC046976401110B0030B587B001AD0C
:105FE0002B806B4604001100981D082202F0F0FE81
:105FF0002A000B212000024B00F0E5FA07B030BD6B
:10600000BF64011110B50A001121024B00F0DBFA48
:1060100010BDC0461365011113B50B0011006A468F
:1060200013706B4604000622581C02F0D1FE6A462B
:1060300008212000014B00F0C6FA13BD33650111A1
:1060400010B50A001121024B00F0BDFA10BDC04688
:10605000836501117FB505000B4BAA00D4580800D9
:10606000002C0FD0666F237FE28821780396266F7D
:106070000296E66E0196A46E0094FDF75DFB280083
:10608000FFF7FAFD7FBDC046A06CFF1F10B51721BA
:10609000FFF7E0FF10BD000070B50A000D00064BD1
:1060A0000221040000F08FFA060029782000FFF793
:1060B000D1FF300070BDC0466364011170B586B079
:1060C00000236A461370836804001D78681E0A283E
:1060D00059D801A902F0F4FF060633373B3F434786
:1060E0004B4F5300180000F042F9062312284BD002
:1060F00000281BD16088FFF7B3F90823002813D0CC
:106100004279002A47D1264B1A78072312070BD56C
:10611000244B1A680723002A06D01668002E03D0E5
:10612000290001AAB04703006A4613706B461B782A
:106130006088002B2AD1FFF741FC06B070BD180023
:1061400000F06CF9D4E7180000F087F9D0E71800E8
:1061500000F093F9CCE7180000F0ADF9C8E718009B
:1061600000F0C3F9C4E7180000F0F6F9C0E7180022
:1061700000F0F6F9BCE7180000F013FAB8E71800D1
:1061800000F013FAB4E707236A4613706946608883
:10619000FFF782FFD1E70523012AC5D1024BB8E7FB
:1061A0002D6BFF1F986CFF1F9C6CFF1FF8B52C4FC9
:1061B0008600F35904000D00002B40D0DA8882429B
:1061C0003DD15A78062A33D11A78002A2ED00120E0
:1061D00099681A6A097D014206D0157B054203D0F1
:1061E00007225A700120F8BD0220014204D0157B1D
:1061F000054201D00922F4E70420014204D0127BB9
:10620000024201D00B22ECE7164B1B68002BE9D0B1
:106210005B68002BE6D020009847BB5900215B78D3
:10622000122BDFD12000FFF715FFDBE70E4BECE769
:10623000112A04D1002900D032252900F2E7002DCF
:1062400008D12000FFF70CF9002803D010230279B1
:106250001343037121002800FDF7ECF9C2E7C046A3
:10626000A06CFF1F986CFF1F9C6CFF1F70B50E4E3B
:106270008500AB590400002B13D01B78002B11D1E3
:106280000A4B1B68002B04D05B68002B01D0200058
:10629000984773595B78122B03D100212000FFF738
:1062A000D9FE70BD024BECE7A06CFF1F9C6CFF1F7A
:1062B000986CFF1F094B8000C3581020002B0CD096
:1062C0001A6A002A09D09B68002B06D0127A1B7E1E
:1062D000101C9A4200D9181CC0B27047A06CFF1F56
:1062E00070B503000D0014000220002A30D00029F0
:1062F0002ED013700B78081D53704B789370FFF7F6
:10630000A7FCE070012002212B7A23716B7B0340F4
:1063100063716A7B0A401343042263716E7B1640EB
:10632000334363716E7BF608F600334363712B7B56
:106330000340A371287B014000200B43A371297BFC
:106340000A401343A3712A7BD208D2001343A371DE
:1063500070BD10B50A0001000120FFF7C1FF10BD9C
:1063600010B50A0001000220FFF7BAFF10BD70B59A
:1063700006000C000220002E30D000292ED07378A9
:10638000201D0B70B3784B70F178FFF76DFC012284
:106390003579257271794B100800134093401040F5
:1063A0000343881010408000C9080343C9000B4311
:1063B0006373B1794B1008001340934010400343BE
:1063C000881002409200C9081343C9000B432120E2
:1063D0002373FCF7C7FD854201D2122070BD222035
:1063E000257AFCF7BFFD8542F7D823781820042BC7
:1063F000F4D86378012BF1D80020EFE7030010B543
:106400000220002909D0002B07D00322481C0A7063
:1064100019000D3202F0DCFC002010BD0300022246
:10642000080010B5002B06D0002904D00E32591CEC
:1064300002F0CEFC0022100010BD030010B50220B7
:10644000002909D0002B07D00422481C0A7019002B
:106450000C3202F0BDFC002010BD10B5FFF7DEFFCE
:1064600010BD03000220002906D0002B04D0052215
:1064700000200A701B784B70704703000220002B2D
:1064800008D0002906D05B7800200B70013B082B58
:1064900000D918307047030010B50220002909D038
:1064A000002B07D00622481C0A7019000A3202F09D
:1064B0008FFC002010BD10B5FFF7B0FF10BD02002B
:1064C0000B00022010B500290ED0002A0CD00721A5
:1064D0001970118859701188090A997011180822C9
:1064E000D81C02F075FC002010BD03000A00022039
:1064F00010B5002B0CD000290AD0997858780902E1
:1065000001431180901CD91C082202F061FC00207C
:1065100010BD030010B50220002909D0002B07D0C0
:106520000822481C0A701900921802F051FC002041
:1065300010BD02000B00022010B500290BD0002A6C
:1065400009D009211970117818185970511C0622A8
:1065500002F03EFC002010BD10B5FFF75FFF10BD3C
:1065600002000B00022010B5002A09D0002907D034
:106570005178197011180622581C02F029FC0020CD
:1065800010BD030010B50220002909D0002B07D050
:106590000A22481C0A701900063202F019FC002079
:1065A00010BD10B5FFF73AFF10BD02000B0002202E
:1065B00010B5002A06D0002904D018005178FFF742
:1065C00053FB002010BDF0B585B017001E006A46D1
:1065D00006230500080091819380FEF73EFC1324FA
:1065E000011E02900CD03800B047041E05D12800CF
:1065F00001A9FEF7EDF9041E02D0029802F0A8FCF2
:106600002800FFF7DBF9200005B0F0BDF0B504006D
:106610008BB0019115000021102202A802F0D0FBDE
:10662000334EA700B85900283CD0C388A34239D1C3
:106630000378002B36D14278062A18D102000100D7
:10664000553235310C3006ABFFF7A9FA002829D1B5
:106650002000FFF72FFE020006A902A802F0B8FBF7
:10666000200002A902F094FC01200BB0F0BD816E65
:10667000002917D00B8A112A28D19D420ED10198EA
:106680001231093A02F054FC012807D1BB5920000D
:106690009D6EFFF70FFE29000200DEE73221200089
:1066A000FFF7D8FC2000FEF7DBFE061E1BD0416A78
:1066B000002918D00B8AAB4215D10822019812315B
:1066C00002F036FC01280ED1716A0AE09D42E9D140
:1066D00008220198123102F02BFC0128E2D1BB59AB
:1066E000996E8A7EB9E7200002F04AFCBCE7C046FA
:1066F000A06CFF1FF0B56B4D87007E5985B03378D5
:1067000002900393002B00D087E0B368346A0193B2
:106710007078062817D101221B7D134202D0217BFD
:10672000114218D10222134202D0217B114251D1D1
:106730000422134203D0237B134200D08BE0019B41
:106740005A7DEB5991E007380428F8D802F0B8FCDC
:10675000032E42678300B36E002B03D11C2002F08E
:10676000DFFBB066EB599C6E002C1CD01022002180
:10677000200002F025FB0298FFF79CFD010020009D
:10678000FFF72DFA02F0DCFC2082200008211230F5
:10679000FFF725FA0298FFF78DFDA076EB5921004F
:1067A000D888FFF70FFC0822EB591CE0B36E002BD2
:1067B00005D01A00198AF0881232FFF70DFC022268
:1067C000019B197DEB5911423DD0207B10423AD0FC
:1067D000073208E0F488FCF72FFD01002000FFF7E6
:1067E00011FC0A22EB595A70029B9C002A595378DB
:1067F000073B042B11D8D088FEF732FE00284ED07C
:10680000C3895A08D2182849029B0298CB542B59A5
:1068100041180433254802F073FB05B0F0BDFCF7C6
:10682000F3FC03000120834201D100200393EB59C4
:10683000DE88FCF7EFFC039902003000FFF7ECFB69
:10684000019AEB59117D042211420CD0217B114297
:1068500009D00B22C7E7F688FCF790FC0100300056
:10686000FFF7EEFB6BE7019A527D01210A4204D04B
:10687000607B084201D00C22B5E702210A4204D015
:10688000607B084201D00E22ADE704210A4204D009
:10689000627B0A4201D01022A5E71222A3E7FA2266
:1068A0005200B0E7A06CFF1FA46CFF1F6B6C0111BE
:1068B00010B5064B1A780423100018401A4200D075
:1068C0000348FFF727FA002010BDC0462D6BFF1FBD
:1068D0001440FF1F70B50400FFF7D4FA051E43D122
:1068E0002000FFF77FFA234EA400A0598268937C12
:1068F000DB0708D50321036A1B790B40012B02D16A
:10690000017F0B430377431DD97F8B1E022B0DD8CC
:10691000022900D00121C088FCF7E4FE042133598C
:106920001A7F59700A431A77280070BD01290CD1CB
:1069300002231022437000210C3002F041FA30593A
:1069400010213530FFF74BF9EEE70529ECD1022392
:10695000D118437010220C3002F03AFA0423325955
:10696000117F0B431377EAE708251828DCD1053D92
:10697000DAE7C046A06CFF1FF0B58BB005914388E5
:106980007E4F9E00F45915000493002C15D1012967
:1069900002D000200BB0F0BD101D57781678FFF71D
:1069A00057F9EB68320002932B7A04990193009017
:1069B0003B002000FCF760FEEBE7E388049A93427B
:1069C00001D00820E6E72378012B00D1D4E0059B15
:1069D000581E092800D9CFE002F072FB05CE0A2923
:1069E000CC506C859AB229000498FFF773FFD1E769
:1069F000200029001022453002F0EAF9B9594B78FD
:106A0000042B02D1013B4B70C3E70B000A00253376
:106A100035320C310498FFF795F90498FFF702FA24
:106A20000522431E9841BB59C0005A70B2E72000AE
:106A300029001022553002F0CBF9049B4F4C9D00E9
:106A4000295904980A0006AB55320C31FFF77AF940
:106A500029591022453106A802F06AFA012808D106
:106A60000498FFF7F7F90590002804D106222B5966
:106A70005A7005988EE708230593FAE763780C2B84
:106A80007AD1E36E002B03D11C2002F049FAE066B4
:106A9000BB59D86E00286FD01022290002F098F957
:106AA000BB590498DC6EFFF705FC0D22A076BB599C
:106AB0005A706EE7E06E00285ED063780D2B5BD1D4
:106AC0002B8808220382A91C123002F081F9BB59DD
:106AD0009A68517D0222114226D0186A407B1042EA
:106AE00022D00C32E4E763780E2B45D1236F002BC4
:106AF00003D1162002F014FA2067BB59186F002842
:106B000003D01022290002F063F90F22BB59CFE70E
:106B100063780F2B30D1206F0622691C103002F0F1
:106B200057F9BB599A68517D0422114203D0196A62
:106B3000497B1142D5D100210498FFF78BFA28E751
:106B4000636F002B0DD0BB59586F0028F3D0102273
:106B5000290002F03DF90122BB5952425B6F1A61D4
:106B6000E9E7142002F0DCF9BB5960675B6F002B8A
:106B7000E9D126E72978DFE707200BE7A06CFF1FA4
:106B800010B5064C207002F043F906212078FDF77D
:106B90000FFF0348FEF752FC10BDC046B36CFF1F49
:106BA000215D011100200BB270B50D00834216DA91
:106BB000264B187802F03CFA041E0DD00378922B75
:106BC0000ED0A02B37D0224B1878FF283AD02100C6
:106BD00002F066FB002835D180200002684070BDBD
:106BE00043780E2B0BD03E2BEDD18378052B12D0A2
:106BF000082BE8D181798088FFF7D8FA08E0154B97
:106C000082889A42DFD183681878591CFEF79AFE71
:106C1000002817D1D7E7104B1B785B0712D50F4B15
:106C20001B68002B0ED09B68002B0BD0C289811DE6
:106C300080889847ECE7FFF741FAA068002801D068
:106C400002F086F9200002F01BFAC5E7B36CFF1FC3
:106C50000D40FF1F182000002D6BFF1F9C6CFF1FB5
:106C600010B50078FFF712FA10BD10B50078FFF7E5
:106C7000FDFA10BD032010B502F03AFAC4208021BD
:106C8000094A8000135809061B021B0A0B431350C4
:106C90008023F3211B031360044B054A89005A50DB
:106CA0000122044B1A6010BD00E100E00000FF1F4C
:106CB000C96F0111980301400C4B82B01A78009003
:106CC00001911220002A0ED06A4612780C38032A4D
:106CD00009D8D2009B181A790130002A03D1996093
:106CE00001211000197102B07047C046B46CFF1F3B
:106CF000F0B57B4B87B000939B6D0200039380231C
:106D0000DB059B6A12200493764B1C78002C02D082
:106D1000032A02D9062007B0F0BDD0001B181C7949
:106D20000720002CF7D07048846801209040009024
:106D3000009D2040019011202542ECD19B79002B31
:106D4000E9D180235B009340684CA56702932365DB
:106D50008F68674D0223AF4214D06648DB18874224
:106D600010D06548063387420CD06448023387420E
:106D700008D063480233874204D0624BFB18584264
:106D800043411B010869A84200D1A2E0594DA84225
:106D900000D1A0E0584DA84200D19EE0574DA84236
:106DA0001BD0574DA84200D18CE0574DA84200D0CF
:106DB0008AE00F2512E0013D2B01012515E0D600E8
:106DC0006546B44601266544EE712BE0009A5B18D7
:106DD000A267029A22655D7172E00B25002BEAD052
:106DE000013D2D01013B2B430325019580263D4D9F
:106DF0003603AC46D5000595444D4519B542DED263
:106E0000D5006646AC4600256644F571039EAE4249
:106E100001D0334EB565049D002D03D18025012698
:106E2000ED05AE6258255543394EAD192F60170058
:106E3000A860781E8741002636487F423840364F8A
:106E40002E61C0190F68874200D963E7EF616F6C4C
:106E50003248DB01384018436864E0202E64E026A5
:106E60008B7940029B030340887BB601C00230400F
:106E7000034301984E790005034370203601064014
:106E800033430E26487B40003040C0260343087938
:106E9000F60040023040C0260343087B7600C00164
:106EA0003040034301200343AB610D7D0D4BD10006
:106EB000002D8BD00225FF35954059182565487166
:106EC000002028E70D2589E7002B8FD00225013B04
:106ED0008BE7012582E7032580E709257EE7C04689
:106EE00000C80040B46CFF1F98030140C00201407D
:106EF000606000406070004010500040105800403A
:106F0000004000400070FFBF00900040FFFFFFEE18
:106F10000000014020F8FFFFFF0700007F00FFFF97
:106F20000A4A03001178122010B500290CD0022162
:106F3000FF319940DB00D21801230548816003200E
:106F4000937102F03DF9002010BDC046B46CFF1FE4
:106F5000980301408021174AF8B5174D1778C905E5
:106F60000300AE6D12208C6A002F22D00C38032B48
:106F70001FD8D8001718FF79002F09D1002E01D093
:106F80000226AE65002C03D18C620C4901340C60E2
:106F9000012199400A4C1218A167802149009940AB
:106FA0000B000024074903208B60947101F0A0FFBF
:106FB0002000F8BDB46CFF1F00C8004000C00040B6
:106FC000C002014098030140F8B5002401260A4D93
:106FD0000A4B9B6AE340334208D0E7B23800FFF720
:106FE000B9FFAB68002B01D0380098470134083551
:106FF000042CEDD1F8BDC046B46CFF1FC0020140A7
:1070000070B5032002F074F8032001F0E9FEC420FB
:107010008021124A8000135809061B021B0A0B43E9
:1070200013508023F3211B0313600D4A0D4B89007D
:107030005A50032000210C4A02F0CAF8C1B20400E1
:10704000002908D10125094B202209481D7001F0B3
:107050005FFF084B1D60E0B270BDC04600E100E07C
:10706000C96F01110000FF1F756C0111B46CFF1F87
:10707000B86CFF1F980301400C234343084A10B526
:107080009B185A68002A03D0012901D1904710BDEE
:107090009B68002BFBD00029F9D19847F7E7C04641
:1070A000F46CFF1F01238340094A10B5946B1C4305
:1070B0009463506B98435063D46B2000984301292C
:1070C00001D120001843D063116B0B43136310BD33
:1070D00000800040064B01215A68C2400A4204D099
:1070E0001B68C3401800084070471B6DF9E7C04695
:1070F000008000400122064B8240002903D0D9685D
:107100000A43DA607047D9689143D960FAE7C0460C
:107110000038004030B5032444430F4BE25C1B1998
:107120009C785D7801232D1B0135AB40013BA340CA
:10713000A140DB430C00122807D8084992005218DE
:10714000116819402143116030BD054A11680B4098
:1071500023431360F8E7C046DB9E011108F00040AE
:1071600014F00040C21F70B5D4B20623092C0BD80E
:107170000125084C9540002908D00021FFF7CAFFDF
:1071800023682B4323600023180070BD2368AB43A2
:10719000F8E7C04600380040214BF0B51B185B787B
:1071A000022B21D1032444431E4A1F4EA35C121913
:1071B0009478012215008540B76B013CE4B23D4351
:1071C000A240B563194C122815D89B0000290CD198
:1071D00017495B1899680A439A600123205C154A95
:1071E000834011680B431360F0BD11495B18996827
:1071F00091439960F1E70E4B00290DD159690A437B
:107200005A61225C1328E8D00123203A93400A49AE
:10721000086803430B60E7E7596991435961F0E758
:10722000D86CFF1FDB9E011100800040209F0111E0
:1072300000F00040A0F00040A4F00040F8B50024A9
:107240001B4E1C4D1C4B1B5D012B1FD1194A926913
:10725000E2401A420BD00122B25693402200143A67
:10726000D2B2022A09D815494A6913434B61013445
:1072700002360C35172CE5D1F8BD0022B2560F4965
:107280009200521891680B439360F0E7022BEED105
:10729000E7B23800FFF71EFF01235840C1B23800A3
:1072A000FFF77AFF3800FFF715FF6877DFE7C04682
:1072B000AD9E0111D86CFF1FD96CFF1F00F000407C
:1072C000012202388240054B002903D059690A4344
:1072D0005A617047596991435961FAE70038004093
:1072E000F8B50E0001210F008740114A0400D36851
:1072F000FD43BB43D360831E8B4201D8FFF7E0FF01
:1073000000212000FFF72EFF0A4A0B4B5168012E87
:1073100005D139431B1951605E700020F8BD29402A
:10732000516002221C1962709A6915409D61F4E750
:107330000038004000800040D86CFF1F012210B5CB
:107340008240074B002906D019680A431A600121C0
:10735000FFF7C6FF10BD196891431960F7E7C046F3
:10736000008000400C2370B5002543430A4A2900E1
:107370009B181D70094B04001B185D70FFF7B0FFD0
:107380000123A340064928000A681A430A600549F8
:107390000A689A430A6070BDF46CFF1FD86CFF1F27
:1073A000348000403080004070B504000E00FF289B
:1073B00013D003250540FFF7D5FF084AA3089B001B
:1073C0009B183F22ED00AA40AE401968200091436F
:1073D000314319600121FFF78DFE70BD1838004060
:1073E000F8B50C244443134B0500E4186368002BE4
:1073F00003D1A3681220002B1AD0022201270E4BC2
:1074000000215B195A7028002770FFF769FF636835
:107410001E1E08D0A3683E00002B04D02800FFF7F2
:1074200059FE4640F6B228003100FFF73BFE00202F
:10743000F8BDC046F46CFF1FD86CFF1FF7B5C42021
:10744000FF222B4B80001958002491433F3A0A43F6
:107450001A508022274F5202274E1A60274B1D5D7B
:10746000002D21D0A31E012B03D80121E0B2FFF78C
:1074700027FF012D18D11F4B9B69E3402B4213D0EE
:10748000E3B218000193FFF725FE01000198FFF712
:1074900055FFE3B2143B022B1DD801217156184A47
:1074A0008D405369AB4353613B7F002B0DD0E5B258
:1074B0002800FFF795FF2800FFF70CFE7B7F0100F7
:1074C000834202D02800FFF7D7FD01340C37023683
:1074D000172CC3D1F7BD012100237156F3568D40FF
:1074E000074A9B009B189A68AA439A60DCE7C0464B
:1074F00000E100E0D86CFF1FAD9E0111D96CFF1FA9
:1075000000F0004070B5134D07202C78002C1FD1DF
:10751000982221005200280001F0FAFC0123C42027
:10752000FF222B700C4B80001C635C630B4B1C60B8
:107530005C600B4B195891433F3A0A431A50802222
:1075400052021A600D20074A074901F041FE20004F
:1075500070BDC046D86CFF1F00800040A0F0004006
:1075600000E100E03D7401113D720111F8B5060023
:10757000012826D00B220827164C01239340164AD7
:10758000164DD3677301ED18287C0021FFF7B2FD7B
:107590000021687CFFF7AEFD0025802338002373AF
:1075A0002571257025732572656001F019FC38007E
:1075B00001F096FD0A4BAE4207D1EB2292009E509D
:1075C000F8BD11221927074CD7E7F12292009D50F0
:1075D000F6E7C0460040004004E100E08C6EFF1F6B
:1075E0000000FF1F00900040F0B587B0050001F0DB
:1075F000DFFD04902800FFF7B9FF012D00D17DE0E9
:107600000523042708260393444C06330193444B77
:107610006A019B181A7CFF2A02D15B7CFF2B6BD07E
:10762000300001F065FD300001F0DAFB3C4B6A01EF
:1076300002936B010593029B02219E18307CFFF799
:1076400069FD0221707CFFF765FD39000027307C61
:10765000FFF7AAFE707C0399FFF7A6FE27737169F6
:10766000049B18114B08C01801F09AFC8023276175
:107670002373030ADBB22371F37EC0B22070BB42D6
:1076800044D01B232373029B6A019B181A7E01239B
:10769000002A3DD087222272636062687F331343E1
:1076A0006A0194466360029B63449B7E002B03D077
:1076B00002236268134363601A4A002D2AD1EB212A
:1076C000194B89005350019B184A9B089B009B183B
:1076D0000322019CC0202240FF24D200944080005D
:1076E0001958A1438024944022000A431A500123D0
:1076F000019A93400D4A136007B0F0BD0923082793
:107700000393DB1919260A4C019380E70323B9E799
:107710002272C5E7F121074BD3E7C0460040004085
:107720008C6EFF1F0000FF1F591AFF1F00E100E0D1
:1077300000900040991AFF1F10B50020FFF754FF7A
:1077400010BD10B50120FFF74FFF10BDF0B587B099
:1077500005930CAB1D78174F6E01F35D029002ACE0
:10776000112003910492002B1ED1637A0C380193EF
:10777000002B19D119002022F01901F0C9FB0E4B82
:10778000F31807CC07C39C466246236828001360A1
:10779000FFF72AFF0123F355002D07D12900082008
:1077A000064A01F015FD002007B0F0BD1920044A7B
:1077B0000199F6E78C6EFF1F9C6EFF1F3977011150
:1077C00043770111F0B5504B87B00093430101930B
:1077D000009B150042019E18B37E04000F00002B91
:1077E00059D00620002D1DD000291BD03379033835
:1077F000002B17D07289954214D8012B14D03389ED
:107800005B1993420EDC01F0ABFB3389F0682A0070
:10781000C018390001F014FD3389EB18338101F0F1
:10782000FFFC002007B0F0BD2A00F06801F008FD61
:107830000023F38002333371F16835812B1C102D46
:1078400000D91023651E6A425541A0220220D201B0
:107850006D4215402D4A013BAD186A682C4E82439B
:10786000600184466A60009A9BB2624406321088C6
:10787000013B471C1780085C9BB22870B342F6D1CD
:107880000820002C00D0192001F09AFC02236A681D
:1078900013436B60C5E7013C62425441A02203934D
:1078A0000123D20164421440184A1A48A418E26F16
:1078B000110019401A420FD120221648002D12D172
:1078C000402214490595237D1342AAD1059B581CDB
:1078D00005908B42F7DD04E0039A511C039182422C
:1078E000E5DD0D209EE70491237D134205D03B7812
:1078F000013DADB223700137E0E7049B5E1C0496A6
:107900008342F1DDEDE7C0468C6EFF1F0040004072
:10791000FFFF0000A0860100030010B50620072B22
:1079200009D8054A137001F09BFAD7210020034BB8
:10793000034A89005A5010BD3C40FF1F0000FF1F42
:10794000D91AFF1F10B50A0001000020FFF73AFF07
:1079500010BD0000F0B599B01E9F1400614E01915A
:1079600003937B0600D4604E10233A001A40049221
:1079700001221F424BD09743DB1806AA5370002206
:1079800006AB02331A70BA0705D5002844DA2D2257
:1079900040421A70013C20233A001A4005921F42CF
:1079A00003D0019B102B40D1023C002843D1302250
:1079B000012507AB1A70039B2E009D4200DA1E00C2
:1079C0001123A41B1F4207D12700002F41DCE343F2
:1079D000DB17621E1C40141B06AB981C0378002B9F
:1079E00002D00121FFF7AEFF059B002B09D0019BC0
:1079F000082B37D106ABD81C302301210370FFF7C9
:107A0000A1FF049B2700002B42D030274FE020230A
:107A10001742B2D01033B0E77A0702D52B221A7082
:107A2000B8E73A07B7D52022F9E7019B083B5A424D
:107A30005341E41AB9E700250199029001F038FB9F
:107A4000725C07A94A55019B029A01359342F3D90A
:107A5000B1E706ABD81C202301210370013FFFF7DB
:107A600071FFB2E7019B102BCBD106AA2033D01CAB
:107A70000121D370FFF766FF782306AA0121D37096
:107A8000D01CBCE7012106AB5818FFF75BFF013F94
:107A9000002FF7DCE343DB17621E1C40141BB4E726
:107AA00006ABD81C01210770FFF74CFF013EAE4228
:107AB000F6DC013D04D22025002C0ADC19B0F0BD13
:107AC00006ABD81C07ABEB5C01210370FFF73AFF54
:107AD000EFE706ABD81C01210570013CFFF732FF30
:107AE000EAE7C046059C0111E09B01110FB400219B
:107AF000F0B589B00EAC40CC039107943378002BDD
:107B00000AD1002903D0039889B2FFF71BFF09B0FF
:107B1000F0BC08BC04B01847252B08D0039B002BF1
:107B200001D100210396370001317E1CE6E70029D0
:107B300005D0039889B2FFF705FF002303930022C5
:107B40007378771C2B2B2DD00DD8202B2CD0232BEA
:107B50002CD02A2B33D120CCB71C002D12DA1A3BA3
:107B60006D421A430EE02D2B18D0302B20D0180078
:107B7000303800250A210928EBD83B781800303826
:107B8000092817D93B782E2B57D17B78791C180000
:107B9000303809284CD800230A2717E010233E006C
:107BA0001A43CDE70423FAE70823F8E72023F6E792
:107BB0000123F4E74D43ED180137303DDDE70125A2
:107BC0006D42DFE77B431B180131303B087806002C
:107BD000303E092EF6D9D8430F00C017034039783C
:107BE000682903D0202081434C2900D101373E78F9
:107BF000782E09D8622E26D80021412E95D0582EF5
:107C000000D1B8E0252E07D00B2004ABC0182523E7
:107C100001210370FFF796FE3978002900D1B9E001
:107C20000B2004ABC01801700121FFF78BFE4BE065
:107C30002A2B05D108CCB91CCDE701235B42CEE746
:107C40000F000023CBE7300063381528DAD801F0A5
:107C5000C7F916009D00D9FFD9FFD9FFD9FF9D00B4
:107C6000D9FFD9FFD9FFD9FF3B00A3008600D9FF78
:107C7000D9FF4700D9FF9F00D9FFD9FF9400D20652
:107C800015D42E0009E0202204ABDA720B2304AADB
:107C90009B1801211800FFF755FE013E002EF2DC73
:107CA00001236A1E002D00DC1D005D1B551908CC48
:107CB00004AAD3720B239B1801211800FFF742FE80
:107CC0002026013D002D01DC00212EE704ABDE72F1
:107CD0000B2304AA9B1801211800FFF733FEF0E7DD
:107CE000210040C90491002E00D12C4E3400F3181D
:107CF0002178002901D09C421AD1A41BD2060ED4AF
:107D00000595059B9C4215DBE10FEB17A5424B4106
:107D10000021DBB26A1E8B4200D0611B5518300077
:107D2000A1B2FFF70FFE2026A5420FDC049CCBE793
:107D30000134DDE70B2004ABC018202301210370C0
:107D4000FFF700FE059B013B0593DAE70B2004AB30
:107D5000C01801210670013DFFF7F4FDE4E7691C3E
:107D600002D1012109350A43009210212A0001CCD9
:107D7000FFF7F0FDA8E740210A4310212068261DE7
:107D800000922A00FFF7E6FD34009DE702210A4336
:107D90000A21F3E7013FC8E60821EFE72A9C011119
:107DA00030B587B002AA1100064B31CB31C11B6838
:107DB0000B60002102980091049A0399FFF7C6FC1A
:107DC00007B030BD389F011170B506000D000024CA
:107DD000AC4203DB0448FFF789FE70BD315D034808
:107DE000FFF784FE0134F3E7749C0111319C01110B
:107DF00070B506000C001D00042909D00C2904D020
:107E0000012905D00224200070BD0948FFF76EFE4D
:107E100021003000FBF7B2F8041EF4D1059A049952
:107E20002800FBF7C7F8FBF735FFFEF741FDEAE74F
:107E3000379C011130B50D7802232C009C43184269
:107E400001D02B431C0008252300AB43284201D05E
:107E50002B00234320241D00A543204201D01C43B6
:107E600025002A230D70184204D011781E3B0B43C5
:107E7000137030BD0028FCD10C2113788B43F7E739
:107E8000F8B51D0006AB1B88140007AA0E000B20D6
:107E90001778002B27D10A78022A49D14A685078EE
:107EA00011780002244A08438018042840D801F0C1
:107EB00007F903121D1B2300F06800F0E1FF021C0C
:107EC000C0B2B84200D93A1CD2B22000F1682A8070
:107ED00000F07EFF06E00222F3681B882A802370F0
:107EE0001B0A63700020F8BD0622EEE701232B80F9
:107EF000F3681B782370F5E7F368002B16D008228F
:107F00002A801A8822701A88120A62705A88A2700F
:107F10005A88120AE2709A8822719A88120A62714B
:107F2000DA88A271DB881B0AE371DBE72B80D9E7D3
:107F300001202B80D7E7C04600D6FFFFF7B516001B
:107F40000A781D0008AB1F880C000123022A18D1F3
:107F50004A685078117800022B4A08438018032899
:107F60000FD801F0ADF802254439E06800F088FF31
:107F7000C0B20723B84204D37B190193152B02DD4D
:107F80000D231800FEBDE0682A003100C01900F082
:107F90001FFF6B4600209B88E268D0541B4B1B6878
:107FA000834203D01B68834200D098470023E8E750
:107FB0000B23002FE5D1022DE2D1737832781B021A
:107FC0001343E2681380114B1B68002BEED01B6833
:107FD000002BEBD00120E8E70B23002FD1D1062D99
:107FE000CED12A003100E06800F0F2FEDEE70B237C
:107FF000002FC6D1012DC3D132787533012AC0D8E4
:10800000E3681A70D2E7C04600D6FFFFE46EFF1F98
:1080100070B50C001500072837D801F051F804148A
:1080200036361B36242E182015290BD8184E16224A
:108030000021300000F0C4FE22002900300000F0D2
:10804000C7FE002070BD18200229FBD11288114BF9
:108050001A80F6E718200829F4D10A000E482900F2
:1080600001F0EEF8EDE718200129EBD10B4B107869
:108070000B49DA69FFF7DEFEE3E718200129E1D1B9
:10808000064B10780749DA6BF4E70220DAE7C046BE
:10809000CC6EFF1FBA40FF1FB040FF1F4040FF1FC4
:1080A0006840FF1F8840FF1F030010B50020DB075A
:1080B00004D50721024A034800F08CF810BDC046E1
:1080C000489F01114040FF1F054A03001068002827
:1080D00003D082889A4201D1806870470068F6E731
:1080E000DC70FF1F0A88030008009A4204D08A88C7
:1080F00004309A4200D0002070470000F8B5F22208
:1081000000230D4F0D4E79680500424333709942AC
:1081100000D07B600A4C0021200000F051FE0023BB
:108120001A007C60AB4202D100203370F8BD0133ED
:108130002280DBB2F234F5E7D471FF1FD271FF1F4A
:10814000E070FF1F73B56B4601900600684615008E
:108150001980FCF7FBF8041E11D1002D0FD0768991
:10816000002E11D00C2000F0DBFE00280ED0084AB3
:108170000460136886808560002B02D110602000A7
:1081800076BD1A001B68F7E70224F8E71324F6E728
:10819000DC70FF1F012100220A4B10B549420A4C36
:1081A000198099809A719A70084B2070012019806B
:1081B0005A60FFF7A3FF2078FCF726F90448FDF783
:1081C0003DF910BDEC6EFF1FDC71FF1FD471FF1F66
:1081D00081820111022310B5002802D0FFF7B2FFFF
:1081E0000300180010BD0000030010B50020DB07DD
:1081F00004D50421024A0348FFF7A4FF10BDC0467E
:108200005C9F0111C040FF1FF0B50E2687B003939D
:108210000CAB1F8802ABF618050008003100029273
:10822000FCF716FA04000120002C0FD03088FFF76D
:108230004BFF03000E20002B08D05E68002E05D0F7
:1082400021002800039B029A0097B04707B0F0BDB9
:108250000A4B10B5984207D10122002352420A80EE
:108260008B708A808B7110BDFFF73CFF0028FAD01D
:1082700001235B42038000238370F4E7FFFF0000CB
:10828000F8B5050001290AD1134E00243388F227DE
:10829000AB4219D028001149FFF7DAFF06E00229A6
:1082A00004D10139FDF748F90028EDD0F8BD3B00B5
:1082B00063437268D018D35A002B09D03A000021CA
:1082C00000F07EFD0134E4B2054B1B78A342EED8EA
:1082D00001235B423380DDE7D471FF1FEC6EFF1F8B
:1082E000D271FF1F10B5FFF7FDFE0300002083428F
:1082F00000D0987810BD0000F0B589B01C000EAB1E
:1083000080CB03901E8810AB1B78049202930B7AEB
:108310000D00DB0616D42B780593022B24D004988D
:10832000FFF7D2FE002812D003689C46002B0ED027
:10833000029B2200019329003B00644603980096AB
:10834000A04705E00498FFF7BFFE002802D10E20E9
:1083500009B0F0BD8368002BF9D00A2229000398E8
:1083600098470028D7D0F3E76B6858781A786B4B9A
:10837000000210439842D2D8043B984210D2684B76
:10838000984242D015D8674BC0180128C7D80B2097
:10839000002EDDD1EB681A7859683A80200028E079
:1083A000614BC018032800D979E000F089FE846A87
:1083B000789E5E4B9842B2D10B20002EC8D101238B
:1083C0003B80EB6831001B7823706889013080B2F4
:1083D000FCF73EF93A88031E0ED0017802328A1863
:1083E0003A80428962704289120AA2705968027802
:1083F000E01C00F0EDFC06E004323A80310004227B
:10840000601C00F0DDFC0020A2E70B20002E9FD1B5
:10841000EB6807A91E8804233B80330A30002670CE
:108420006370FCF715F9051E28D004AB9A890E235A
:1084300004A95B183E49C668FCF77EF900280BD1F9
:108440002B783C486A680599FAF704FD002803D1A7
:10845000012304AA5B42D3813278022A06D17168D3
:10846000201D00F0B5FC3B8802333B800E2304AA9C
:108470009B181B88A3701B0AE370C4E704ABDE8162
:10848000F4E70B20002E00D062E7E9680398FFF7BD
:1084900029FF02233B802070000A6070B3E70B20A5
:1084A000002E00D054E70222EB681B883A8023702C
:1084B0001B0A6370A7E7E86800F0E2FCC2B20300A1
:1084C0000720B24200D243E70DD00299DBB2711807
:1084D000994202DB921BD3B20293029BE9681A0015
:1084E0003B8089195AE70023F6E70B20002E00D0C5
:1084F0002EE70722EB683A801A7822705A78627069
:108500005A88A2705A88120AE2701A792271DA889F
:108510006271DB881B0AA37175E7C046042900005D
:108520000228000000D8FFFFFFD6FFFF032800004D
:10853000FFFF00006C9E0111F0B58DB06B4600206E
:10854000089120229B5E83423DDAA64B187800F00A
:108550006FFD071E32D00378B02B2CD10079023882
:1085600016281FD800F09CFD17001E001E001E00DC
:1085700031001E0096001E001D011E0052011E004B
:1085800073011E00CD011E0050021E001E001E00C1
:108590008E021E00E302944B94491B8878880B805E
:1085A000FAF798F93800FCF749F9914B1B68002B52
:1085B00001D038009847380000F062FD8020089B09
:1085C0000002434018000DB0F0BDEE2200218748A4
:1085D00000F0F6FB0BAA3B7B7989388900923A00C0
:1085E0000D32FBF74DFF0400804B1B78002C3FD170
:1085F00046E0804B788805937F4B4100CB5A0BAE09
:10860000073BDBB232880293002301937B4B2100AE
:1086100006930093059BFFF76FFE744D002810D161
:10862000069B3A8A1B889A420BD138000599123072
:1086300000F07EFC002804D02B7862899B00EB18A8
:108640005A80162306A81B18328820007989FCF767
:1086500073F82B7804009A00AA1851880029C3D017
:108660000133DBB22B70002807D006A9C98A91809C
:10867000634A12889A42BCD802E0012149429180A3
:10868000002B04D059497888FAF758F98AE73E89CF
:108690000A2479E000253E89574B06937B88069A89
:1086A0005B009B5A033B9D4202DB002DF0D05BE058
:1086B000162206A812183B7B798900923A003000F6
:1086C0000D32FBF7DDFE0590002858D04689017A6F
:1086D0007888FBF79FFE041E44D1464B78880793A9
:1086E000069B4100C95A454B0439C9B206AAD28A31
:1086F00006930291019400930599079BFFF7FCFDF7
:10870000041E2FD1069B39491A88931C002D26D1AF
:108710004B807988384B4900CB5A5119033B8B4227
:1087200020DD059B31485B8941190B71A91C01357E
:10873000C9B2EDB2059145191B0A2B71059B2D4954
:108740000433181800F044FB2C4B059A1B88D318EF
:10875000DDB22C4B9E4205D00136B6B29CE749886B
:108760009942D6D0002D0CD0204C2800618800F012
:10877000AFFB207021007888FAF7F0F812E7059C2B
:10878000F0E7002C00D183E77B78142B00D109E7B8
:1087900016493B794E800B700C717888FAF790F887
:1087A00000E7162406ABE41821003889FBF750FFD8
:1087B000011E00D1B7E1788822880F4C45002C5B60
:1087C0000A4D013CE4B2029400240F4B0194009541
:1087D000FFF792FD041E00D014E129007888FAF713
:1087E000CDF8DFE6DC71FF1FAE3FFF1FF46EFF1F09
:1087F000E86EFF1FE86FFF1F006BFF1FD870FF1FA1
:10880000AC3FFF1FFFFF0000F66EFF1F162406ABF4
:10881000E41821003889FBF71BFF011E00D182E11B
:1088200078882288AE4C45002C5BAE4D013CE4B20A
:1088300002947C89AC4B01940095FFF75DFD041E0A
:1088400000D0DFE029007888FAF7A2F8AAE6002530
:10885000A44B1D803B00F6331B78A24A7888079210
:10886000AB4208D99E4B12880693069943005B5A87
:10887000013B9A4203DB0799FAF794F892E6162433
:108880006B00FB18059306ABE418059B21001889C3
:10889000FBF7DEFE011E03D1059B01241E8973E751
:1088A0007888924B2288069C099343001B5B904E6C
:1088B000013BDBB20293002300960193099BFFF773
:1088C0001BFD041E02D0059B1E895DE77B88069A6E
:1088D0005B009B5A079A108832881218934202DC78
:1088E0001B1A013B33807F4C0230328809990019F2
:1088F00000F06EFA2388328801359B182380EDB290
:10890000A8E70BAA3B7B7989388900923A000D329F
:10891000FBF7B6FD00250590059B002B04D10A242A
:10892000002D00D16EE060E0059B7888197AFBF796
:1089300071FD0100041E63D1694C6C4B788806946C
:108940000993069B4400E45A694B063CE4B20BAE23
:10895000328807930294019100930599099BFFF7D0
:10896000CBFC041E4CD1079B5E491B881A1D002DB1
:1089700030D14A80059B5B4C5A8963191A716B1C74
:108980009BB2E318120A1A71162306A832881B1824
:1089900079890598FBF7D0FEFF21AA1C2E1D03350F
:1089A0000B00059092B2B6B2ADB2002803D006AB70
:1089B000DB8AD9B21B0AA218651911712B714C4DB3
:1089C000301D2A884949201800F002FA2B88F61831
:1089D000B5B2A1E74988914207D17A880699520039
:1089E000525AEB18053A9A42C4DC3E4C2800618882
:1089F00000F0D6FA207021007888F9F7DDFFD1E584
:108A0000002DF2D13E89BFE6162606ABF6183100DE
:108A10003889FBF71DFE3D000400FA3500282DD0F3
:108A2000037A9B060CD400227B89398978880092CE
:108A30003A000C32FFF7E8FB041E10D03E8915E027
:108A40003088FFF741FB00281AD08368002B17D02D
:108A50002100122278889847041EE4D0EEE72B7894
:108A6000002B02D17888F9F7B7FF00262B78002B6E
:108A700000D097E5002C00D194E585E60124DDE7E0
:108A80000E24DBE7162506ABED1829003889FBF725
:108A9000DFFD041E47D0037A9B0611D4154A7B885C
:108AA0001188994203D01448814207D11380134B97
:108AB000F2261D780023D9B2A94221D30924A1E7C7
:108AC0002888FFF701FB00282FD08368002B2CD0CB
:108AD0002100122278889847041EDFD092E7C04612
:108AE000006BFF1FF46EFF1FF66EFF1FE86FFF1F86
:108AF000D870FF1FD471FF1FFFFF0000D271FF1F4E
:108B000031005943546801336018615A0029D2D1A9
:108B10003C0008342100F22200F05AF92100788844
:108B2000F9F762FF3EE501246CE70E246AE71D4B6E
:108B30001A887B889A4231D07888F9F75FFF31E54F
:108B4000F223059851684343CD18C95A00291FD014
:108B50003B7A012B0BD16C88AB887888AA1D0094D6
:108B6000FFF752FB041E02D000233B722E88F22234
:108B70000021280000F024F900232B80059B0133FD
:108B8000DBB20593084B05991B78064A8B42D7D870
:108B900001235B421380002CCED0F5E50026340083
:108BA0000596EFE7D471FF1FD271FF1F70B5040067
:108BB0000E001500FFF796FA031E08D13100054894
:108BC000FFF790FA03001120002B02D01C80002038
:108BD0009D7070BDFFFF0000F8B50B4F06003B789D
:108BE0000D001400FF2B0ED00A2000F039FB011EEF
:108BF00009D0B1230380002346800371C58004811E
:108C0000387800F04DFBF8BD0141FF1FF7B50F00AC
:108C100008A90600088809A90B240988002821D181
:108C20000234022B1ED1557813782D021D432B00E0
:108C30008B4301937334002B14D1FB68300019006F
:108C40000093FFF74FFB019C85420BD02A003000B8
:108C50000099FFF7ABFF041E04D12A003000798988
:108C6000FFF7BAFF2000FEBDF0B50E7885B0039087
:108C70000AA805880120022E0DD14C682778647857
:108C800024023C43054FBC4205D10398DBB2019658
:108C90000095FFF7BBFF05B0F0BDC04602290000FC
:108CA00010B504000C4800F003FB0C48A16B00F069
:108CB000FFFA0B48E16B00F0FBFA0A48216C00F068
:108CC000F7FA094B0948196800F0F2FA084B1B68DB
:108CD000002B00D09847FEE7769C01118C9C011177
:108CE0009B9C0111AA9C011104ED00E0B99C0111AB
:108CF000E071FF1F002307B501A80193FFF7D0FF24
:108D0000044A05480021121A00F002F9F7F724FD81
:108D1000FEE7C046E471FF1F0441FF1F0000000092
:108D200001B40248844601BC604700BFB352010051
:108D300001B40248844601BC604700BFF30E000046
:108D400001B40248844601BC604700BF79180000A6
:108D500001B40248844601BC604700BF9136FF1F42
:108D600001B40248844601BC604700BFF931FF1FCF
:108D700001B40248844601BC604700BFC94A0100F3
:108D800001B40248844601BC604700BF5133FF1F55
:108D900001B40248844601BC604700BF017F000067
:108DA00001B40248844601BC604700BFADAE00007C
:108DB00001B40248844601BC604700BF1D4B01005E
:108DC00001B40248844601BC604700BF154D010054
:108DD00001B40248844601BC604700BFE94C010071
:108DE00001B40248844601BC604700BF4937FF1FF9
:108DF00001B40248844601BC604700BF6DBC00005E
:108E000001B40248844601BC604700BF59520100CA
:108E100001B40248844601BC604700BFC926000077
:108E200001B40248844601BC604700BF21460100EE
:108E300001B40248844601BC604700BF855201006E
:108E400001B40248844601BC604700BFE11700003E
:108E500001B40248844601BC604700BF455101008F
:108E600001B40248844601BC604700BFD91AFF1F05
:108E700001B40248844601BC604700BF5D38FF1F53
:108E800001B40248844601BC604700BFDD520100C6
:108E900001B40248844601BC604700BFDD660100A2
:108EA00001B40248844601BC604700BF4550000041
:108EB00001B40248844601BC604700BF792DFF1F02
:108EC00001B40248844601BC604700BF8935FF1FDA
:108ED00001B40248844601BC604700BF350E000063
:108EE00001B40248844601BC604700BF3138FF1F0F
:108EF00001B40248844601BC604700BF1130FF1F27
:108F000001B40248844601BC604700BFA946010085
:108F100001B40248844601BC604700BFB70E0000A0
:108F200001B40248844601BC604700BF3D4B0100CC
:108F300001B40248844601BC604700BFCD4C01002B
:108F400001B40248844601BC604700BFB14E000036
:108F500001B40248844601BC604700BFD949010002
:108F600001B40248844601BC604700BF75A90000F7
:108F700001B40248844601BC604700BF7D36FF1F34
:108F800001B40248844601BC604700BF091B0000D1
:108F900001B40248844601BC604700BF311B000099
:108FA00001B40248844601BC604700BF090E0000BE
:108FB00001B40248844601BC604700BFD534FF1F9E
:108FC00001B40248844601BC604700BF0D52010055
:108FD00001B40248844601BC604700BFB134FF1FA2
:108FE00001B40248844601BC604700BFC938FF1F76
:108FF00001B40248844601BC604700BF8D120000E6
:1090000001B40248844601BC604700BFC51D000092
:1090100001B40248844601BC604700BF055E000001
:1090200001B40248844601BC604700BF212400000F
:1090300001B40248844601BC604700BFF54E010000
:1090400001B40248844601BC604700BFC9A90000C2
:1090500001B40248844601BC604700BF5D170000B0
:1090600001B40248844601BC604700BFED4A0100DC
:1090700001B40248844601BC604700BF7D18FF1F51
:1090800001B40248844601BC604700BF434D010063
:1090900001B40248844601BC604700BFA138FF1FED
:1090A00001B40248844601BC604700BFDD38FF1FA1
:1090B00001B40248844601BC604700BF090E0000AD
:1090C00001B40248844601BC604700BFB538FF1FA9
:1090D00001B40248844601BC604700BF291C00005F
:1090E00001B40248844601BC604700BF0937FF1F36
:1090F00001B40248844601BC604700BFC936FF1F67
:1091000001B40248844601BC604700BF691F0000EB
:1091100001B40248844601BC604700BFC52100007D
:1091200001B40248844601BC604700BF51250000DD
:1091300001B40248844601BC604700BF014C0100F5
:1091400001B40248844601BC604700BF29510100B8
:1091500001B40248844601BC604700BFEDA5000091
:1091600001B40248844601BC604700BF851F00006F
:1091700001B40248844601BC604700BF2132FF1F92
:1091800001B40248844601BC604700BFD91B0000FF
:1091900001B40248844601BC604700BF5549010044
:1091A00001B40248844601BC604700BF456B010022
:1091B00001B40248844601BC604700BFD1A500004D
:1091C00001B40248844601BC604700BFD12FFF1F95
:1091D00001B40248844601BC604700BF5930FF1FFC
:1091E00001B40248844601BC604700BF5118FF1F0C
:1091F00001B40248844601BC604700BFE928000072
:1092000001B40248844601BC604700BF55220000FB
:1092100001B40248844601BC604700BF2526000017
:1092200001B40248844601BC604700BF9DA900000C
:1092300001B40248844601BC604700BF51470100A9
:1092400001B40248844601BC604700BF810E0000A3
:1092500001B40248844601BC604700BF4D1F0000B6
:1092600001B40248844601BC604700BF1D4D0100A7
:1092700001B40248844601BC604700BFA54F01000D
:1092800001B40248844601BC604700BF8B52010014
:1092900001B40248844601BC604700BFE5480000B5
:1092A00001B40248844601BC604700BF594F010029
:1092B00001B40248844601BC604700BFE53A0100A2
:1092C00001B40248844601BC604700BF3D1800005D
:1092D00001B40248844601BC604700BFF94C01005C
:1092E00001B40248844601BC604700BF8538FF1FB7
:1092F00001B40248844601BC604700BF156B010001
:1093000001B40248844601BC604700BF1147010018
:1093100001B40248844601BC604700BFB537FF1F57
:1093200001B40248844601BC604700BF35550000C7
:1093300001B40248844601BC604700BF012400001C
:1093400001B40248844601BC604700BFB54C01002F
:1093500001B40248844601BC604700BFB92FFF1F1B
:1093600053444B2056657273696F6E204944202523
:10937000303878200A007266436C6B2025642072B6
:1093800063436C6B20256420737973436C6B2025D9
:10939000642074704361705B253032782025303250
:1093A000785D0A0073697A656F66287374727563F5
:1093B00074206C6C5F706B745F6465736329203D0F
:1093C0002025642C206275662073697A65203D2013
:1093D00025640A0073697A656F6628675F70436F5A
:1093E0006E6E656374696F6E42756666657229207C
:1093F0003D2025642C2073697A656F662870436F61
:109400006E6E436F6E7465787429203D2025642C40
:109410002073697A656F66286C617267654865615B
:1094200070293D2564200A005B5245535420434176
:109430005553455D2025640A20004D454C423A2095
:10944000575332383132205350492074696D656F5B
:1094500075742F6572726F723D25643B2072656E64
:1094600064657265722064697361626C65642C2046
:10947000424C45206B65707420616C6976650A000A
:109480004D454C423A2072656E6465722066726189
:109490006D653D256C75207370693D30206D6F647E
:1094A000653D2530327820706F7765723D25750AED
:1094B000004D454C423A2048617070794C696768AC
:1094C00074696E6720464644392077726974652056
:1094D0006C656E3D25750A004D454C423A20486149
:1094E0007070794C69676874696E67207374617411
:1094F000757320726571756573746564207769741E
:10950000686F75742046464434206E6F74696679BE
:1095100020737562736372697074696F6E0A004DAF
:10952000454C423A2048617070794C6967687469AB
:109530006E6720737461747573206E6F74696679D9
:1095400020726573756C743D257520706F77657238
:109550003D2575206D6F64653D2530327820737030
:109560006565643D25750A004D454C423A204861C9
:109570007070794C69676874696E6720636F6D6D90
:10958000616E642072656A656374656420726573D8
:10959000756C743D25750A004D454C423A20737434
:1095A00061746520706F7765723D2575206D6F64FD
:1095B000653D25303278206272696768743D257593
:1095C0002073706565643D2575207267623D257561
:1095D0002C25752C25750A005245440047524545F7
:1095E0004E004F464600424C5545004D454C423AD0
:1095F00020627574746F6E7320706F7765723D258D
:1096000075206D6F64653D25303278206272696720
:1096100068743D25752073706565643D25752072FD
:1096200067623D25752C25752C25750A004D454C26
:10963000423A205247422074657374202573206299
:1096400072696768746E6573733D33322067616D4C
:109650006D615F6F75743D257520646D615F646F2A
:109660006E653D256C750A006F6B004641494C00E4
:109670004D454C423A2057533238313220535049ED
:10968000312F50333420696E69743D257320706327
:109690006C6B3D256C7520646976696465723D2547
:1096A0006C752061637475616C3D256C75487A201A
:1096B0007461726765743D256C75487A0A004D4582
:1096C0004C423A20626F6F742052474220646961B5
:1096D000676E6F73746963205245442062726967D4
:1096E00068746E6573733D25752067616D6D615F8C
:1096F0006F75743D257520646D613D310A004761C9
:1097000070726F6C655F73746172740A0047617088
:10971000726F6C655F61647665727374696E670AF7
:1097200000476170726F6C655F436F6E6E65637446
:1097300065640A00476170726F6C655F44697363AA
:109740006F6E6E656374696F6E0A00476170726F49
:109750006C655F7761697474696E675F6166746573
:10976000725F74696D65726F75740A00476170721B
:109770006F6C65206572726F72210A005B47415001
:1097800020524F4C452025645D0A000A4D454C424D
:1097900020626F6F743A204D757369632D4C696751
:1097A00068742D56332D323231313031202F205311
:1097B000543137483636420A004D454C423A20551E
:1097C000415254302050392F503130203131353210
:1097D00030300A004D454C423A20424C4520696EDB
:1097E000697420626567696E0A004D454C423A20F3
:1097F000424C45206E616D653D25730A004D454C18
:10980000423A2061647620696E74657276616C20DC
:10981000756E6974733D25750A004D454C423A20BA
:1098200061647620646174613D2530327820253092
:109830003278202530327820253032782025303299
:1098400078202530327820253032780A004D454C7A
:10985000423A20726567697374657220486170705E
:10986000794C69676874696E6720464644352F46AF
:109870004644392F464644340A003D3D3D3D3D5364
:10988000696D706C65424C455065726970686572AF
:10989000616C5F496E697420446F6E653D3D3D3D6E
:1098A0003D3D3D0A006164764E25750A003D3D3E12
:1098B000204843495F434F4D4D414E445F434F4D18
:1098C000504C4554455F4556454E545F434F4445C3
:1098D0003A2025780A004D454C423A205342505FC9
:1098E00052455345545F4144565F455654202D3EE2
:1098F00020656E61626C652061647665727469735F
:10990000696E670A0054494D45525F4556540A0036
:10991000566261743A202564206D562C20256420FF
:1099200025250A004D454C423A20474150526F6C64
:10993000655F53746172744465766963650A004DAE
:10994000454C423A206865617274626561742025F5
:109950006C75206576656E74733D3078253034788B
:10996000206761703D2575206164763D25750A008C
:10997000434D442064617461206576656E74730A9A
:10998000003031323334353637383941424344457B
:1099900046005B48434920444C455D2564202564CE
:1099A0002025640A005B4154545F4D54555D2025C9
:1099B00064200A006761705065726950726F636558
:1099C0007373484349436D64436F6D706C65746590
:1099D000457674204F70636F646520307825580A8F
:1099E0000043544520506172616D20737461747539
:1099F00073203078253032580A0043544520656E74
:109A000061626C65207374617475732030782530E1
:109A100032580A0067617050726F63657373424C0D
:109A2000454576656E7473204843495F4C455F43F6
:109A30004F4E4E454354494F4E4C4553535F495149
:109A40005F5245504F52545F4556454E54200A00D0
:109A500067617050726F63657373424C45457665FC
:109A60006E7473204843495F4C455F434F4E4E45EB
:109A70004354494F4E5F49515F5245504F52545FD6
:109A80004556454E54200A005B5341525F465245AD
:109A9000455D0A005B5245415F465245455D0A00FF
:109AA0005B5341525F5258204552525D204E6F53D6
:109AB000617220632025780A005B5341525F52583F
:109AC000204552522025645D2025642025640A002B
:109AD0005B5341525F525820455252202564202545
:109AE000645D202564207025303878204C20256462
:109AF00020432025640A005B5345475F4652454595
:109B00005D0A005B5345475F5052545D25303878FD
:109B100020253032780A005B534255462046554C8A
:109B20004C5D204552522025642030782530327813
:109B30000A005B5342554620465241472046554C49
:109B40004C5D0A0025732C75706461746520636F29
:109B50006E6E656374696F6E48616E646C65202516
:109B6000642074696D657249442025640A00257378
:109B70002C737461727420636F6E6E656374696FA9
:109B80006E48616E646C652025642074696D657231
:109B900069642025640A007050616972696E6750BB
:109BA0006172616D735B25645D204E554C4C200ADB
:109BB00000736D53746F7052737054696D657220C9
:109BC000636F6E6E656374696F6E48616E646C6519
:109BD0002025642074696D657249442025640A005B
:109BE0003031323334353637383961626364656613
:109BF0006768696A6B6C6D6E6F707172737475767D
:109C00007778797A00303132333435363738394124
:109C100042434445464748494A4B4C4D4E4F5051AC
:109C200052535455565758595A003C4E554C4C3E79
:109C3000002530327820004741505F4465766963E3
:109C400065496E69743A204741505F50524F46490A
:109C50004C455F43454E5452414C207C2047415077
:109C60005F50524F46494C455F5045524950484518
:109C700052414C200A005B48617264206661756C39
:109C8000742068616E646C65725D0A004C5220201D
:109C9000203D203078253038780A0050432020209D
:109CA0003D203078253038780A0050535220203D2E
:109CB000203078253038780A0049435352203D201F
:109CC0003078253038780A000200030004000500CF
:109CD00006000700080009000C000D001600000037
:109CE00071090111A5090111000000000200000026
:109CF000F69C0111192A0F180A000000F159000002
:109D0000FD240000414601008D4A0111A56B01119F
:109D1000E13E01119148011195240111398501118C
:109D2000392101110000FF00FFFFFF0000000000CB
:109D300000FF00FFFFFF00FF00FFFF00FF0000002B
:109D40000000FF00FFFF00FFFF0000FF00FFFF001B
:109D5000000000FF0000FF00FFFF0000F90B0111F1
:109D6000E90F011100000000120C000002000000C9
:109D7000789D0111D4FFD9FFD5FF252D3038FF0084
:109D80000000FF000000FF00FFFFFF00FFFFFF00DB
:109D9000FF6010FFB460FF07AD1A01110000000062
:109DA000000000004449590056322E310030303254
:109DB00030006769746875622E636F6D2F707676F8
:109DC00078005472696F6E65730000000200000035
:109DD000E09D0111292A282A272A262A252A242A11
:109DE0000A180000050000001F501D10023CB400BE
:109DF000FB349B5F8000008000100000000000002A
:109E0000972A011181410111BB2A011189450111D4
:109E10003F2B01115F450111B52B01113545011192
:109E2000072C0111FD4601116F2C0111FD46011196
:109E3000A12C0111B7460111B52B0111ED440111FF
:109E40002D2C0111954601110000000000000000BA
:109E5000132D011195460111752D01119941011123
:109E6000052A042A012A002A022903280128002899
:109E700001180018736D53746172745273705469D1
:109E80006D6572000000000000000000000000008E
:109E90000000008701010201020101020102030327
:109EA00004010301010101010303020103000D008C
:109EB0000E001000110013001401070108010A012F
:109EC0000B011C011D02040205020702080219020F
:109ED0001A021C021D030103020317000201000500
:109EE00004000807000B0A001716001D1C010201E0
:109EF000010504010E0D01111001141301171601C3
:109F00001A19020201020B0A020E0D0211100214AC
:109F100013021716030504030807030B0A030E0DAB
:109F20000001020307090A0B0E0F10111214171873
:109F3000191A1B1F202122000506FFFF00C2010085
:109F40000100000000000000817E01113D7F011131
:109F50000000000002000000729E011100000000DD
:109F6000698C01110000000002000000709E0111C8
:020000041FFFDC
:1000000000000000D10A0111FC9C0111F89C0111B3
:10001000105EFF1F00000000000000000000000054
:1000200000000000000000000000000000000000D0
:1000300000000000000000000000000000000000C0
:1000400000000000000000000000000000000000B0
:1000500000000000000000000000000000000000A0
:100060000000000000000000000000000000000090
:100070000000000000000000000000000000000080
:100080000000000000000000000000000000000070
:100090000000000000000000000000000000000060
:1000A0000000000000000000000000000000000050
:1000B0000000000000000000000000000000000040
:1000C0000000000000000000000000000000000030
:1000D0000000000000000000000000000000000020
:1000E0000000000000000000000000000000000010
:1000F0000000000000000000000000000000000000
:1001000000000000000000000000000000000000EF
:1001100000000000000000000000000000000000DF
:1001200000000000000000000000000000000000CF
:1001300000000000000000000000000000000000BF
:1001400000000000000000000000000000000000AF
:10015000000000000000000000000000000000009F
:10016000000000000000000000000000000000008F
:10017000000000000000000000000000000000007F
:10018000000000000000000000000000000000006F
:100190004532FF1FA530FF1FC166010000000000AF
:1001A000000000000000000000000000000000004F
:1001B000000000000000000000000000000000003F
:1001C000000000000000000000000000000000002F
:1001D000000000000000000000000000000000001F
:1001E000000000000000000000000000000000000F
:1001F00000000000000000000000000000000000FF
:1002000000000000000000000000000000000000EE
:1002100000000000000000000000000000000000DE
:1002200000000000000000000000000000000000CE
:1002300000000000000000000000000000000000BE
:1002400000000000000000000000000000000000AE
:10025000000000000000000000000000000000009E
:10026000000000000000000000000000000000008E
:10027000000000000000000000000000000000007E
:10028000000000000000000000000000000000006E
:10029000000000000000000000000000000000005E
:1002A000000000000000000000000000000000004E
:1002B000000000000000000000000000000000003E
:1002C000000000000000000000000000000000002E
:1002D000000000000000000000000000000000001E
:1002E000000000000000000000000000000000000E
:1002F00000000000000000000000000000000000FE
:1003000000000000000000000000000000000000ED
:1003100000000000000000000000000000000000DD
:1003200000000000000000000000000000000000CD
:1003300000000000000000000000000000000000BD
:1003400000000000000000000000000000000000AD
:10035000000000000000000000000000000000009D
:10036000000000000000000000000000000000008D
:10037000F58C0111000000000000000000000000EA
:10038000000000000000000000000000000000006D
:10039000000000000000000000000000000000005D
:1003A000000000000000000000000000591AFF1FBC
:1003B000000000000000000000000000000000003D
:1003C000000000000000000000000000000000002D
:1003D000000000000000000000000000000000001D
:1003E000000000000000000000000000000000000D
:1003F00000000000000000000000000000000000FD
:08183800F075FF1F4118FF1FAE
:10184000024981F3088802F0C3F90000F075FF1F18
:1018500010B502F00DF9072804D0122808D002288C
:1018600008D010BD044A0420136B01331363F8E75A
:101870000220F6E71420F4E7A86BFF1FF8B5070075
:101880000C0026002500503630785135002804D150
:101890000300287058342370F8BD2978CA00481E08
:1018A0008141A3183800A25C5B68C9B2FFF7D0FF82
:1018B00000280DD12B78DA00A218013350602B706C
:1018C0003378044A013B3370136A01331362D8E75B
:1018D0000123DFE7A86BFF1F5C234343074910B5D3
:1018E000C9180B0058331B78012B05D1FFF7C6FF31
:1018F000034A936A0133936210BDC046DC6BFF1F3D
:10190000A86BFF1F10B502F093F9064A01211300DE
:1019100010CB4942D967044B136002F039FA20001A
:1019200010BDC04600E100E01000100010B504003A
:1019300002F07EF9024B1C6002F02AFA10BDC0468C
:1019400000E100E0431E5A425341A022F0B5D2010B
:101950005B421340154D164A40019B182A18127E0F
:101960008BB00191002A1BD01A000832D46F0022DC
:10197000E6B206AFE4B294420EDC2818C369002B2D
:1019800008D0019902AA117106AA049202AA16733C
:1019900003A898470BB0F0BD1978B9540132EAE7B3
:1019A0001A7D1A7806AB01261A70E6E78C6EFF1FC7
:1019B00000400040F0B5254B04004001C25C85B0FA
:1019C000002A2BD01A18117E002927D0917E0029D9
:1019D00024D01179022921D11689D788D168F51B25
:1019E000ADB22A1C102D00D9102292B2BE4217D1DE
:1019F0001818012303710023C269C38003819A422E
:101A000006D06846032103730171029301A8904731
:101A10000820002C00D0192001F0FAFA05B0F0BD22
:101A2000013C65426C41A0256442ED012C40084D0B
:101A30001B186419074D0633013A92B2AA42EDD041
:101A40001888461C1E80085C2070F5E78C6EFF1F0E
:101A500000400040FFFF00000F220E4B10B59868B9
:101A6000104002380A280BD801F024FF0D0A0B0A97
:101A70000A110A0A0A0A060002210020FFF762FF83
:101A800010BD0121F9E70020FFF794FFF8E7DB6FB5
:101A9000F6E7C046004000400F220E4B10B5986894
:101AA000104002380A280BD801F004FF0E0A0B0A76
:101AB0000A120A0A0A0A060002210120FFF742FF61
:101AC00010BD01210800F9E70120FFF773FFF7E7D8
:101AD000DB6FF5E70090004013B5334C2378072BFC
:101AE0003DD8324B1A78324B002A39D180221968FE
:101AF00052020A431A60252001F0E6FD20232D4AF8
:101B000011680B43802113606B460422C9050868E5
:101B10000733104228D080210422C905C86810422A
:101B20002ED080212020C905CA688243CA601422B1
:101B30001A701A78002A2FD18021C905C86820326E
:101B40000243CA6014221A701A78002A28D11A4B4C
:101B50001A7D22785A601D221A705932DA6013BD3C
:101B60001A6816490A40C5E7086802430A60142249
:101B70001A701A78002ACED01A78013AD2B2F7E752
:101B8000C8680243CA6014221A7019784A1ED2B279
:101B90001A700029F9D1C4E71A78013AD2B2C7E71E
:101BA0001A78013AD2B2CEE73C40FF1F0441FF1F32
:101BB0003CF000403440FF1F00200040FFFFFEFFCC
:101BC000564B70B51B68012B03D1554A936D0133F9
:101BD000936501F09DFE534B534A1860534B544C90
:101BE0001A600123534A1360534A13602378002B71
:101BF00006D006225149524802F0B2F80023237061
:101C0000504A514B10681B78C1B2002B0ED14F4C7B
:101C1000C0B223785BB2002B4FDB237824785BB211
:101C200064B21B0424021B191B1813600B1C5029DF
:101C30004ED95023464A47491078DBB2FF2202288A
:101C40004BD10868444C454D267890432A789642FB
:101C500054D9227824782E78023B5D10A31B6B4365
:101C60005201D31A10335B111843086001F098FE3B
:101C7000031F012B45D83A4B1B78002B06D0394B5C
:101C80001B78002B02D0002001F0E2FEA122364B8F
:101C900092009978354B4A431B689B188322920027
:101CA0009B181B78033B012B03D8AF20400001F0A9
:101CB0003FFF01222E4BDA8270BD237824785BB27D
:101CC00064B2FF33FF341B0424021B190138ABE755
:101CD000CAB2022AAED20223ACE70868254C264DD0
:101CE000267890432A78964208D9227824782D784D
:101CF000023B5B10641B63435201B2E72378DBB203
:101D0000B2E70228D5D11D4B1B78013B022B03D92A
:101D10001B4B1B78022BCCD16C20C8E79809FF1F06
:101D2000FC0FFF1FF46AFF1FFF3F00001410034069
:101D3000F86AFF1F0C10034000100340D50BFF1F73
:101D40007211FF1FB40003408C09FF1F680AFF1FB8
:101D5000490AFF1F94000340460AFF1F470AFF1F5E
:101D6000F908FF1F2209FF1F300DFF1F3409FF1F55
:101D7000BC0BFF1F440AFF1F450AFF1F1C09FF1F62
:101D80002309FF1F10B501F0DBFF0022014B1A8071
:101D900010BDC046F06AFF1F10B502F021F8A12166
:101DA000054A89009478054A61431268044B521829
:101DB000528C1A8010BDC046300DFF1F3409FF1F22
:101DC000F06AFF1F10B50D4B0D4A9978A1239B00B7
:101DD0004B431268D218531DD97F0A4B1B88994276
:101DE00009D2441C07D0C82805D0D2695B1A5A43CF
:101DF000054B5343C01801F0ABFF10BD300DFF1F62
:101E00003409FF1FF06AFF1F7102000070B5244DF6
:101E10002B68002B28D001F08BFD2B68D8402B6855
:101E20000400002B27D001F00BFE2B68D8401D4B7F
:101E30001D4A9978A1239B004B431268D118D25CAC
:101E400091239B00002A20D0CA580132CA50174B58
:101E500017491B680868834214D3D23B181A012A19
:101E60001AD0144B186070BD01F062FD124B196856
:101E700001F03EFED3E701F0E3FD0F4B196801F0DE
:101E800037FED4E70D495B18E8E7CA500C4B1B68D6
:101E9000DB68E418201AE4E7F530FF30E1E7C046DC
:101EA0001C08FF1F300DFF1F3409FF1F9C09FF1F77
:101EB000F46AFF1FA009FF1F1808FF1F2DFF3F0036
:101EC000FC6AFF1F70B504000D00282916D103001D
:101ED000A433C2881B889B1A0B4A9BB293420DD92C
:101EE00006006A3605223100653001F059FF0028EE
:101EF00004D13100200001F073FD70BD29002000E5
:101F000001F02EFDF9E7C046FE7F0000F8B50500A0
:101F1000012001F005FF134CA36AA26A9342FBD192
:101F2000114E336001F0ACFD104903000860104809
:101F3000426894460F4A17680022BC4501D24268A5
:101F4000BA1A0D4802603268AD18A422E562606AD0
:101F5000520302436262094A1278002A01D00F3B01
:101F60000B60F8BD00F00040340AFF1FE408FF1FBB
:101F700028100040180AFF1F1C0AFF1F1C09FF1F22
:101F800070B580241025E405A3682B43A36001F0FD
:101F90009FFDA368AB43A36070BD0000F7B51600BA
:101FA00080221C001023D2050191916805000B438B
:101FB000936000225A4BD7301A6001F0E1FC9D2358
:101FC0002A002F009B00EB58CA3201210092FC37F7
:101FD000002B01D00021009A386801F091FC290003
:101FE000009BCB311A784F4BD3351A604B780A7867
:101FF0001B0213438A7812041A43CB781B0613433F
:10200000494A1BBA13604B790A791B0213438A7938
:1020100012041A43CB7931001B061343434A1BBAFF
:1020200013606B782A781B021343AA7812041A43B0
:10203000EB781B0613433E4A1BBA1360019A330226
:1020400013433C4A13603C4B22001B1B9C46032954
:102050003DDCB3089A0013005142B21A032A46D15C
:10206000354AE018511A827840781204000202437F
:10207000E05C043302430A600022FF2B4BDDF022B8
:102080002E4B12011A600F222D4B1A602D4A136835
:10209000002BFCD00023224A27491360091B321D64
:1020A0000B191B68043A180A23706070180C1B0E79
:1020B000A070E3700434002AF2DC802210213B6817
:1020C000D20501333B6093688B439360F7BD634651
:1020D000D578981893782D061B042B43157804396E
:1020E0002B43557804322D022B430360AFE7022ABD
:1020F0000AD1114AE05C511AE218527812020243E6
:102100000A6004339BB2B7E7012AB5D10A4A521AD2
:10211000E15C1160F5E7084959180A600433ACE73F
:10212000000004403C0004403800044034000440F7
:10213000300004400C00044000010440040004404E
:102140001000044014000440F7B5150080221C0064
:102150001023D2050091916807000B439360002380
:10216000654AD730136001F00BFC9D233E009B00B5
:10217000F9583B00CA363200FC33002900D07FE01A
:10218000586801F0BDFB390032785C4BCB311A60E6
:102190004B780A781B0213438A78AC4612041A4320
:1021A000CB78281D1B061343554A1BBA13604B7985
:1021B0000A791B0213438A7912041A43CB791B064E
:1021C0001343504A1BBA13604B7A0A7A1B0213431B
:1021D0008A7A12041A43CB7A21001B0613434A4A17
:1021E0001BBA1360009A2B021343484A1360220063
:1021F000474B1B1B0093009BCE785B1801938B7899
:1022000036061B0433430E78043833434E780431CA
:1022100036023343019E33600328ECDC0321A80817
:10222000431C9B002940800003292BD13849E51825
:102230005E18A9786D78E35C09042D0229431943DF
:102240003160030008330021FF2B2DDD314B324973
:1022500019600F21314B1960012327490B60304B66
:1022600019680029FCD006211B680B40042B20D0E4
:1022700080220020D20593680A318B439360FEBD13
:1022800001217DE7022908D121495D18E11849782B
:10229000E35C090219432960D3E70129D3D11C4922
:1022A0005918E35C0B60CCE7194818180160043337
:1022B000CAE7002310490B606346002B0CDC3B008F
:1022C000FC335A68102101325A608022D20593688B
:1022D00001208B439360D2E7009B9B181B68190A6F
:1022E00013705170190C1B0ED37004235B42917054
:1022F0009C440432E0E7C046000004403C00044037
:102300003800044034000440300004400C00044015
:102310000001044004000440080F000010000440C5
:102320001400044070B5061E19D002225A4B9B7946
:102330009343012B13D1594B1A78FF2A0FD15A78A6
:10234000FF2A0CD19A78FF2A09D1DA78FF2A06D120
:102350001A79FF2A03D15B79FF2B00D199E0504B0A
:102360000C201A78012A08D000224E4D1A702978C4
:102370000B00093B042B01D8212070BD4B1F012B02
:10238000FAD9454CA37B042B00D982E0A279032A19
:1023900000D97EE09A1ED2B2012A02D860881F2896
:1023A00077D9002E56D0012E73D1A0880128E3D012
:1023B000002907D1581E032803D801F07BFA121711
:1023C00015122E702978481E032811D80025364B87
:1023D0001D602823237501F0FBFAA84227D0A580B1
:1023E000CAE702212970EDE70421FBE70321F9E7A1
:1023F00007390129C0D82D490968C96A8906BBD5A2
:102400002B4908780028B7D1012A01D9002BB3D174
:1024100002230B708021274D2633890128782375EC
:1024200001F0FEFB80212878890101F041FC0123A5
:10243000A380214B1B78002B0AD0FA2280211F4B4E
:1024400092001B8809025A431A4B187801F078FA57
:10245000002092E701F0ECFB2B78A680073B012BD4
:1024600003D917482E7001F053FB114B114C1A7809
:10247000002A06D080210022207889011A7001F0FC
:10248000CFFB01F085FC80212078090201F0C8FB18
:10249000DEE7122071E7C046A60BFF1F6B09FF1F86
:1024A0001A09FF1F1C09FF1F4809FF1FFC6AFF1FB5
:1024B0002309FF1F1B09FF1F2109FF1F2C09FF1FF5
:1024C0000010004010B5002901D001F069FB10BDDB
:1024D000F7B5604B01919978A1239B004B435E4A6D
:1024E000060014681022E418D6235B00E058362357
:1024F000FF33E35C00279343222B41D1574B0F3A24
:102500001A600760012501F003FC019B1880E82395
:102510005B00E35C002B01D0B34258DD0023504F39
:10252000FB70AD33FF33E3581A68002A03D09B8851
:10253000DB439B071DD03823FF33E35C002B18D00F
:102540009B235B00E35C002B13D1D133FF33E35CAF
:10255000B3420EDAA4235B00E15AE018090A023103
:1025600001F056FA23000122FE33013E01351A879D
:10257000FA70E8235B00E35C002B2AD0A8B2FEBD12
:1025800003683D00002BBED081880430090A023167
:1025900001F03EFAD6235B00E3581F60B2E7230048
:1025A000B133BA00FF339858013781880430090AE3
:1025B000023101F02DFAE8235B00E35CBB42EEDC64
:1025C000E822F61AED1800235200A354A6E70027CC
:1025D000F1E7200001F0CCF900281FD0002E1DDD0E
:1025E0007319882647190193B600200001F038FBC3
:1025F0005A30800020184068013581880430090A6B
:10260000023101F005FA200001F0DAFAA359013392
:10261000A351BD4202D0019B9D42E6D1114BE35C28
:10262000002BABD095239B00E35C002BA6D00E4B78
:10263000E15A0029A2D00D4AA35C994202D9013384
:10264000A3549BE700231A212000A35401F030FA81
:1026500094E7C046300DFF1F3409FF1F00140340EC
:10266000E010FF1F5A020000720200005E0200002C
:102670000D4970B54A6E0D4CD2038B69D20BA24244
:1026800006D80B4D0224AA4204D901F019FB70BDF3
:1026900002246442E21815007E2425402242F4D030
:1026A000A3432B438B61F0E700F000400A200000B9
:1026B000FC1C0000F8B51D4B1D4F1A78002A10D1E4
:1026C000BA7B002A02D101321A7003E0032AFAD041
:1026D000022AF8D001F07CF900220120154B1A7073
:1026E000F8BD154B154D1C68154B9E7801232B70BA
:1026F0002878C0B200F09EFBBB7B002B0BD101F011
:10270000EFFAA1239B007343E41883239B00E41892
:1027100023782B70E4E7032B02D101F0B9FAF0E73C
:102720000020022BDCD101F043FAEAE71C09FF1F6D
:10273000A60BFF1F2309FF1F3409FF1F490AFF1FB4
:10274000300DFF1FF0B587B00EAD2F780FAD2D788F
:102750000593AC46634614000E4D0CAA12782E78F1
:1027600003930D9B009201932200059B029701F0B9
:102770000FFA2E70012C01D0042C08D180220649BA
:102780008B889343054A1278D20113438B8007B09C
:10279000F0BDC0461C09FF1F6C11FF1F7809FF1F09
:1027A0000B001B3B70B504003020E02B0DD813004C
:1027B000E025493BFF3B9BB2ED00AB4205D8034B04
:1027C000200019825A8201F05BFA70BD8410FF1F4D
:1027D00010B501F09DF8054B00205B68052B04D96E
:1027E000034A5268D20200D4980810BD001000407D
:1027F000FCE100E070B501F01BFA0D4B1B68FC33E7
:10280000DC691D6AFFF7E4FF6419844204D2094BB6
:1028100001241B68002B07D004220024064B1A70E9
:10282000064A93690133936101F0B2FA200070BD4A
:10283000FC6AFF1F9809FF1F2309FF1FFC0FFF1FE2
:1028400070B50C4D2B68FC335C6A01F0F1F9FFF7B1
:10285000BFFF2B680025FC339B6AE318834204D238
:10286000054B1B68AB4200D1051B01F091FA280013
:1028700070BDC046FC6AFF1F9809FF1FD722044B9A
:1028800092009B5810B5002B00D0984710BDC04651
:102890000000FF1F10B500F0F5FFFFF7EFFF27491D
:1028A000274BCA6D274C1A4084235B001343CB652A
:1028B000254B1B68186A01F033FA244B244A1A602E
:1028C000244B254A1A60A022244B52001A60244B44
:1028D000187801F03DF82000224901F041F9002369
:1028E000A3600233A360204B2049236003232048C8
:1028F000A36001F035F910221E4BFF201A608022E0
:1029000052031A60802292031A60802212041A6015
:1029100001F09EF8012001F01BF9FA20400001F0BF
:1029200027F9582001F004F9134801F021FA012099
:1029300000F0F6FF072001F0DBF910BD00F00040C9
:1029400000FEFEFF14100040FC6AFF1F0000034061
:102950000180063DBC00034034080000A400034091
:102960004A0AFF1F71020000C3090000FFFF3F0079
:102970002810004000E100E030750000674E336829
:1029800088331B6883F3088801F012FA644A6549AA
:10299000136800200B401360634B644A1B6893422A
:1029A00000D1A6E001F02CF90221614A13688B43A3
:1029B0001360FFF76FFF5F4B5F4C1878C0B201F0F8
:1029C000DFF90023A3600233A3605C4B0120236086
:1029D00001F0A6F90323A36001F0D2F8040000F08F
:1029E00097FF050001F0CCF8554B186001F050F846
:1029F000544B1968621A531EA14200D21300802260
:102A0000D203934201D39B029B0A3268D16AC90761
:102A100000D471E04C491C0C09689BB24C435943EB
:102A20002402090A641803264849FC3293680A689C
:102A300047489B1A474A0768126847499B18474A04
:102A40009A1833409208DB190A600360042B03D9FB
:102A5000013233400A6003600E684149A619300014
:102A600001F046F83F4F3E493B68C3183B603000D9
:102A7000019301F055F83C4E306808183849306031
:102A8000884205D9019B01333B6001F049F8316070
:102A900001F0AEF8354B1B78002B0DD000F038FF5D
:102AA000334B621B196812188A4232D24919091B2A
:102AB000091A304801F054F82F4E337A002B0ED00B
:102AC00000F026FF621BF1681218914224D94919BF
:102AD000091B091A294801F043F800233372284BD7
:102AE00083F3088801F024F9002001F089F801F04F
:102AF00077F801F085F85CE7DC0199000234641A8C
:102B00005900641A09214B438033CB40A408E418D0
:102B100089E7FA218900CCE71A49DBE7FC6AFF1F45
:102B20001CF00040FFFFC1FF0C0AFF1FB64121034C
:102B300010000040490AFF1F14100040C3090000A4
:102B4000100AFF1F340AFF1F380AFF1F200AFF1F49
:102B5000280AFF1F1C0AFF1F240AFF1FC4090000C8
:102B6000710200006008FF1F2C0AFF1F1C09FF1FD5
:102B7000E408FF1F00100040740BFF1F3C100040D2
:102B800000000020DC050000A022054B92009B58AD
:102B900010B5002B01D0984710BD01F039F8FBE7C4
:102BA0000000FF1FA122054B92009B5810B5002B7F
:102BB00001D0984710BD01F02BF8FBE70000FF1F84
:102BC000A222054B92009B5810B5002B01D09847CC
:102BD00010BD01F01DF8FBE70000FF1FA322054B0D
:102BE00092009B5810B5002B01D0984710BD01F002
:102BF0000FF8FBE70000FF1FA422054B92009B5833
:102C000010B5002B01D0984710BD01F001F8FBE78B
:102C10000000FF1F70B500F07BFE4F4B186000F006
:102C20005FFF0400C30702D400F0EAFE70BD00227B
:102C30004A4B1A604A4B18780138042829D800F00A
:102C400039FE0320181C2400200000F0B1FE0128EA
:102C5000ECD0444C2378042B6ED100F0F9FF00280F
:102C6000E4D000F0FDFE582000F062FF0223237044
:102C7000DCE7200000F0FCFFE9E7200000F088FE20
:102C8000E5E7200000F09CFEE1E7200001F038F8C5
:102C9000DDE700F085FE0500012808D1324B1B78E6
:102CA000053B012B03D82000FFF76EFFD1E72D4B2A
:102CB0001B78022B01D0052B20D1022D28D12B4BC4
:102CC0009B7BAB431CD12000FFF76CFF264B187891
:102CD0000128BED16405BCD4244925224B7B034284
:102CE00005D1233A13405A42534126331A000B7D33
:102CF0009342AED9322001F063F8AAE7022D07D142
:102D0000194B1B78052B11D12000FFF759FFDDE788
:102D1000012D0BD1012B03D12000FFF75FFF98E7B6
:102D2000062B03D12000FFF767FF92E7200000F099
:102D30006FFF022D8DD1C9E7032B04D10C4B987C7A
:102D400000F06EFE72E7072B00D06FE7094B987B0F
:102D500000F0CEFD6AE7C0469C09FF1F9809FF1FDF
:102D60009009FF1F2309FF1F1C09FF1FA60BFF1F50
:102D7000BC0BFF1FD40BFF1FFA210A4B0A4A490064
:102D80001A640A4A5A500A4A04395A50094A083100
:102D90009A64094A5A50094A5C315A50084ADA661C
:102DA0007047C0460000FF1F4527FF1F4128FF1F37
:102DB000F527FF1F2523FF1FB526FF1FC51DFF1F7A
:102DC000991DFF1FF7B50B0CFF270122009300236D
:102DD0003C001E001D009446019089B262469A4054
:102DE0001000084018413618B6B2FF2F02D1012E4C
:102DF00000D19FB2009802401A41AD18ADB2FF2C2D
:102E000002D1012D00D19CB20133102BE6D1032059
:102E1000012E07D1012D04D1019B2401E4191C705E
:102E20000138FEBD102EFCD10238102DF9D0023031
:102E3000F7E700008023F7B59C46264B264F019309
:102E40002649274A274D284C284B02281AD160468C
:102E500038600868264E30408026360330430860CC
:102E600001990978002909D11660224A2A60224A6C
:102E70002260E02219689143A03A1BE08021C90238
:102E80001160F2E766463E600F68194E3E408027AB
:102E9000FF023E430E600199097800290DD11760A9
:102EA00001280ED1154A2A60154A2260E0221968CD
:102EB0009143C03A0A431A60F7BD8021890211602C
:102EC000EEE7E0210F4A02432A600F4A22601A68A7
:102ED0008A43F0E74B0AFF1FE0000340D80003409D
:102EE00090000340000003405000034040000340B6
:102EF000FFFFE3FF0280063D804508220180063D7A
:102F0000806608220080069880550822F8B51E4B7E
:102F100080261A68002014003440324232D11A68E8
:102F20001A4F32431A6001223B68063093433B60DC
:102F300000F0F6FE0122164D2B681E432E603B6802
:102F40000A2613433B608027BF00124B1B683B429D
:102F500011D1013EF6B2FF2E09D17E220E4B1C6824
:102F60002B68E40B1440934323432B6005E00820B7
:102F700000F0D6FEE9E7002EEFD180222B68600832
:102F800093432B60F8BDC046C4F000405CF00040A5
:102F900018F0004068F0004060F0004010B500F00C
:102FA0007FFE01215820034A00F092FEFFF7AEFF9A
:102FB00010BDC046600AFF1F10B5782200210348EB
:102FC00000F06EFD00F004FF002010BD146EFF1F26
:102FD00070B5040000F02CFE00230C200B4A010009
:102FE00059438D18515C00290DD0A14208D101230D
:102FF00000246B7000F0FCFC00F0CAFE200070BDE5
:1030000001330A2BEBD11224F6E7C046146EFF1FE2
:1030100070B5040000F00CFE002319001D000D4ADD
:103020001078002806D0A0420CD1557001310C3226
:103030000A29F5D1002B0AD100F0CAFE00F0A8FE43
:10304000002070BD5078461EB0411B18EEE700F01E
:10305000CFFCF3E7146EFF1FF7B504000C2000232C
:1030600084460E4D019267465F43E85D7E19A0429B
:1030700012D000280BD10A4B9C4662461B780833BD
:103080001370019B70707C557160B360FEBD01339D
:103090000A2BE8D10320F9E70720F7E7146EFF1F9A
:1030A000106EFF1F8020F8B5484BC0051B68C12477
:1030B0008360474BFF251A68012313434361454B47
:1030C000A4001A68444B40211A60444B1A68444BD0
:1030D0001A60444B1A59AA431A51C52292009E58AD
:1030E000AE433143802699509F583F49F6010F4027
:1030F0003E439E509E5880273602360A30439850F1
:1031000080201A5900020A4002431A5104341A5905
:10311000364E3F04324080263A431A511A59360639
:103120001202120A32431A5108341A5980260A40F0
:1031300002431A51C32292009F58B446AF4337430B
:103140009F509F58294E0F4007439F509F5837402C
:1031500080263604374380269F509F5836063F020C
:103160003F0A37439F50C0221F59AF433A431A5179
:103170001A591202120A1643C6221E5192009C5876
:10318000AC4365462C439C509C5800250C40204382
:103190009850C72080001A58154C1140C0221202C6
:1031A0000A431A50134B1B78DB08AB4201DC0020AA
:1031B000F8BD2378002B06D0A368002B00D09847D9
:1031C00001350C34EEE71220F2E7C0463840FF1F0D
:1031D0003440FF1FB0F000400C6EFF1FB4F0004001
:1031E000086EFF1F00E100E0FF00FFFFFFFF00FF90
:1031F000146EFF1F106EFF1F030010B51F2809D8A3
:10320000072200201340072404490A78A2431343ED
:103210000B7010BD00230620F5E7C046106EFF1F9F
:10322000054B06491B780A6805485B0702401B0BE3
:10323000134300200B607047106EFF1F1CF000400E
:10324000FFFFC1FF70B50C25FFF7EAFF0A4B1C78A2
:103250000A4BE4086543ED18002C01D1200070BD35
:103260002B78002B06D06B68002B00D09847013CD0
:103270000C3DF1E71220F2E7106EFF1F086EFF1FF2
:103280001FB5002102220B0001910091052000F0E2
:10329000D7FC02230B490A681A42FCD1202303936E
:1032A000039B5A1E0392002BFAD1074A1368002B86
:1032B000FCDA0B246C442000012100F021FC207872
:1032C00004B010BD90C8004000C8004013B5040011
:1032D0000A4B0193019B002B01D1112016BDFFF772
:1032E000CFFF23000340044205D0052000F018FD65
:1032F000019B013BEDE71800F0E7C046FFFFFF0729
:1033000007B500F095FC80220821D205936A01914F
:10331000002B01D10739916202210C4A11600199F9
:10332000481E01900029FAD1033111600531019145
:103330000199481E01900029FAD11160002B02D199
:103340008022D205936200F023FD07BD00C000403B
:10335000F0B52D4C89B02378002B4FD1FEF7D2FA6F
:1033600002232A4F03903A681A42FCD12023069385
:10337000069B5A1E0692002BFAD1254E3368002B6D
:10338000FCDA0120FFF7A2FF011E02D0112009B0D4
:10339000F0BD030003220190009005AD9F2000F0D6
:1033A0004FFC0321280000F0ABFB02233A681A42CD
:1033B000FCD120230793079B5A1E0792002BFAD1BA
:1033C0003368002BFCDA0120FFF780FF0028DDD1F5
:1033D0000398FEF7ABFAAA786B7811041B020B4333
:1033E00029780B4363601300113B0A49052B07D86A
:1033F00001239340A3600B60012323700020C6E7E4
:1034000080231B03F6E7C0462040FF1F90C8004002
:1034100000C800409808FF1F1E4B30B55A68187846
:103420001D4B85B0D31859424B4101210093002315
:1034300000F0FEFA194B1A4A02259A6300221A6517
:1034400010325A658022C4219D65164B1648D2025F
:10345000DA6789004258154B80241A4080231B04E8
:1034600013434350642341200393E40500F02CF9F7
:10347000402000F029F96562039D6B1E0393002D27
:10348000FAD103236362FFF73BFFA562FFF760FFFA
:1034900005B030BD2C40FF1F95FFFEF700C800406F
:1034A000050001FF04E100E000E100E0FFFF00FF94
:1034B00010B5064B18705960FFF7AEFF00211320BE
:1034C000034AFFF7C9FD002010BDC0462C40FF1F76
:1034D0001934FF1FF0B587B0029103920400FEF784
:1034E00011FA019000F0A4FB802302250122234E53
:1034F000DB0535605D629A6200F04AFC204F3B6854
:103500002B42FCD120230493049B5A1E0492002BCF
:10351000FAD11C4D2B68002BFCDA0120FFF7D6FEF8
:10352000002802D0112007B0F0BD2000039A0299B4
:1035300000F0C6FA022304003A681A42FCD12023A4
:103540000593059B5A1E0592002BFAD12B68002B80
:10355000FCDA0120FFF7BAFE051EE3D100F068FB9C
:1035600080230322DB0535605A629D6200F010FC67
:103570000198FEF7DBF9E0B2D5E7C04600C0004095
:1035800090C8004000C80040F0B5802489B0060013
:10359000FEF7B8F9E405A36A02250393029000F050
:1035A00047FB0123304F3D606562A36200F0F0FBF2
:1035B0002E4C23682B42FCD120230593059B5A1ED9
:1035C0000592002BFAD12A4D2B68002BFCDA012042
:1035D000FFF77CFE002803D01124200009B0F0BDC5
:1035E000244B2360022322681A42FCD12023069335
:1035F000069B5A1E0692002BFAD12B68002BFCDA90
:103600000120FFF763FE021EE6D11B4B03211E6063
:10361000030001900090202000F012FB022322689A
:103620001A42FCD120230793079B5A1E0792002BB6
:10363000FAD12B68002BFCDA0320FFF747FE041EAB
:10364000CAD100F0F5FA80230322DB053C605A6200
:103650009C6200F09DFB039B002B01D1FFF750FE05
:103660000298FEF763F9B8E700C0004090C8004038
:1036700000C800400100000694C8004007B50002E1
:1036800001910422000A01A9FFF724FF0EBD0000EA
:1036900073B5050005240B4AA3005B429B1819680B
:1036A0006B46DE1D3000FFF78DFB022804D1337816
:1036B0002B55013CEFD276BD052CFCD00128FAD168
:1036C0000230F8E7140900111F2807D801238022CF
:1036D0008340D20591680B43936070473F2808D818
:1036E0000123802220388340D20551690B43536166
:1036F000F3E75F28F1D80123802240388340D205C8
:10370000116A0B431362E8E71F2807D801228021C2
:103710008240C9058B6893438B6070473F2808D867
:103720000122802120388240C9054B6993434B61B7
:10373000F3E75F28F1D80122802140388240C90593
:103740000B6A93430B62E8E71F2810D8802302001E
:10375000DB05153A1968012A06D820229143196021
:1037600019680A431A60704701228240F6E73F2831
:1037700011D880230200DB05353AD968032A06D820
:1037800010229143D960D9680A43DA60EBE701223D
:1037900020388240F5E75F28E5D842238022181AB6
:1037A000413B8340D205516A99435162516A0B43B0
:1037B0005362D8E710B50400012813D1A02218499C
:1037C00092050B685B015B0913430B60154B164AAE
:1037D00019681140154A0A431A60402219680A43C1
:1037E0001A6010BD0028FCD101000A2000F0A8F9E1
:1037F00021000B2000F0A4F9C0220A4B92001968A6
:103800000A4340211A601A688A431A60B0220449A8
:1038100012060B685B015B0913430B60E1E7C046CE
:1038200014F000401CF000407F00FEFF80FD01000E
:1038300072B6074A1368013313600422054B1A60FD
:103840000023054A13608022D2055360FEE7C0467C
:103850007808FF1FC0F00040C4F0004005490B6825
:10386000002B05D1044A0A6004490A60044A136027
:103870007047C046140AFF1F841E0000380AFF1F4D
:10388000C4F000400023034A1360034A1360034A54
:103890001360704754F0004040F1004044F1004094
:1038A00002B4714649084900095649008E4402BCD9
:1038B0007047C04602B4714649084900095C490096
:1038C0008E4402BC7047C04603B4714649084000AC
:1038D0004900095E49008E4403BC704703B4714639
:1038E000490840004900095A49008E4403BC70470A
:1038F00001B40248844601BC604700BFC1F7000024
:1039000001B40248844601BC604700BF2144000066
:1039100001B40248844601BC604700BFC95C010095
:1039200001B40248844601BC604700BFE5120100B3
:1039300001B40248844601BC604700BFE90B0100A6
:1039400001B40248844601BC604700BF8B520100AD
:1039500001B40248844601BC604700BFEDA50000E9
:1039600001B40248844601BC604700BF51B8000062
:1039700001B40248844601BC604700BF71B000003A
:1039800001B40248844601BC604700BF894400007E
:1039900001B40248844601BC604700BF0534010001
:1039A00001B40248844601BC604700BFDD0C010041
:1039B00001B40248844601BC604700BF01340100E5
:1039C00001B40248844601BC604700BFF5350100E0
:1039D00001B40248844601BC604700BFA9D800007A
:1039E00001B40248844601BC604700BF85C10000A5
:1039F00001B40248844601BC604700BF21A9000011
:103A000001B40248844601BC604700BFDD0A0100E2
:103A100001B40248844601BC604700BFC1150100E3
:103A200001B40248844601BC604700BF4DF9000064
:103A300001B40248844601BC604700BFC56D010067
:103A400001B40248844601BC604700BF6D0B010011
:103A500001B40248844601BC604700BFED6B010021
:103A600001B40248844601BC604700BF6DF6000007
:103A700001B40248844601BC604700BFE92700004A
:103A800001B40248844601BC604700BFBD5C010030
:103A900001B40248844601BC604700BFC166010012
:103AA00001B40248844601BC604700BFB70E000065
:103AB00001B40248844601BC604700BF53B900000E
:103AC00001B40248844601BC604700BF9573010001
:103AD00001B40248844601BC604700BFDD3F0000DE
:103AE00001B40248844601BC604700BFBD0B010021
:103AF00001B40248844601BC604700BF090E0000C3
:103B000001B40248844601BC604700BF3D7101001A
:103B100001B40248844601BC604700BFC1A5000053
:103B200001B40248844601BC604700BF090E000092
:103B300001B40248844601BC604700BF791201000D
:103B400001B40248844601BC604700BF15710111F1
:103B500001B40248844601BC604700BF69110100FE
:103B600001B40248844601BC604700BF2D6C0100CF
:103B700001B40248844601BC604700BF85120100C1
:103B800001B40248844601BC604700BF156B0100C8
:103B900001B40248844601BC604700BF9D6A000032
:103BA00001B40248844601BC604700BFE9D400006C
:103BB00001B40248844601BC604700BF19FA000006
:103BC00001B40248844601BC604700BF5976010039
:103BD00001B40248844601BC604700BF018D011159
:103BE00001B40248844601BC604700BF8552010011
:103BF00001B40248844601BC604700BFD5440100BF
:103C000001B40248844601BC604700BF016C01005A
:103C100001B40248844601BC604700BFE9170100B7
:103C200001B40248844601BC604700BFB3520100A2
:103C300001B40248844601BC604700BF75A900007A
:103C400001B40248844601BC604700BF496D0100D1
:103C500001B40248844601BC604700BF01D70000A0
:103C600001B40248844601BC604700BFD9B00000DF
:103C700001B40248844601BC604700BF093401001A
:103C800001B40248844601BC604700BF116E0000C9
:103C900001B40248844601BC604700BF75F80000CB
:103CA00001B40248844601BC604700BFED680100D2
:103CB00001B40248844601BC604700BF0D520100B8
:103CC00001B40248844601BC604700BFD1AE000089
:103CD00001B40248844601BC604700BF016701008F
:103CE00001B40248844601BC604700BFE9F6000009
:103CF00001B40248844601BC604700BFF90D0100D1
:103D000001B40248844601BC604700BFF935010098
:103D100001B40248844601BC604700BFCD0C0100DD
:103D200001B40248844601BC604700BF018900001D
:103D300001B40248844601BC604700BF7997000087
:103D400001B40248844601BC604700BF8D82000078
:103D500001B40248844601BC604700BF89370100B6
:103D600001B40248844601BC604700BFE94C010031
:103D700001B40248844601BC604700BF8D110100B8
:103D800001B40248844601BC604700BF89140100A9
:103D900001B40248844601BC604700BF9DA90000F1
:103DA00001B40248844601BC604700BFCD4C01000D
:103DB00001B40248844601BC604700BFC9A90000A5
:103DC00001B40248844601BC604700BF613701006E
:103DD00001B40248844601BC604700BFADAE00009C
:103DE00001B40248844601BC604700BFF9ED000001
:103DF000020000006E9E011101000000EC9C011108
:103E0000020000006A9E011101000000303EFF1F09
:103E100002000000F49C0111010000009068FF1FE7
:103E200002000000689E011103000000045EFF1FF5
:103E300012000000020000006E9E0111010000004F
:103E40006C9D0111020000006A9E0111010000003A
:103E5000699D011102000000769D01110200000021
:103E6000285EFF1F020000006A9E01110100000091
:103E7000689D011102000000749D01110100000005
:103E80001C5EFF1F02000000689E0111030000007D
:103E9000145EFF1F020000006E9E01110100000071
:103EA000CC9D0111020000006A9E0111010000007A
:103EB000693FFF1F02000000DE9D011101000000AC
:103EC000C29D0111020000006A9E01110100000064
:103ED000683FFF1F02000000DC9D0111010000008F
:103EE0007468FF1F020000006A9E011101000000BB
:103EF000673FFF1F02000000DA9D01110100000072
:103F0000B29D0111020000006A9E01110100000033
:103F1000663FFF1F02000000D89D01110100000054
:103F2000AD9D0111020000006A9E01110100000018
:103F3000653FFF1F02000000D69D01110100000037
:103F4000A89D0111020000006A9E011101000000FD
:103F5000643FFF1F02000000D49D0111010000001A
:103F6000A49D011102020202020200001D1D0111A6
:103F7000191D01118199011190011D0018001800EF
:103F8000FFFF07010203040506020106000000000E
:103F90000000000000000000000000000000000021
:103FA000000000000000000003000B000500F0000E
:103FB0000000B4000028002800283075A000A000F0
:103FC000A000A00000080008E001F00010001000B0
:103FD00010001000100010005000500050001000A1
:103FE0001000D0070000000000000F0001000500D5
:103FF000307507001000010081FF00000000FF0085
:10400000053E01110D3C01119D390111FFFF010019
:10401000FF00000079690111F56601110D660111BB
:104020000000000000000000000008000400000084
:104030003B0001085902E00188212800FF00000030
:10404000020000006E9E011101000000549F01114A
:10405000020000006A9E011101000000BD40FF1F28
:1040600002000000669E011101000000CC6EFF1FDF
:10407000020000006A9E011101000000BC40FF1F09
:1040800002000000649E011101000000BA40FF1F01
:10409000020000006A9E011101000000B840FF1FED
:1040A00002000000629E011101000000B040FF1FED
:1040B000180018001D009001020000030202000019
:1040C000020000006E9E011101000000689F0111B6
:1040D000020000006A9E0111010000000041FF1F64
:1040E00002000000609E01110000000000000000BE
:1040F00002000000689E011103000000EC6EFF1F2B
:0241000020FF9E
:040000051FFF184180
:00000001FF
