:020000041101E8
:10010000F7B5164B0192C318021D002000938823F7
:100110005B05D3181B685C1C1AD09CB2402C18D805
:100120008D781E0CAC466746CD782D023D43AE421D
:1001300006D1019800280ED110000C70240A4C70D2
:1001400003249BB20733A343D218009B9A42DED309
:10015000FEBD4432F9E71000FAE7C046FC0F00008C
:10016000802213B503000324019189B252010731A3
:100170009B18A14304305A1A88235B05C3181B68D7
:10018000591C03D190429241104016BD99B24029AA
:1001900007D80B000733A343C0189042ECD30020CC
:1001A000F3E74430F9E7134B134A1B68126810B5A4
:1001B000F424934201D81A00F024104BA4021B68C7
:1001C0009A4210D813000E4A12689A420ED3013395
:1001D00007D1F0239B029C4203D10A49054808F04D
:1001E00013FC200010BDF824A402ECE7FC24A402B8
:1001F000F7E7C04600C0031100D0031100E003116F
:1002000000F00311FFFFFF7FF0B59BB015000490D5
:100210000391402A00D9A0E006AB59801A80FFF76D
:10022000C2FF0400042816D9002206A9FFF768FFC0
:10023000052810D906AB1B88AB420CD1002D07D086
:10024000514B2A000499C01808F026FA002802D160
:1002500001201BB0F0BD06AB1D8020000699FFF702
:100260007FFF041E7BD1069B0793FFF79CFF802333
:100270005B01C61880230700DB029E4201D3F026F3
:10028000B60288235B05F31801931B68013302D083
:10029000019808F0F1FB3D49019808F0B5FB3B1DC2
:1002A0000293331D05938822029B52059B181B68FD
:1002B00008935A1C3CD044219AB20091402A04D899
:1002C0000320D11D814389B2009103991B0C8B42FD
:1002D00024D0402A22D80122300008A9FFF710FFBD
:1002E000021E1BD1380008A9FFF70AFF04000428EA
:1002F00031D9009A059B9B1880225201B218934273
:1003000040D288235B05C118009A09A808F01CFB9D
:100310001D4B009A09A9F01808F066FA009A029B92
:100320009446634402931A4B029AFB189A42BAD33A
:1003300088235B05FC1821680198013908F064FBEB
:10034000200008F099FB039A07AB5A803000079908
:10035000FFF706FF0400002C03D1002079E70428F2
:10036000FBD988235B05E018069908F04DFB0323B1
:10037000EA1C9A4300D16BE7034B0499E01808F09C
:1003800033FA65E70424ECE704000011FFFFFF7F68
:10039000F80F0000F7B505001400402A21D8002707
:1003A00001AE71803780FFF7FEFE042816D93A00AF
:1003B0003100FFF7A5FE042810D93688BC420BD0C7
:1003C000BD4209D0221CB44200D9321C064B92B265
:1003D000C118280008F0B8FA30B2FEBDC04300B220
:1003E000FBE703204042F8E70400001137B5042280
:1003F00004000D0001A81649FFF7CCFF02000428F5
:100400000BD1019BA34208D3AB4204D0104901A8F1
:100410000195FFF7F9FE01203EBD0E4C2368200038
:10042000019308F029FB019920000139019108F09E
:10043000EBFA80235B01E418074B9C42EED10422C7
:10044000034901A80195FFF7DFFE0020E4E7C0465D
:100450005555000000C00311000004118022F8B5BA
:10046000964C974BD200002120001C6008F024FB22
:100470002300944A88331A60934B1A786A23002A1F
:1004800000D01133E3620A232365904B37221B7897
:100490000820A3638E4B2118E361102323628D4B48
:1004A0003B256361C823DB00A36123008C331A6002
:1004B0002823013AE26320646364CA67043A211D79
:1004C000CA672100BC310D602100C03108602100E5
:1004D000C4310B6021000635CC310D602100083D90
:1004E000C8310D602100D0310A602200D432106082
:1004F0002200D832136022000227E0322100176068
:100500004222DC310A6021001B3DE4310D602100F4
:10051000E83108602100EC310B6023000521F43341
:1005200019602300F0331A602300183290331A60E8
:1005300023009433186023001E3A98331A60AF23C7
:10054000DB002360644BFA262363644B644DE36055
:10055000644BF031A3642300FF31FC33B600A1608B
:1005600021611E60A5627325E5656D3D6565A56524
:1005700096255D4AAD00E264666258606766A566CE
:1005800000270925A767E566584F594D6067200089
:100590002567E2673A6015279C30676007001A20DC
:1005A00038602000A0300700212038602000A830EB
:1005B00007004C4838602000F830066026006427A9
:1005C000A436376026005F3FAC3637602600033F15
:1005D000B03637602600C637B436376026000027AD
:1005E000B836376038269E60424E96205E64424E92
:1005F0005A66DE61414E9A645E62F53EFF3E9E623F
:100600001E269A67354A8000DE661F675F67DD65D4
:100610001D661862DA67BE23394A5B00E250394B27
:10062000D838235004302250C4225200A350C6238D
:10063000E4205B00E1500433334AE1503349344B4A
:10064000D1603449800019503349E938FF381950D6
:1006500032490430195032493248D161324911636C
:10066000324951631900F4310860CE20304940000E
:1006700011603049195019002F48F83108602F498E
:10068000D16582212E4A89005A501A002D4908321C
:10069000D1671A002C49B432116088212B4A890095
:1006A0005A501A002A49883211602A4ADA6408F03E
:1006B000CBF8012008F098F9F8BDC0460004FF1FF0
:1006C0008C62FF1F506DFF1F0441FF1F4A0AFF1F6E
:1006D0003A07000080C3C9019A020000DC0500004F
:1006E0006A18000050C3000088130000F009FF1FC3
:1006F000204E00006509FF1F68100000C4090000BB
:1007000040420F0010270000FC00FF1FC11BFF1F0D
:100710000000FF1F152CFF1F9D2FFF1F352EFF1FF1
:10072000811FFF1F7126FF1F9D1FFF1F4921FF1FF4
:100730000D1FFF1F9528FF1F7D29FF1FD918FF1FC1
:10074000A127FF1FC524FF1FD124FF1F0D1EFF1F60
:10075000C51EFF1F851DFF1F0223F0B50124634D39
:10076000634E2B70634B34701A68634B89B004205E
:100770005A7006F077FD08F087F9FFF76FFE08F072
:1007800073FA1F2200215D4B1E271A705C4B6F44C9
:100790001C705C4B19705C4B19689143163A0A4304
:1007A0001A60602219689143403A0A431A6008F0BF
:1007B000E3F807F079FF554B9847C120FF21544BD0
:1007C00080001A588A431A50C522920098588843CC
:1007D000BF390143995098584E4908408021C901BA
:1007E0000143802099509958C0050902090A014324
:1007F000995080214848490107F0AEFF03232200A9
:10080000464901940093464808F056F81622454997
:1008100002A808F099F802AC61782078023406F05A
:100820001FF9A742F8D1404C404B226803201A40E0
:10083000A023DB0213432360802322689B0413431D
:10084000236022683A4B1A4080239B0313432360A2
:10085000384A394B934200D8012008F025F808F0B7
:100860003BF980232268DB0413432360287807F0D8
:10087000C3FF3078C0B208F03FF807F0FDFF2F4902
:10088000042007F079FF06F0E3FA06F02FFF01F0ED
:100890002FF801F0D7F82A482A4906F0CDFD2A4B57
:1008A0002A4819782A4B32781C782A4BC9B21E780C
:1008B000D2B22B780196009406F0BEFD082126489E
:1008C000264A06F0B9FD8023A1222548920023493B
:1008D0005B0106F0B1FD234B2348196806F0ACFD1F
:1008E00000F022F9002009B0F0BDC0464A0AFF1FFF
:1008F0000441FF1F34F000403060FF1F480AFF1F13
:10090000490AFF1F680AFF1FBCF00040E1A2000077
:1009100000E100E0FF00FFFF0841FF1F8C53FF1FB5
:100920000851FF1F7F95011114F00040FF7FF8FF71
:10093000FFFF9FFF0080FF1F506DFF1F3B0001085E
:10094000988C0111020101034B0AFF1FAE8C0111AB
:10095000440AFF1F450AFF1FDC8C0111780A0000C2
:100960000C8D0111800AFF1F608D011170477047C7
:1009700030B503A804880B20002C0ED14968074D20
:1009800008784978090201430A20A94205D10121CA
:1009900020001980024B1B7A137030BD192A000009
:1009A0001860FF1FF7B5150008AA16884A680F4F90
:1009B00014785278120222430A24BA4214D1012236
:1009C000DBB2019200962A0007F0C6FD041E0BD18F
:1009D000074B1B68002B07D068782A780002104369
:1009E00042425041013098472000FEBD02290000DC
:1009F0000C5EFF1F30B5012503790400BFB02B4208
:100A000011D00A49408807F013F928420BD0084B4F
:100A100001A95B8D4D800B80064B00221B7A6088FC
:100A20000B7103F095FD3FB030BDC046045EFF1F63
:100A3000F03DFF1F1860FF1F10B50549054807F07E
:100A4000ADF80421044A054807F06AF810BDC04615
:100A5000045EFF1FFFFF000098950111F03DFF1F8E
:100A600010B5024804F052FC10BDC046F509011152
:100A700001230370054B1A7A42700C2282709A7916
:100A8000C270DB79037105207047C0461860FF1FF4
:100A9000022310B50370013B43700533837010339C
:100AA0000371443B43712A3383714433C371002380
:100AB0000372064B04001B8843720A30FFF7D8FF0D
:100AC000831D0A30C0B2E37010BDC0461860FF1F1E
:100AD00010B5142007F0A8FF124B14220021186053
:100AE00007F0EAFF002007F06FFF012007F064FF26
:100AF000022007F059FE032003F050FE042005F009
:100B0000E7FE052003F084F8062003F05BFD0720D4
:100B100001F0ECFA082006F0E3FF092001F0B6F836
:100B200010BDC046105EFF1F07F006FF012008F051
:100B30004BF808F0A1F8032382B054280ED84343A1
:100B4000DAB2D0430023C0B2FF210A4008401202AB
:100B50000B401B041043184302B07047A92806D865
:100B600055384343DBB2DA430020D2B2ECE75630CB
:100B70005843C0B2C3430022DBB2E5E7F0B5030A35
:100B8000040C071CD8B285B00E004843FF2107F0C3
:100B9000FBFEC5B2E0B2FF21704307F0F5FEC4B220
:100BA000F8B2FF21704307F0EFFEFF231D4018400D
:100BB0002D021C4024042843204305B0F0BD000052
:100BC00013B52638C0B211280FD80A4A0A4B115C57
:100BD0000A4A1B5C125CFF242340180021400902D2
:100BE000224012040843104316BD002211001300D6
:100BF000F1E7C046EE95011100960111DC95011157
:100C000037B500240325019028006043044B0322DC
:100C1000C01801A9013407F097FE202CF4D137BD8C
:100C2000985FFF1F10B50C220249034800F0A5FB96
:100C300010BDC0461C5EFF1FF85FFF1FF0B5B34B31
:100C40008FB003931B68002B00D185E0B04F2021AB
:100C5000380000F077FDAF4C2378002B5FD063792C
:100C6000180025381C285AD807F0FEFC34007800FC
:100C7000780078007800780078007800A200A20060
:100C8000A200E600050105010501050105010501B8
:100C90000501230159005900590059005900590014
:100CA000590059001D00A2780DAB1A70E2785A70F5
:100CB00022799A7061780D98FFF760FF05AB187084
:100CC00002040002000E120E5A7098700598FFF789
:100CD00097FF24E00025904B0DAE0293029AEB00A3
:100CE0001078C018C0B2FFF726FF03041B0E737004
:100CF00003236B4330700002000EB07001936178E3
:100D00003068FFF73BFF019B0204F8540002FB1818
:100D1000120E000E01355A709870202DDED19825E4
:100D20007E4C6D0020212B002200794800F031FD1F
:100D30000100A84210D1200000F0E6FC784B010031
:100D40001C6801341C60002800D1CFE00023039A06
:100D50007448136006F070FB0FB0F0BD6E490A785E
:100D6000097849B200291EDB5200D5B21800FFF7FE
:100D700027FF0DAE3070030400021B0E000E7370CF
:100D8000B0706078FF21684307F0FEFDC1B20D9896
:100D9000FFF7F4FE0304307000021B0E000E7370A8
:100DA000B0700D9893E7FF25AD1A6D00EDB2DDE749
:100DB0002D2B37D0FF2600252E2B35D13000019565
:100DC000554A1378127852B2002A30DB5B00DCB24D
:100DD000FF273B1B9BB239005843029307F024FFC7
:100DE00004AB1872029B01986543584339004019BF
:100DF00007F01AFF04AB587220003900704307F067
:100E000013FF04AB9872434B06985978FFF7B6FE70
:100E100007AB187002040002000E120E5A70987090
:100E2000079854E70026FF2528000196C8E7FF240D
:100E3000E41A6400E4B2CBE7374B1878030700D517
:100E40006DE7C000C0B2FFF776FE08AB1870020471
:100E50000002120E000E5A70987061780898FFF721
:100E60008DFE09AB187002040002000E120E5A70BB
:100E7000987009982BE7284A1278120700D54EE798
:100E80001800FFF79DFE0AAB187002040002120E54
:100E9000000E5A70987061780A98FFF76FFE0BABDE
:100EA000187002040002000E120E5A7098700B980F
:100EB0000DE72420184B1B781B095843C0B2FFF7DD
:100EC0003AFE0CAB187002040002120E000E5A70AB
:100ED000987061780C98FFF751FE0DAB0204187002
:100EE0000002120E000E5A7098705AE701220E4B43
:100EF0006343D3410D4A934200D92DE7054A2100AF
:100F000013780B48527906F097FA25E7645EFF1FC5
:100F1000985FFF1FF85FFF1F415EFF1F685EFF1FA6
:100F20003C5EFF1F728D0111295C8FC251B81E05F6
:100F3000B88D0111F0B5C5B01D004AAB0590160083
:100F40000E201F88002911D0002A0FD04B681A7874
:100F50005B781B0213433C4A934209D10122059856
:100F60000192EBB23200009707F0F6FA45B0F0BDFF
:100F7000364A0A209342F9D10130002FF6D10230CF
:100F8000142DF3D82A003100314807F0DDFC290088
:100F9000304806F051FA2900300006F0BBFB2E4C19
:100FA0002A003100200000F087F9050001282DD12A
:100FB0002A49059806F03CFE284080B2002804D15A
:100FC000274806F039FA0020D0E73900F22207A8B6
:100FD00007F072FDFFF726FE0C2202AB214908A89C
:100FE000DA8207F0B1FC204B02AA1B8807A9938282
:100FF00005983A0003F0ACFA1C4D0100A079637922
:1010000022780090280006F017FADCE7002805D0C7
:101010001748290006F010FA8020A7E7154B187032
:10102000FFF700FEFFF70AFE2579637862792178E1
:101030000395E57810480295A5780195A479009468
:1010400006F0FAF9BFE7C04602290000D9FF000008
:10105000285EFF1FE98D0111F85FFF1F145EFF1F5F
:10106000108E01111C5EFF1F7E3EFF1F578E011167
:10107000A08E0111405EFF1FD08E0111F8B51D003A
:1010800006AB16001A8807AB1F784B68597818789A
:101090000B4B090201430A20994210D10130002A6A
:1010A0000DD1FFF7BFFD3C1C0C2F00D90C24E4B27E
:1010B00022003000034907F047FC00202C80F8BDD7
:1010C000D4FF00001C5EFF1F094B10B504009842BE
:1010D00005D0012904D12000064906F05FFD10BDAE
:1010E0000229FCD1013904F0CFF80028F3D0F6E74B
:1010F000FEFF0000145EFF1F10B50E4800F0AAF9B5
:101100000021072005F092FD0221072005F0A8FC30
:101110000021032005F08AFD0221032005F0A0FC38
:101120000021042005F082FD0221042005F098FC36
:1011300010BDC046425EFF1F30B5072085B005F0E8
:101140006FFC0400032005F06BFC0500042005F093
:1011500067FC01214D404C40EBB241401D4DE2B2D5
:101160001D4CC9B200912800210000F07BF9002835
:1011700014D025796378627921780395E57817484A
:101180000295A5780195A579009506F055F90022FC
:10119000134B1A70FFF746FDFFF750FD2378002B25
:1011A0000CD06379412B09D00D49A2790B78120933
:1011B0000133DBB20132934202D20B7005B030BD75
:1011C0000023084A0B70137801331370FFF736FDC4
:1011D000F4E7C046425EFF1FF85FFF1F108F01114A
:1011E000405EFF1F415EFF1F70B51B4C200000F0EA
:1011F00051F80022194B1A70194B1A70FFF712FDA3
:101200001849194806F0CAFC184803F0BFFF1848EF
:1012100000F05CFA43424341164D17492B60002809
:1012200000D11649164806F007F92B68002B0DD09F
:10123000002325782370FFF701FD2570FFF7FEFCE2
:10124000A379627861790F4806F0F6F806210E4A14
:101250000E4806F065FC70BDF85FFF1F415EFF1F82
:10126000405EFF1F145EFF1FFFFF0000C910011149
:10127000009F2400645EFF1F558F0111528F0111E2
:101280005A8F0111798F011114960111343EFF1FFD
:101290007047704700280ED0012303707F334370DE
:1012A0007F3325228370BF3BC370002342710D3A08
:1012B00003718271C3717047030010B50220002BC7
:1012C0000DD000290BD0032A1CD10C78EF2C07D1AC
:1012D000487801284FD18B78772B00D0033010BD90
:1012E0000420CC2CFBD18C78332CF8D149782329DD
:1012F00003D101221A700020F1E710002429EED159
:101300000022F7E7072A1ED10A780420562AE6D1E0
:101310008A79AA2AE3D14A79F02A0CD14A789A70BC
:101320008A78DA70CA781A71FF225A70BE3A5A71F6
:101330000022DA71DFE703200F2AD0D10A799A70F0
:10134000DA700A79EFE704208242C8D10C781000E5
:10135000BB2CC4D1CA78442AC1D14A7803201400D6
:10136000253C132CBBD85A7189780A1C002900D15E
:1013700001229A71DCE70420B1E7030010B50028D0
:1013800023D0081E21D000200B2A1ED966220A7005
:10139000513A4A701A785442624123328A705A791B
:1013A000CA7020220A715A79412A00D0987948716E
:1013B0009A780C208A71DA78CA711B790B72002333
:1013C0004B7206338B729333CB7210BD02788A4214
:1013D00004D0012301708370002070478378032BB1
:1013E00018D80133DBB28370042BF5D143789342D4
:1013F000F2D04270002A05D000238380C38003729C
:101400000120EAE7037A8280C28002725842584182
:101410004000E2E74378002BDED083880C4A9342F9
:1014200001D001338380037A002B07D182883B2AC5
:10143000D2D901220272C3800320CEE7C3880133D0
:101440009BB20E2B01D8C380C6E70023F3E7C0464A
:10145000FFFF000010B5002803D02022002107F074
:101460002BFB10BDF7B51E0008AB1B780C00050068
:101470001100019300283DD0201E3BD02800FFF72B
:10148000A5FF0700280031000A30FFF79FFF060084
:10149000280001991430FFF799FF02000020012F66
:1014A00004D12378380059424B412370022E22D1B7
:1014B00007210320AB7F01330B401C49AB77584316
:1014C0000B00C35C0918A3704123637100234E789D
:1014D0008978E6702171E3710120022A18D1EB7F2F
:1014E000013201331340124AEB77D35C637100235E
:1014F000E3710120FEBD032EEFD163782020190097
:101500002039C9B29F2901D81B18D8B26070E3E70F
:10151000032AEFD1A37920211A00103AD2B2CF2AA0
:1015200001D85B18D9B2A171E3E7C0463696011124
:101530003296011170B5041E66D08423354A5B01D2
:1015400011680B4313604023334A11680B43136047
:101550008023DB051A6831490A401A608022196825
:1015600052010A432E491A600A682E4B1A40B023D2
:101570005B0313430B6080232B4ADB0311680B438F
:1015800013602A4B98476300050083423FD86008E8
:101590002100401907F048FB254A030090422FD94B
:1015A0001300DA0717D51A00032B00D203222149B2
:1015B000013A8B4200D90B001100614301335C43B7
:1015C000481B8D4200D9681A611BA54200D9291B0E
:1015D000884200D81300082400201749174AFF3416
:1015E000087014802222164C25682A432260154A6E
:1015F0001360154B154A1860012313700B7070BDF2
:101600000228CED20223CCE701204042F7E7022095
:10161000FBE7C0460800004014000040FFEFFFFF5A
:101620002C380040FFFFC0FF0C380040D1A500005F
:10163000FEFF0000FDFF0000087000400070004049
:101640002C300040147000402C700040107000409E
:10165000034B10B51868002801D0FFF76BFF10BDD1
:101660000060FF1FF0B5144D00230226AC46134A5C
:10167000134C144F8B4207D30122134B21780800DF
:101680001040114213D1F0BD2578354209D03D6894
:10169000072D06D86546C25C01332A60074D2A0033
:1016A000E8E7551E002AFAD102204042EBE7013B51
:1016B000002BE3D10320F8E760700040400D0300E9
:1016C0002870004020700040410D030010B5040058
:1016D000FFF730FF002811D1094B0100094A0C30F7
:1016E0001C6007F059FA002806D10C3007F01CF8EE
:1016F000002803D0042000E00320404210BDC04673
:101700000060FF1F5116011170B505000E00002882
:1017100012D0FFF7A7FF041E0CD0094B1868002851
:1017200008D0FFF707FF002804D131002800FFF799
:1017300099FF0400200070BD01246442FAE7C0460E
:101740000060FF1F0B00002805D003215943002330
:101750004118884200D17047037043708370033092
:10176000F7E7F0B500220624130080260427A446DC
:10177000340014413D00044200D06546DB000132D4
:101780002B43082AF4D11A0C0A701A0A4A708B707B
:10179000F0BDF0B504001500070085B0002819D091
:1017A000171E17D009224A43170010370192BB4277
:1017B00022D303232E004B43C31802933300093373
:1017C0000393029B9C4208D1019B10220021E81840
:1017D00007F072F9380005B0F0BD31006078FFF70E
:1017E000C0FF2078F11CFFF7BCFFA078B11DFFF708
:1017F000B8FF0334039EE1E70027EBE770B516005E
:1018000004AA148805AA15784A685078117800024D
:101810002A4A0843801805284BD807F025F80313F7
:101820001E29343F07221000062C0AD8121BAA4298
:1018300000D92A0022491A803000091907F084F8DB
:10184000002070BD0720112CFBD81222121BAA42C7
:1018500000D92A001B491A80EEE707200E2CF0D889
:101860000F22121BAA4200D92A0017491A80E3E767
:101870000720032CE5D80422121BAA4200D92A0013
:1018800012491A80D8E70720032CDAD80422121B49
:10189000AA4200D92A000E491A80CDE70720022C5F
:1018A000CFD80322121BAA4200D92A0009491A8064
:1018B000C2E700220A201A80C3E7C046DCD5FFFF3A
:1018C0007A9601110460FF1F6A9601116596011155
:1018D000609601115C96011110B50D21024A034872
:1018E00006F01EF910BDC04650960111943EFF1F30
:1018F00010B5084CE368002B08D18022064B520239
:101900001B689B186360054B1B68236007F094F904
:10191000A06010BD4060FF1FC8F00040CCF0004048
:1019200070B5184A936A916A9942FBD116498A6840
:101930009A421FD39A1A8B60144B0126186893B2EF
:10194000D202D20E4343424300204C681B0A1B19AB
:1019500012029B180E4C0A684B60551CA3420CD80F
:10196000002801D04B600A600A4A136008680A4BDD
:10197000186070BD581E821ADDE7084A30009B18B7
:101980002A00EAE700F000404060FF1F140AFF1F32
:1019900040420F00C8F00040CCF00040C0BDF0FF56
:1019A00070B51F4C23793F2B01D93F2323711D4B69
:1019B00022791A701878C0B207F04EF818231A4925
:1019C0001A4A0B801A4913800B805380A379194956
:1019D00080200B800C21938001334B43164D191C42
:1019E0000001834200D9011C2980D1806379002B3A
:1019F00001D101336371237A012B01D802232372B1
:101A00006279237A0D4853430A21584306F0BCFFFC
:101A10000B4D2860E379052B01D81023E37170BDCD
:101A20003460FF1F480AFF1F7E3FFF1FB040FF1FAB
:101A30007C3FFF1F7A3FFF1F783FFF1F71020000AE
:101A40002460FF1F064B70B51900064A31CA31C128
:101A500002225A7100229A71FFF7A2FF70BDC046A0
:101A60003460FF1F9C9601117047000070B50400A0
:101A7000013806280DD806F0F7FE041337571F0C5F
:101A800059002B4805F0D8FC2A4B0221187807F0A2
:101A9000B3F8294B210029481C7005F0CDFC70BD1E
:101AA000274805F0C9FC234B0821187806F074FF7D
:101AB0000022244B1A72ECE780220025214B5200B1
:101AC0001A81FA22DD72204B1A4E5B7A92000821AD
:101AD0005A43307806F0B8FF2900307806F08CFFC2
:101AE0001A4805F0A9FCD4E7194805F0A5FC114BEC
:101AF0000821187806F050FF1648FEF7C9FF124B70
:101B0000154A9B799380154A138000220D4BDA7297
:101B10000132FF321A81124B1B78002BB9D0114AC7
:101B2000136006F0F1FDB4E70F48DAE70F48D8E795
:101B3000B58F01115560FF1F5460FF1F33900111D5
:101B4000C48F01112460FF1F3460FF1FD88F011163
:101B5000EB8F0111893FFF1FB040FF1F7A3FFF1F2E
:101B60003060FF1F34F000400290011123900111FA
:101B70000300F0B50A4D8E18B14202D15200801810
:101B8000F0BD0C782F6824093C5D0F271C700C7881
:101B900001313C402F683C5D5C700233ECE7C0468D
:101BA000743FFF1F10220F4B10B51A700F230E4CFD
:101BB0000E492370093A063B0D48637006F0C4FED7
:101BC0002D2301220B490C486372FFF7D1FF01223C
:101BD0000A49FFF7CDFF01220949FFF7C9FF00239A
:101BE000037010BD5262FF1F3362FF1F7A9601110E
:101BF0003562FF1F6709FF1F3D62FF1F6609FF1F58
:101C00006509FF1F10B5FFF7CDFF084C084B207882
:101C100021000130C0B2187006F0FEFD2178054A9F
:101C20000139C9B2002005F099FE10BD3362FF1FD3
:101C30005262FF1F3562FF1F10B5114B1A781870E2
:101C4000002A0ED000280BD10E4B1A78062A07D88E
:101C50005423D340DB0703D50B4B187801F056FE15
:101C600010BD0028FCD0074B1B78012B02D0033B92
:101C7000022BF5D8044B0121187806F0BDFFEFE7E1
:101C80005662FF1F7D62FF1F7E62FF1FF0B5664B2D
:101C900087B01870654805F0CFFB654805F0CCFBB0
:101CA000644805F0C9FB06F0D7FD0322624963488A
:101CB000FFF75EFF2D24030088211C7004224905D4
:101CC0000130FFF755FF3023022204704370837008
:101CD0005B4C5C4B2000DA875B490432FEF75AFB11
:101CE000062813D0200006F00FFE022809D0032199
:101CF000200006F039FD8D23E3706E3B237119330C
:101D00006371062220005049FEF77EFA4F4B0125F1
:101D10001B68FC335C64FFF775FF07234C4E4D4C8A
:101D20003370053B23700433A370033BE3702371CE
:101D3000D233637148492A3348486570A37105F06E
:101D40007BFB6423464F47487979594305F074FB80
:101D50002178A37862780591A1794348039161794C
:101D6000029121790191E1780091059905F064FBD8
:101D70000020FFF761FF32783C4E230029003078C5
:101D800001F086FD3A4A00213A4B1278307801F092
:101D90007FFD6422384B244C1D707B79534319001E
:101DA000284A0A3193811382D181518220782021DF
:101DB00006F0DAFE0120404205F01CFE0120404200
:101DC00005F0B8FEFFF788FDFEF736FE2B4805F05C
:101DD00033FB01204042FFF707FAFFF78DF980211E
:101DE0000A222078090106F02FFEFA2280219200B3
:101DF0004901207806F028FE280006F07DFEF0203C
:101E000000F0FCFE2900207806F0F6FE207801F0B4
:101E1000F9FE1B4806F030FCFEF7A8FD194805F056
:101E20000BFB07B0F0BDC0465560FF1F429001118B
:101E3000709001118B9001112440FF1F0460FF1F5F
:101E40006509FF1FB03FFF1FADAC00008C62FF1F94
:101E5000A83FFF1F893FFF1F3562FF1FA19001119F
:101E60003460FF1FB4900111D19001117E62FF1FF9
:101E70005262FF1F3362FF1F2462FF1F0491011192
:101E80005660FF1F3191011173B520240E000D0023
:101E90002640214209D0414B4148197A0131C9B24B
:101EA000197205F0C9FA200017E00BB2002B16DA00
:101EB0003C4B187806F0F0FD041E0CD00378912BF3
:101EC00006D143780E2B03D18188374805F0B4FA48
:101ED000200006F0A1FD80200002684076BD0224AB
:101EE000214208D0314805F0A7FA2C4B01201E7280
:101EF000FFF7A2FED7E70824214207D02C4805F0BF
:101F00009BFAFFF70DFDFEF731FDCCE7CB0615D5AB
:101F1000284B29481A7AD98805F08EFAFEF727FD52
:101F2000264B1B78002B07D1FEF79AFD244B1B682C
:101F3000DB0701D5FFF7ADF91020CEE701242142E0
:101F400008D0204805F078FA1F4800F093F806F012
:101F50006BFCA8E78024640121420DD01B4B174A7B
:101F60001968127801311960194B1A481B780092D0
:101F70002A0005F061FA96E780242401214202D06C
:101F8000FFF7DAF88FE70424080020402142A5D0AB
:101F9000114805F051FAFFF77BF984E72460FF1F31
:101FA0005C9101115560FF1F649101118D91011128
:101FB000BC9101111860FF1FC79101115662FF1FEC
:101FC0003460FF1FDB9101116C3FFF1F5060FF1F4A
:101FD0005460FF1FF691011127920111F0B51B4BC0
:101FE0001B4F1B883A8804001A4E1B4D85B09A423D
:101FF0000DD832889A420AD3184B1A882B889A42F5
:1020000005D1174A174B12881B889A421BD005200E
:1020100000F050FE3B8802AA138033880190538061
:102020002B88114D93800F4B02A91B88D3800F4B37
:102030002A78188802F096FB0D4B08212878019A1F
:102040001C7006F0E1FB05B0F0BDC0462262FF1F28
:102050007E3FFF1F7C3FFF1F7A3FFF1F2062FF1F55
:102060001E62FF1F783FFF1F7E62FF1F803FFF1F22
:102070001C62FF1F13B50C4B1C78002C11D10028DB
:1020800001D00A4B18600A4A0A4B11780A4A1078A4
:102090000A4A01920A4A0092002205F04FFB2000F2
:1020A00016BD1124FBE7C0467D62FF1F1862FF1FAB
:1020B0007C62FF1F6C62FF1F7E62FF1F5862FF1F62
:1020C0005C62FF1F10B5064B12201B78052B06D152
:1020D000044B13221988044B187800F0C7FF10BD79
:1020E0007D62FF1F803FFF1F7E62FF1F10B500242F
:1020F0000122114B52421870104B1C70104B1A8069
:1021000001F080FD04220F4B21001A700E480C32A2
:1021100006F04AFD102221000C4806F045FD07227A
:102120000B4B1C600B4B1C700B4B1C700B4B1A7039
:102130000B4B1C7010BDC0467E62FF1F7D62FF1FEF
:10214000803FFF1F7C62FF1F6C62FF1F5C62FF1FEE
:102150005862FF1F3262FF1F3162FF1F823FFF1F65
:102160003062FF1FF8B5174C0600257806A8142426
:102170000078052D23D1B41F134FA5B21824BD42FA
:102180001DD88D1FADB2BD4219D8FA256D00AA42E7
:1021900015D21D000D4F0A3DADB2BD420FD80C4CFB
:1021A00026800C4C21800C4900240A800B4A1380A5
:1021B000FFF714FF0A4B0421187806F0EDFB20000E
:1021C000F8BDC0467D62FF1F790C0000750C000051
:1021D0007E3FFF1F7C3FFF1F7A3FFF1F783FFF1F9F
:1021E0007E62FF1FF0B50BB20D0089B0002B00DB43
:1021F00084E1AC4E307806F04FFC041E2DD00378FD
:10220000A22B00D133E1D02B2CD0912B22D14378BB
:102210000E2B1FD18388A44A934211D1A34A83680D
:102220001278052A16D1032018567F2812D0A04B09
:102230001B68002B0ED05B68002B0BD0984709E081
:102240009C4A934206D181689B488B784A780978EA
:1022500005F0F2F8200006F0DFFB80200002684065
:1022600009B0F0BD80780728F4D806F0B5FC080066
:10227000F3FF1C003C003C007300A700D70063780C
:10228000002B0CD10121894B19708C4B1A78002A34
:1022900054D08B4B307801F0FBFA00284ED0072247
:1022A000824B1A704AE061780029F8D1E378002B5C
:1022B0000AD0844A844B1278307801F0E9FA6070D1
:1022C0006378002BC6D0EAE7784B1B78022BC1D08D
:1022D0000121307806F020FB0028F1D1012130786F
:1022E00006F08AFCECE76378002BD8D16F4F032807
:1022F00007D13B78052B02D101333B701EE002234E
:10230000FBE7724B1A88724B0293002A0BD01B78A2
:10231000002B03D00121307806F076FA3B78062BAB
:1023200004D1013BE9E7029B1A70F7E7042B43D184
:102330000121029B3078197006F05EFC5C4B1B6833
:10234000002B00D186E71B68002B00D182E7574A9B
:10235000107873E76378554F002B27D10622211D93
:102360005C4806F0F1FA62895B4B5C491A80A289ED
:102370005B4B1A80E3890B800521397059490A802B
:10238000594A1380228A594B1A80594B1B78012BCA
:1023900009D11F2000F08EFCFA2292004243042152
:1023A000307806F031FA0022494B7AE7312B00D021
:1023B00075E70022464B1A7003239EE70622002190
:1023C000444806F0F1FB0023464A04211380464AA4
:1023D00030781380454A138006F0DEFA0821307801
:1023E00006F0DAFAA379083B5A4253412F4A0333E5
:1023F0001370324B1B78002B06D0354B30781A788F
:10240000002A06D001F082FA0122334B52421A8090
:1024100094E70121197006F0EFFBF5E70821307809
:1024200006F0BAFA6378002B00D013E72D4B2F4F3C
:102430000293E388029A042113802B4B3078039394
:102440002389039A138063893B8006F065FA00288C
:1024500000D0FFE6274B1B68002B00D1FAE603995A
:1024600002983A88098800881B689847F2E6437901
:10247000132B00D0EEE60389012B0AD11E4B1B78EB
:10248000022B06D10821307806F086FAFFF71AFEF3
:10249000E0E6052000F00EFC08210200307806F08E
:1024A000B3F9D7E67E62FF1F051400007D62FF1FAF
:1024B0001862FF1F2220000049920111A83FFF1F50
:1024C000893FFF1F5262FF1F3362FF1F5462FF1FCD
:1024D0005662FF1F2562FF1F803FFF1F2C62FF1FF8
:1024E0002E62FF1F2262FF1F2062FF1F1E62FF1F5E
:1024F0002462FF1F1462FF1F1C62FF1F8020C001A7
:10250000014200D0ABE6CB0731D5324B1B78002B14
:102510001DD0314E05AC3378052B1AD1023B237008
:102520002E4B21001B7823722D4B1B7863722D4B91
:10253000187801F051F9002809D007202A4B307093
:102540001B68002B03D01B68002B00D0984701208C
:1025500085E60E20254B06221B7825492370254B46
:102560001B78637002ABC01806F0EEF9D8E70223BF
:1025700008001840194209D0174B1B78052B03D1CE
:102580001D4B188806F020F9022068E60424214239
:1025900003D0FFF723FD200061E608230800184060
:1025A000194200D15CE6154B1C78012C03D0022C9B
:1025B0000DD0082053E6124B124A134913481B88CA
:1025C0001288098800880094FFF7CCFDF1E7FFF737
:1025D00079FDEEE75662FF1F7D62FF1F823FFF1FFE
:1025E0003062FF1F7E62FF1F1862FF1F3262FF1FF3
:1025F000833FFF1F3162FF1F803FFF1F1C62FF1FD1
:10260000783FFF1F7A3FFF1F7C3FFF1F7E3FFF1F6A
:1026100010B5034C0B000122210000F06BFA10BD35
:10262000D12701110B8870B506000D000224162B6E
:1026300011D92B000322094900F05CFA041E0AD1CB
:10264000074B2A881B88191C934200D9111C3000A3
:1026500089B200F0EFFA200070BDC046FD270111DD
:102660009262FF1F10B54A780400013A0B00022065
:10267000012A07D80A78002A04D00522200002493E
:1026800000F038FA10BDC0462B2801110A7810B5A9
:102690000B0004000220002A04D007222000024977
:1026A00000F028FA10BDC046D72801110A7810B5ED
:1026B0000B0004000220002A04D009222000024955
:1026C00000F018FA10BDC0463D29011110B5034CA9
:1026D0000B000B22210000F00DFA10BD6D29011135
:1026E00010B5034C0B000D22210000F003FA10BDC1
:1026F000DF29011110B5034C0B000F22210000F05F
:10270000F9F910BD392A01110A7810B50B0004003F
:102710000220002A04D011222000024900F0EAF928
:1027200010BDC046492A0111002310B5132219001B
:1027300000F0E0F910BD000010B5034C0B001722AB
:10274000210000F0D7F910BD9B2A0111002310B51C
:102750001922190000F0CEF910BD000010B5034C8D
:102760000B001B22210000F0C5F910BDD52A011174
:10277000F7B584890D0006000121002C22D000232A
:102780008268D3561778002B1EDA0C2C1AD90C3C11
:10279000A4B2131940880093230002F012FF431ED5
:1027A000984101307B06DB0F6B703F23013C1F40DB
:1027B000A4B22870AF70AC80002C07D0B36801338E
:1027C000AB6000210800FEBD0020EBE7AC60F8E73D
:1027D0000B7803704B8843704B881B0A83700B790E
:1027E000C370042070470420022B06D100205378C8
:1027F00011781B02009A0B43138070470B880370FB
:102800000B881B0A43700220704704200099834202
:102810000AD1537810781B0203430B80D378907849
:102820001B02034300204B807047F8B50D004B7826
:1028300001240021461C03702B788B4201D8200014
:10284000F8BD6B78B01C4F1C012B10D189006918A2
:102850004B88022233704B88B9001B0A73706918C9
:1028600005F06AFF04360434A4B2F9B2E4E7122397
:1028700059436B185A88043132705B8810221B0A46
:102880007370691805F058FF12361234ECE770B512
:10289000049D14001E00052B01D8042070BD637830
:1028A00012781B0213432B80E378A2781B02134398
:1028B00002226B802A71211D681D063E05F03CFF37
:1028C000B2B22A81E92AE8D82800A11D0A3005F011
:1028D00033FF0020E2E7002310B50A789A4201D8BE
:1028E000900010BD9A008A185488013304705488EF
:1028F000DBB2240A4470948884709288120AC270F1
:102900000430EAE710B51100029C062B04D0042025
:102910001022142B01D010BD022222714B780878AE
:102920001B0203432380CB7888781B020343638018
:102930000431601D05F000FF0020ECE710B50C78B5
:102940008B7804315C43E4B203702200013005F05F
:10295000F3FE601C10BD0420022B06D1002053782A
:1029600011781B02009A0B431380704710B50C00BE
:102970000A88023105F0E0FE208810BD70B5040021
:102980000D0004981100012B01D8042070BD1678A9
:1029900052781202324302800200F13255701470F4
:1029A000E125002C00D10C35023B9AB24280AA42AC
:1029B000EBD80231043005F0BFFE0020E6E704202A
:1029C000009983420AD1537810781B0203430B808D
:1029D000D37890781B02034300204B80704710B5DA
:1029E0000C000A88023105F0A7FE208810BD000007
:1029F00070B501211E000420049C0E400B4218D12A
:102A0000CB40DDB28D4214D90A49DBB20988994224
:102A10000FD32300EE331D7033005800111849788E
:102A2000165C0902314301332152D9B28D42F4D8E8
:102A3000002070BDAA3FFF1F10B50C000A880231AC
:102A400005F07AFE208810BD10B50C788B78043123
:102A50005C43E4B203702200013005F06DFE601C9F
:102A600010BD10B511000298032B01D8042010BD31
:102A700014785278043B120222430280CA788C7880
:102A80001202224342809AB28280EB2AEED80431AD
:102A9000063005F051FE0020E9E710B50C000B8868
:102AA00003700B881B0A43704B8883704B881B0A8A
:102AB000C3708A880430063105F03EFEA0880430D9
:102AC00080B210BD0420012B03D100201378009A9E
:102AD0001370704710B50C000B8803700B881B0A2D
:102AE00043704A880230043105F026FE60880230C7
:102AF00080B210BDF0B589B003931E4B0292420024
:102B00000700D05A019102F050F81325061E2DD06F
:102B1000029B01240370019B002B04D00019039930
:102B20009847001984B26B461B7A5BB2002B0FDA10
:102B30001021380002F0A8FB1925002813D130001D
:102B40003219E1B202F0F2FC051E0CD10C34A4B231
:102B5000042304AA380005A993800696948101F005
:102B6000DFFD051E02D0300005F0AEFE280009B0E2
:102B7000F0BDC0469062FF1F70B505000C00002834
:102B80000CD00020814209D010222000044905F019
:102B9000D3FD01202B7823736B78637370BDC0461F
:102BA000A8960111F0B506000D0017001C0085B0B5
:102BB00002291BD00020102907D1022B07D0102B8F
:102BC00003D115E00020102C08D005B0F0BD6946F7
:102BD0003800FFF7D1FF2A0069460BE06946300054
:102BE000FFF7CAFF22006946380004E0022BE9D152
:102BF0002A003900300005F0C7FDE6E7031CF02885
:102C000000D9F023032008499AB2013A0B80D31768
:102C1000034006499B189B100B80D30F04499B1857
:102C20005B100B807047C046AE3FFF1FAC3FFF1FDD
:102C3000AA3FFF1F054B10B51B888B4205D3044BE1
:102C40004000C152034804F0F7FB10BDAE3FFF1F28
:102C50009062FF1F5C920111014B4000185A7047AF
:102C60009062FF1F1722014B1A8070479062FF1F6E
:102C700070B505000E2005F057FE041E13D0D023BA
:102C8000037000230622837007494570033005F066
:102C900053FD064B2100DA8A62811B7E2373044BAD
:102CA000187805F021FD70BDAC62FF1F9C62FF1F0C
:102CB000FE3FFF1F262803D8024B4000C05A704732
:102CC0000148FCE7B03FFF1FFFFF000070B50600A2
:102CD0000C00094D1C220021280005F065FF074B60
:102CE0001E70074B1C7005F02FFF0123002801D038
:102CF000002312202B7070BD9C62FF1FFE3FFF1F40
:102D0000BD62FF1F70B505000D4C0800E260A160B8
:102D100010220021656005F05FFD012803D110211C
:102D2000A06802F004FE10220021280005F054FDE6
:102D3000012803D11021606802F0F9FD70BDC04682
:102D40009C62FF1F70B5041E05D1002903D0062226
:102D50000D4805F0F1FC0D4B1D78012D11D1002C13
:102D600005D102221A7005F007FF280070BD00226D
:102D70001A70074B1B78FF2BF7D02000FFF778FF66
:102D8000F3E70025F1E7C046AC62FF1F9C62FF1F1E
:102D9000FE3FFF1F030010B5002801D1002010BD29
:102DA00000780B4A002803D15988D1821B79137609
:102DB0001378022BF2D10023984200D10333137011
:102DC000044B1B78FF2B01D0FFF752FF0120E6E7F1
:102DD0009C62FF1FFE3FFF1F002911D000280CD06E
:102DE0004B79012803D140225242134303E03F2292
:102DF0001340032802D001204B7170474022F4E7B2
:102E00000800FAE770B5094D0100287800280BD0BA
:102E1000074C0622200005F08FFC21002878FFF7E0
:102E2000DBFF200005F0C8FC70BDC046BC62FF1F80
:102E30009662FF1F00290AD0012808D13F224B7952
:102E40009343C02B03D0403B5A425341981C7047D8
:102E500070B5174D06002B78FF2B15D00A2005F012
:102E600063FD041E10D0D0230370C83B8370114B48
:102E700011491B784670C3700622043005F05CFCD3
:102E80002100287805F030FC0C4B1B78012B0DD16C
:102E90000B4B1B68002B03D09B68002B00D098477E
:102EA000084B04211878084A05F0CEFD70BDC046D5
:102EB000FE3FFF1FBC62FF1F9662FF1FB862FF1F2D
:102EC000E462FF1FE862FF1F60EA0000014B9868A0
:102ED0007047C0469C62FF1F014BDB681868704753
:102EE0009C62FF1F074B10B5DA681368013313604B
:102EF000054B1878FF2803D08021C90105F07CFE1E
:102F000010BDC0469C62FF1FFE3FFF1FF7B50E00BD
:102F100002F04EF9051E1CD00E4B06621F78002FE2
:102F200000D10778AB791020019305F0FDFC041E59
:102F30000FD0D0230380C73B8370019BE91DC37072
:102F40000622043005F0F8FB21003800E66005F0A9
:102F5000CBFBF7BDFC3FFF1F014B18787047C04605
:102F6000BC62FF1F054B002805D1054B1A78054BA5
:102F7000002A00D1014B18007047C046AC62FF1F09
:102F8000BC62FF1F9662FF1F014B58687047C04626
:102F90009C62FF1F024B1868431E9841C0B27047E5
:102FA000C062FF1F421E03000120152A03D9FF3B08
:102FB0005A425341D8B27047F0B51C0000230E00AE
:102FC00085B0039002920B70029A934201D30020C5
:102FD00019E0E55C5A1CD2B2002DF8D002985119C4
:102FE0008142F4DC0233DFB2A35C18000193FFF7E7
:102FF000D9FF002807D0013D019A0399EBB2337045
:103000008A4202D1E01905B0F0BDDB19DBB2DBE783
:1030100010B50C0002F024F903001220002B03D09D
:103020002100588805F058FB10BD000070B50E4D0A
:1030300084006359002B15D0186A002801D005F0D0
:103040007BFD2B59586A002801D005F075FD2B59DE
:10305000986A002801D005F06FFD285905F06CFD35
:1030600000232B5170BDC046CC62FF1F1C4B70B5B6
:1030700004000E00150099420AD11A4B1B68002B60
:1030800001D1122070BD1B68002BFAD09847F9E7D8
:10309000154B994215D1134B1B68002B0AD01B68A6
:1030A000002B07D09847002804D1104B1C70104B00
:1030B0001D70E7E729002000FFF7AAFF0028E1D1F3
:1030C000F3E7080002F074F80028DAD00378032050
:1030D000A342D7D12900300005F0FEFAD2E7C0465E
:1030E000FEFF0000C862FF1FFFFF0000C562FF1F58
:1030F000C462FF1FF7B50400808802F059F800256C
:10310000A84203D00578A08802F08EF81C4E3378D0
:10311000002B1FD0AB421DD11A4B28001978FFF7A6
:1031200077FF002818D000233370A3790820A778F0
:10313000A688019305F0F8FB011E0DD0D023037083
:10314000CA3B8370019B477086808371280005F01D
:10315000CBFA01E0002DE8D1A0880B4B8200D358B8
:10316000002B01D0FFF762FF1721A088FFF762FD57
:10317000A08801F057FDA08801F062FEF7BDC046AF
:10318000C562FF1FC462FF1FCC62FF1FF0B587B08E
:103190001D000CAB1B88070001930DAB1B8814208E
:1031A00002930EAB1B88160003930FAB1B88009194
:1031B000049310AB1B88059305F0B6FB041E1AD0D0
:1031C000D0230370CB3B47708370C6700622290062
:1031D0000430002D11D005F0AFFA019B210063816E
:1031E000029B0098A381039BE381049B2382059BA0
:1031F000A37405F079FA07B0F0BD05F0D5FCECE753
:10320000F7B5009308AB1B8807000C200D001600D3
:10321000019305F089FB041E13D0280001F0C8FFBC
:1032200000280FD00078D0232370C93BA370009BE7
:1032300021002381019B6770A580E680638105F0F2
:1032400053FAF7BD014B1878EDE7C046FE3FFF1F6C
:1032500013B5040064890389C2888188C07800940A
:10326000FFF7CEFF13BD000010B5044C2068002806
:1032700003D005F061FC0023236010BDD062FF1F66
:10328000A122F0B5818892004A43384B384F1B6821
:1032900004009B189D2292009B18827989B01A60C5
:1032A0003B68002B5FD01D78324B1B68002B04D08D
:1032B0005B68002B01D000209847260008363100BB
:1032C000E079FFF7B7FD237DE0710200E078049319
:1032D000638A29000393238A0293E3890193A388D5
:1032E00000933300FFF752FFE378002B0BD1E28904
:1032F000A379A18802920196E27928000092012226
:1033000001F060FFE0703B68002B20D0FFF7ACFFBE
:10331000194D287800281AD0184B1978FFF778FE35
:10332000002814D02B78E67808200793A78805F0AA
:10333000FBFA011E09D0D0230370CA3B467083708C
:1033400087808671079805F0CFF900232B7017212D
:10335000A088FFF76FFCA08801F064FCA08801F052
:103360006FFD09B0F0BD064B9DE7C0463409FF1F55
:10337000D062FF1FE462FF1FC562FF1FC462FF1F10
:10338000FE3FFF1FF8B5070008000E0001F010FF18
:10339000041E18D02620FFF78DFC051E00D12578CD
:1033A000062005F0C1FA041E0DD00021062205F00A
:1033B000FBFBD0232370C23B21006770A370A68063
:1033C000E8B205F091F9F8BDF0B585B001930AAB0C
:1033D0001B78070002930BAB1B7808000D000092CE
:1033E000039301F0E5FE061E22D0102005F09CFAA2
:1033F000041E1DD01022002105F0D6FB2620FFF769
:1034000059FC002800D13078D0232370C13BA37031
:10341000009B21002372019B67706372029BA58051
:10342000A372039BC0B2E3720C9BE36005F05CF9EE
:1034300005B0F0BDF7B50D00019001F0B9FE071E13
:1034400020D00E2005F070FA041E1BD02620FFF7B6
:1034500031FC061E00D13E78D0232380C53B0622D6
:10346000A370F91DE01C05F067F9019B2A00638138
:103470000123DD401A401D40210022736573F0B224
:1034800005F032F9F7BD0000F0B585B002901000EC
:103490000D0017000A9E039301F08AFE041E31D02E
:1034A000029B002B2ED1039B02795B0724D51223AC
:1034B00013430422002E08D10B99002905D10C9941
:1034C000002902D10D9900291AD01A430D9B2271AF
:1034D000002B00D0C9E0002E00D1CFE0002D00D09D
:1034E000CCE0606A002801D005F026FB1C213000EA
:1034F00005F0EAFA606205E002239A430E33D7E74B
:1035000093432371654BBA00D458002C00D1AAE034
:10351000002E10D0236A002B03D11C2005F084FA62
:1035200020625E4BBA00D358186A002803D01C22D0
:10353000310005F001F90C9B002B12D0574CBB0059
:103540001D596B6A002B03D1162005F06DFA6862D5
:10355000BB00E358586A002803D016220C9905F0E6
:10356000EBF80D9B002B11D04C4DBC006659B36A93
:10357000002B03D1142005F057FAB0622B59986A3A
:10358000002803D014220D9905F0D6F8380001F078
:103590000FFE051E67D0414BBA00D358002B62D0F6
:1035A0001A6A3420002A00D11C389A6A002A01D0F5
:1035B000143080B20B9A002A01D01C3080B25B6AB2
:1035C000002B01D0163080B205F0AEF9041E4AD0AF
:1035D0001822002105F0E8FA2620FFF76BFB019086
:1035E000002801D12B780193D0232370029B200067
:1035F00063700A23294EA370039BBD00A371AB59CE
:10360000A780196A1830002905D01C22A06005F097
:1036100093F8200034307359996A002907D00300C9
:1036200014221433E060029305F086F802980B9B95
:10363000002B08D003001C221C330B99206102933D
:1036400005F07AF802987359596A002903D01622B6
:10365000606105F071F86B462100187905F044F8B7
:103660003800FFF7E3FC05B0F0BD10220D9B0D996B
:103670001B69A018236205F05FF82CE70B9B002B59
:1036800000D13FE7012D00D03CE7606A002801D05F
:1036900005F052FA1C210B982AE7C046CC62FF1FA6
:1036A00010B5044C2068002803D005F045FA00232B
:1036B000236010BDC062FF1F0B4B07B51A68002ABC
:1036C00001D100200EBD6946531C0120127807313C
:1036D000FFF772FC0028F4D0027801231000184094
:1036E0001A42EED0EEE7C046DC62FF1FF0B51F4F76
:1036F00001203B6887B0002B25D09B78059300F014
:10370000DDFB002821D00A20FFF7D4FA04000B20AB
:10371000FFF7D0FA164B05001E78731E9E413B68DA
:10372000F6B2191DD878FFF757FB3B682900DA7A03
:10373000043303929A79019302920090330020009F
:10374000059A05F061FA07B0F0BDFFF7B5FF002854
:1037500005D00620FFF7AEFA04000720D8E70820BE
:10376000FFF7A8FA04000920D2E7C046C062FF1F95
:10377000BC62FF1F70B50A4E040033780D00FF2BAA
:103780000DD0042005F0D0F8011E08D0D02303701E
:10379000CE3B45708370C470307804F0A5FF70BDD7
:1037A0000C40FF1F70B5040006200D0005F0BCF8AA
:1037B000011E0AD0D0230370CD3B8370054B4470AB
:1037C0001B688580187804F08FFF002C01D0FFF76C
:1037D00067FF70BDC062FF1FF8B5264F06003B684B
:1037E0000D001124002B05D10522234B1B78134219
:1037F00002D112242000F8BD204A10241268002AA9
:10380000F8D01278002AF5D0DB0719D52B789A1E4C
:10381000012A1AD80C2005F007F913243860002873
:10382000E8D000230A22437029000670023004F019
:1038300083FFFFF75BFF041E0AD0FFF731FFD9E7D4
:1038400000F03CFB0028E1D1E4E7002BE2D0D0E718
:103850000B4B1B78032BCDD11D20FFF72BFA094B07
:1038600018800028C6D0084B04211878074A05F0B4
:10387000EBF8BFE7C062FF1FBD62FF1FDC62FF1FE6
:10388000BC62FF1FBA62FF1FE862FF1F60EA000010
:10389000F7B50193194B14001A78052306000F00A1
:1038A00012201A4221D0012920D1154B1D68002D6C
:1038B0001BD002201F2C18D8002C02D0019B002BFB
:1038C00013D0104B1F221E706E1C0021300005F01B
:1038D0006BF901992200300004F02EFF3100200026
:1038E0002C70002F06D005F07FF9FEBD064B12208C
:1038F0001D68DCE704F090FFF7E7C046BD62FF1FDC
:10390000DC62FF1F0C40FF1FD862FF1FF8B50F4E8F
:1039100012243368002B17D01B780F3C834213D13D
:1039200000250B4F0221387805F036F8094B0421A9
:1039300038781D8005F030F8074B28001D8033686B
:103940005C7004F0D9FE04002000F8BDC062FF1FC7
:10395000E862FF1FD462FF1FBA62FF1F70B5012823
:1039600023D11B4C2388002B03D01A4A1578002D35
:1039700007D0194B1B68002B02D01878FFF7C6FF41
:1039800070BD3B2B02D93C3B2380F9E7134E02214B
:10399000307805F001F8FA222388920002215A4378
:1039A000307804F031FF2580EAE70B4B1B68002BD1
:1039B000E6D00B4B1B785B07E2D5084B0221187849
:1039C00004F0EAFF0022024B1A80FFF769FED7E7F6
:1039D000D462FF1FB862FF1FC062FF1FE862FF1FB3
:1039E000BD62FF1FF8B51E4D2868002803D005F002
:1039F000A3F800232B601B4E3068002803D005F08D
:103A00009BF800233360184F05243B7818002040B2
:103A1000234221D0154800F055FA3B78234213D0B9
:103A2000202005F001F82860002813D02022002172
:103A300005F0BAF8202004F0F7FF041E306005D02E
:103A40002022002105F0B0F8002004E0286805F0ED
:103A500073F82C601320F8BD00F034FAF4E7C04688
:103A6000DC62FF1FD862FF1FBD62FF1F0040FF1F07
:103A700010B50A4C23681A1E0ED0002808D1013058
:103A8000587004F039FE002805D02368002B02D0BE
:103A90000021FFF787FE0122100010BDC062FF1F4A
:103AA000F7B5274E050033680191181E21D05C78C8
:103AB000244F012C30D1FFF7FFFD002825D0200036
:103AC000FFF7F8F80400412814D91F4B0221187899
:103AD0001E4A04F0B9FF1E4B3C3C1C800222336896
:103AE0005A703B78002B14D128000199FFF75AFE39
:103AF0000120FEBDFA2292004243002AEED0124B72
:103B00000221187804F080FEE8E7FFF7D3F80200FE
:103B1000F3E700233B70EBE73B78002BE8D1032071
:103B200004F002FF011E08D0D0230370CC3B457087
:103B300083703368187804F0D7FDFFF7B1FDD7E73D
:103B4000C062FF1FB862FF1FE862FF1F60EA00004B
:103B5000D462FF1F10B5204B8188994234D016D80B
:103B60001E4B994207D81E4B994221D81D4B9942B2
:103B700019D0002010BD1C4B9942FAD18368997866
:103B80005A78090218781143FFF78AFFF2E7174BBA
:103B900099421DD0164B0020CB18052BEAD81548AA
:103BA00003F04AFC0EE083681878FFF761FFE1E755
:103BB000114A83688818424250411B78C0B21900EC
:103BC000FFF7D8FD0120D5E783680C481978E7E7AF
:103BD00083680B481978E3E75120000009200000B2
:103BE00007200000062000000A20000052200000EC
:103BF000ADDFFFFF6B920111F8DFFFFF989201111B
:103C0000B1920111014B18707047C0460D40FF1F63
:103C100010B5064C207001F0A7FA207804F084FF5C
:103C20000521207800F06CFD10BDC046E862FF1F42
:103C30000BB273B50D00002B00DBCBE08B4B18787B
:103C400004F02AFF041E0ED00378912B0FD0A22B74
:103C500000D1A8E0864B1878FF2852D0210004F04C
:103C600043FD00284DD180200002684076BD437896
:103C70000F2B76D013D8052B70D00E2BEAD180886D
:103C80007C4B98422BD87C4B98421BD87B4B98425C
:103C9000E0D1A3681878591CFFF754F838E03E2BA0
:103CA000D8D18378032B79D06CD8012B73D0022B19
:103CB000D0D1734B1B68002B23D05B68002B20D026
:103CC00098471EE06F4BC0180C28C3D804F0BCFF07
:103CD0001DC2C2150BC20B0B0B3223C23C006A4B38
:103CE000C0180728B6D8694B1B68002B09D01B6881
:103CF000002B06D0200098470AE0A3681878FFF749
:103D0000A7F8200004F088FEADE7A068FFF742F8AE
:103D100000289FD0F5E7A3681B78002BF1D0584B03
:103D20001B68002BEDD01B68002BEAD021005848FF
:103D30009847EDE7524B1B68002BE2D01B68002B25
:103D4000DFD021005348F3E7534B1B68002BD8D03A
:103D50005B68002BD5D021004648E9E7FFF7CAF998
:103D6000CFE780884D4B984203D04D4B984200D00E
:103D700070E7494B1B68002BC3D05B68002BC0D099
:103D80002100D5E7152B0CD04648162B00D061E753
:103D900003F052FBB5E7FFF773FAB2E7FFF758FA03
:103DA000AFE74148F4E7414B1B78042B07D10023D0
:103DB0006A4613800179408800F0C8FCA1E7364BC1
:103DC0001B68002B9DD05B68002B9AD001003848FF
:103DD000984796E7012421420AD0294B1B68002B03
:103DE00004D05B68002B01D00020984701203CE7FD
:103DF0008B070AD5254B1B68002B04D05B68002B72
:103E000001D02000984702202FE704212800084015
:103E10000D4200D12AE7274E3388002B21D0013BE9
:103E20009BB23380002B1AD1FFF7B4F800280AD0D8
:103E3000214B1C70154B1B68002B04D05B68002BBA
:103E400001D020009847FFF79FF8694601F086FDF2
:103E50006846FEF7D7FF1D20FEF72CFF30800420B8
:103E600003E7024B187804F097FDF8E7E862FF1FBC
:103E70000D40FF1F0E20000001200000091000006F
:103E8000E062FF1FFEDFFFFFAFDFFFFFE462FF1F07
:103E90000C2000000B200000C862FF1F0D20000056
:103EA0001320000007930111CB920111BD62FF1F87
:103EB000FFFF0000BA62FF1FB862FF1F10B501F0DC
:103EC000F7F910BD014B18607047C046E462FF1F50
:103ED0000B880020162B01D817230420014A1380D9
:103EE0007047C0469262FF1F00207047074A0300D8
:103EF0001188814207D091880020994202D1013077
:103F00008000101870470020FAE7C046F062FF1FDB
:103F1000F0B58F7806000D00C5B01E2F15D1FFF744
:103F2000E5FF051E03D10024200045B0F0BD0022AE
:103F30003B003100C078009200F0B2FB0400A81CE6
:103F400000F0D2FBFF23EB70EEE7264B0624039331
:103F50001B78FF2BE8D0182FE6D87B08224A013BBC
:103F6000DB0002929A589446002ADDD0029AD318B8
:103F70005B68002BD8D00878002802D14B78012B41
:103F800002D10624122FCFD107AFAB8869780097F2
:103F90006446AA68A047041EC6D1AB78029A5B08A3
:103FA000013BDB00D318390030005B689847041EE2
:103FB0000BD1AB78042BB6D0039A310010782200D5
:103FC000009700F06DFB0400AEE76A78002AABD1E1
:103FD000AA7805A93B88087130000A704B80FEF76B
:103FE00017FBA0E71040FF1FB89601111D4B37B516
:103FF000050098420BD000290AD1FFF777FF00286F
:1040000005D11948FFF772FF002800D0058037BDA1
:1040100001291AD1FFF76AFF041EF8D001235B4281
:104020000380A378FF2BF2D0FE2B07D00023E0788B
:104030001422009329001E3300F032FBA01C00F074
:1040400053FB01235B426380E1E70229DFD10139A1
:1040500001F01AF90028DAD12800FFF747FF041E03
:10406000DFD1D4E7FEFF0000FFFF0000022210B501
:10407000074B52421A80074801325A809A80DA80F0
:1040800000F07EFA044801F081F8002010BDC0461F
:10409000F062FF1F113F0111ED3F01110388F7B5D9
:1040A0000400002B02D102252800FEBD4268022137
:1040B000137825485268FEF775FD00282ED0234F4F
:1040C00001253A88002AEFD0802321885B02012550
:1040D0009B1A9942E8DC0C2004F0A6FC061E31D0A5
:1040E0003B8822889C4600231800019561469DB2BA
:1040F000491989B2AA421BD8002801D062443A80EB
:1041000000233000082208C0210004F015FB104AEB
:104110001368002B13D100251660C5E762680221E1
:1041200013780C485268FEF73DFD0028C7D1BAE766
:1041300060681D014019418101330198D6E71A00DA
:104140001B68E6E71325AFE7269701110E40FF1F16
:10415000EC62FF1F24970111014B18707047C04695
:104160001040FF1F14230A0010B51A40194204D052
:104170000122102101F0A4F810BD4B06F9D4012052
:1041800088434000F8E710B514008B0604D50122DF
:10419000102101F095F810BD08230A001A401942B9
:1041A00002D14BB2002B0FDA102101F089F8002860
:1041B00008D02300F2331B78002BECD0F1342378A5
:1041C000012BE8D10020E6E703208907FAD4E2E7D3
:1041D000F0B51F00184B85B01C6801900291039246
:1041E000002C27D1200005B0F0BDA5683301ED18E3
:1041F0006B89019A934211D3029A93420ED8002FF1
:1042000004D10A9B002B10D12C00EBE73B0029784E
:10421000039A6868FEF7C6FC0028F2D10136B6B2F0
:10422000A388B342E1D82468DAE7A3680A9A5B89D5
:104230001380E9E70026F3E7EC62FF1F37B50C00B7
:104240000A8849880123914217D3002A15D0651D99
:1042500023792A0002210A48FEF7A4FC1023002833
:104260000BD023796188208800242A000094FFF76E
:10427000AFFF0A23A04200D0230018003EBDC04675
:104280002697011113B50A0008884988012388423E
:104290000BD8002809D00024137905320094FFF7C9
:1042A00097FF0A23A04200D02300180016BD13B5C3
:1042B0000A0008884988012388420BD8002809D0C1
:1042C0000024137905320094FFF782FF0A23A042ED
:1042D00000D02300180016BDF0B58BB003904A88BB
:1042E00008880E000123824255D3002853D00023B2
:1042F000012704AC23700022718813000092FFF79D
:1043000067FF051E3ED02078002835D12B78022B80
:1043100018D167706A8983000130E31880005A80E1
:1043200069680222201804F007FA23780133DBB20F
:104330002370042B19D93B006889013080B2002B0F
:10434000D9D01FE002236370122358436A892318CF
:1043500004305A8069681022201804F0EDF923789F
:104360000133DBB22370002BE5D10C4A6B899B181B
:104370005A425341DBB2DFE76378012BE4D12B785B
:10438000022BC7D022780A23002A04D021000398E8
:10439000FEF768F9002318000BB0F0BD0100FFFF25
:1043A0000F4BF0B504001868002816D083685D89AB
:1043B000A54207D88288AE18B44203DA12019A18CF
:1043C000934201D10068EFE71E005F891036A742D3
:1043D00004D1002900D00D801800F0BD3300EFE7B4
:1043E000EC62FF1F70B505000C0008880021FFF784
:1043F000D7FF03000120002B04D022002800197AE7
:10440000FFF7C1FE70BDF7B50C0000250190230039
:10441000EE331B78AB4201D800200AE06B00E65A6D
:1044200000213000E718FFF7BBFF002802D12680EB
:104430000130FEBD017A0198FFF794FE002802D0FA
:104440003B882380F5E70135EDB2E0E710B50400C5
:1044500008880021FFF7A4FF03000120002B03D0F0
:104460002000197AFFF77EFE10BD0000054B1B6887
:10447000002B01D1180004E09A6852898242F6D1DB
:1044800098887047EC62FF1FF0B50E27002687B0B2
:10449000039302ABFF183E8005001F4B40891400B8
:1044A000984207D02B78013000976A6880B2FFF7F6
:1044B0008FFE060002212B7818486A68FEF772FB0F
:1044C00000280FD06C892000FFF7D0FF002802D011
:1044D000013C0419A4B2039B002B00D01C803000C7
:1044E00007B0F0BD02212B780D486A68FEF75AFB31
:1044F0000028E7D102212B780A486A68FEF752FBB0
:10450000002807D0002EDED03B88A342DBD174897F
:10451000013CDFE76C89DEE7FFFF00002697011111
:10452000249701112297011110B50C00FFF7DEFC52
:1045300003000220002B0AD0002C00D023609B78BF
:104540001720FE2B03D00138FF2B00D1002010BD17
:1045500073B50D0001A904001600FFF7E5FF172849
:1045600005D0002E04D129002000FEF7F7F876BD13
:1045700001221021200000F0A3FE0028F3D0F6E76E
:10458000014B18607047C046FC62FF1F37B56B4691
:104590009D1D010004000222280004F0D5F92B889B
:1045A000B02B0ED12379122B09D12300FA331B78BB
:1045B000012B06D10121608800F0E0F801E01B2BFF
:1045C000F8D037BD10B5054B0421187000F098F8ED
:1045D000FFF74CFDFEF746FB10BDC0460063FF1F12
:1045E0000020F0B50BB20F0087B0834234DA274BBE
:1045F000187804F051FA051E2BD00378A02B25D192
:1046000003AE3100FEF7B4F8041E0BD1B378DB071C
:1046100024D51F4B06341B68002B03D0310068885B
:1046200098470400A868002801D004F04DF9002C38
:1046300008D1184A039B1340174A934206D0B37817
:104640001B2B03D00121688800F098F8280004F0A3
:10465000E3F980200002784007B0F0BD0F4B1B68E3
:10466000002B10D0310068889847041EDAD0737888
:10467000002BD7D1B27801A90A704B800C716888E1
:10468000FDF7C6FFCEE70624F1E7C0460063FF1F33
:10469000F862FF1F00FFFF0000011200FC62FF1F15
:1046A000F7B50190FC200D0017001E0004F03CF946
:1046B00004001320002C12D0B02320002370089B8C
:1046C000F4226770658026710830002B08D019002D
:1046D00004F032F82100019804F006F80020FEBD35
:1046E000089904F061FAF5E710B5041E06D00078C9
:1046F000FD2803D804F0F8F8FF23237010BD000054
:104700000A1F93B210B504000220032B05D8824083
:104710000020024BD1529B189C7010BD2063FF1FDC
:104720000B8870B5043B04000D000220032B0BD84E
:104730000121200000F0A8FD03001420002B03D06D
:104740002900200000F028FC70BD000007B5130010
:10475000034A00920A00012100F088FC0EBDC04609
:104760008949011107B5019203220092024B0A0008
:10477000122100F0A5FC0EBD074A011107B56B46DA
:1047800001AA11800449D88008780633012802D193
:10479000190003F091FF07BD0163FF1F0C4B10B51B
:1047A00018700023FF210B4A13801381938193809B
:1047B000094A53801370517293819372D174D382DA
:1047C0001375517703F0C0FF00F0FCF910BDC0462F
:1047D0003063FF1F2063FF1F0263FF1FF0B58DB022
:1047E0006B46002003910C229B5E834200DBB0E00D
:1047F0005D4B187804F050F9051E00D1A4E0037851
:10480000902B00D09DE006AF01004688380000F0F4
:104810001FFA79680400002900D19CE03B88052B31
:104820006ED13B89032B1CD905AC200000F0A2F807
:104830006288172A61D83989131D994231D1796864
:10484000237804310291D90738D5607800F08EF9C9
:10485000071E06D0002303712378012B08D0132BE9
:1048600023D0A868002800D178E004F02DF875E086
:104870006288029909A800F0A6F80290380000F0BA
:104880008BF909AA2378387A01920022310000922C
:10489000029A00F012F9380000F064F9029B002B34
:1048A000DFD0300000F080F9DBE70378032BD8D1AC
:1048B0006288029909A800F0D6F8DEE7122B13D11E
:1048C000029909A800F0B5F8021EEAD127498B88A1
:1048D000002BC6D0887909A92378019161780091CD
:1048E000310000F0EAF8BCE7002302AA938330000D
:1048F000617809AAFFF72AFFB3E71D4B0993F6E792
:10490000042B02D09A1F012AABD8184A043B9B0003
:10491000995A0029A5D0D218907831003A0000F0B9
:10492000AEF800289DD13B88042B03D00121300034
:10493000FFF724FF012C04D1A868002801D003F060
:10494000C3FF280004F068F88020039B0002434066
:1049500018000DB0F0BD012800D182E70121300020
:10496000FFF70CFFEDE7C0463063FF1F2063FF1F1A
:10497000010017000B7803704B784370CB788A786E
:104980001B021343438070470A88030002700A88A1
:10499000120A42700A88012A06D14A8882704A881F
:1049A000120AC2700420704702208242FBD14A885A
:1049B00004309A704A88120ADA708A881A718A88D2
:1049C000120A5A71EFE710B50400012082420CD997
:1049D0004B780A781B0213432380834206D1CB789D
:1049E0008A781B0213436380002010BD022BFBD189
:1049F000CB788A781B02134363804B790A791B02B8
:104A00001343A380F0E70B8803700B881B0A4370E5
:104A10004B8883704B881B0AC3708B8803718B880B
:104A20001B0A4371CB888371CB881B0AC371082092
:104A3000704703000120082A14D14A78087812022E
:104A400002431A80CA788878120202435A804A794F
:104A50000879120202439A80CA79887912020243C5
:104A60000020DA80704710B504000120022A05D129
:104A700000204B780A781B021343238010BDF8B541
:104A8000060010200F00150003F04EFF0400012067
:104A9000002C0ED0A0230C22290023806780201D2B
:104AA000002D07D003F048FE2100300003F01CFE6B
:104AB0000020F8BD04F078F8F6E7F7B51E00009086
:104AC00008AB142017001D78019103F02DFF041E80
:104AD00012D0A2230370019B47704380099B05718C
:104AE00046710C220830002B07D0190003F024FE79
:104AF0002100009803F0F8FDF7BD099904F054F87F
:104B0000F6E737B5041E0FD04388002B0CD00025E4
:104B1000C1881323007A172201950095FFF7CDFF76
:104B2000FF2365806372257037BD000010B50C4906
:104B300004004A88002A09D08B89002B05D0002068
:104B4000CB8A0222834201D010BD012213000A2029
:104B5000434300204032C854C81842800472F3E72F
:104B60000263FF1F0023438003707047094B00213D
:104B70001A0010B55C88002C06D01C79844203D141
:104B80000A234B43D01810BD01310A330329F1D158
:104B90000020F8E70263FF1F10B50400407A03F01D
:104BA000A3FEFF23637210BD7047043010B580B2BE
:104BB00003F09AFF002803D00421494203F0D4FEF9
:104BC00010BD000070B50025124CA0682580A5819D
:104BD000A580A84202D003F077FEA56000250E4C08
:104BE0000E4B606D1D80230058331D70A84202D00B
:104BF00003F06AFE656500256068002801D003F0B7
:104C000063FE013508340A2DF6D1054802F014FC84
:104C100070BDC046C863FF1F6C63FF1FBC63FF1FEE
:104C20003F93011170B5041E0CD1074D2880A88157
:104C3000A880A868002802D003F046FEAC600348B4
:104C400002F0FAFB70BDC046C863FF1F4B93011111
:104C50000023F0B54E8843600A7904000F0089B044
:104C6000022A00D08BE0C98803291ED9BB685A7874
:104C70001878120202430592DA789D7812021543E1
:104C8000DA791B7A67481B0213435BBA9AB2038036
:104C9000059B04338B4227D1042D08D06B1F022BB8
:104CA00016D92900604802F0C7FB01201AE05F4BCB
:104CB0003101CB5A002B0BD0F4215D48FF3102F0BB
:104CC000BBFB3000FFF7AEFF5A4A13690133136193
:104CD0000421059BB86823812580494203F044FEE6
:104CE0006060002009B0F0BD524C042D0CD06B1F49
:104CF000022B18D983212B004D48890002F09CFB20
:104D0000E3680133E360D0E7484B3101CB5A002B15
:104D100009D04748484902F08FFB3000FFF782FF77
:104D2000236901332361414B360106930023069A20
:104D3000B3529319059A9D80100007939A81FFF74B
:104D400034FF079B051E986015D00421B8684942BE
:104D500003F00AFEFA880100043A280003F0ECFC94
:104D6000069AFB88B25A043B9B18069AB3522368F2
:104D70000133236099E7A3690133A36195E72B4BC6
:104D80003101059333010693059B3001CB5A0599F8
:104D90000D18A968002B30D000292ED0012A2CD163
:104DA000FA880598944663449BB232011352A8894D
:104DB00098421AD362469B1AC818B96803F0BCFC23
:104DC000059B0699AA89CB5A934200D06DE70A0049
:104DD00000212381AB882380AB686360059BD1529F
:104DE000144A5368013353605FE7124A93680133F2
:104DF00093603000FFF716FF57E70A4A059F1288B5
:104E0000029333019C466744BB8900919921094C68
:104E1000019363690948890002F00EFB636901335D
:104E20006361E6E73263FF1F57930111C863FF1FF9
:104E3000709301113863FF1F130200008793011163
:104E400070B5051E18D10D4C0D4B1880230058333A
:104E50001870606D002802D003F036FD65652500EE
:104E600050356068002801D003F02EFD0834AC42B4
:104E7000F7D1044802F0E0FA70BDC0466C63FF1F32
:104E8000BC63FF1FAE930111F0B51600A12285B0DF
:104E90009200019342433D4B05001B680C009B1898
:104EA000D933FF331F78FDF7D7FE0430874204DD86
:104EB0002800FDF7D1FE0430C7B2B74207D3320055
:104EC00000212800019B03F0B7FC05B0F0BD3900BC
:104ED000300003F0A9FE2300C5B250331D700393C8
:104EE000019B39006365300003F076FDCBB202937D
:104EF000002B02D0039B01351D7000262300503388
:104F00001B78B34204D8606D002839D10020DCE75B
:104F1000029A3800002A04D0013B1000B34200D0AE
:104F20003800F5006519287003F02EFE019B6860BB
:104F300001001A78164802F07FFA686800280ED03F
:104F40002A78019903F0F8FB019A2B780136D318DF
:104F5000104A0193D369F6B20133D361CEE723003F
:104F6000503318706065A54205D10A4A1320D36AF0
:104F70000133D362A9E7606803F0A6FC0834F2E7C6
:104F800003F0A2FC00236365C0E7C0463409FF1F9D
:104F9000BA9301113863FF1FF7B50C000600042116
:104FA000606803F0E1FC23890500037023891B0A74
:104FB00043702388837023881B0AC37027890224C7
:104FC0000437FFB2F42F15D8224B9E4214D10C2087
:104FD00003F0AAFC1134011E0CD0902303708E3B09
:104FE0000371043B43801C4B8560C780187803F035
:104FF0007BFB00242000FEBD5C217143174B591838
:1050000001930B0058331B78002B19D103003A0091
:105010003000FFF739FF041E05D0114B2200114864
:10502000D96A02F009FA5C237343019AD1180B0084
:1050300058331B78002BDDD1300003F045FBD9E756
:10504000074A0948536A07240133536202F0F4F90E
:10505000E9E7C046FEFF00003063FF1F6C63FF1FDF
:105060003863FF1FCE930111E9930111F0B587B0AA
:10507000009017200F0016000193FFF796FD1325EF
:10508000041E19D00C98031E02D00199201D9847C8
:10509000030AE370052302AAA070043090812770F0
:1050A0000098667003A993800494FFF775FF051EAE
:1050B00002D0200003F008FC280007B0F0BD00007B
:1050C000F0B587B01F000CAB1B780391059301214D
:1050D0000DAB06001C78049200F0D6F814250028C9
:1050E00021D02000FFF722FD0135041E1BD01149FD
:1050F000059B0A7803700132D2B2131EC68001D11B
:1051000001231A000B7022713000049B0399009751
:10511000FFF7ACFF051E09D1230021000648074A0E
:10512000093303F099FD280007B0F0BD0023638028
:105130002370F8E73463FF1F034B01113075000043
:10514000F8B505000E00064C064F2368002B02D070
:105150003100280098470434BC42F6D1F8BDC0465F
:10516000D863FF1FEC63FF1F0123064A5B42538095
:10517000002313715362044A136053609360D36039
:1051800013617047EC63FF1FD863FF1F0200002309
:1051900010B506499C000859002801D1625010BD85
:1051A0000133052BF6D11320F9E7C046D863FF1F62
:1051B000034A5388181A43425841404210407047EE
:1051C000EC63FF1FF0B585B002930AAB1F780CAB00
:1051D0001B88009008000E0001920393FFF7E8FF80
:1051E00005001120002D1BD10E48FFF7E1FF040040
:1051F0001520002C14D006220B99A771E01D03F096
:105200009BFA019B30002371029B29006371009B74
:1052100066802370039B6562E381FFF791FF28009E
:1052200005B0F0BDFFFF000010B5FFF7C1FF04009F
:105230000220002C12D060880121FFF781FF606AF4
:10524000002801D003F078FC28220021200003F080
:10525000ABFC012300205B426380207110BD000085
:1052600030B5074A074C5588010013780020A54245
:1052700004D05B1A59424B415842104030BDC046E1
:10528000EC63FF1FFFFF0000084A10B501230C006C
:10529000904208D0FFF78CFF031E04D0037923400F
:1052A0005A1E9341DBB2180010BDC046FEFF00003D
:1052B000024B1879431E9841C0B27047EC63FF1F40
:1052C00070B504000D001600FFF772FF002804D12E
:1052D0000D4B9C4200D0143070BD416A037905200B
:1052E000002907D012221A40102A02D10520002ED0
:1052F000F2D10F20DB06EFD5897E0C20A94289412F
:10530000494249420840E7E7FEFF0000030010B5AC
:10531000002800D110BD0348034A41889142F9D0CA
:105320009847F7E7EC63FF1FFFFF0000002330B54D
:10533000C45CCD5C6C40D4540133102BF8D130BD2B
:105340000F23002210B5C45C64002243CA54C25C1F
:10535000D209013BF7D210BD0200010010B5203286
:10536000103103F021FB10BDF0B58BB0039010207D
:1053700005931700049103F057FB0090102003F0F1
:1053800053FB009B13240190002B05D000280CD167
:105390001324009803F0D0FB019B002B02D01800CF
:1053A00003F0CAFB20000BB0F0BD102003F03CFB63
:1053B0000600102003F038FB13240500002E00D156
:1053C000AEE0002819D01022002103F0EDFB3200DE
:1053D0002900039803F0E8FA041E0ED133787F2BDE
:1053E00051D830000099FFF7ABFF009B1B787F2B53
:1053F00053D801990098FFF7A3FF300003F09CFBFE
:10540000002D02D0280003F097FB002CC1D1102002
:1054100003F00AFB0600102003F006FB0290002EAA
:105420007CD0002878D03A000F32230001251211D9
:1054300005D00F333B4015B25A4253411BB26A1E8E
:105440001201002B33D0049BD2B298180099029A13
:10545000FFF76CFF013D10220021300003F0A4FB98
:10546000ADB2049F2D017D19AF4242D0002C33D044
:10547000300003F061FB029B002B00D189E718008C
:1054800003F05AFB85E729003000FFF759FF280099
:105490002549009AFFF74AFFA7E729000098FFF780
:1054A0004FFF28002049019AFFF740FFA5E70F2191
:1054B0000F4004998A18D9B28F4208D9D15C06A846
:1054C00019540133102BF6D1029A0199C0E7791AC9
:1054D00048424141C901F2E73900300006AAFFF70E
:1054E00025FF3200039806A903F05EFA1037040086
:1054F000BAE7002CBCD13000029906AAFFF716FFCC
:10550000320006A9039803F04FFA08220400310084
:10551000059803F011F9ABE71324A9E71324AAE7D0
:10552000002800D06EE733E73C970111F0B58BB04F
:105530000F0016000225009000283FD0002A3DD021
:105540000B1DDBB21800029303F06EFA1135041E36
:1055500034D0FDF7C1FC05003A000099201D03F08E
:1055600083FAEBB20393E3702B0CDBB22F0A0093A8
:105570006370FFB22B0E2370A7700193FDF7A6FC9A
:105580001022010006A803F06FFA2100029A04AB72
:1055900006A8FFF7E9FE051E0DD1039B0822337014
:1055A000009B04A9B370019B7770F370301D03F06A
:1055B0005BFAFDF797FC200003F0BEFA28000BB061
:1055C000F0BDF0B58FB00D00149E039004920593CA
:1055D000002A03D1022420000FB0F0BD002EF9D024
:1055E0000398FFF7E5FD1424071EF4D07278337892
:1055F00012021A43B3781B041343F27812061A43BB
:10560000036A0192934201D30133E3D1002D03D009
:105610003B7901249B07DED50822002106A803F070
:10562000C3FA059B13240433DBB21800029303F082
:10563000FBF9051ECFD0059A0499043003F014FA43
:1056400004223100280003F00FFA39001022103133
:105650000AA803F009FA2900029A06AB0AA8FFF784
:1056600083FE041E0FD1082206A908A803F0FCF946
:105670000822311D08A803F087F8012807D10199F5
:105680000398FDF743FC280003F056FAA3E7012432
:10569000F9E7000070B51C4C05002368181E10D0F7
:1056A000002D14D11A78002A0CD1981C083203F06E
:1056B00043F803F031F80135002808D123681D7044
:1056C000012070BD0A331800082203F035F8236862
:1056D000002BF5D0122003F027F9061E0DD0C123B0
:1056E00021680370457002311022023003F024F863
:1056F00023683100587802F0F7FF206803F01CFAA5
:1057000000232360DCE7C0461464FF1FF8B50400E3
:105710002020FDF7CFFA154FA600F3590500002B06
:105720001FD000280ED0D878FF280CD0290003F015
:1057300033F8002807D1F3590D49DB780D482200D2
:1057400001F07AFEF8BD0C492A000C55BB596118CE
:1057500003330A4803F080FABB590549DB7808484F
:10576000EDE72100074801F067FEEBE73064FF1F1B
:105770002C970111FB9301111864FF1FB1690111EE
:10578000259401114E94011170B50B4C85002B59D5
:105790000100002B0BD0DA78084801F04DFE2B59A0
:1057A000D87803F0A1F8FF222B59DA7070BD0448B5
:1057B00001F042FEFAE7C0463064FF1F6894011111
:1057C0004E94011170B506008CB00C00150000213C
:1057D0003022684603F0E8F931001022684603F0F1
:1057E00043F91D2021000322684403F03DF9684677
:1057F000FFF7B2FD2D21040003222800694403F0C5
:1058000033F920000CB070BDF0B50700160097B05A
:1058100001931CAB1D7830221EAB00910AA8002119
:105820001C7803F0C1F9102239000AA803F01CF912
:105830001022002102A803F0B7F90722310002A8C4
:1058400003F012F9072202AB9818631E9C410199DC
:1058500003F00AF902AB9C732B005A1E934102AA73
:10586000D3730021102206A803F09EF906221D9989
:1058700007A803F0F9F81A2002ABC01806221F99F6
:1058800003F0F2F8102200990EA803F0EDF81022B0
:1058900002AB0EA908781C78013A6040D2B20870B9
:1058A00001330131002AF5D10AA8FFF755FD102276
:1058B00012A904000EA802F03FFF102206AB0EA9A9
:1058C00008781D78013A6840D2B20870013301317E
:1058D000002AF5D10AA8FFF73FFD044310222098C3
:1058E000E4B212A903F0C0F8200017B0F0BD70B503
:1058F0000E0014008CB00100102268461D0003F059
:10590000B3F83100082204A803F0AEF82100082201
:1059100006A803F0A9F86846FFF71EFD0400102250
:10592000280008A903F0A0F820000CB070BDF8B55D
:1059300006000D0000243719AC4200D3F8BD02F078
:10594000A3FE030A3B70631CDBB201379D4203D9FF
:105950000234F054E4B2EEE71C00EDE773B5060044
:105960000C000225002819D0002917D0032101A816
:10597000FFF7DDFF6B469A793F231A40013313434B
:105980006A463000937101A92200FFF71BFF051E34
:1059900004D10322E01C01A902F0CEFE280076BD4E
:1059A00003785807DA08C00FD20080009B07104325
:1059B0009B0F1843C0B2704707230B40C908C900AA
:1059C0000B4303707047000070B50400FFF7DCFE66
:1059D000134DA4006359002B21D0186A002801D070
:1059E00003F0AAF82B59986E002801D003F0A4F810
:1059F0002B59D86E002801D003F09EF82B59186F50
:105A0000002801D003F098F82B59586F002801D0D6
:105A100003F092F8285903F08FF800232B5170BD42
:105A20003064FF1F0E4B8000C35870B50C00002B74
:105A30000FD09D68002D0CD02B78201D0B706B783B
:105A40004B70A97CFFF7B8FF2B7E23726B69E36074
:105A500070BD10220021200003F0A6F8F8E7C04630
:105A60003064FF1F014B18607047C0462C64FF1F55
:105A7000074A03008000825810B5002A06D0D0885B
:105A8000984203D1012901D1FFF79EFF10BDC04606
:105A90003064FF1FF0B5264E95B087000B93BB59BD
:105AA0000500099112200A92002B31D0D888FFF707
:105AB0007FFB04001420002C2AD0280010A9FFF737
:105AC000B1FFBB591E781D6A002E23D00895FDF743
:105AD00043FA07000020FDF745FA0790A379E61D79
:105AE000069310AD0CA9089800F0E2FA0EA9280060
:105AF00000F0D7FA0B9B0A990493069B099802932E
:105B0000079B0396019300970EAB0CAAFFF77CFE50
:105B100015B0F0BDFDF720FA06903000FDF722FA2F
:105B2000E31DA779079310AB06000893DAE7C04698
:105B30003064FF1F30B50C4C85002A59030085B036
:105B40000120002A0ED018006946FFF76BFF2B5981
:105B50001A78D888054B002A00D1054B6A460721E0
:105B600000F0D9FB05B030BD3064FF1FA360011108
:105B7000B160011130B5094C8500295985B010225A
:105B80006846253102F0D8FD2A591121044BD088EE
:105B90006A4600F0C0FB05B030BDC0463064FF1F50
:105BA0004D61011130B5094C8500295985B010228D
:105BB0006846353102F0C0FD2A591121044BD088C6
:105BC0006A4600F0A8FB05B030BDC0463064FF1F38
:105BD0008B610111F7B54D4F86001020F4590D006F
:105BE00002F022FFF3592062186A132200286CD0B9
:105BF000033A29009C6802F09FFDF3591A7801923C
:105C0000002A58D11E6A227D317B944651400122E0
:105C1000019F114201D167461740217D91433943CD
:105C20002175377B4F40BC4660460027800701D472
:105C30004F081740012102208F40227D82433A43C2
:105C40002275377B5740BC4660460027400701D489
:105C500097080F400420227DBF0082433A432275FB
:105C6000627D002794466046727B42400A4201D121
:105C700067460F400121627D8A433A436275777B14
:105C80005740BC4660460027800701D457080F40A4
:105C90000220627D7F00824317436775767B002276
:105CA0007E40760701D4BA080A400426617D92003E
:105CB000B1430A4362756A78002A08D06278002AE4
:105CC00005D005220533DA7700221000FEBD04223C
:105CD0002979114205D1A17C114202D10533033A41
:105CE000F1E7019A21782C78002A02D10A002100DC
:105CF000140018220429E8D8042CE6D805206043B3
:105D0000034A05331218525CDDE7C0463064FF1FBA
:105D10004C97011110B50A001121024B00F0FBFA5B
:105D200010BDC046E76101110B0030B587B001AD71
:105D30002B806B4604001100981D082202F0FCFC29
:105D40002A000B212000024B00F0E5FA07B030BD1D
:105D50000F62011110B50A001121024B00F0DBFAAD
:105D600010BDC0466362011113B50B0011006A46F5
:105D700013706B4604000622581C02F0DDFC6A46D4
:105D800008212000014B00F0C6FA13BD8362011107
:105D900010B50A001121024B00F0BDFA10BDC0463B
:105DA000D36201117FB505000B4BAA00D45808003F
:105DB000002C0FD0666F237FE28821780396266F30
:105DC0000296E66E0196A46E0094FDF75DFB280036
:105DD000FFF7FAFD7FBDC0463064FF1F10B51721E5
:105DE000FFF7E0FF10BD000070B50A000D00064B84
:105DF0000221040000F08FFA060029782000FFF746
:105E0000D1FF300070BDC046B361011170B586B0DE
:105E100000236A461370836804001D78681E0A28F0
:105E200059D801A902F020FD060633373B3F43470E
:105E30004B4F5300180000F042F9062312284BD0B4
:105E400000281BD16088FFF7B3F90823002813D07E
:105E50004279002A47D1264B1A78072312070BD51F
:105E6000244B1A680723002A06D01668002E03D098
:105E7000290001AAB04703006A4613706B461B78DD
:105E80006088002B2AD1FFF741FC06B070BD1800D6
:105E900000F06CF9D4E7180000F087F9D0E718009B
:105EA00000F093F9CCE7180000F0ADF9C8E718004E
:105EB00000F0C3F9C4E7180000F0F6F9C0E71800D5
:105EC00000F0F6F9BCE7180000F013FAB8E7180084
:105ED00000F013FAB4E707236A4613706946608836
:105EE000FFF782FFD1E70523012AC5D1024BB8E7AE
:105EF000BD62FF1F2864FF1F2C64FF1FF8B52C4FE5
:105F00008600F35904000D00002B40D0DA8882424D
:105F10003DD15A78062A33D11A78002A2ED0012092
:105F200099681A6A097D014206D0157B054203D0A3
:105F300007225A700120F8BD0220014204D0157BCF
:105F4000054201D00922F4E70420014204D0127B6B
:105F5000024201D00B22ECE7164B1B68002BE9D064
:105F60005B68002BE6D020009847BB5900215B7886
:105F7000122BDFD12000FFF715FFDBE70E4BECE71C
:105F8000112A04D1002900D032252900F2E7002D82
:105F900008D12000FFF70CF9002803D01023027964
:105FA0001343037121002800FDF7ECF9C2E7C04656
:105FB0003064FF1F2864FF1F2C64FF1F70B50E4E56
:105FC0008500AB590400002B13D01B78002B11D196
:105FD0000A4B1B68002B04D05B68002B01D020000B
:105FE000984773595B78122B03D100212000FFF7EB
:105FF000D9FE70BD024BECE73064FF1F2C64FF1F1D
:106000002864FF1F094B8000C3581020002B0CD0C0
:106010001A6A002A09D09B68002B06D0127A1B7ED0
:10602000101C9A4200D9181CC0B270473064FF1F80
:1060300070B503000D0014000220002A30D00029A2
:106040002ED013700B78081D53704B789370FFF7A8
:10605000A7FCE070012002212B7A23716B7B0340A7
:1060600063716A7B0A401343042263716E7B16409E
:10607000334363716E7BF608F600334363712B7B09
:106080000340A371287B014000200B43A371297BAF
:106090000A401343A3712A7BD208D2001343A37191
:1060A00070BD10B50A0001000120FFF7C1FF10BD4F
:1060B00010B50A0001000220FFF7BAFF10BD70B54D
:1060C00006000C000220002E30D000292ED073785C
:1060D000201D0B70B3784B70F178FFF76DFC012237
:1060E0003579257271794B100800134093401040A8
:1060F0000343881010408000C9080343C9000B43C4
:106100006373B1794B100800134093401040034370
:10611000881002409200C9081343C9000B43212094
:106120002373FCF7C7FD854201D2122070BD2220E7
:10613000257AFCF7BFFD8542F7D823781820042B79
:10614000F4D86378012BF1D80020EFE7030010B5F5
:106150000220002909D0002B07D00322481C0A7016
:1061600019000D3202F0E8FA002010BD03000222EF
:10617000080010B5002B06D0002904D00E32591C9F
:1061800002F0DAFA0022100010BD030010B5022060
:10619000002909D0002B07D00422481C0A701900DE
:1061A0000C3202F0C9FA002010BD10B5FFF7DEFF77
:1061B00010BD03000220002906D0002B04D00522C8
:1061C00000200A701B784B70704703000220002BE0
:1061D00008D0002906D05B7800200B70013B082B0B
:1061E00000D918307047030010B50220002909D0EB
:1061F000002B07D00622481C0A7019000A3202F050
:106200009BFA002010BD10B5FFF7B0FF10BD0200D3
:106210000B00022010B500290ED0002A0CD0072157
:106220001970118859701188090A9970111808227B
:10623000D81C02F081FA002010BD03000A000220E1
:1062400010B5002B0CD000290AD099785878090293
:1062500001431180901CD91C082202F06DFA002025
:1062600010BD030010B50220002909D0002B07D073
:106270000822481C0A701900921802F05DFA0020EA
:1062800010BD02000B00022010B500290BD0002A1F
:1062900009D009211970117818185970511C06225B
:1062A00002F04AFA002010BD10B5FFF75FFF10BDE5
:1062B00002000B00022010B5002A09D0002907D0E7
:1062C0005178197011180622581C02F035FA002076
:1062D00010BD030010B50220002909D0002B07D003
:1062E0000A22481C0A701900063202F025FA002022
:1062F00010BD10B5FFF73AFF10BD02000B000220E1
:1063000010B5002A06D0002904D018005178FFF7F4
:1063100053FB002010BDF0B585B017001E006A4683
:1063200006230500080091819380FEF73EFC1324AC
:10633000011E02900CD03800B047041E05D1280081
:1063400001A9FEF7EDF9041E02D0029802F0BCFA92
:106350002800FFF7DBF9200005B0F0BDF0B5040020
:106360008BB0019115000021102202A802F01CFC44
:10637000334EA700B85900283CD0C388A34239D176
:106380000378002B36D14278062A18D1020001008A
:10639000553235310C3006ABFFF7A9FA002829D168
:1063A0002000FFF72FFE020006A902A802F0C4F9A0
:1063B000200002A902F0B0FB01200BB0F0BD816EFD
:1063C000002917D00B8A112A28D19D420ED101989D
:1063D0001231093A02F0D8F9012807D1BB5920003F
:1063E0009D6EFFF70FFE29000200DEE7322120003C
:1063F000FFF7D8FC2000FEF7DBFE061E1BD0416A2B
:10640000002918D00B8AAB4215D10822019812310D
:1064100002F0BAF901280ED1716A0AE09D42E9D171
:1064200008220198123102F0AFF90128E2D1BB59DC
:10643000996E8A7EB9E7200002F066FBBCE7C04691
:106440003064FF1FF0B56B4D87007E5985B03378FF
:1064500002900393002B00D087E0B368346A019365
:106460007078062817D101221B7D134202D0217BB0
:10647000114218D10222134202D0217B114251D184
:106480000422134203D0237B134200D08BE0019BF4
:106490005A7DEB5991E007380428F8D802F0E4F966
:1064A000032E42678300B36E002B03D11C2002F041
:1064B000BBFAB066EB599C6E002C1CD01022002158
:1064C000200002F071FB0298FFF79CFD0100200004
:1064D000FFF72DFA02F0D8F82082200008211230B0
:1064E000FFF725FA0298FFF78DFDA076EB59210002
:1064F000D888FFF70FFC0822EB591CE0B36E002B85
:1065000005D01A00198AF0881232FFF70DFC02221A
:10651000019B197DEB5911423DD0207B10423AD0AE
:10652000073208E0F488FCF72FFD01002000FFF798
:1065300011FC0A22EB595A70029B9C002A5953788D
:10654000073B042B11D8D088FEF732FE00284ED02E
:10655000C3895A08D2182849029B0298CB542B5958
:1065600041180433254802F077FB05B0F0BDFCF775
:10657000F3FC03000120834201D100200393EB5977
:10658000DE88FCF7EFFC039902003000FFF7ECFB1C
:10659000019AEB59117D042211420CD0217B11424A
:1065A00009D00B22C7E7F688FCF790FC0100300009
:1065B000FFF7EEFB6BE7019A527D01210A4204D0FE
:1065C000607B084201D00C22B5E702210A4204D0C8
:1065D000607B084201D00E22ADE704210A4204D0BC
:1065E000627B0A4201D01022A5E71222A3E7FA2219
:1065F0005200B0E73064FF1F3464FF1FBB69011114
:1066000010B5064B1A780423100018401A4200D027
:106610000348FFF727FA002010BDC046BD62FF1FE8
:106620001440FF1F70B50400FFF7D4FA051E43D1D4
:106630002000FFF77FFA234EA400A0598268937CC4
:10664000DB0708D50321036A1B790B40012B02D11C
:10665000017F0B430377431DD97F8B1E022B0DD87F
:10666000022900D00121C088FCF7E4FE042133593F
:106670001A7F59700A431A77280070BD01290CD17E
:1066800002231022437000210C3002F08DFA3059A1
:1066900010213530FFF74BF9EEE70529ECD1022345
:1066A000D118437010220C3002F046F804233259FE
:1066B000117F0B431377EAE708251828DCD1053D45
:1066C000DAE7C0463064FF1FF0B58BB00591438810
:1066D0007E4F9E00F45915000493002C15D101291A
:1066E00002D000200BB0F0BD101D57781678FFF7D0
:1066F00057F9EB68320002932B7A049901930090CA
:106700003B002000FCF760FEEBE7E388049A93422D
:1067100001D00820E6E72378012B00D1D4E0059BC7
:10672000581E092800D9CFE002F09EF805CE0A29AC
:10673000CC506C859AB229000498FFF773FFD1E71B
:10674000200029001022453001F0F6FFB9594B789E
:10675000042B02D1013B4B70C3E70B000A00253329
:1067600035320C310498FFF795F90498FFF702FAD7
:106770000522431E9841BB59C0005A70B2E7200061
:1067800029001022553001F0D7FF049B4F4C9D008B
:10679000295904980A0006AB55320C31FFF77AF9F3
:1067A00029591022453106A801F0EEFF012808D131
:1067B0000498FFF7F7F90590002804D106222B5919
:1067C0005A7005988EE708230593FAE763780C2B37
:1067D0007AD1E36E002B03D11C2002F025F9E0668C
:1067E000BB59D86E00286FD01022290001F0A4FFF9
:1067F000BB590498DC6EFFF705FC0D22A076BB594F
:106800005A706EE7E06E00285ED063780D2B5BD186
:106810002B8808220382A91C123001F08DFFBB597E
:106820009A68517D0222114226D0186A407B10429C
:1068300022D00C32E4E763780E2B45D1236F002B76
:1068400003D1162002F0F0F82067BB59186F00281A
:1068500003D01022290001F06FFF0F22BB59CFE7B0
:1068600063780F2B30D1206F0622691C103001F0A5
:1068700063FFBB599A68517D0422114203D0196A03
:10688000497B1142D5D100210498FFF78BFA28E704
:10689000636F002B0DD0BB59586F0028F3D0102226
:1068A000290001F049FF0122BB5952425B6F1A6176
:1068B000E9E7142002F0B8F8BB5960675B6F002B62
:1068C000E9D126E72978DFE707200BE73064FF1FCF
:1068D00010B5064C207001F0DFFF06212078FDF78F
:1068E0000FFF0348FEF752FC10BDC0464364FF1F74
:1068F000715A011100200BB270B50D00834216DAF7
:10690000264B187802F0C8F8041E0DD00378922B9D
:106910000ED0A02B37D0224B1878FF283AD0210078
:1069200001F0E2FE002835D180200002684070BDF1
:1069300043780E2B0BD03E2BEDD18378052B12D054
:10694000082BE8D181798088FFF7D8FA08E0154B49
:1069500082889A42DFD183681878591CFEF79AFE24
:10696000002817D1D7E7104B1B785B0712D50F4BC8
:106970001B68002B0ED09B68002B0BD0C289811D99
:1069800080889847ECE7FFF741FAA068002801D01B
:1069900001F09AFF200002F03FF8C5E74364FF1FB3
:1069A0000D40FF1F18200000BD62FF1F2C64FF1F59
:1069B00010B50078FFF712FA10BD10B50078FFF798
:1069C000FDFA10BD0C234343084A10B59B185A68C2
:1069D000002A03D0012901D1904710BD9B68002BEC
:1069E000FBD00029F9D19847F7E7C0466064FF1F44
:1069F00001238340094A10B5946B1C439463506B88
:106A000098435063D46B20009843012901D12000A2
:106A10001843D063116B0B43136310BD008000401B
:106A2000064B01215A68C2400A4204D01B68C34089
:106A30001800084070471B6DF9E7C0460080004011
:106A40000122064B8240002903D0D9680A43DA604C
:106A50007047D9689143D960FAE7C04600380040D2
:106A600030B5032444430F4BE25C1B199C785D78DE
:106A700001232D1B0135AB40013BA340A140DB436B
:106A80000C00122807D808499200521811681940C2
:106A90002143116030BD054A11680B402343136048
:106AA000F8E7C0469397011108F0004014F0004049
:106AB000C21F70B5D4B20623092C0BD80125084C8F
:106AC0009540002908D00021FFF7CAFF23682B4317
:106AD00023600023180070BD2368AB43F8E7C0466D
:106AE00000380040214BF0B51B185B78022B21D1F8
:106AF000032444431E4A1F4EA35C121994780122BA
:106B000015008540B76B013CE4B23D43A240B5633C
:106B1000194C122815D89B0000290CD117495B1875
:106B200099680A439A600123205C154A83401168E2
:106B30000B431360F0BD11495B189968914399604C
:106B4000F1E70E4B00290DD159690A435A61225CC5
:106B50001328E8D00123203A93400A4908680343E8
:106B60000B60E7E7596991435961F0E74464FF1FFF
:106B70009397011100800040D897011100F0004068
:106B8000A0F00040A4F00040F8B500241B4E1C4DBE
:106B90001C4B1B5D012B1FD1194A9269E2401A421E
:106BA0000BD00122B25693402200143AD2B2022AEC
:106BB00009D815494A6913434B61013402360C3533
:106BC000172CE5D1F8BD0022B2560F499200521899
:106BD00091680B439360F0E7022BEED1E7B23800E7
:106BE000FFF71EFF01235840C1B23800FFF77AFFBC
:106BF0003800FFF715FF6877DFE7C046659701119A
:106C00004464FF1F4564FF1F00F00040012202386A
:106C10008240054B002903D059690A435A617047E5
:106C2000596991435961FAE700380040F8B50E0000
:106C300001210F008740114A0400D368FD43BB4384
:106C4000D360831E8B4201D8FFF7E0FF00212000B4
:106C5000FFF72EFF0A4A0B4B5168012E05D139432D
:106C60001B1951605E700020F8BD2940516002225E
:106C70001C1962709A6915409D61F4E70038004064
:106C8000008000404464FF1F012210B58240074B82
:106C9000002906D019680A431A600121FFF7C6FFD0
:106CA00010BD196891431960F7E7C04600800040A5
:106CB0000C2370B5002543430A4A29009B181D7018
:106CC000094B04001B185D70FFF7B0FF0123A340C0
:106CD000064928000A681A430A6005490A689A4367
:106CE0000A6070BD6064FF1F4464FF1F3480004071
:106CF0003080004070B504000E00FF2813D003253B
:106D00000540FFF7D5FF084AA3089B009B183F22C8
:106D1000ED00AA40AE40196820009143314319604C
:106D20000121FFF78DFE70BD18380040F8B50C2426
:106D30004443134B0500E4186368002B03D1A36898
:106D40001220002B1AD0022201270E4B00215B19C2
:106D50005A7028002770FFF769FF63681E1E08D06D
:106D6000A3683E00002B04D02800FFF759FE4640E0
:106D7000F6B228003100FFF73BFE0020F8BDC04608
:106D80006064FF1F4464FF1FF7B5C420FF222B4B34
:106D900080001958002491433F3A0A431A50802238
:106DA000274F5202274E1A60274B1D5D002D21D020
:106DB000A31E012B03D80121E0B2FFF727FF012D0D
:106DC00018D11F4B9B69E3402B4213D0E3B218004C
:106DD0000193FFF725FE01000198FFF755FFE3B28D
:106DE000143B022B1DD801217156184A8D4053695E
:106DF000AB4353613B7F002B0DD0E5B22800FFF77A
:106E000095FF2800FFF70CFE7B7F0100834202D034
:106E10002800FFF7D7FD01340C370236172CC3D1F9
:106E2000F7BD012100237156F3568D40074A9B00A0
:106E30009B189A68AA439A60DCE7C04600E100E02C
:106E40004464FF1F659701114564FF1F00F0004077
:106E500070B5134D07202C78002C1FD198222100EB
:106E60005200280001F028FE0123C420FF222B70CD
:106E70000C4B80001C635C630B4B1C605C600B4B19
:106E8000195891433F3A0A431A50802252021A601D
:106E90000D20074A074901F07FFE200070BDC04663
:106EA0004464FF1F00800040A0F0004000E100E0CB
:106EB000896D0111896B0111F8B50600012826D0F2
:106EC0000B220827164C01239340164A164DD36710
:106ED0007301ED18287C0021FFF7B2FD0021687CCA
:106EE000FFF7AEFD00258023380023732571257040
:106EF00025732572656001F0D7FD380001F0ECFCC8
:106F00000A4BAE4207D1EB2292009E50F8BD1122EF
:106F10001927074CD7E7F12292009D50F6E7C046AB
:106F20000040004004E100E0F865FF1F0000FF1F83
:106F300000900040F0B587B0050001F0A5FE049078
:106F40002800FFF7B9FF012D00D17DE005230427BC
:106F500008260393444C06330193444B6A019B1863
:106F60001A7CFF2A02D15B7CFF2B6BD0300001F032
:106F7000F3FC300001F098FD3C4B6A0102936B0179
:106F80000593029B02219E18307CFFF769FD0221C8
:106F9000707CFFF765FD39000027307CFFF7AAFE03
:106FA000707C0399FFF7A6FE27737169049B181183
:106FB0004B08C01801F038FE802327612373030AB1
:106FC000DBB22371F37EC0B22070BB4244D01B23DE
:106FD0002373029B6A019B181A7E0123002A3DD06D
:106FE00087222272636062687F3313436A0194468A
:106FF0006360029B63449B7E002B03D00223626884
:10700000134363601A4A002D2AD1EB21194B8900E2
:107010005350019B184A9B089B009B180322019C1C
:10702000C0202240FF24D200944080001958A14380
:107030008024944022000A431A500123019A93406D
:107040000D4A136007B0F0BD092308270393DB192D
:1070500019260A4C019380E70323B9E72272C5E79A
:10706000F121074BD3E7C04600400040F865FF1F01
:107070000000FF1F591AFF1F00E100E000900040D0
:10708000991AFF1F10B50020FFF754FF10BD10B56F
:107090000120FFF74FFF10BDF0B587B005930CAB93
:1070A0001D78174F6E01F35D029002AC1120039121
:1070B0000492002B1ED1637A0C380193002B19D156
:1070C00019002022F01901F0F7FC0E4BF31807CC41
:1070D00007C39C466246236828001360FFF72AFF17
:1070E0000123F355002D07D129000820064A01F09D
:1070F00053FD002007B0F0BD1920044A0199F6E7BE
:10710000F865FF1F0866FF1F857001118F70011160
:10711000F0B5504B87B0009343010193009B1500DD
:1071200042019E18B37E04000F00002B59D00620A8
:10713000002D1DD000291BD033790338002B17D028
:107140007289954214D8012B14D033895B1993426C
:107150000EDC01F001FD3389F0682A00C018390007
:1071600001F0F2FB3389EB18338101F025FD00209B
:1071700007B0F0BD2A00F06801F0E6FB0023F380C1
:1071800002333371F16835812B1C102D00D9102387
:10719000651E6A425541A0220220D2016D4215406F
:1071A0002D4A013BAD186A682C4E8243600184462B
:1071B0006A60009A9BB2624406321088013B471C09
:1071C0001780085C9BB22870B342F6D10820002CCF
:1071D00000D0192001F0A8FA02236A6813436B60FB
:1071E000C5E7013C62425441A02203930123D2012E
:1071F00064421440184A1A48A418E26F110019405A
:107200001A420FD120221648002D12D140221449D3
:107210000595237D1342AAD1059B581C05908B42EE
:10722000F7DD04E0039A511C03918242E5DD0D2055
:107230009EE70491237D134205D03B78013DADB21A
:1072400023700137E0E7049B5E1C04968342F1DD66
:10725000EDE7C046F865FF1F00400040FFFF00005B
:10726000A0860100030010B50620072B09D8054AA7
:10727000137001F0E1FBD7210020034B034A890082
:107280005A5010BD3C40FF1F0000FF1FD91AFF1FBE
:1072900010B50A0001000020FFF73AFF10BD000002
:1072A000F0B599B01E9F1400614E019103937B06C7
:1072B00000D4604E10233A001A40049201221F426B
:1072C0004BD09743DB1806AA5370002206AB02335B
:1072D0001A70BA0705D5002844DA2D2240421A70E8
:1072E000013C20233A001A4005921F4203D0019B23
:1072F000102B40D1023C002843D13022012507AB9E
:107300001A70039B2E009D4200DA1E001123A41B5D
:107310001F4207D12700002F41DCE343DB17621E29
:107320001C40141B06AB981C0378002B02D00121D3
:10733000FFF7AEFF059B002B09D0019B082B37D12F
:1073400006ABD81C302301210370FFF7A1FF049B7B
:107350002700002B42D030274FE020231742B2D025
:107360001033B0E77A0702D52B221A70B8E73A0734
:10737000B7D52022F9E7019B083B5A425341E41A52
:10738000B9E700250199029001F026FB725C07A97C
:107390004A55019B029A01359342F3D9B1E706ABF6
:1073A000D81C202301210370013FFFF771FFB2E7D2
:1073B000019B102BCBD106AA2033D01C0121D37006
:1073C000FFF766FF782306AA0121D370D01CBCE723
:1073D000012106AB5818FFF75BFF013F002FF7DCD8
:1073E000E343DB17621E1C40141BB4E706ABD81C3A
:1073F00001210770FFF74CFF013EAE42F6DC013D74
:1074000004D22025002C0ADC19B0F0BD06ABD81C34
:1074100007ABEB5C01210370FFF73AFFEFE706AB28
:10742000D81C01210570013CFFF732FFEAE7C04696
:10743000BC940111979401110FB40021F0B589B0EB
:107440000EAC40CC039107943378002B0AD100296D
:1074500003D0039889B2FFF71BFF09B0F0BC08BC4A
:1074600004B01847252B08D0039B002B01D1002125
:107470000396370001317E1CE6E7002905D003980A
:1074800089B2FFF705FF0023039300227378771C6E
:107490002B2B2DD00DD8202B2CD0232B2CD02A2BCE
:1074A00033D120CCB71C002D12DA1A3B6D421A439F
:1074B0000EE02D2B18D0302B20D0180030380025AE
:1074C0000A210928EBD83B7818003038092817D949
:1074D0003B782E2B57D17B78791C1800303809283F
:1074E0004CD800230A2717E010233E001A43CDE7AB
:1074F0000423FAE70823F8E72023F6E70123F4E75B
:107500004D43ED180137303DDDE701256D42DFE7E2
:107510007B431B180131303B08780600303E092EB2
:10752000F6D9D8430F00C01703403978682903D033
:10753000202081434C2900D101373E78782E09D88C
:10754000622E26D80021412E95D0582E00D1B8E0C9
:10755000252E07D00B2004ABC01825230121037072
:10756000FFF796FE3978002900D1B9E00B2004AB73
:10757000C01801700121FFF78BFE4BE02A2B05D1CB
:1075800008CCB91CCDE701235B42CEE70F000023F6
:10759000CBE7300063381528DAD801F01DFB160060
:1075A0009D00D9FFD9FFD9FFD9FF9D00D9FFD9FF91
:1075B000D9FFD9FF3B00A3008600D9FFD9FF4700C0
:1075C000D9FF9F00D9FFD9FF9400D20615D42E0011
:1075D00009E0202204ABDA720B2304AA9B180121D4
:1075E0001800FFF755FE013E002EF2DC01236A1E53
:1075F000002D00DC1D005D1B551908CC04AAD372B8
:107600000B239B1801211800FFF742FE2026013DA5
:10761000002D01DC00212EE704ABDE720B2304AA4F
:107620009B1801211800FFF733FEF0E7210040C945
:107630000491002E00D12C4E3400F318217800293B
:1076400001D09C421AD1A41BD2060ED40595059BED
:107650009C4215DBE10FEB17A5424B410021DBB249
:107660006A1E8B4200D0611B55183000A1B2FFF793
:107670000FFE2026A5420FDC049CCBE70134DDE79A
:107680000B2004ABC018202301210370FFF700FE7C
:10769000059B013B0593DAE70B2004ABC0180121E1
:1076A0000670013DFFF7F4FDE4E7691C02D10121FA
:1076B00009350A43009210212A0001CCFFF7F0FDA2
:1076C000A8E740210A4310212068261D00922A00C5
:1076D000FFF7E6FD34009DE702210A430A21F3E7A4
:1076E000013FC8E60821EFE7E194011130B587B00A
:1076F00002AA1100064B31CB31C11B680B6000217F
:1077000002980091049A0399FFF7C6FC07B030BDB8
:10771000F097011170B506000D000024AC4203DBA8
:107720000448FFF789FE70BD315D0348FFF784FE12
:107730000134F3E72B950111E894011170B50600AF
:107740000C001D00042909D00C2904D0012905D002
:107750000224200070BD0948FFF76EFE21003000B2
:10776000FBF7B4FA041EF4D1059A04992800FBF73C
:10777000C9FAFCF737F9FEF743FFEAE7EE94011187
:1077800030B50D7802232C009C43184201D02B43C6
:107790001C0008252300AB43284201D02B002343C3
:1077A00020241D00A543204201D01C4325002A238C
:1077B0000D70184204D011781E3B0B43137030BD7E
:1077C0000028FCD10C2113788B43F7E7F8B51D0096
:1077D00006AB1B88140007AA0E000B201778002B9D
:1077E00027D10A78022A49D14A68507811780002D4
:1077F000244A08438018042840D801F035F80312C1
:107800001D1B2300F06801F03FF8021CC0B2B84213
:1078100000D93A1CD2B22000F1682A8000F08CFF17
:1078200006E00222F3681B882A8023701B0A63701B
:107830000020F8BD0622EEE701232B80F3681B78B9
:107840002370F5E7F368002B16D008222A801A88E7
:1078500022701A88120A62705A88A2705A88120A14
:10786000E2709A8822719A88120A6271DA88A2718B
:10787000DB881B0AE371DBE72B80D9E701202B8033
:10788000D7E7C04600D6FFFFF7B516000A781D00FF
:1078900008AB1F880C000123022A18D14A685078CF
:1078A000117800022B4A0843801803280FD800F0F3
:1078B000DBFF02254439E06800F0E6FFC0B2072391
:1078C000B84204D37B190193152B02DD0D23180058
:1078D000FEBDE0682A003100C01900F02DFF6B46A4
:1078E00000209B88E268D0541B4B1B68834203D066
:1078F0001B68834200D098470023E8E70B23002F42
:10790000E5D1022DE2D1737832781B021343E2688D
:107910001380114B1B68002BEED01B68002BEBD0A3
:107920000120E8E70B23002FD1D1062DCED12A006C
:107930003100E06800F000FFDEE70B23002FC6D126
:10794000012DC3D132787533012AC0D8E3681A708B
:10795000D2E7C04600D6FFFF5066FF1F70B50C008F
:107960001500072837D800F07FFF041436361B3681
:10797000242E182015290BD8184E1622002130006D
:1079800001F012F922002900300000F0D5FE00209D
:1079900070BD18200229FBD11288114B1A80F6E71E
:1079A00018200829F4D10A000E48290000F0CCFF65
:1079B000EDE718200129EBD10B4B10780B49DA6960
:1079C000FFF7DEFEE3E718200129E1D1064B10782E
:1079D0000749DA6BF4E70220DAE7C0463866FF1F92
:1079E000BA40FF1FB040FF1F4040FF1F6840FF1F0D
:1079F0008840FF1F030010B50020DB0704D50721D6
:107A0000024A034800F08CF810BDC04600980111EE
:107A10004040FF1F054A03001068002803D08288F9
:107A20009A4201D1806870470068F6E74868FF1FF6
:107A30000A88030008009A4204D08A8804309A42D7
:107A400000D0002070470000F8B5F22200230D4F4F
:107A50000D4E7968050042433370994200D07B6037
:107A60000A4C0021200001F09FF800231A007C60DE
:107A7000AB4202D100203370F8BD01332280DBB26B
:107A8000F234F5E74069FF1F3E69FF1F4C68FF1F96
:107A900073B56B4601900600684615001980FCF727
:107AA000FDFA041E11D1002D0FD07689002E11D0C1
:107AB0000C2000F0B9FF00280ED0084A04601368BB
:107AC00086808560002B02D11060200076BD1A00F0
:107AD0001B68F7E70224F8E71324F6E74868FF1F5E
:107AE000012100220A4B10B549420A4C19809980A5
:107AF0009A719A70084B2070012019805A60FFF724
:107B0000A3FF2078FCF728FB0448FDF73FFB10BDDE
:107B10005866FF1F4869FF1F4069FF1FCD7B011199
:107B2000022310B5002802D0FFF7B2FF03001800AF
:107B300010BD0000030010B50020DB0704D50421B0
:107B4000024A0348FFF7A4FF10BDC0461498011174
:107B5000C040FF1FF0B50E2687B003930CAB1F8803
:107B600002ABF6180500080031000292FCF718FC81
:107B700004000120002C0FD03088FFF74BFF0300DA
:107B80000E20002B08D05E68002E05D021002800B2
:107B9000039B029A0097B04707B0F0BD0A4B10B59F
:107BA000984207D10122002352420A808B708A80BA
:107BB0008B7110BDFFF73CFF0028FAD001235B4218
:107BC000038000238370F4E7FFFF0000F8B5050091
:107BD00001290AD1134E00243388F227AB4219D071
:107BE00028001149FFF7DAFF06E0022904D1013924
:107BF000FDF74AFB0028EDD0F8BD3B0063437268F7
:107C0000D018D35A002B09D03A00002100F0CCFF45
:107C10000134E4B2054B1B78A342EED801235B424A
:107C20003380DDE74069FF1F5866FF1F3E69FF1F75
:107C300010B5FFF7FDFE03000020834200D09878C6
:107C400010BD0000F0B589B01C000EAB80CB0390D6
:107C50001E8810AB1B78049202930B7A0D00DB0692
:107C600016D42B780593022B24D00498FFF7D2FE6C
:107C7000002812D003689C46002B0ED0029B2200E5
:107C8000019329003B00644603980096A04705E055
:107C90000498FFF7BFFE002802D10E2009B0F0BD06
:107CA0008368002BF9D00A222900039898470028FE
:107CB000D7D0F3E76B6858781A786B4B0002104303
:107CC0009842D2D8043B984210D2684B984242D096
:107CD00015D8674BC0180128C7D80B20002EDDD15E
:107CE000EB681A7859683A80200028E0614BC01888
:107CF000032800D979E000F0B7FD846A789E5E4BD6
:107D00009842B2D10B20002EC8D101233B80EB68F2
:107D100031001B7823706889013080B2FCF740FB8A
:107D20003A88031E0ED0017802328A183A804289BE
:107D300062704289120AA27059680278E01C00F051
:107D4000FBFC06E004323A8031000422601C00F0A3
:107D50002BFF0020A2E70B20002E9FD1EB6807A984
:107D60001E8804233B80330A300026706370FCF7C2
:107D700017FB051E28D004AB9A890E2304A95B18B3
:107D80003E49C668FCF780FB00280BD12B783C48A5
:107D90006A680599FAF706FF002803D1012304AAAF
:107DA0005B42D3813278022A06D17168201D00F02F
:107DB000C3FC3B8802333B800E2304AA9B181B881C
:107DC000A3701B0AE370C4E704ABDE81F4E70B2069
:107DD000002E00D062E7E9680398FFF729FF02232D
:107DE0003B802070000A6070B3E70B20002E00D0AB
:107DF00054E70222EB681B883A8023701B0A6370E9
:107E0000A7E7E86800F040FDC2B203000720B242D5
:107E100000D243E70DD00299DBB27118994202DB20
:107E2000921BD3B20293029BE9681A003B80891926
:107E30005AE70023F6E70B20002E00D02EE707229A
:107E4000EB683A801A7822705A7862705A88A27069
:107E50005A88120AE2701A792271DA886271DB8814
:107E60001B0AA37175E7C046042900000228000020
:107E700000D8FFFFFFD6FFFF03280000FFFF000030
:107E800024970111F0B58DB06B4600200891202297
:107E90009B5E83423DDAA64B187800F0FDFD071E7D
:107EA00032D00378B02B2CD10079023816281FD895
:107EB00000F0DAFB17001E001E001E0031001E003D
:107EC00096001E001D011E0052011E0073011E00BF
:107ED000CD011E0050021E001E001E008E021E005C
:107EE000E302944B94491B8878880B80FAF79AFB3D
:107EF0003800FCF74BFB914B1B68002B01D038007E
:107F00009847380000F088FD8020089B000243401D
:107F100018000DB0F0BDEE220021874800F044FEAD
:107F20000BAA3B7B7989388900923A000D32FCF725
:107F30004FF90400804B1B78002C3FD146E0804B6A
:107F4000788805937F4B4100CB5A0BAE073BDBB2E1
:107F500032880293002301937B4B21000693009308
:107F6000059BFFF76FFE744D002810D1069B3A8ADF
:107F70001B889A420BD138000599123000F004FC9E
:107F8000002804D02B7862899B00EB185A801623B6
:107F900006A81B18328820007989FCF775FA2B781F
:107FA00004009A00AA1851880029C3D00133DBB21B
:107FB0002B70002807D006A9C98A9180634A1288CD
:107FC0009A42BCD802E0012149429180002B04D0A2
:107FD00059497888FAF75AFB8AE73E890A2479E0FA
:107FE00000253E89574B06937B88069A5B009B5A77
:107FF000033B9D4202DB002DF0D05BE0162206A879
:1080000012183B7B798900923A0030000D32FCF760
:10801000DFF80590002858D04689017A7888FCF767
:10802000A1F8041E44D1464B78880793069B410073
:10803000C95A454B0439C9B206AAD28A069302919D
:10804000019400930599079BFFF7FCFD041E2FD1B7
:10805000069B39491A88931C002D26D14B807988BC
:10806000384B4900CB5A5119033B8B4220DD059B0D
:1080700031485B8941190B71A91C0135C9B2EDB2B8
:10808000059145191B0A2B71059B2D4904331818BE
:1080900000F052FB2C4B059A1B88D318DDB22C4BF9
:1080A0009E4205D00136B6B29CE749889942D6D0A7
:1080B000002D0CD0204C2800618800F065FC207059
:1080C00021007888FAF7F2FA12E7059CF0E7002C15
:1080D00000D183E77B78142B00D109E716493B795F
:1080E0004E800B700C717888FAF792FA00E716242C
:1080F00006ABE41821003889FCF752F9011E00D1C3
:10810000B7E1788822880F4C45002C5B0A4D013C72
:10811000E4B2029400240F4B01940095FFF792FD06
:10812000041E00D014E129007888FAF7CFFADFE6C0
:108130004869FF1FAE3FFF1F6066FF1F5466FF1FA9
:108140005467FF1F9062FF1F4468FF1FAC3FFF1F73
:10815000FFFF00006266FF1F162406ABE418210033
:108160003889FCF71DF9011E00D182E17888228848
:10817000AE4C45002C5BAE4D013CE4B202947C89D0
:10818000AC4B01940095FFF75DFD041E00D0DFE0CD
:1081900029007888FAF7A4FAAAE60025A44B1D80E6
:1081A0003B00F6331B78A24A78880792AB4208D985
:1081B0009E4B12880693069943005B5A013B9A42F4
:1081C00003DB0799FAF796FA92E616246B00FB1880
:1081D000059306ABE418059B21001889FCF7E0F82D
:1081E000011E03D1059B01241E8973E77888924BF9
:1081F0002288069C099343001B5B904E013BDBB237
:108200000293002300960193099BFFF71BFD041EB8
:1082100002D0059B1E895DE77B88069A5B009B5A0E
:10822000079A108832881218934202DC1B1A013B0D
:1082300033807F4C023032880999001900F07CFAB3
:108240002388328801359B182380EDB2A8E70BAA5A
:108250003B7B7989388900923A000D32FBF7B8FFF1
:1082600000250590059B002B04D10A24002D00D188
:108270006EE060E0059B7888197AFBF773FF0100D8
:10828000041E63D1694C6C4B788806940993069B55
:108290004400E45A694B063CE4B20BAE32880793C3
:1082A0000294019100930599099BFFF7CBFC041EF2
:1082B0004CD1079B5E491B881A1D002D30D14A8086
:1082C000059B5B4C5A8963191A716B1C9BB2E318AE
:1082D000120A1A71162306A832881B187989059884
:1082E000FCF7D2F8FF21AA1C2E1D03350B000590C8
:1082F00092B2B6B2ADB2002803D006ABDB8AD9B2D7
:108300001B0AA218651911712B714C4D301D2A885A
:108310004949201800F010FA2B88F618B5B2A1E7E9
:108320004988914207D17A8806995200525AEB182F
:10833000053A9A42C4DC3E4C2800618800F074FC87
:10834000207021007888FAF7DFF9D1E5002DF2D10D
:108350003E89BFE6162606ABF61831003889FCF7D1
:108360001FF83D000400FA3500282DD0037A9B0643
:108370000CD400227B893989788800923A000C322B
:10838000FFF7E8FB041E10D03E8915E03088FFF7A8
:1083900041FB00281AD08368002B17D0210012223D
:1083A00078889847041EE4D0EEE72B78002B02D1A2
:1083B0007888FAF7B9F900262B78002B00D097E5DA
:1083C000002C00D194E585E60124DDE70E24DBE7EF
:1083D000162506ABED1829003889FBF7E1FF041ECE
:1083E00047D0037A9B0611D4154A7B88118899429D
:1083F00003D01448814207D11380134BF2261D7815
:108400000023D9B2A94221D30924A1E72888FFF784
:1084100001FB00282FD08368002B2CD021001222D2
:1084200078889847041EDFD092E7C0469062FF1F0D
:108430006066FF1F6266FF1F5467FF1F4468FF1FCF
:108440004069FF1FFFFF00003E69FF1F31005943D5
:10845000546801336018615A0029D2D13C000834B5
:108460002100F22200F068F921007888FAF764F917
:108470003EE501246CE70E246AE71D4B1A887B88D1
:108480009A4231D07888FAF761F931E5F2230598FC
:1084900051684343CD18C95A00291FD03B7A012B9C
:1084A0000BD16C88AB887888AA1D0094FFF752FB2B
:1084B000041E02D000233B722E88F22200212800E5
:1084C00000F072FB00232B80059B0133DBB2059388
:1084D000084B05991B78064A8B42D7D801235B428B
:1084E0001380002CCED0F5E5002634000596EFE78A
:1084F0004069FF1F3E69FF1F70B504000E001500A4
:10850000FFF796FA031E08D131000548FFF790FAED
:1085100003001120002B02D01C8000209D7070BD34
:10852000FFFF0000F8B50B4F06003B780D0014006C
:10853000FF2B0ED00A2000F0F7F9011E09D0B1235D
:108540000380002346800371C5800481387800F0E1
:10855000CBF8F8BD0141FF1FF7B50F0008A90600D1
:10856000088809A90B240988002821D10234022B8C
:108570001ED1557813782D021D432B008B43019398
:108580007334002B14D1FB68300019000093FFF7FF
:108590004FFB019C85420BD02A0030000099FFF769
:1085A000ABFF041E04D12A0030007989FFF7BAFF1F
:1085B0002000FEBDF0B50E7885B003900AA80588AE
:1085C0000120022E0DD14C682778647824023C43A8
:1085D000054FBC4205D10398DBB201960095FFF729
:1085E000BBFF05B0F0BDC0460229000010B5040075
:1085F0000C4800F011FB0C48A16B00F00DFB0B4880
:10860000E16B00F009FB0A48216C00F005FB094B07
:108610000948196800F000FB084B1B68002B00D0CC
:108620009847FEE72D9501114395011152950111CF
:108630006195011104ED00E0709501114C69FF1F77
:10864000002307B501A80193FFF7D0FF044A0548AE
:108650000021121A00F030FAF8F77EF8FEE7C04663
:108660005069FF1F0441FF1F01B40248844601BC4A
:10867000604700BFDD38FF1F01B40248844601BCDB
:10868000604700BF3555000001B40248844601BC74
:10869000604700BF2951010001B40248844601BC73
:1086A000604700BFF30E000001B40248844601BCDD
:1086B000604700BF8538FF1F01B40248844601BCF3
:1086C000604700BFE117000001B40248844601BCC6
:1086D000604700BF7D18FF1F01B40248844601BCFB
:1086E000604700BF8D12000001B40248844601BCFF
:1086F000604700BF594F010001B40248844601BCE5
:10870000604700BF691F000001B40248844601BCF5
:10871000604700BF3138FF1F01B40248844601BCE6
:10872000604700BFD91B000001B40248844601BC69
:10873000604700BFD12FFF1F01B40248844601BC2F
:10874000604700BFE94C010001B40248844601BC07
:10875000604700BF7918000001B40248844601BC9C
:10876000604700BFB54C010001B40248844601BC1B
:10877000604700BF055E000001B40248844601BCAA
:10878000604700BFB134FF1F01B40248844601BCFA
:10879000604700BFCD4C010001B40248844601BCD3
:1087A000604700BF5147010001B40248844601BC44
:1087B000604700BF2146010001B40248844601BC65
:1087C000604700BFC521000001B40248844601BCD7
:1087D000604700BF2526000001B40248844601BC62
:1087E000604700BF1D4B010001B40248844601BC34
:1087F000604700BFD534FF1F01B40248844601BC66
:10880000604700BFEDA5000001B40248844601BCEA
:10881000604700BF8B52010001B40248844601BC8E
:10882000604700BF5522000001B40248844601BCE5
:10883000604700BFC51D000001B40248844601BC6A
:10884000604700BF5118FF1F01B40248844601BCB5
:10885000604700BFADAE000001B40248844601BCD1
:10886000604700BF5133FF1F01B40248844601BC7A
:10887000604700BFB538FF1F01B40248844601BC01
:10888000604700BFB92FFF1F01B40248844601BCF6
:10889000604700BFDD52010001B40248844601BCBC
:1088A000604700BFC926000001B40248844601BCED
:1088B000604700BFF931FF1F01B40248844601BC84
:1088C000604700BF4550000001B40248844601BC27
:1088D000604700BFD949010001B40248844601BC89
:1088E000604700BF0937FF1F01B40248844601BC3E
:1088F000604700BF1147010001B40248844601BC33
:10890000604700BFB537FF1F01B40248844601BC71
:10891000604700BF9136FF1F01B40248844601BC86
:10892000604700BFC94A010001B40248844601BC47
:10893000604700BF1D4D010001B40248844601BCE0
:10894000604700BFED4A010001B40248844601BC03
:10895000604700BF810E000001B40248844601BC9C
:10896000604700BFC936FF1F01B40248844601BCFE
:10897000604700BF5549010001B40248844601BC6C
:10898000604700BF5D38FF1F01B40248844601BC48
:10899000604700BF350E000001B40248844601BCA8
:1089A000604700BFB352010001B40248844601BCD5
:1089B000604700BFE548000001B40248844601BC9E
:1089C000604700BF3D18000001B40248844601BC66
:1089D000604700BFB14E000001B40248844601BCAC
:1089E000604700BF090E000001B40248844601BC84
:1089F000604700BF456B010001B40248844601BCDA
:108A0000604700BF2124000001B40248844601BC35
:108A1000604700BF7D36FF1F01B40248844601BC99
:108A2000604700BF434D010001B40248844601BCC9
:108A3000604700BF3D4B010001B40248844601BCC1
:108A4000604700BFD91AFF1F01B40248844601BC29
:108A5000604700BF5952010001B40248844601BC7E
:108A6000604700BFDD66010001B40248844601BCD6
:108A7000604700BF4551010001B40248844601BC73
:108A8000604700BF8935FF1F01B40248844601BC1E
:108A9000604700BFC9A9000001B40248844601BC78
:108AA000604700BFF54E010001B40248844601BC96
:108AB000604700BF4937FF1F01B40248844601BC2C
:108AC000604700BFB70E000001B40248844601BCF5
:108AD000604700BFF94C010001B40248844601BC64
:108AE000604700BF2132FF1F01B40248844601BC29
:108AF000604700BFE928000001B40248844601BC79
:108B0000604700BF6DBC000001B40248844601BC50
:108B1000604700BF091B000001B40248844601BC45
:108B2000604700BF311B000001B40248844601BC0D
:108B3000604700BF5D17000001B40248844601BCD5
:108B4000604700BF014C010001B40248844601BCEB
:108B5000604700BF5125000001B40248844601BCB3
:108B6000604700BF75A9000001B40248844601BCFB
:108B7000604700BF0124000001B40248844601BCE4
:108B8000604700BF291C000001B40248844601BCB4
:108B9000604700BF017F000001B40248844601BC69
:108BA000604700BF5930FF1F01B40248844601BC32
:108BB000604700BF154D010001B40248844601BC66
:108BC000604700BF9DA9000001B40248844601BC73
:108BD000604700BFA54F010001B40248844601BCB4
:108BE000604700BFC938FF1F01B40248844601BC7A
:108BF000604700BF4D1F000001B40248844601BC1D
:108C0000604700BF0D52010001B40248844601BC18
:108C1000604700BF851F000001B40248844601BCC4
:108C2000604700BFE53A010001B40248844601BC38
:108C3000604700BF090E000001B40248844601BC31
:108C4000604700BF156B010001B40248844601BCB7
:108C5000604700BFA138FF1F01B40248844601BC31
:108C6000604700BFA946010001B40248844601BC28
:108C7000604700BF792DFF1F01B40248844601BC44
:108C8000604700BF8552010001B40248844601BC20
:088C9000604700BFD1A5000000
:108C980053444B2056657273696F6E2049442025F2
:108CA800303878200A007266436C6B202564207285
:108CB80063436C6B20256420737973436C6B2025A8
:108CC800642074704361705B25303278202530321F
:108CD800785D0A0073697A656F66287374727563C4
:108CE80074206C6C5F706B745F6465736329203DDE
:108CF8002025642C206275662073697A65203D20E2
:108D080025640A0073697A656F6628675F70436F28
:108D18006E6E656374696F6E42756666657229204A
:108D28003D2025642C2073697A656F662870436F2F
:108D38006E6E436F6E7465787429203D2025642C0F
:108D48002073697A656F66286C617267654865612A
:108D580070293D2564200A005B5245535420434145
:108D68005553455D2025640A20004D454C423A2064
:108D7800575332383132205350492074696D656F2A
:108D880075742F6572726F723D25643B2072656E33
:108D980064657265722064697361626C65642C2015
:108DA800424C45206B65707420616C6976650A00D9
:108DB8004D454C423A2072656E6465722066726158
:108DC8006D653D256C75207370693D30206D6F644D
:108DD800653D2530327820706F7765723D25750ABC
:108DE800004D454C423A2048617070794C6967687B
:108DF80074696E6720464644392077726974652025
:108E08006C656E3D25750A004D454C423A20486117
:108E18007070794C69676874696E672073746174DF
:108E280075732072657175657374656420776974EC
:108E3800686F75742046464434206E6F746966798D
:108E480020737562736372697074696F6E0A004D7E
:108E5800454C423A2048617070794C69676874697A
:108E68006E6720737461747573206E6F74696679A8
:108E780020726573756C743D257520706F77657207
:108E88003D2575206D6F64653D25303278207370FF
:108E98006565643D25750A004D454C423A20486198
:108EA8007070794C69676874696E6720636F6D6D5F
:108EB800616E642072656A656374656420726573A7
:108EC800756C743D25750A004D454C423A20737403
:108ED80061746520706F7765723D2575206D6F64CC
:108EE800653D25303278206272696768743D257562
:108EF8002073706565643D2575207267623D257530
:108F08002C25752C25750A004D454C423A20627572
:108F180074746F6E7320706F7765723D2575206D60
:108F28006F64653D25303278206272696768743DE8
:108F380025752073706565643D2575207267623DEF
:108F480025752C25752C25750A006F6B004641493F
:108F58004C004D454C423A20575332383132205359
:108F68005049312F50333420696E69743D25730A96
:108F7800004D454C423A20626F6F74206566666505
:108F88006374207261696E626F77206D6F64653DEE
:108F980025303278206272696768746E6573733D34
:108FA80025752073706565643D25750A00476170F5
:108FB800726F6C655F73746172740A0047617072D6
:108FC8006F6C655F61647665727374696E670A00B9
:108FD800476170726F6C655F436F6E6E6563746531
:108FE800640A00476170726F6C655F446973636FF0
:108FF8006E6E656374696F6E0A00476170726F6C9C
:10900800655F7761697474696E675F6166746572BC
:109018005F74696D65726F75740A00476170726F6D
:109028006C65206572726F72210A005B474150209F
:10903800524F4C452025645D0A000A4D454C42209C
:10904800626F6F743A204D757369632D4C69676858
:10905800742D56332D323231313031202F20535474
:109068003137483636420A004D454C423A20554180
:109078005254302050392F50313020313135323070
:10908800300A004D454C423A20424C4520696E69F1
:109098007420626567696E0A004D454C423A204269
:1090A8004C45206E616D653D25730A004D454C4267
:1090B8003A2061647620696E74657276616C2075F9
:1090C8006E6974733D25750A004D454C423A20611E
:1090D800647620646174613D253032782025303211
:1090E80078202530327820253032782025303278A3
:1090F800202530327820253032780A004D454C4200
:109108003A20726567697374657220486170707976
:109118004C69676874696E6720464644352F464631
:1091280044392F464644340A003D3D3D3D3D536990
:109138006D706C65424C4550657269706865726106
:109148006C5F496E697420446F6E653D3D3D3D3DE1
:109158003D3D0A006164764E25750A003D3D3E207E
:109168004843495F434F4D4D414E445F434F4D5037
:109178004C4554455F4556454E545F434F44453A28
:109188002025780A004D454C423A205342505F5200
:10919800455345545F4144565F455654202D3E2063
:1091A800656E61626C652061647665727469736965
:1091B8006E670A0054494D45525F4556540A005699
:1091C8006261743A202564206D562C202564202580
:1091D800250A004D454C423A20474150526F6C6574
:1091E8005F53746172744465766963650A004D451E
:1091F8004C423A2068656172746265617420256C1E
:1092080075206576656E74733D3078253034782026
:109218006761703D2575206164763D25750A0043B8
:109228004D442064617461206576656E74730A002C
:109238003031323334353637383941424344454684
:10924800005B48434920444C455D25642025642043
:1092580025640A005B4154545F4D54555D202564D4
:10926800200A006761705065726950726F63657398
:1092780073484349436D64436F6D706C657465450D
:109288007674204F70636F646520307825580A0023
:1092980043544520506172616D2073746174757315
:1092A800203078253032580A0043544520656E61D5
:1092B800626C652073746174757320307825303260
:1092C800580A0067617050726F63657373424C454A
:1092D8004576656E7473204843495F4C455F434F3C
:1092E8004E4E454354494F4E4C4553535F49515F89
:1092F8005245504F52545F4556454E54200A006718
:10930800617050726F63657373424C454576656E44
:109318007473204843495F4C455F434F4E4E454365
:1093280054494F4E5F49515F5245504F52545F4523
:1093380056454E54200A005B5341525F46524545FC
:109348005D0A005B5245415F465245455D0A005B38
:109358005341525F5258204552525D204E6F53611F
:109368007220632025780A005B5341525F525820CF
:109378004552522025645D2025642025640A005B3F
:109388005341525F5258204552522025642025648B
:109398005D202564207025303878204C20256420F5
:1093A800432025640A005B5345475F465245455DA7
:1093B8000A005B5345475F5052545D25303878208A
:1093C800253032780A005B534255462046554C4CAE
:1093D8005D20455252202564203078253032780AA5
:1093E800005B5342554620465241472046554C4C57
:1093F8005D0A0025732C75706461746520636F6E57
:109408006E656374696F6E48616E646C652025646F
:109418002074696D657249442025640A0025732CFF
:10942800737461727420636F6E6E656374696F6EB6
:1094380048616E646C652025642074696D65726985
:10944800642025640A007050616972696E67506112
:1094580072616D735B25645D204E554C4C200A008B
:10946800736D53746F7052737054696D65722063B5
:109478006F6E6E656374696F6E48616E646C6520AB
:1094880025642074696D657249442025640A00309A
:10949800313233343536373839616263646566672B
:1094A80068696A6B6C6D6E6F7071727374757677BC
:1094B80078797A00303132333435363738394142A9
:1094C800434445464748494A4B4C4D4E4F505152EC
:1094D800535455565758595A003C4E554C4C3E001B
:1094E8002530327820004741505F446576696365CE
:1094F800496E69743A204741505F50524F46494C73
:10950800455F43454E5452414C207C204741505FB3
:1095180050524F46494C455F504552495048455274
:10952800414C200A005B48617264206661756C7466
:109538002068616E646C65725D0A004C52202020C0
:109548003D203078253038780A0050432020203DCF
:10955800203078253038780A0050535220203D209A
:109568003078253038780A0049435352203D20305E
:1095780078253038780A0002000300040005000648
:10958800000700080009000C000D0016000000008C
:1095980071090111A5090111000000000200000075
:1095A800AE950111192A0F180A000000F1590000A0
:1095B800FD24000041460100DD470111F568011155
:1095C800313C0111E1450111E5210111857E0111AF
:1095D800891E01110000FF00FFFFFF0000000000CE
:1095E80000FF00FFFFFF00FF00FFFF00FF0000007B
:1095F8000000FF00FFFF00FFFF0000FF00FFFF006B
:10960800000000FF0000FF00FFFF00007D100111B7
:10961800350F011100000000120C000002000000CC
:1096280030960111D4FFD9FFD5FF252D3038FF0022
:109638000000FF000000FF00FFFFFF00FFFFFF002A
:10964800FF6010FFB4600000FD170111000000006A
:10965800000000004449590056322E3100303032A3
:1096680030006769746875622E636F6D2F70767647
:1096780078005472696F6E65730000000200000084
:1096880098960111292A282A272A262A252A242AAF
:109698000A180000050000001F501D10023CB4000D
:1096A800FB349B5F80000080001000000000000079
:1096B800E7270111D13E01110B280111D9420111EF
:1096C8008F280111AF4201110529011185420111AD
:1096D800572901114D440111BF2901114D440111B0
:1096E800F129011107440111052901113D42011118
:1096F8007D290111E5430111000000000000000070
:10970800632A0111E5430111C52A0111E93E01113E
:10971800052A042A012A002A0229032801280028E8
:1097280001180018736D5374617274527370546920
:109738006D657200000000000000000000000000DD
:109748000000008701010201020101020102030376
:1097580004010301010101010303020103000D00DB
:109768000E001000110013001401070108010A017E
:109778000B011C011D02040205020702080219025E
:109788001A021C021D03010302031700020100054F
:1097980004000807000B0A001716001D1C0102012F
:1097A800010504010E0D0111100114130117160112
:1097B8001A19020201020B0A020E0D0211100214FC
:1097C80013021716030504030807030B0A030E0DFB
:1097D8000001020307090A0B0E0F101112141718C3
:1097E800191A1B1F202122000506FFFF00C20100D5
:1097F8000100000000000000CD77011189780111F7
:1098080000000000020000002A970111000000007B
:10981800B585011100000000020000002897011121
:020000041FFFDC
:1000000000000000D10A0111B4950111B095011151
:10001000105EFF1F00000000000000000000000054
:1000200000000000000000000000000000000000D0
:1000300000000000000000000000000000000000C0
:1000400000000000000000000000000000000000B0
:1000500000000000000000000000000000000000A0
:100060000000000000000000000000000000000090
:100070000000000000000000000000000000000080
:100080000000000000000000000000000000000070
:100090000000000000000000000000000000000060
:1000A0000000000000000000000000000000000050
:1000B0000000000000000000000000000000000040
:1000C0000000000000000000000000000000000030
:1000D0000000000000000000000000000000000020
:1000E0000000000000000000000000000000000010
:1000F0000000000000000000000000000000000000
:1001000000000000000000000000000000000000EF
:1001100000000000000000000000000000000000DF
:1001200000000000000000000000000000000000CF
:1001300000000000000000000000000000000000BF
:1001400000000000000000000000000000000000AF
:10015000000000000000000000000000000000009F
:10016000000000000000000000000000000000008F
:10017000000000000000000000000000000000007F
:10018000000000000000000000000000000000006F
:100190004532FF1FA530FF1FC166010000000000AF
:1001A000000000000000000000000000000000004F
:1001B000000000000000000000000000000000003F
:1001C000000000000000000000000000000000002F
:1001D000000000000000000000000000000000001F
:1001E000000000000000000000000000000000000F
:1001F00000000000000000000000000000000000FF
:1002000000000000000000000000000000000000EE
:1002100000000000000000000000000000000000DE
:1002200000000000000000000000000000000000CE
:1002300000000000000000000000000000000000BE
:1002400000000000000000000000000000000000AE
:10025000000000000000000000000000000000009E
:10026000000000000000000000000000000000008E
:10027000000000000000000000000000000000007E
:10028000000000000000000000000000000000006E
:10029000000000000000000000000000000000005E
:1002A000000000000000000000000000000000004E
:1002B000000000000000000000000000000000003E
:1002C000000000000000000000000000000000002E
:1002D000000000000000000000000000000000001E
:1002E000000000000000000000000000000000000E
:1002F00000000000000000000000000000000000FE
:1003000000000000000000000000000000000000ED
:1003100000000000000000000000000000000000DD
:1003200000000000000000000000000000000000CD
:1003300000000000000000000000000000000000BD
:1003400000000000000000000000000000000000AD
:10035000000000000000000000000000000000009D
:10036000000000000000000000000000000000008D
:1003700041860111000000000000000000000000A4
:10038000000000000000000000000000000000006D
:10039000000000000000000000000000000000005D
:1003A000000000000000000000000000591AFF1FBC
:1003B000000000000000000000000000000000003D
:1003C000000000000000000000000000000000002D
:1003D000000000000000000000000000000000001D
:1003E000000000000000000000000000000000000D
:1003F00000000000000000000000000000000000FD
:08183800506DFF1F4118FF1F56
:10184000024981F3088802F093FA0000506DFF1FEF
:1018500010B502F06DF8072804D0122808D002282D
:1018600008D010BD044A0420136B01331363F8E75A
:101870000220F6E71420F4E73863FF1FF8B50700ED
:101880000C0026002500503630785135002804D150
:101890000300287058342370F8BD2978CA00481E08
:1018A0008141A3183800A25C5B68C9B2FFF7D0FF82
:1018B00000280DD12B78DA00A218013350602B706C
:1018C0003378044A013B3370136A01331362D8E75B
:1018D0000123DFE73863FF1F5C234343074910B54B
:1018E000C9180B0058331B78012B05D1FFF7C6FF31
:1018F000034A936A0133936210BDC0466C63FF1FB5
:101900003863FF1F10B502F08BF8064A012113005F
:1019100010CB4942D967044B136002F0F9F920005B
:1019200010BDC04600E100E01000100010B504003A
:1019300002F076F8024B1C6002F0EAF910BDC046D6
:1019400000E100E0431E5A425341A022F0B5D2010B
:101950005B421340154D164A40019B182A18127E0F
:101960008BB00191002A1BD01A000832D46F0022DC
:10197000E6B206AFE4B294420EDC2818C369002B2D
:1019800008D0019902AA117106AA049202AA16733C
:1019900003A898470BB0F0BD1978B9540132EAE7B3
:1019A0001A7D1A7806AB01261A70E6E7F865FF1F64
:1019B00000400040F0B5254B04004001C25C85B0FA
:1019C000002A2BD01A18117E002927D0917E0029D9
:1019D00024D01179022921D11689D788D168F51B25
:1019E000ADB22A1C102D00D9102292B2BE4217D1DE
:1019F0001818012303710023C269C38003819A422E
:101A000006D06846032103730171029301A8904731
:101A10000820002C00D0192001F0FAFA05B0F0BD22
:101A2000013C65426C41A0256442ED012C40084D0B
:101A30001B186419074D0633013A92B2AA42EDD041
:101A40001888461C1E80085C2070F5E7F865FF1FAB
:101A500000400040FFFF00000F220E4B10B59868B9
:101A6000104002380A280BD801F024FF0D0A0B0A97
:101A70000A110A0A0A0A060002210020FFF762FF83
:101A800010BD0121F9E70020FFF794FFF8E7DB6FB5
:101A9000F6E7C046004000400F220E4B10B5986894
:101AA000104002380A280BD801F004FF0E0A0B0A76
:101AB0000A120A0A0A0A060002210120FFF742FF61
:101AC00010BD01210800F9E70120FFF773FFF7E7D8
:101AD000DB6FF5E70090004013B5334C2378072BFC
:101AE0003DD8324B1A78324B002A39D180221968FE
:101AF00052020A431A60252001F0E6FD20232D4AF8
:101B000011680B43802113606B460422C9050868E5
:101B10000733104228D080210422C905C86810422A
:101B20002ED080212020C905CA688243CA601422B1
:101B30001A701A78002A2FD18021C905C86820326E
:101B40000243CA6014221A701A78002A28D11A4B4C
:101B50001A7D22785A601D221A705932DA6013BD3C
:101B60001A6816490A40C5E7086802430A60142249
:101B70001A701A78002ACED01A78013AD2B2F7E752
:101B8000C8680243CA6014221A7019784A1ED2B279
:101B90001A700029F9D1C4E71A78013AD2B2C7E71E
:101BA0001A78013AD2B2CEE73C40FF1F0441FF1F32
:101BB0003CF000403440FF1F00200040FFFFFEFFCC
:101BC000564B70B51B68012B03D1554A936D0133F9
:101BD000936501F0B5FF534B534A1860534B544C77
:101BE0001A600123534A1360534A13602378002B71
:101BF00006D006225149524802F042F800232370D1
:101C0000504A514B10681B78C1B2002B0ED14F4C7B
:101C1000C0B223785BB2002B4FDB237824785BB211
:101C200064B21B0424021B191B1813600B1C5029DF
:101C30004ED95023464A47491078DBB2FF2202288A
:101C40004BD10868444C454D267890432A789642FB
:101C500054D9227824782E78023B5D10A31B6B4365
:101C60005201D31A10335B111843086002F040F898
:101C7000031F012B45D83A4B1B78002B06D0394B5C
:101C80001B78002B02D0002001F0C2FFA122364BAE
:101C900092009978354B4A431B689B188322920027
:101CA0009B181B78033B012B03D8AF20400002F0A8
:101CB0007FF801222E4BDA8270BD237824785BB244
:101CC00064B2FF33FF341B0424021B190138ABE755
:101CD000CAB2022AAED20223ACE70868254C264DD0
:101CE000267890432A78964208D9227824782D784D
:101CF000023B5B10641B63435201B2E72378DBB203
:101D0000B2E70228D5D11D4B1B78013B022B03D92A
:101D10001B4B1B78022BCCD16C20C8E79809FF1F06
:101D2000FC0FFF1F8462FF1FFF3F000014100340E1
:101D30008862FF1F0C10034000100340D50BFF1FEB
:101D40007211FF1FB40003408C09FF1F680AFF1FB8
:101D5000490AFF1F94000340460AFF1F470AFF1F5E
:101D6000F908FF1F2209FF1F300DFF1F3409FF1F55
:101D7000BC0BFF1F440AFF1F450AFF1F1C09FF1F62
:101D80002309FF1F10B501F083FF0022014B1A80C9
:101D900010BDC0468062FF1F10B501F0E1FDA1211A
:101DA000054A89009478054A61431268044B521829
:101DB000528C1A8010BDC046300DFF1F3409FF1F22
:101DC0008062FF1F10B50D4B0D4A9978A1239B002F
:101DD0004B431268D218531DD97F0A4B1B88994276
:101DE00009D2441C07D0C82805D0D2695B1A5A43CF
:101DF000054B5343C01801F0C3FE10BD300DFF1F4B
:101E00003409FF1F8062FF1F7102000070B5244D6E
:101E10002B68002B28D001F0D3FE2B68D8402B680C
:101E20000400002B27D001F013FE2B68D8401D4B77
:101E30001D4A9978A1239B004B431268D118D25CAC
:101E400091239B00002A20D0CA580132CA50174B58
:101E500017491B680868834214D3D23B181A012A19
:101E60001AD0144B186070BD01F0AAFE124B19680D
:101E700001F046FED3E701F0EBFD0F4B196801F0CE
:101E80003FFED4E70D495B18E8E7CA500C4B1B68CE
:101E9000DB68E418201AE4E7F530FF30E1E7C046DC
:101EA0001C08FF1F300DFF1F3409FF1F9C09FF1F77
:101EB0008462FF1FA009FF1F1808FF1F2DFF3F00AE
:101EC0008C62FF1F70B504000D00282916D1030095
:101ED000A433C2881B889B1A0B4A9BB293420DD92C
:101EE00006006A3605223100653001F0A9FE00289F
:101EF00004D13100200001F0E3FD70BD2900200075
:101F000001F066FDF9E7C046FE7F0000F8B5050068
:101F1000012001F055FD134CA36AA26A9342FBD144
:101F2000114E336001F0C4FD1049030008601048F1
:101F3000426894460F4A17680022BC4501D24268A5
:101F4000BA1A0D4802603268AD18A422E562606AD0
:101F5000520302436262094A1278002A01D00F3B01
:101F60000B60F8BD00F00040340AFF1FE408FF1FBB
:101F700028100040180AFF1F1C0AFF1F1C09FF1F22
:101F800070B580241025E405A3682B43A36001F0FD
:101F90001FFEA368AB43A36070BD0000F7B5160039
:101FA00080221C001023D2050191916805000B438B
:101FB000936000225A4BD7301A6001F0B1FC9D2388
:101FC0002A002F009B00EB58CA3201210092FC37F7
:101FD000002B01D00021009A386801F0F1FE2900A1
:101FE000009BCB311A784F4BD3351A604B780A7867
:101FF0001B0213438A7812041A43CB781B0613433F
:10200000494A1BBA13604B790A791B0213438A7938
:1020100012041A43CB7931001B061343434A1BBAFF
:1020200013606B782A781B021343AA7812041A43B0
:10203000EB781B0613433E4A1BBA1360019A330226
:1020400013433C4A13603C4B22001B1B9C46032954
:102050003DDCB3089A0013005142B21A032A46D15C
:10206000354AE018511A827840781204000202437F
:10207000E05C043302430A600022FF2B4BDDF022B8
:102080002E4B12011A600F222D4B1A602D4A136835
:10209000002BFCD00023224A27491360091B321D64
:1020A0000B191B68043A180A23706070180C1B0E79
:1020B000A070E3700434002AF2DC802210213B6817
:1020C000D20501333B6093688B439360F7BD634651
:1020D000D578981893782D061B042B43157804396E
:1020E0002B43557804322D022B430360AFE7022ABD
:1020F0000AD1114AE05C511AE218527812020243E6
:102100000A6004339BB2B7E7012AB5D10A4A521AD2
:10211000E15C1160F5E7084959180A600433ACE73F
:10212000000004403C0004403800044034000440F7
:10213000300004400C00044000010440040004404E
:102140001000044014000440F7B5150080221C0064
:102150001023D2050091916807000B439360002380
:10216000654AD730136001F0DBFB9D233E009B00E6
:10217000F9583B00CA363200FC33002900D07FE01A
:10218000586801F01DFE390032785C4BCB311A6083
:102190004B780A781B0213438A78AC4612041A4320
:1021A000CB78281D1B061343554A1BBA13604B7985
:1021B0000A791B0213438A7912041A43CB791B064E
:1021C0001343504A1BBA13604B7A0A7A1B0213431B
:1021D0008A7A12041A43CB7A21001B0613434A4A17
:1021E0001BBA1360009A2B021343484A1360220063
:1021F000474B1B1B0093009BCE785B1801938B7899
:1022000036061B0433430E78043833434E780431CA
:1022100036023343019E33600328ECDC0321A80817
:10222000431C9B002940800003292BD13849E51825
:102230005E18A9786D78E35C09042D0229431943DF
:102240003160030008330021FF2B2DDD314B324973
:1022500019600F21314B1960012327490B60304B66
:1022600019680029FCD006211B680B40042B20D0E4
:1022700080220020D20593680A318B439360FEBD13
:1022800001217DE7022908D121495D18E11849782B
:10229000E35C090219432960D3E70129D3D11C4922
:1022A0005918E35C0B60CCE7194818180160043337
:1022B000CAE7002310490B606346002B0CDC3B008F
:1022C000FC335A68102101325A608022D20593688B
:1022D00001208B439360D2E7009B9B181B68190A6F
:1022E00013705170190C1B0ED37004235B42917054
:1022F0009C440432E0E7C046000004403C00044037
:102300003800044034000440300004400C00044015
:102310000001044004000440080F000010000440C5
:102320001400044070B5061E19D002225A4B9B7946
:102330009343012B13D1594B1A78FF2A0FD15A78A6
:10234000FF2A0CD19A78FF2A09D1DA78FF2A06D120
:102350001A79FF2A03D15B79FF2B00D199E0504B0A
:102360000C201A78012A08D000224E4D1A702978C4
:102370000B00093B042B01D8212070BD4B1F012B02
:10238000FAD9454CA37B042B00D982E0A279032A19
:1023900000D97EE09A1ED2B2012A02D860881F2896
:1023A00077D9002E56D0012E73D1A0880128E3D012
:1023B000002907D1581E032803D801F07BFA121711
:1023C00015122E702978481E032811D80025364B87
:1023D0001D602823237501F0D3FCA84227D0A580D7
:1023E000CAE702212970EDE70421FBE70321F9E7A1
:1023F00007390129C0D82D490968C96A8906BBD5A2
:102400002B4908780028B7D1012A01D9002BB3D174
:1024100002230B708021274D2633890128782375EC
:1024200001F07EFC80212878890101F0B9FA0123AE
:10243000A380214B1B78002B0AD0FA2280211F4B4E
:1024400092001B8809025A431A4B187801F090FB3E
:10245000002092E701F0E4FA2B78A680073B012BDD
:1024600003D917482E7001F093FA114B114C1A78CA
:10247000002A06D080210022207889011A7001F0FC
:102480004FFC01F045FC80212078090201F048FC56
:10249000DEE7122071E7C046A60BFF1F6B09FF1F86
:1024A0001A09FF1F1C09FF1F4809FF1F8C62FF1F2D
:1024B0002309FF1F1B09FF1F2109FF1F2C09FF1FF5
:1024C0000010004010B5002901D001F0D1FA10BD74
:1024D000F7B5604B01919978A1239B004B435E4A6D
:1024E000060014681022E418D6235B00E058362357
:1024F000FF33E35C00279343222B41D1574B0F3A24
:102500001A600760012501F02BFB019B1880E8236E
:102510005B00E35C002B01D0B34258DD0023504F39
:10252000FB70AD33FF33E3581A68002A03D09B8851
:10253000DB439B071DD03823FF33E35C002B18D00F
:102540009B235B00E35C002B13D1D133FF33E35CAF
:10255000B3420EDAA4235B00E15AE018090A023103
:1025600001F0F6FB23000122FE33013E01351A87FC
:10257000FA70E8235B00E35C002B2AD0A8B2FEBD12
:1025800003683D00002BBED081880430090A023167
:1025900001F0DEFBD6235B00E3581F60B2E72300A7
:1025A000B133BA00FF339858013781880430090AE3
:1025B000023101F0CDFBE8235B00E35CBB42EEDCC3
:1025C000E822F61AED1800235200A354A6E70027CC
:1025D000F1E7200001F04CFB00281FD0002E1DDD8C
:1025E0007319882647190193B600200001F0B8FB43
:1025F0005A30800020184068013581880430090A6B
:10260000023101F0A5FB200001F072F9A35901335A
:10261000A351BD4202D0019B9D42E6D1114BE35C28
:10262000002BABD095239B00E35C002BA6D00E4B78
:10263000E15A0029A2D00D4AA35C994202D9013384
:10264000A3549BE700231A212000A35401F070FB40
:1026500094E7C046300DFF1F3409FF1F00140340EC
:10266000E010FF1F5A020000720200005E0200002C
:102670000D4970B54A6E0D4CD2038B69D20BA24244
:1026800006D80B4D0224AA4204D901F0A9FA70BD64
:1026900002246442E21815007E2425402242F4D030
:1026A000A3432B438B61F0E700F000400A200000B9
:1026B000FC1C0000F8B51D4B1D4F1A78002A10D1E4
:1026C000BA7B002A02D101321A7003E0032AFAD041
:1026D000022AF8D001F054FB00220120154B1A7099
:1026E000F8BD154B154D1C68154B9E7801232B70BA
:1026F0002878C0B200F09EFBBB7B002B0BD101F011
:1027000027FAA1239B007343E41883239B00E4185A
:1027100023782B70E4E7032B02D101F0F1F8F0E706
:102720000020022BDCD101F033FBEAE71C09FF1F7C
:10273000A60BFF1F2309FF1F3409FF1F490AFF1FB4
:10274000300DFF1FF0B587B00EAD2F780FAD2D788F
:102750000593AC46634614000E4D0CAA12782E78F1
:1027600003930D9B009201932200059B029701F0B9
:10277000B7F92E70012C01D0042C08D18022064913
:102780008B889343054A1278D20113438B8007B09C
:10279000F0BDC0461C09FF1F6C11FF1F7809FF1F09
:1027A0000B001B3B70B504003020E02B0DD813004C
:1027B000E025493BFF3B9BB2ED00AB4205D8034B04
:1027C000200019825A8201F0D3F870BD8410FF1FD7
:1027D00010B501F0B5F9054B00205B68052B04D955
:1027E000034A5268D20200D4980810BD001000407D
:1027F000FCE100E070B501F013F90D4B1B68FC33F0
:10280000DC691D6AFFF7E4FF6419844204D2094BB6
:1028100001241B68002B07D004220024064B1A70E9
:10282000064A93690133936101F072FA200070BD8A
:102830008C62FF1F9809FF1F2309FF1FFC0FFF1F5A
:1028400070B50C4D2B68FC335C6A01F0E9F8FFF7BA
:10285000BFFF2B680025FC339B6AE318834204D238
:10286000054B1B68AB4200D1051B01F051FA280053
:1028700070BDC0468C62FF1F9809FF1FD722044B12
:1028800092009B5810B5002B00D0984710BDC04651
:102890000000FF1F10B500F0F5FFFFF7EFFF27491D
:1028A000274BCA6D274C1A4084235B001343CB652A
:1028B000254B1B68186A01F083F8244B244A1A60E0
:1028C000244B254A1A60A022244B52001A60244B44
:1028D000187801F05DF92000224901F0C1F80023C9
:1028E000A3600233A360204B2049236003232048C8
:1028F000A36001F0B5F810221E4BFF201A60802261
:1029000052031A60802292031A60802212041A6015
:1029100001F07EF9012001F07BF8FA20400001F07F
:1029200087F8582001F044FA134801F0C1F901205A
:1029300001F066F8072001F033FA10BD00F0004006
:1029400000FEFEFF141000408C62FF1F00000340D9
:102950000180063DBC00034034080000A400034091
:102960004A0AFF1F71020000C3090000FFFF3F0079
:102970002810004000E100E030750000674E336829
:1029800088331B6883F3088801F0CAF8644A6549F4
:10299000136800200B401360634B644A1B6893422A
:1029A00000D1A6E001F0ACF90221614A13688B4323
:1029B0001360FFF76FFF5F4B5F4C1878C0B201F0F8
:1029C00017F90023A3600233A3605C4B012023604E
:1029D00000F0F6FF0323A36000F09AFF040001F06B
:1029E000AFF8050000F094FF554B186001F0F0F9C6
:1029F000544B1968621A531EA14200D21300802260
:102A0000D203934201D39B029B0A3268D16AC90761
:102A100000D471E04C491C0C09689BB24C435943EB
:102A20002402090A641803264849FC3293680A689C
:102A300047489B1A474A0768126847499B18474A04
:102A40009A1833409208DB190A600360042B03D9FB
:102A5000013233400A6003600E684149A619300014
:102A600001F04EF83F4F3E493B68C3183B603000D1
:102A7000019301F02DF83C4E306808183849306059
:102A8000884205D9019B01333B6001F021F8316098
:102A900001F0A6F9354B1B78002B0DD001F050F852
:102AA000334B621B196812188A4232D24919091B2A
:102AB000091A304800F0D4FF2F4E337A002B0ED085
:102AC00001F03EF8621BF1681218914224D94919AD
:102AD000091B091A294800F0C3FF00233372284B51
:102AE00083F3088801F0DCF8002001F009F900F018
:102AF00027FF01F005F95CE7DC0199000234641A54
:102B00005900641A09214B438033CB40A408E418D0
:102B100089E7FA218900CCE71A49DBE78C62FF1FBD
:102B20001CF00040FFFFC1FF0C0AFF1FB64121034C
:102B300010000040490AFF1F14100040C3090000A4
:102B4000100AFF1F340AFF1F380AFF1F200AFF1F49
:102B5000280AFF1F1C0AFF1F240AFF1FC4090000C8
:102B6000710200006008FF1F2C0AFF1F1C09FF1FD5
:102B7000E408FF1F00100040740BFF1F3C100040D2
:102B800000000020DC050000A022054B92009B58AD
:102B900010B5002B01D0984710BD00F0A9FFFBE74E
:102BA0000000FF1FA122054B92009B5810B5002B7F
:102BB00001D0984710BD00F09BFFFBE70000FF1F0E
:102BC000A222054B92009B5810B5002B01D09847CC
:102BD00010BD00F08DFFFBE70000FF1FA322054B97
:102BE00092009B5810B5002B01D0984710BD00F003
:102BF0007FFFFBE70000FF1FA422054B92009B58BC
:102C000010B5002B01D0984710BD00F071FFFBE715
:102C10000000FF1F70B500F093FF4F4B186001F0EC
:102C20001FF80400C30702D400F03AFF70BD002271
:102C30004A4B1A604A4B18780138042829D800F00A
:102C400039FE0320181C2400200001F001F801289F
:102C5000ECD0444C2378042B6ED100F019FF0028EF
:102C6000E4D001F03DF8582001F0A2F802232370CF
:102C7000DCE7200000F0B4FEE9E7200000F0D8FF18
:102C8000E5E7200000F0B4FEE1E7200000F0F8FEE8
:102C9000DDE701F02DF80500012808D1324B1B7843
:102CA000053B012B03D82000FFF76EFFD1E72D4B2A
:102CB0001B78022B01D0052B20D1022D28D12B4BC4
:102CC0009B7BAB431CD12000FFF76CFF264B187891
:102CD0000128BED16405BCD4244925224B7B034284
:102CE00005D1233A13405A42534126331A000B7D33
:102CF0009342AED9322000F01BFFAAE7022D07D184
:102D0000194B1B78052B11D12000FFF759FFDDE788
:102D1000012D0BD1012B03D12000FFF75FFF98E7B6
:102D2000062B03D12000FFF767FF92E7200000F099
:102D3000DFFE022D8DD1C9E7032B04D10C4B987C0B
:102D400000F02EFF72E7072B00D06FE7094B987B4E
:102D500000F0DEFE6AE7C0469C09FF1F9809FF1FCE
:102D60009009FF1F2309FF1F1C09FF1FA60BFF1F50
:102D7000BC0BFF1FD40BFF1FFA210A4B0A4A490064
:102D80001A640A4A5A500A4A04395A50094A083100
:102D90009A64094A5A50094A5C315A50084ADA661C
:102DA0007047C0460000FF1F4527FF1F4128FF1F37
:102DB000F527FF1F2523FF1FB526FF1FC51DFF1F7A
:102DC000991DFF1FF7B50B0CFF270122009300236D
:102DD0003C001E001D009446019089B262469A4054
:102DE0001000084018413618B6B2FF2F02D1012E4C
:102DF00000D19FB2009802401A41AD18ADB2FF2C2D
:102E000002D1012D00D19CB20133102BE6D1032059
:102E1000012E07D1012D04D1019B2401E4191C705E
:102E20000138FEBD102EFCD10238102DF9D0023031
:102E3000F7E700008023F7B59C46264B264F019309
:102E40002649274A274D284C284B02281AD160468C
:102E500038600868264E30408026360330430860CC
:102E600001990978002909D11660224A2A60224A6C
:102E70002260E02219689143A03A1BE08021C90238
:102E80001160F2E766463E600F68194E3E408027AB
:102E9000FF023E430E600199097800290DD11760A9
:102EA00001280ED1154A2A60154A2260E0221968CD
:102EB0009143C03A0A431A60F7BD8021890211602C
:102EC000EEE7E0210F4A02432A600F4A22601A68A7
:102ED0008A43F0E74B0AFF1FE0000340D80003409D
:102EE00090000340000003405000034040000340B6
:102EF000FFFFE3FF0280063D804508220180063D7A
:102F0000806608220080069880550822F8B51E4B7E
:102F100080261A68002014003440324232D11A68E8
:102F20001A4F32431A6001223B68063093433B60DC
:102F300000F046FD0122164D2B681E432E603B68B3
:102F40000A2613433B608027BF00124B1B683B429D
:102F500011D1013EF6B2FF2E09D17E220E4B1C6824
:102F60002B68E40B1440934323432B6005E00820B7
:102F700000F026FDE9E7002EEFD180222B686008E3
:102F800093432B60F8BDC046C4F000405CF00040A5
:102F900018F0004068F0004060F0004010B500F00C
:102FA00007FE01215820034A00F0D2FCFFF7AEFFD4
:102FB00010BDC046600AFF1F10B5782200210348EB
:102FC00000F01EFE00F0F4FC002010BD8065FF1F25
:102FD00070B5040000F024FD00230C200B4A010012
:102FE00059438D18515C00290DD0A14208D101230D
:102FF00000246B7000F0A4FE00F08AFE200070BD7B
:1030000001330A2BEBD11224F6E7C0468065FF1F7F
:1030100070B5040000F004FD002319001D000D4AE6
:103020001078002806D0A0420CD1557001310C3226
:103030000A29F5D1002B0AD100F0BAFC00F068FE95
:10304000002070BD5078461EB0411B18EEE700F01E
:1030500077FEF3E78065FF1FF7B504000C2000231F
:1030600084460E4D019267465F43E85D7E19A0429B
:1030700012D000280BD10A4B9C4662461B780833BD
:103080001370019B70707C557160B360FEBD01339D
:103090000A2BE8D10320F9E70720F7E78065FF1F37
:1030A0007C65FF1F8020F8B5484BC0051B68C12414
:1030B0008360474BFF251A68012313434361454B47
:1030C000A4001A68444B40211A60444B1A68444BD0
:1030D0001A60444B1A59AA431A51C52292009E58AD
:1030E000AE433143802699509F583F49F6010F4027
:1030F0003E439E509E5880273602360A30439850F1
:1031000080201A5900020A4002431A5104341A5905
:10311000364E3F04324080263A431A511A59360639
:103120001202120A32431A5108341A5980260A40F0
:1031300002431A51C32292009F58B446AF4337430B
:103140009F509F58294E0F4007439F509F5837402C
:1031500080263604374380269F509F5836063F020C
:103160003F0A37439F50C0221F59AF433A431A5179
:103170001A591202120A1643C6221E5192009C5876
:10318000AC4365462C439C509C5800250C40204382
:103190009850C72080001A58154C1140C0221202C6
:1031A0000A431A50134B1B78DB08AB4201DC0020AA
:1031B000F8BD2378002B06D0A368002B00D09847D9
:1031C00001350C34EEE71220F2E7C0463840FF1F0D
:1031D0003440FF1FB0F000407865FF1FB4F000409E
:1031E0007465FF1F00E100E0FF00FFFFFFFF00FF2D
:1031F0008065FF1F7C65FF1F030010B51F2809D8DD
:10320000072200201340072404490A78A2431343ED
:103210000B7010BD00230620F5E7C0467C65FF1F3C
:10322000054B06491B780A6805485B0702401B0BE3
:10323000134300200B6070477C65FF1F1CF00040AB
:10324000FFFFC1FF70B50C25FFF7EAFF0A4B1C78A2
:103250000A4BE4086543ED18002C01D1200070BD35
:103260002B78002B06D06B68002B00D09847013CD0
:103270000C3DF1E71220F2E77C65FF1F7465FF1F2C
:103280001FB5002102220B0001910091052000F0E2
:1032900077FB02230B490A681A42FCD120230393CF
:1032A000039B5A1E0392002BFAD1074A1368002B86
:1032B000FCDA0B246C442000012100F0B1FC2078E2
:1032C00004B010BD90C8004000C8004013B5040011
:1032D0000A4B0193019B002B01D1112016BDFFF772
:1032E000CFFF23000340044205D0052000F068FB17
:1032F000019B013BEDE71800F0E7C046FFFFFF0729
:1033000007B500F08DFB80220821D205936A019158
:10331000002B01D10739916202210C4A11600199F9
:10332000481E01900029FAD1033111600531019145
:103330000199481E01900029FAD11160002B02D199
:103340008022D205936200F0E3FC07BD00C000407C
:10335000F0B52D4C89B02378002B4FD1FEF7D2FA6F
:1033600002232A4F03903A681A42FCD12023069385
:10337000069B5A1E0692002BFAD1254E3368002B6D
:10338000FCDA0120FFF7A2FF011E02D0112009B0D4
:10339000F0BD030003220190009005AD9F2000F0D6
:1033A000EFFA0321280000F03BFC02233A681A429E
:1033B000FCD120230793079B5A1E0792002BFAD1BA
:1033C0003368002BFCDA0120FFF780FF0028DDD1F5
:1033D0000398FEF7ABFAAA786B7811041B020B4333
:1033E00029780B4363601300113B0A49052B07D86A
:1033F00001239340A3600B60012323700020C6E7E4
:1034000080231B03F6E7C0462040FF1F90C8004002
:1034100000C800409808FF1F1E4B30B55A68187846
:103420001D4B85B0D31859424B4101210093002315
:1034300000F006FB194B1A4A02259A6300221A650E
:1034400010325A658022C4219D65164B1648D2025F
:10345000DA6789004258154B80241A4080231B04E8
:1034600013434350642341200393E40500F02CF9F7
:10347000402000F029F96562039D6B1E0393002D27
:10348000FAD103236362FFF73BFFA562FFF760FFFA
:1034900005B030BD2C40FF1F95FFFEF700C800406F
:1034A000050001FF04E100E000E100E0FFFF00FF94
:1034B00010B5064B18705960FFF7AEFF00211320BE
:1034C000034AFFF7C9FD002010BDC0462C40FF1F76
:1034D0001934FF1FF0B587B0029103920400FEF784
:1034E00011FA019000F09CFA802302250122234E5C
:1034F000DB0535605D629A6200F00AFC204F3B6894
:103500002B42FCD120230493049B5A1E0492002BCF
:10351000FAD11C4D2B68002BFCDA0120FFF7D6FEF8
:10352000002802D0112007B0F0BD2000039A0299B4
:1035300000F0C6FB022304003A681A42FCD12023A3
:103540000593059B5A1E0592002BFAD12B68002B80
:10355000FCDA0120FFF7BAFE051EE3D100F060FAA5
:1035600080230322DB0535605A629D6200F0D0FBA8
:103570000198FEF7DBF9E0B2D5E7C04600C0004095
:1035800090C8004000C80040F0B5802489B0060013
:10359000FEF7B8F9E405A36A02250393029000F050
:1035A0003FFA0123304F3D606562A36200F0B0FB3B
:1035B0002E4C23682B42FCD120230593059B5A1ED9
:1035C0000592002BFAD12A4D2B68002BFCDA012042
:1035D000FFF77CFE002803D01124200009B0F0BDC5
:1035E000244B2360022322681A42FCD12023069335
:1035F000069B5A1E0692002BFAD12B68002BFCDA90
:103600000120FFF763FE021EE6D11B4B03211E6063
:10361000030001900090202000F0B2F902232268FC
:103620001A42FCD120230793079B5A1E0792002BB6
:10363000FAD12B68002BFCDA0320FFF747FE041EAB
:10364000CAD100F0EDF980230322DB053C605A6209
:103650009C6200F05DFB039B002B01D1FFF750FE45
:103660000298FEF763F9B8E700C0004090C8004038
:1036700000C800400100000694C8004007B50002E1
:1036800001910422000A01A9FFF724FF0EBD0000EA
:1036900073B5050005240B4AA3005B429B1819680B
:1036A0006B46DE1D3000FFF78DFB022804D1337816
:1036B0002B55013CEFD276BD052CFCD00128FAD168
:1036C0000230F8E7140900111F2807D801238022CF
:1036D0008340D20591680B43936070473F2808D818
:1036E0000123802220388340D20551690B43536166
:1036F000F3E75F28F1D80123802240388340D205C8
:10370000116A0B431362E8E71F2807D801228021C2
:103710008240C9058B6893438B6070473F2808D867
:103720000122802120388240C9054B6993434B61B7
:10373000F3E75F28F1D80122802140388240C90593
:103740000B6A93430B62E8E71F2810D8802302001E
:10375000DB05153A1968012A06D820229143196021
:1037600019680A431A60704701228240F6E73F2831
:1037700011D880230200DB05353AD968032A06D820
:1037800010229143D960D9680A43DA60EBE701223D
:1037900020388240F5E75F28E5D842238022181AB6
:1037A000413B8340D205516A99435162516A0B43B0
:1037B0005362D8E710B50400012813D1A02218499C
:1037C00092050B685B015B0913430B60154B164AAE
:1037D00019681140154A0A431A60402219680A43C1
:1037E0001A6010BD0028FCD101000A2000F070FA18
:1037F00021000B2000F06CFAC0220A4B92001968DD
:103800000A4340211A601A688A431A60B0220449A8
:1038100012060B685B015B0913430B60E1E7C046CE
:1038200014F000401CF000407F00FEFF80FD01000E
:1038300072B6074A1368013313600422054B1A60FD
:103840000023054A13608022D2055360FEE7C0467C
:103850007808FF1FC0F00040C4F0004005490B6825
:10386000002B05D1044A0A6004490A60044A136027
:103870007047C046140AFF1F841E0000380AFF1F4D
:10388000C4F000400023034A1360034A1360034A54
:103890001360704754F0004040F1004044F1004094
:1038A00002B4714649084900095649008E4402BCD9
:1038B0007047C04602B4714649084900095C490096
:1038C0008E4402BC7047C04603B4714649084000AC
:1038D0004900095E49008E4403BC704703B4714639
:1038E000490840004900095A49008E4403BC70470A
:1038F00001B40248844601BC604700BF597601000C
:1039000001B40248844601BC604700BF75F800005E
:1039100001B40248844601BC604700BF156B01003A
:1039200001B40248844601BC604700BF89440000DE
:1039300001B40248844601BC604700BFE92700008B
:1039400001B40248844601BC604700BF85520100B3
:1039500001B40248844601BC604700BF0167010012
:1039600001B40248844601BC604700BFF9ED000085
:1039700001B40248844601BC604700BF116E0000DC
:1039800001B40248844601BC604700BF496D010094
:1039900001B40248844601BC604700BFC1A50000D5
:1039A00001B40248844601BC604700BF0D520100CB
:1039B00001B40248844601BC604700BFADAE0000C0
:1039C00001B40248844601BC604700BF0189000081
:1039D00001B40248844601BC604700BF51B80000F2
:1039E00001B40248844601BC604700BF09340100AD
:1039F00001B40248844601BC604700BFF5350100B0
:103A000001B40248844601BC604700BFE5120100D2
:103A100001B40248844601BC604700BF691101003F
:103A200001B40248844601BC604700BF75A900008C
:103A300001B40248844601BC604700BF8512010002
:103A400001B40248844601BC604700BFC56D010057
:103A500001B40248844601BC604700BF6D0B010001
:103A600001B40248844601BC604700BF2D6C0100D0
:103A700001B40248844601BC604700BFE9D400009D
:103A800001B40248844601BC604700BFF93501001B
:103A900001B40248844601BC604700BF01D7000062
:103AA00001B40248844601BC604700BFDD0A010042
:103AB00001B40248844601BC604700BFBD5C010000
:103AC00001B40248844601BC604700BF85C10000C4
:103AD00001B40248844601BC604700BF090E0000E3
:103AE00001B40248844601BC604700BF9D6A0000E3
:103AF00001B40248844601BC604700BFE9170100D9
:103B000001B40248844601BC604700BF090E0000B2
:103B100001B40248844601BC604700BFC1F7000001
:103B200001B40248844601BC604700BFC9A9000037
:103B300001B40248844601BC604700BF6137010000
:103B400001B40248844601BC604700BFC95C010063
:103B500001B40248844601BC604700BFE9F600009A
:103B600001B40248844601BC604700BFCD0C01008F
:103B700001B40248844601BC604700BF8B5201007B
:103B800001B40248844601BC604700BF8937010088
:103B900001B40248844601BC604700BFEDA50000A7
:103BA00001B40248844601BC604700BF4DF90000E3
:103BB00001B40248844601BC604700BFED680100C3
:103BC00001B40248844601BC604700BFE90B010014
:103BD00001B40248844601BC604700BFDD3F0000DD
:103BE00001B40248844601BC604700BFD1AE00006A
:103BF00001B40248844601BC604700BF891401003B
:103C000001B40248844601BC604700BFB70E000003
:103C100001B40248844601BC604700BFED6B01005F
:103C200001B40248844601BC604700BF3D710100F9
:103C300001B40248844601BC604700BF053401005E
:103C400001B40248844601BC604700BFCD4C01006E
:103C500001B40248844601BC604700BF0134010042
:103C600001B40248844601BC604700BFBD0B01009F
:103C700001B40248844601BC604700BF71B0000037
:103C800001B40248844601BC604700BFE94C010012
:103C900001B40248844601BC604700BF8D82000029
:103CA00001B40248844601BC604700BF7997000018
:103CB00001B40248844601BC604700BF8D11010079
:103CC00001B40248844601BC604700BF95730100FF
:103CD00001B40248844601BC604700BF616A01111B
:103CE00001B40248844601BC604700BF6DF6000085
:103CF00001B40248844601BC604700BFDD0C0100EE
:103D000001B40248844601BC604700BF016C010059
:103D100001B40248844601BC604700BF9DA9000071
:103D200001B40248844601BC604700BFB3520100A1
:103D300001B40248844601BC604700BF53B900008B
:103D400001B40248844601BC604700BF21A90000BD
:103D500001B40248844601BC604700BFC1150100A0
:103D600001B40248844601BC604700BFD9B00000DE
:103D700001B40248844601BC604700BF4D86011172
:103D800001B40248844601BC604700BFA9D80000C6
:103D900001B40248844601BC604700BF19FA000024
:103DA00001B40248844601BC604700BFF90D010020
:103DB00001B40248844601BC604700BF791201008B
:103DC00001B40248844601BC604700BF21440000A2
:103DD00001B40248844601BC604700BFC1660100CF
:103DE00001B40248844601BC604700BFD5440100CD
:103DF000020000002697011101000000A4950111A6
:103E0000020000002297011101000000303EFF1F58
:103E100002000000AC950111010000002060FF1FAE
:103E2000020000002097011103000000045EFF1F44
:103E3000120000000200000026970111010000009E
:103E400024960111020000002297011101000000D8
:103E500021960111020000002E96011102000000BF
:103E6000285EFF1F020000002297011101000000E0
:103E700020960111020000002C96011101000000A3
:103E80001C5EFF1F020000002097011103000000CC
:103E9000145EFF1F020000002697011101000000C0
:103EA0008496011102000000229701110100000018
:103EB000693FFF1F020000009696011101000000FB
:103EC0007A96011102000000229701110100000002
:103ED000683FFF1F020000009496011101000000DE
:103EE0000460FF1F02000000229701110100000082
:103EF000673FFF1F020000009296011101000000C1
:103F00006A960111020000002297011101000000D1
:103F1000663FFF1F020000009096011101000000A3
:103F200065960111020000002297011101000000B6
:103F3000653FFF1F020000008E9601110100000086
:103F4000609601110200000022970111010000009B
:103F5000643FFF1F020000008C9601110100000069
:103F60005C96011102020202020200006D1A0111A8
:103F7000691A01113892011190011D0018001800F2
:103F8000FFFF07010203040506020106000000000E
:103F90000000000000000000000000000000000021
:103FA000000000000000000003000B000500F0000E
:103FB0000000B4000028002800283075A000A000F0
:103FC000A000A00000080008E001F00010001000B0
:103FD00010001000100010005000500050001000A1
:103FE0001000D0070000000000000F0001000500D5
:103FF000307507001000010081FF00000000FF0085
:10400000553B01115D390111ED360111FFFF010032
:10401000FF000000C9660111456401115D630111D3
:104020000000000000000000000008000400000084
:104030003B0001085902E00188212800FF00000030
:104040000200000026970111010000000C980111E8
:10405000020000002297011101000000BD40FF1F77
:10406000020000001E970111010000003866FF1FCA
:10407000020000002297011101000000BC40FF1F58
:10408000020000001C97011101000000BA40FF1F50
:10409000020000002297011101000000B840FF1F3C
:1040A000020000001A97011101000000B040FF1F3C
:1040B000180018001D009001020000030202000019
:1040C0000200000026970111010000002098011154
:1040D0000200000022970111010000000041FF1FB3
:1040E000020000001897011100000000000000000D
:1040F0000200000020970111030000005866FF1F16
:0241000020FF9E
:040000051FFF184180
:00000001FF
