:020000041101E8
:10010000F7B5164B0192C318021D002000938823F7
:100110005B05D3181B685C1C1AD09CB2402C18D805
:100120008D781E0CAC466746CD782D023D43AE421D
:1001300006D1019800280ED110000C70240A4C70D2
:1001400003249BB20733A343D218009B9A42DED309
:10015000FEBD4432F9E71000FAE7C046FC0F00008C
:10016000802213B503000324019189B252010731A3
:100170009B18A14304305A1A88235B05C3181B68D7
:10018000591C03D190429241104016BD99B24029AA
:1001900007D80B000733A343C0189042ECD30020CC
:1001A000F3E74430F9E7134B134A1B68126810B5A4
:1001B000F424934201D81A00F024104BA4021B68C7
:1001C0009A4210D813000E4A12689A420ED3013395
:1001D00007D1F0239B029C4203D10A49054808F04D
:1001E0002FF9200010BDF824A402ECE7FC24A4029F
:1001F000F7E7C04600C0031100D0031100E003116F
:1002000000F00311FFFFFF7FF0B59BB015000490D5
:100210000391402A00D9A0E006AB59801A80FFF76D
:10022000C2FF0400042816D9002206A9FFF768FFC0
:10023000052810D906AB1B88AB420CD1002D07D086
:10024000514B2A000499C01808F04AF9002802D13D
:1002500001201BB0F0BD06AB1D8020000699FFF702
:100260007FFF041E7BD1069B0793FFF79CFF802333
:100270005B01C61880230700DB029E4201D3F026F3
:10028000B60288235B05F31801931B68013302D083
:10029000019808F075F83D49019808F0D1F83B1D28
:1002A0000293331D05938822029B52059B181B68FD
:1002B00008935A1C3CD044219AB20091402A04D899
:1002C0000320D11D814389B2009103991B0C8B42FD
:1002D00024D0402A22D80122300008A9FFF710FFBD
:1002E000021E1BD1380008A9FFF70AFF04000428EA
:1002F00031D9009A059B9B1880225201B218934273
:1003000040D288235B05C118009A09A808F080F93B
:100310001D4B009A09A9F01807F0CAFF009A029B2A
:100320009446634402931A4B029AFB189A42BAD33A
:1003300088235B05FC1821680198013908F080F8D2
:10034000200008F01DF8039A07AB5A803000079987
:10035000FFF706FF0400002C03D1002079E70428F2
:10036000FBD988235B05E018069908F069F8032398
:10037000EA1C9A4300D16BE7034B0499E01807F09D
:1003800097FF65E70424ECE704000011FFFFFF7FFF
:10039000F80F0000F7B505001400402A21D8002707
:1003A00001AE71803780FFF7FEFE042816D93A00AF
:1003B0003100FFF7A5FE042810D93688BC420BD0C7
:1003C000BD4209D0221CB44200D9321C064B92B265
:1003D000C118280008F01CF930B2FEBDC04300B2BD
:1003E000FBE703204042F8E70400001137B5042280
:1003F00004000D0001A81649FFF7CCFF02000428F5
:100400000BD1019BA34208D3AB4204D0104901A8F1
:100410000195FFF7F9FE01203EBD0E4C2368200038
:10042000019307F0ADFF019920000139019108F017
:1004300007F880235B01E418074B9C42EED10422AD
:10044000034901A80195FFF7DFFE0020E4E7C0465D
:100450005555000000C00311000004118022F8B5BA
:10046000964C974BD200002120001C6008F0F8F851
:100470002300944A88331A60934B1A786A23002A1F
:1004800000D01133E3620A232365904B37221B7897
:100490000820A3638E4B2118E361102323628D4B48
:1004A0003B256361C823DB00A36123008C331A6002
:1004B0002823013AE26320646364CA67043A211D79
:1004C000CA672100BC310D602100C03108602100E5
:1004D000C4310B6021000635CC310D602100083D90
:1004E000C8310D602100D0310A602200D432106082
:1004F0002200D832136022000227E0322100176068
:100500004222DC310A6021001B3DE4310D602100F4
:10051000E83108602100EC310B6023000521F43341
:1005200019602300F0331A602300183290331A60E8
:1005300023009433186023001E3A98331A60AF23C7
:10054000DB002360644BFA262363644B644DE36055
:10055000644BF031A3642300FF31FC33B600A1608B
:1005600021611E60A5627325E5656D3D6565A56524
:1005700096255D4AAD00E264666258606766A566CE
:1005800000270925A767E566584F594D6067200089
:100590002567E2673A6015279C30676007001A20DC
:1005A00038602000A0300700212038602000A830EB
:1005B00007004C4838602000F830066026006427A9
:1005C000A436376026005F3FAC3637602600033F15
:1005D000B03637602600C637B436376026000027AD
:1005E000B836376038269E60424E96205E64424E92
:1005F0005A66DE61414E9A645E62F53EFF3E9E623F
:100600001E269A67354A8000DE661F675F67DD65D4
:100610001D661862DA67BE23394A5B00E250394B27
:10062000D838235004302250C4225200A350C6238D
:10063000E4205B00E1500433334AE1503349344B4A
:10064000D1603449800019503349E938FF381950D6
:1006500032490430195032493248D161324911636C
:10066000324951631900F4310860CE20304940000E
:1006700011603049195019002F48F83108602F498E
:10068000D16582212E4A89005A501A002D4908321C
:10069000D1671A002C49B432116088212B4A890095
:1006A0005A501A002A49883211602A4ADA6407F03F
:1006B000F7FE012007F034FFF8BDC0460004FF1F1D
:1006C0003062FF1F006DFF1FD440FF1F4A0AFF1F4B
:1006D0003A07000080C3C9019A020000DC0500004F
:1006E0006A18000050C3000088130000F009FF1FC3
:1006F000204E00006509FF1F68100000C4090000BB
:1007000040420F0010270000FC00FF1FC11BFF1F0D
:100710000000FF1F152CFF1F9D2FFF1F352EFF1FF1
:10072000811FFF1F7126FF1F9D1FFF1F4921FF1FF4
:100730000D1FFF1F9528FF1F7D29FF1FD918FF1FC1
:10074000A127FF1FC524FF1FD124FF1F0D1EFF1F60
:10075000C51EFF1F851DFF1F0223F0B50124634D39
:10076000634E2B70634B34701A68634B89B004205E
:100770005A7006F077FB07F0C3FEFFF76FFE07F035
:10078000FFFF1F2200215D4B1E271A705C4B6F4438
:100790001C705C4B19705C4B19689143163A0A4304
:1007A0001A60602219689143403A0A431A6008F0BF
:1007B00017F807F085FE554B9847C120FF21544B91
:1007C00080001A588A431A50C522920098588843CC
:1007D000BF390143995098584E4908408021C901BA
:1007E0000143802099509958C0050902090A014324
:1007F000995080214848490107F0FAFE032322005E
:10080000464901940093464807F05AFD162245498F
:1008100002A807F0FDFE02AC61782078023405F0F2
:100820001FFFA742F8D1404C404B226803201A40DA
:10083000A023DB0213432360802322689B0413431D
:10084000236022683A4B1A4080239B0313432360A2
:10085000384A394B934200D8012007F081FE07F057
:100860009FFF80232268DB0413432360287807F06E
:10087000E7FF3078C0B207F0E3FE07F051FF2F49E1
:10088000042007F0ADFE06F0E3F806F02FFD00F0BF
:1008900013FE00F0BBFE2A482A4906F0CDFB2A4B86
:1008A0002A4819782A4B32781C782A4BC9B21E780C
:1008B000D2B22B780196009406F0BEFB08212648A0
:1008C000264A06F0B9FB8023A1222548920023493D
:1008D0005B0106F0B1FB234B2348196806F0ACFB23
:1008E00000F022F9002009B0F0BDC0464A0AFF1FFF
:1008F000D440FF1F34F00040D85FFF1F480AFF1F9D
:10090000490AFF1F680AFF1FBCF00040E1A2000077
:1009100000E100E0FF00FFFFD840FF1F5C53FF1F16
:10092000D850FF1FD78F011114F00040FF7FF8FF50
:10093000FFFF9FFF0080FF1F006DFF1F3B000108AE
:1009400080880111020101034B0AFF1F96880111E3
:10095000440AFF1F450AFF1FC4880111780A0000DE
:10096000F4880111800AFF1F488901117047704700
:1009700030B503A804880B20002C0ED14968074D20
:1009800008784978090201430A20A94205D10121CA
:1009900020001980024B1B7A137030BD192A000009
:1009A000C05FFF1FF7B5150008AA16884A680F4FE9
:1009B00014785278120222430A24BA4214D1012236
:1009C000DBB2019200962A0007F0B2FB041E0BD1A5
:1009D000074B1B68002B07D068782A780002104369
:1009E00042425041013098472000FEBD02290000DC
:1009F000DC5DFF1F30B5012503790400BFB02B4239
:100A000011D00A49408806F0FFFE28420BD0084B5F
:100A100001A95B8D4D800B80064B00221B7A6088FC
:100A20000B7103F095FB3FB030BDC046D45DFF1F96
:100A3000F03DFF1FC05FFF1F10B50549054806F0D8
:100A400099FE0421044A054806F056FE10BDC04632
:100A5000D45DFF1FFFFF0000F08F0111F03DFF1F6D
:100A600010B5024804F052FA10BDC046F509011154
:100A700001230370054B1A7A42700C2282709A7916
:100A8000C270DB79037105207047C046C05FFF1F4D
:100A9000022310B50370013B43700533837010339C
:100AA0000371443B43712A3383714433C371002380
:100AB0000372064B04001B8843720A30FFF7D8FF0D
:100AC000831D0A30C0B2E37010BDC046C05FFF1F77
:100AD00010B5142007F0CCFD124B14220021186031
:100AE00007F0BEFD002007F0B3FE012007F068FE0E
:100AF000022007F085FC032003F050FC042005F0E1
:100B0000E7FC052002F084FE062003F05BFB0720D3
:100B100001F0ECF8082006F0CFFD092000F096FE69
:100B200010BDC046E05DFF1F07F0D2FD012007F0B9
:100B300007FD07F0C5FD002B01D000221A800A2016
:100B400070470000F0B56C4B85B01B68002B17D0C8
:100B50006A4C2021200000F0D9FB694D2B78002B36
:100B600010D19825674C6D0020212B00220063488E
:100B700000F0F3FB0100A84202D1200000F0A2FB2C
:100B800005B0F0BD6E796F78002E2CD0701E032159
:100B900007F05EFB5C4B0131C9B21E78012940D1E0
:100BA000A878FF21784307F0ABFBC3B20193E87844
:100BB000FF21784307F0A4FBC3B202932879FF21F9
:100BC000784307F09DFB23000322C0B26033164236
:100BD00004D10199A070217002996170033401362B
:100BE000A342F4D1BDE7A878FF21784307F088FB42
:100BF000C3B20193E878FF21784307F081FBC3B2C9
:100C000002932879FF21784307F07AFBC0B2019B59
:100C100001362370029BA07063700334202EF6D13E
:100C20009FE702293DD10325002375430193EDB2CF
:100C3000542E20D8E8430023C0B202950393FF212D
:100C4000784307F05DFB20700298FF21784307F09E
:100C500057FB60700398FF21784307F051FB019B1D
:100C6000083601331835A0700193F6B2EDB20334A3
:100C7000202BDDD175E7A92E09D86B1CDBB20393BD
:100C800002235B425B1BDBB200200293D7E7032306
:100C90005B425B1BDBB203930023A81CC0B2029330
:100CA000CDE7700073B2C0B2002B03DAFF239B1BA9
:100CB0005B00D8B2FF21784307F022FB0600A8783A
:100CC000FF21704307F01CFBC7B2E878FF21704397
:100CD00007F016FBC3B201932879FF21704307F098
:100CE0000FFB0023C0B2019A013327706270A0701D
:100CF0000334202BF7D134E7105EFF1F445FFF1F42
:100D0000A45FFF1F145EFF1FEE5DFF1FF0B585B0EF
:100D10001F000AAB15000E241B8800292CD0002AC6
:100D20002AD0033C002B27D10B78013C022B23D186
:100D30004B681A785B781B0213431C4A93421BD101
:100D40000334092F18D12B79EA78A9780397EC7925
:100D500017480294AC7901946C79009406F06CF910
:100D6000144E3A002900300000F0F9F8041E06D0B5
:100D7000114806F061F98024200005B0F0BD3A006A
:100D800029000E4807F044FC357973787279317880
:100D90000395F5780A480295B5780195B5790095DF
:100DA00006F04AF9FFF7CEFEE6E7C046F3FF000083
:100DB0005A890111A45FFF1F9A890111E45DFF1F89
:100DC000B689011110B50E4800F08AF900210720FC
:100DD00005F02CFD0221072005F042FC0021032034
:100DE00005F024FD0221032005F03AFC0021042037
:100DF00005F01CFD0221042005F032FC10BDC046A8
:100E0000F05DFF1F7FB5072005F00AFC04000320FA
:100E100005F006FC0500042005F002FC01214D4010
:100E20004C40EBB241401F4DE2B21F4CC9B20091A1
:100E30002800210000F05CF9002812D025796378A1
:100E4000627921780395E57818480295A57801958F
:100E5000A579009506F0F0F80022154B1A70FFF7FF
:100E600071FE2378002B13D06379002B10D0FF2163
:100E70001220A3790E4ECB1A9BB2584307F098FB71
:100E8000357802300135EDB2C0B2854201D23570FD
:100E90007FBD0023074A3370137801331370FFF7C7
:100EA00051FEF5E7F05DFF1FA45FFF1FF4890111FC
:100EB000ED5DFF1FEE5DFF1F70B5154C200000F0CB
:100EC0003FF80023134A14481370144A2370137018
:100ED00000F06AF943424341114D12492B6000284A
:100EE00000D11149114806F0A7F82B68002B08D053
:100EF00000232370FFF726FEFFF724FE0C4806F0C0
:100F00009BF803210B4A0C4806F0F6FB70BDC04667
:100F1000A45FFF1FEE5DFF1F009F2400ED5DFF1F1C
:100F2000105EFF1F3C8A0111398A0111418A0111AB
:100F3000608A011134900111343EFF1F70477047E1
:100F400000280BD001230370FE338022437083708E
:100F5000C3700371002382714371C371704710B570
:100F60000123041E23D0002921D0DB18092A1ED119
:100F70000A7801337E2A1AD10A7AEF2A17D18B78A0
:100F8000072B09D8002B09D0981E052808D807F090
:100F900067F9101728374F54812B57D0042306E0E8
:100FA0004A780323042A02D1CB7863700023180007
:100FB00010BD4A780323042AF9D1CB78A371F5E751
:100FC0004A78052AF3D10A79032A04D17F22CB7803
:100FD00013406371EAE704239A42E8D1033BE371CB
:100FE000F4E74B78042B34D10A79002ADFD1C87892
:100FF0004A798242DBD10133012AD8D82270D5E761
:10100000CA780423032AD2D14A78072ACFD1EF2005
:10101000CA79103A0242CAD10B79A3704B79E370B6
:101020008B792371CB79202BC0D11F3BE371BDE7B6
:101030004A780323042AB9D0B9E74A780523042A59
:10104000B5D1CA78012AB2D8E271AFE74B78062B46
:10105000ACD00323ABE7000002788A4204D001231E
:1010600001708370002070478378032B18D80133F8
:10107000DBB28370042BF5D143789342F2D04270F7
:10108000002A05D000238380C38003720120EAE791
:10109000037A8280C2800272584258414000E2E7DF
:1010A0004378002BDED083880C4A934201D0013371
:1010B0008380037A002B07D182883B2AD2D9012270
:1010C0000272C3800320CEE7C38801339BB20E2B8C
:1010D00001D8C380C6E70023F3E7C046FFFF000046
:1010E00010B5002803D02022002107F0B9FA10BD66
:1010F000F7B51E0008AB1B780C000500110001932A
:10110000002839D0201E37D02800FFF7A5FF0700A0
:10111000280031000A30FFF79FFF060028000199E0
:101120001430FFF799FF02000020012F04D123782B
:10113000380059424B412370022E1ED10721032053
:10114000AB7F01330B401749AB7758430B00C35CAF
:101150000918A37000234D788978E57021716371B7
:10116000E3710120022A12D1637901320133134065
:1011700063710023E3710120FEBD032EF2D1637879
:101180002021DF2B01D85B18D9B26170E9E7032A6F
:10119000F2D1A3791D32DF2B01D89B18DAB2A271EC
:1011A000E9E7C0465090011170B5041E66D0842353
:1011B000354A5B0111680B4313604023334A1168C1
:1011C0000B4313608023DB051A6831490A401A601B
:1011D0008022196852010A432E491A600A682E4B70
:1011E0001A40B0235B0313430B6080232B4ADB03BD
:1011F00011680B4313602A4B984763000500834234
:101200003FD860082100401907F0D2F9254A0300B1
:1012100090422FD91300DA0717D51A00032B00D2FA
:1012200003222149013A8B4200D90B00110061438E
:1012300001335C43481B8D4200D9681A611BA542EB
:1012400000D9291B884200D8130008240020174920
:10125000174AFF34087014802222164C25682A434E
:101260002260154A1360154B154A1860012313704C
:101270000B7070BD0228CED20223CCE70120404281
:10128000F7E70220FBE7C0460800004014000040DA
:10129000FFEFFFFF2C380040FFFFC0FF0C3800407D
:1012A000D1A50000FEFF0000FDFF00000870004017
:1012B000007000402C300040147000402C70004042
:1012C0001070004030B5002817D002230C4C411894
:1012D000884206D101232278100018401A42FAD120
:1012E00030BD22781A42F3D0064A1268072AEFD896
:1012F0000578054A01301560EAE701204042EFE732
:101300002870004020700040607000400B000028F2
:1013100005D00321594300234118884200D170476A
:101320000370437083700330F7E7F0B500220624A2
:10133000130080260427A446340014413D000442D3
:1013400000D06546DB0001322B43082AF4D11A0C89
:101350000A701A0A4A708B70F0BDF0B504001500CF
:10136000070085B0002819D0171E17D009224A435C
:10137000170010370192BB4222D303232E004B43A8
:10138000C3180293330009330393029B9C4208D194
:10139000019B10220021E81807F062F9380005B01F
:1013A000F0BD31006078FFF7C0FF2078F11CFFF737
:1013B000BCFFA078B11DFFF7B8FF0334039EE1E73F
:1013C0000027EBE770B5160004AA148805AA157863
:1013D0004A685078117800022A4A08438018052884
:1013E0004BD806F03DFF03131E29343F07200E2C77
:1013F0000BD80F22121BAA4200D92A0022491A80B8
:101400003000091907F004F9002070BD0720112CE5
:10141000FBD81222121BAA4200D92A001B491A80AB
:10142000EEE707200E2CF0D80F22121BAA4200D99B
:101430002A0017491A80E3E70720032CE5D8042285
:10144000121BAA4200D92A0012491A80D8E70720A5
:10145000032CDAD80422121BAA4200D92A000E4912
:101460001A80CDE70720022CCFD80322121BAA42F4
:1014700000D92A0009491A80C2E700220A201A80EE
:10148000C3E7C046DCD5FFFF92900111AC5FFF1FA0
:10149000829001117D9001117890011174900111D9
:1014A00010B50D21024A034806F026F910BDC046CA
:1014B00068900111643EFF1F10B5084CE368002BD3
:1014C00008D18022064B52021B689B186360054BB3
:1014D0001B68236006F02CFFA06010BDE85FFF1FB3
:1014E000C8F00040CCF0004070B5184A936A916A89
:1014F0009942FBD116498A689A421FD39A1A8B6087
:10150000144B0126186893B2D202D20E43434243D1
:1015100000204C681B0A1B1912029B180E4C0A680B
:101520004B60551CA3420CD8002801D04B600A60C8
:101530000A4A136008680A4B186070BD581E821A68
:10154000DDE7084A30009B182A00EAE700F0004077
:10155000E85FFF1F140AFF1F40420F00C8F0004061
:10156000CCF00040C0BDF0FF70B51F4C23793F2B7D
:1015700001D93F2323711D4B22791A701878C0B20C
:1015800006F0E6FE18231A491A4A0B801A491380FE
:101590000B805380A379194980200B800C21938004
:1015A00001334B43164D191C0001834200D9011C25
:1015B0002980D1806379002B01D101336371237AB3
:1015C000012B01D8022323726279237A0D485343F9
:1015D0000A21584306F094FE0B4D2860E379052B51
:1015E00001D81023E37170BDDC5FFF1F480AFF1FA5
:1015F0004E3FFF1F8040FF1F4C3FFF1F4A3FFF1F12
:10160000483FFF1F71020000CC5FFF1F064B70B503
:101610001900064A31CA31C102225A7100229A7158
:10162000FFF7A2FF70BDC046DC5FFF1FBC90011139
:101630007047000070B50400013806280DD806F088
:101640000FFE041135551D0C57002A4805F0F4FC17
:10165000294B0221187807F07BF82100274805F074
:10166000EBFC70BD264805F0E7FC234B08211878F9
:1016700007F0CEF80022234B1A72EEE780220025F5
:10168000204B52001A81FA22DD721F4B1A4E5B7AF0
:10169000920008215A43307806F0EAFE290030789B
:1016A00006F0FEFD194805F0C7FCD6E7184805F01E
:1016B000C3FC114B0821187807F0AAF81548FFF76A
:1016C000E7F9114B144A9B799380144A1380002246
:1016D0000C4BDA720132FF321A81114B1B78002B4E
:1016E000BBD0104A136006F053FEB6E70E48DAE7A7
:1016F0000E48D8E7848A0111F85FFF1F028B0111A1
:10170000938A0111CC5FFF1FDC5FFF1FA78A0111C5
:10171000BA8A0111593FFF1F8040FF1F4A3FFF1F38
:10172000D85FFF1F34F00040D18A0111F28A011105
:101730000300F0B50A4D8E18B14202D15200801854
:10174000F0BD0C782F6824093C5D0F271C700C78C5
:1017500001313C402F683C5D5C700233ECE7C046D1
:10176000443FFF1F18220F4B10B51A7017230E4C61
:101770000E492370093A0E3B0D48637006F048FF8E
:101780002D2301220B490C486374FFF7D1FF01227E
:101790000A49FFF7CDFF01220949FFF7C9FF0023DE
:1017A000037010BDF661FF1FD761FF1F92900111FA
:1017B000D961FF1F6709FF1FE961FF1F6609FF1F4E
:1017C0006509FF1F10B5FFF7CDFF084C084B2078C7
:1017D00021000130C0B2187006F0A2FD2178054A40
:1017E0000139C9B2002005F0A5FE10BDD761FF1F69
:1017F000F661FF1FD961FF1F10B5114B1A781870E1
:10180000002A0ED000280BD10E4B1A78062A07D8D2
:101810005423D340DB0703D50B4B187801F076FE39
:1018200010BD0028FCD0074B1B78012B02D0033BD6
:10183000022BF5D8044B0121187806F089FFEFE759
:10184000FA61FF1F2162FF1F2262FF1FF8B5514C92
:101850002D252070504805F0EFFB504805F0ECFBBB
:101860004F4805F0E9FB06F053FE03224D494E4870
:10187000FFF75EFF8821030004221D704905013037
:10188000FFF756FF30230570484E494D4370837073
:101890002E3B062230004749EB87FEF77BFD0628EA
:1018A00013D0300006F0D4FE022809D00321300006
:1018B00006F08EFE8D23F3706E3B33711933737116
:1018C000062230003B49FEF79FFC3B4B1B68FC3374
:1018D0005E64FFF777FF3949394805F0ADFB6423B3
:1018E000384F39487979594305F0A6FB0020FFF7B6
:1018F00083FF364E364A0121364B1278307801F09C
:10190000C7FD354A307801260021344B127801F0AA
:10191000BFFD6422324B20211E707B7953431A0095
:101920000A32AB812B82EA816A82207806F0D8FEE7
:101930000120404205F04AFE0120404205F0E6FE4B
:10194000FFF7AEFDFFF778F8264805F075FB01209C
:101950004042FFF7B1FAFFF735FA80210A22090168
:10196000207806F085FD300006F092FEF02000F0B1
:1019700045FF3100207806F0EBFE207801F042FFB1
:10198000194806F055FDFEF7F1FF184805F054FB25
:10199000F8BDC046F85FFF1F118B01113F8B01118D
:1019A0005A8B0111F43FFF1FAC5FFF1F6509FF1F3A
:1019B000803FFF1FADAC00003062FF1FD961FF1FE9
:1019C000708B0111DC5FFF1F838B01112262FF1FEF
:1019D000783FFF1F593FFF1FF661FF1FD761FF1FB1
:1019E000C861FF1FA08B0111FA5FFF1FC08B01119F
:1019F000F8B520230E000D001E40194261D0654B42
:101A0000654C1B78002B42D0FFF76EFD634B644E94
:101A100099686268737A8A1ADB039A423ED36160DE
:101A2000FEF7A4FF637A002B2ED0013BDBB263727A
:101A3000002B29D1E27A002A11D0A27AE372002A7F
:101A400002D0A372FEF793FF564A574F138838000F
:101A500001331380FFF71CF8390006F089FC64227B
:101A60007379524E53431900514A0A319381D181FF
:101A700013825182307801F049FD04224D4B01213F
:101A800030781A7006F064FE237A013323724A48D4
:101A9000217A05F0D1FA20206840F8BDA37A002B06
:101AA000C0D00023A372FEF762FF3E4A3E4F138868
:101AB000380001331380FEF7EBFF390006F058FCC5
:101AC000B0E70BB2002B15DA3C4B187806F048FC57
:101AD000041E0CD00378912B06D143780E2B03D132
:101AE0008188374805F0A8FA200006F011FE802012
:101AF0000002D1E70224214209D0324805F09CFAC5
:101B0000254B01201E72FFF777FE2000C4E7082452
:101B1000214207D02C4805F08FFAFFF7E5FCFEF7CD
:101B200025FFF2E7CB0615D51E4B28481A7AD9882F
:101B300005F082FAFEF71BFF164B1B78002B07D12E
:101B4000FEF78EFF164B1B68DB0701D5FFF7F7F991
:101B50001020A1E70124214208D01D4805F06CFAAD
:101B60001C4800F087F806F0BBFBCEE78024240178
:101B7000214202D0FFF746F9C7E7042408002040BD
:101B8000214200D189E7144805F056FAFFF7D6F94B
:101B9000BBE7C046FA61FF1FCC5FFF1FE85FFF1F76
:101BA000DC5FFF1FC05FFF1F593FFF1F2262FF1F47
:101BB000803FFF1F2162FF1FEB8B0111F85FFF1FAA
:101BC000F38B01111C8C01114B8C0111568C0111EE
:101BD0006A8C01113C3FFF1F858C0111F0B51B4B36
:101BE0001B4F1B883A8804001A4E1B4D85B09A4241
:101BF0000DD832889A420AD3184B1A882B889A42F9
:101C000005D1174A174B12881B889A421BD0052012
:101C100000F050FE3B8802AA138033880190538065
:101C20002B88114D93800F4B02A91B88D3800F4B3B
:101C30002A78188802F096FB0D4B08212878019A23
:101C40001C7006F015FE05B0F0BDC046C661FF1F52
:101C50004E3FFF1F4C3FFF1F4A3FFF1FC461FF1F46
:101C6000C261FF1F483FFF1F2262FF1F503FFF1F3F
:101C7000C061FF1F13B50C4B1C78002C11D100283C
:101C800001D00A4B18600A4A0A4B11780A4A1078A8
:101C90000A4A01920A4A0092002205F03BFB20000A
:101CA00016BD1124FBE7C0462162FF1FBC61FF1F68
:101CB0002062FF1F1062FF1F2262FF1FFC61FF1FD7
:101CC0000062FF1F10B5064B12201B78052B06D1B2
:101CD000044B13221988044B187800F0C7FF10BD7D
:101CE0002162FF1F503FFF1F2262FF1F10B500241B
:101CF0000122114B52421870104B1C70104B1A806D
:101D000001F080FD04220F4B21001A700E480C32A6
:101D100006F086FD102221000C4806F081FD072206
:101D20000B4B1C600B4B1C700B4B1C700B4B1A703D
:101D30000B4B1C7010BDC0462262FF1F2162FF1FAB
:101D4000503FFF1F2062FF1F1062FF1F0062FF1F36
:101D5000FC61FF1FD661FF1FD561FF1F523FFF1FB0
:101D6000D461FF1FF8B5174C0600257806A8142487
:101D70000078052D23D1B41F134FA5B21824BD42FE
:101D80001DD88D1FADB2BD4219D8FA256D00AA42EB
:101D900015D21D000D4F0A3DADB2BD420FD80C4CFF
:101DA00026800C4C21800C4900240A800B4A1380A9
:101DB000FFF714FF0A4B0421187806F029FD2000D4
:101DC000F8BDC0462162FF1F790C0000750C0000B1
:101DD0004E3FFF1F4C3FFF1F4A3FFF1F483FFF1F63
:101DE0002262FF1FF0B50BB20D0089B0002B00DBA3
:101DF00084E1AC4E307806F0B3FA041E2DD003789F
:101E0000A22B00D133E1D02B2CD0912B22D14378BF
:101E10000E2B1FD18388A44A934211D1A34A836811
:101E20001278052A16D1032018567F2812D0A04B0D
:101E30001B68002B0ED05B68002B0BD0984709E085
:101E40009C4A934206D181689B488B784A780978EE
:101E500005F0F2F8200006F05BFC802000026840EC
:101E600009B0F0BD80780728F4D806F0F1FA080030
:101E7000F3FF1C003C003C007300A700D700637810
:101E8000002B0CD10121894B19708C4B1A78002A38
:101E900054D08B4B307801F0FBFA00284ED007224B
:101EA000824B1A704AE061780029F8D1E378002B60
:101EB0000AD0844A844B1278307801F0E9FA6070D5
:101EC0006378002BC6D0EAE7784B1B78022BC1D091
:101ED0000121307806F05CFC0028F1D10121307836
:101EE00006F036FCECE76378002BD8D16F4F03285F
:101EF00007D13B78052B02D101333B701EE0022352
:101F0000FBE7724B1A88724B0293002A0BD01B78A6
:101F1000002B03D00121307806F0AAFC3B78062B79
:101F200004D1013BE9E7029B1A70F7E7042B43D188
:101F30000121029B3078197006F00AFC5C4B1B688B
:101F4000002B00D186E71B68002B00D182E7574A9F
:101F5000107873E76378554F002B27D10622211D97
:101F60005C4806F055FB62895B4B5C491A80A2898C
:101F70005B4B1A80E3890B800521397059490A802F
:101F8000594A1380228A594B1A80594B1B78012BCE
:101F900009D11F2000F08EFCFA2292004243042156
:101FA000307806F065FC0022494B7AE7312B00D0EF
:101FB00075E70022464B1A7003239EE70622002194
:101FC000444806F02DFC0023464A04211380464A6B
:101FD00030781380454A138006F01AFC08213078C7
:101FE00006F016FCA379083B5A4253412F4A0333AB
:101FF0001370324B1B78002B06D0354B30781A7893
:10200000002A06D001F082FA0122334B52421A8094
:1020100094E70121197006F09BFBF5E70821307861
:1020200006F0F6FB6378002B00D013E72D4B2F4F03
:102030000293E388029A042113802B4B3078039398
:102040002389039A138063893B8006F0A1FB002853
:1020500000D0FFE6274B1B68002B00D1FAE603995E
:1020600002983A88098800881B689847F2E6437905
:10207000132B00D0EEE60389012B0AD11E4B1B78EF
:10208000022B06D10821307806F0C2FBFFF71AFEBA
:10209000E0E6052000F00EFC08210200307806F092
:1020A000E7FBD7E62262FF1F051400002162FF1F35
:1020B000BC61FF1F22200000A78C0111783FFF1F89
:1020C000593FFF1FF661FF1FD761FF1FF861FF1F18
:1020D000FA61FF1FC961FF1F503FFF1FD061FF1F43
:1020E000D261FF1FC661FF1FC461FF1FC261FF1FD6
:1020F000C861FF1FB861FF1FC061FF1F8020C001C2
:10210000014200D0ABE6CB0731D5324B1B78002B18
:102110001DD0314E05AC3378052B1AD1023B23700C
:102120002E4B21001B7823722D4B1B7863722D4B95
:10213000187801F051F9002809D007202A4B307097
:102140001B68002B03D01B68002B00D09847012090
:1021500085E60E20254B06221B7825492370254B4A
:102160001B78637002ABC01806F052FAD8E702235E
:1021700008001840194209D0174B1B78052B03D1D2
:102180001D4B188806F034FB022068E60424214227
:1021900003D0FFF723FD200061E608230800184064
:1021A000194200D15CE6154B1C78012C03D0022C9F
:1021B0000DD0082053E6124B124A134913481B88CE
:1021C0001288098800880094FFF7CCFDF1E7FFF73B
:1021D00079FDEEE7FA61FF1F2162FF1F523FFF1FEB
:1021E000D461FF1F2262FF1FBC61FF1FD661FF1F6A
:1021F000533FFF1FD561FF1F503FFF1FC061FF1FEF
:10220000483FFF1F4A3FFF1F4C3FFF1F4E3FFF1F2E
:1022100010B5034C0B000122210000F06BFA10BD39
:10222000D12301110B8870B506000D000224162B76
:1022300011D92B000322094900F05CFA041E0AD1CF
:10224000074B2A881B88191C934200D9111C3000A7
:1022500089B200F0EFFA200070BDC046FD230111E5
:102260003662FF1F10B54A780400013A0B000220C5
:10227000012A07D80A78002A04D005222000024942
:1022800000F038FA10BDC0462B2401110A7810B5B1
:102290000B0004000220002A04D00722200002497B
:1022A00000F028FA10BDC046D72401110A7810B5F5
:1022B0000B0004000220002A04D009222000024959
:1022C00000F018FA10BDC0463D25011110B5034CB1
:1022D0000B000B22210000F00DFA10BD6D2501113D
:1022E00010B5034C0B000D22210000F003FA10BDC5
:1022F000DF25011110B5034C0B000F22210000F067
:10230000F9F910BD392601110A7810B50B00040047
:102310000220002A04D011222000024900F0EAF92C
:1023200010BDC04649260111002310B51322190023
:1023300000F0E0F910BD000010B5034C0B001722AF
:10234000210000F0D7F910BD9B260111002310B524
:102350001922190000F0CEF910BD000010B5034C91
:102360000B001B22210000F0C5F910BDD52601117C
:10237000F7B584890D0006000121002C22D000232E
:102380008268D3561778002B1EDA0C2C1AD90C3C15
:10239000A4B2131940880093230002F012FF431ED9
:1023A000984101307B06DB0F6B703F23013C1F40DF
:1023B000A4B22870AF70AC80002C07D0B368013392
:1023C000AB6000210800FEBD0020EBE7AC60F8E741
:1023D0000B7803704B8843704B881B0A83700B7912
:1023E000C370042070470420022B06D100205378CC
:1023F00011781B02009A0B43138070470B880370FF
:102400000B881B0A43700220704704200099834206
:102410000AD1537810781B0203430B80D37890784D
:102420001B02034300204B807047F8B50D004B782A
:1024300001240021461C03702B788B4201D8200018
:10244000F8BD6B78B01C4F1C012B10D189006918A6
:102450004B88022233704B88B9001B0A73706918CD
:1024600006F04EF904360434A4B2F9B2E4E71223BC
:1024700059436B185A88043132705B8810221B0A4A
:102480007370691806F03CF912361234ECE770B537
:10249000049D14001E00052B01D8042070BD637834
:1024A00012781B0213432B80E378A2781B0213439C
:1024B00002226B802A71211D681D063E06F020F95C
:1024C000B2B22A81E92AE8D82800A11D0A3006F014
:1024D00017F90020E2E7002310B50A789A4201D8E4
:1024E000900010BD9A008A185488013304705488F3
:1024F000DBB2240A4470948884709288120AC270F5
:102500000430EAE710B51100029C062B04D0042029
:102510001022142B01D010BD022222714B780878B2
:102520001B0203432380CB7888781B02034363801C
:102530000431601D06F0E4F80020ECE710B50C78DB
:102540008B7804315C43E4B203702200013006F062
:10255000D7F8601C10BD0420022B06D10020537850
:1025600011781B02009A0B431380704710B50C00C2
:102570000A88023106F0C4F8208810BD70B5040046
:102580000D0004981100012B01D8042070BD1678AD
:1025900052781202324302800200F13255701470F8
:1025A000E125002C00D10C35023B9AB24280AA42B0
:1025B000EBD80231043006F0A3F80020E6E704204F
:1025C000009983420AD1537810781B0203430B8091
:1025D000D37890781B02034300204B80704710B5DE
:1025E0000C000A88023106F08BF8208810BD00002C
:1025F00070B501211E000420049C0E400B4218D12E
:10260000CB40DDB28D4214D90A49DBB20988994228
:102610000FD32300EE331D70330058001118497892
:10262000165C0902314301332152D9B28D42F4D8EC
:10263000002070BD7A3FFF1F10B50C000A880231E0
:1026400006F05EF8208810BD10B50C788B78043148
:102650005C43E4B203702200013006F051F8601CC4
:1026600010BD10B511000298032B01D8042010BD35
:1026700014785278043B120222430280CA788C7884
:102680001202224342809AB28280EB2AEED80431B1
:10269000063006F035F80020E9E710B50C000B888D
:1026A00003700B881B0A43704B8883704B881B0A8E
:1026B000C3708A880430063106F022F8A0880430FE
:1026C00080B210BD0420012B03D100201378009AA2
:1026D0001370704710B50C000B8803700B881B0A31
:1026E00043704A880230043106F00AF860880230EC
:1026F00080B210BDF0B589B003931E4B0292420028
:102700000700D05A019102F050F81325061E2DD073
:10271000029B01240370019B002B04D00019039934
:102720009847001984B26B461B7A5BB2002B0FDA14
:102730001021380002F0A8FB1925002813D1300021
:102740003219E1B202F0F2FC051E0CD10C34A4B235
:10275000042304AA380005A993800696948101F009
:10276000DFFD051E02D0300005F0C2FE280009B0D2
:10277000F0BDC0463462FF1F70B505000C00002894
:102780000CD00020814209D010222000044905F01D
:10279000B7FF01202B7823736B78637370BDC0463D
:1027A000C8900111F0B506000D0017001C0085B09F
:1027B00002291BD00020102907D1022B07D0102B93
:1027C00003D115E00020102C08D005B0F0BD6946FB
:1027D0003800FFF7D1FF2A0069460BE06946300058
:1027E000FFF7CAFF22006946380004E0022BE9D156
:1027F0002A003900300005F013FFE6E7031CF0283B
:1028000000D9F023032008499AB2013A0B80D3176C
:10281000034006499B189B100B80D30F04499B185B
:102820005B100B807047C0467E3FFF1F7C3FFF1F41
:102830007A3FFF1F054B10B51B888B4205D3044B15
:102840004000C152034804F0F7FB10BD7E3FFF1F5C
:102850003462FF1FBA8C0111014B4000185A7047B7
:102860003462FF1F1722014B1A8070473462FF1F2A
:1028700070B505000E2005F0ABFD041E13D0D0236B
:10288000037000230622837007494570033005F06A
:1028900037FF064B2100DA8A62811B7E2373044BCB
:1028A000187805F07DFD70BD5062FF1F4062FF1F6C
:1028B000CE3FFF1F262803D8024B4000C05A704766
:1028C0000148FCE7803FFF1FFFFF000070B50600D6
:1028D0000C00094D1C220021280005F0A1FF074B28
:1028E0001E70074B1C7005F0C3FC0123002801D0AB
:1028F000002312202B7070BD4062FF1FCE3FFF1FD0
:102900006162FF1F70B505000D4C0800E260A16018
:1029100010220021656005F0EBFE012803D1102193
:10292000A06802F004FE10220021280005F0E0FE5D
:10293000012803D11021606802F0F9FD70BDC04686
:102940004062FF1F70B5041E05D1002903D0062286
:102950000D4805F0D5FE0D4B1D78012D11D1002C31
:1029600005D102221A7005F063FF280070BD002215
:102970001A70074B1B78FF2BF7D02000FFF778FF6A
:10298000F3E70025F1E7C0465062FF1F4062FF1FDA
:10299000CE3FFF1F030010B5002801D1002010BD5D
:1029A00000780B4A002803D15988D1821B7913760D
:1029B0001378022BF2D10023984200D10333137015
:1029C000044B1B78FF2B01D0FFF752FF0120E6E7F5
:1029D0004062FF1FCE3FFF1F002911D000280CD0FE
:1029E0004B79012803D140225242134303E03F2296
:1029F0001340032802D001204B7170474022F4E7B6
:102A00000800FAE770B5094D0100287800280BD0BE
:102A1000074C0622200005F073FE21002878FFF7FE
:102A2000DBFF200005F01CFF70BDC0466062FF1F89
:102A30003A62FF1F00290AD0012808D13F224B79B2
:102A40009343C02B03D0403B5A425341981C7047DC
:102A500070B5174D06002B78FF2B15D00A2005F016
:102A6000B7FC041E10D0D0230370C83B8370114BF9
:102A700011491B784670C3700622043005F040FEF1
:102A80002100287805F08CFC0C4B1B78012B0DD114
:102A90000B4B1B68002B03D09B68002B00D0984782
:102AA000084B04211878084A05F0E2FC70BDC046C6
:102AB000CE3FFF1F6062FF1F3A62FF1F5C62FF1F75
:102AC0008862FF1F8C62FF1F60EA0000014B98685C
:102AD0007047C0464062FF1F014BDB6818687047B3
:102AE0004062FF1F074B10B5DA68136801331360AB
:102AF000054B1878FF2803D08021C90105F028FE76
:102B000010BDC0464062FF1FCE3FFF1FF7B50E004D
:102B100002F04EF9051E1CD00E4B06621F78002FE6
:102B200000D10778AB791020019305F051FC041E09
:102B30000FD0D0230380C73B8370019BE91DC37076
:102B40000622043005F0DCFD21003800E66005F0C7
:102B500027FCF7BDCC3FFF1F014B18787047C046DC
:102B60006062FF1F054B002805D1054B1A78054B05
:102B7000002A00D1014B18007047C0465062FF1F69
:102B80006062FF1F3A62FF1F014B58687047C046E2
:102B90004062FF1F024B1868431E9841C0B2704745
:102BA0006462FF1F421E03000120152A03D9FF3B68
:102BB0005A425341D8B27047F0B51C0000230E00B2
:102BC00085B0039002920B70029A934201D30020C9
:102BD00019E0E55C5A1CD2B2002DF8D002985119C8
:102BE0008142F4DC0233DFB2A35C18000193FFF7EB
:102BF000D9FF002807D0013D019A0399EBB2337049
:102C00008A4202D1E01905B0F0BDDB19DBB2DBE787
:102C100010B50C0002F024F903001220002B03D0A1
:102C20002100588805F0ECFC10BD000070B50E4D79
:102C300084006359002B15D0186A002801D005F0D4
:102C4000BFFB2B59586A002801D005F0B9FB2B595E
:102C5000986A002801D005F0B3FB285905F0B0FBB5
:102C600000232B5170BDC0467062FF1F1C4B70B516
:102C700004000E00150099420AD11A4B1B68002B64
:102C800001D1122070BD1B68002BFAD09847F9E7DC
:102C9000154B994215D1134B1B68002B0AD01B68AA
:102CA000002B07D09847002804D1104B1C70104B04
:102CB0001D70E7E729002000FFF7AAFF0028E1D1F7
:102CC000F3E7080002F074F80028DAD00378032054
:102CD000A342D7D12900300005F092FCD2E7C046CC
:102CE000FEFF00006C62FF1FFFFF00006962FF1F14
:102CF0006862FF1FF7B50400808802F059F80025CC
:102D0000A84203D00578A08802F08EF81C4E3378D4
:102D1000002B1FD0AB421DD11A4B28001978FFF7AA
:102D200077FF002818D000233370A3790820A778F4
:102D3000A688019305F04CFB011E0DD0D023037033
:102D4000CA3B8370019B477086808371280005F021
:102D500027FB01E0002DE8D1A0880B4B8200D3585F
:102D6000002B01D0FFF762FF1721A088FFF762FD5B
:102D7000A08801F057FDA08801F062FEF7BDC046B3
:102D80006962FF1F6862FF1F7062FF1FF0B587B0A6
:102D90001D000CAB1B88070001930DAB1B88142092
:102DA00002930EAB1B88160003930FAB1B88009198
:102DB000049310AB1B88059305F00AFB041E1AD080
:102DC000D0230370CB3B47708370C6700622290066
:102DD0000430002D11D005F093FC019B210063818C
:102DE000029B0098A381039BE381049B2382059BA4
:102DF000A37405F0D5FA07B0F0BD05F011FDECE7BE
:102E0000F7B5009308AB1B8807000C200D001600D7
:102E1000019305F0DDFA041E13D0280001F0C8FF6D
:102E200000280FD00078D0232370C93BA370009BEB
:102E300021002381019B6770A580E680638105F0F6
:102E4000AFFAF7BD014B1878EDE7C046CE3FFF1F44
:102E500013B5040064890389C2888188C07800940E
:102E6000FFF7CEFF13BD000010B5044C206800280A
:102E700003D005F0A5FA0023236010BD7462FF1F84
:102E8000A122F0B5818892004A43384B384F1B6825
:102E900004009B189D2292009B18827989B01A60C9
:102EA0003B68002B5FD01D78324B1B68002B04D091
:102EB0005B68002B01D000209847260008363100BF
:102EC000E079FFF7B7FD237DE0710200E07804931D
:102ED000638A29000393238A0293E3890193A388D9
:102EE00000933300FFF752FFE378002B0BD1E28908
:102EF000A379A18802920196E2792800009201222A
:102F000001F060FFE0703B68002B20D0FFF7ACFFC2
:102F1000194D287800281AD0184B1978FFF778FE39
:102F2000002814D02B78E67808200793A78805F0AE
:102F30004FFA011E09D0D0230370CA3B467083703C
:102F400087808671079805F02BFA00232B701721D4
:102F5000A088FFF76FFCA08801F064FCA08801F056
:102F60006FFD09B0F0BD064B9DE7C0463409FF1F59
:102F70007462FF1F8862FF1F6962FF1F6862FF1F84
:102F8000CE3FFF1FF8B5070008000E0001F010FF4C
:102F9000041E18D02620FFF78DFC051E00D12578D1
:102FA000062005F015FA041E0DD00021062205F0BA
:102FB00037FCD0232370C23B21006770A370A6802A
:102FC000E8B205F0EDF9F8BDF0B585B001930AABB4
:102FD0001B78070002930BAB1B7808000D000092D2
:102FE000039301F0E5FE061E22D0102005F0F0F953
:102FF000041E1DD01022002105F012FC2620FFF730
:1030000059FC002800D13078D0232370C13BA37035
:10301000009B21002372019B67706372029BA58055
:10302000A372039BC0B2E3720C9BE36005F0B8F996
:1030300005B0F0BDF7B50D00019001F0B9FE071E17
:1030400020D00E2005F0C4F9041E1BD02620FFF767
:1030500031FC061E00D13E78D0232380C53B0622DA
:10306000A370F91DE01C05F04BFB019B2A00638156
:103070000123DD401A401D40210022736573F0B228
:1030800005F08EF9F7BD0000F0B585B00290100094
:103090000D0017000A9E039301F08AFE041E31D032
:1030A000029B002B2ED1039B02795B0724D51223B0
:1030B00013430422002E08D10B99002905D10C9945
:1030C000002902D10D9900291AD01A430D9B2271B3
:1030D000002B00D0C9E0002E00D1CFE0002D00D0A1
:1030E000CCE0606A002801D005F06AF91C213000AC
:1030F00005F0C6F9606205E002239A430E33D7E774
:1031000093432371654BBA00D458002C00D1AAE038
:10311000002E10D0236A002B03D11C2005F0A8FA42
:1031200020625E4BBA00D358186A002803D01C22D4
:10313000310005F0E5FA0C9B002B12D0574CBB0078
:103140001D596B6A002B03D1162005F091FA6862B5
:10315000BB00E358586A002803D016220C9905F0EA
:10316000CFFA0D9B002B11D04C4DBC006659B36AB1
:10317000002B03D1142005F07BFAB0622B59986A1A
:10318000002803D014220D9905F0BAFA380001F096
:103190000FFE051E67D0414BBA00D358002B62D0FA
:1031A0001A6A3420002A00D11C389A6A002A01D0F9
:1031B000143080B20B9A002A01D01C3080B25B6AB6
:1031C000002B01D0163080B205F002F9041E4AD05F
:1031D0001822002105F024FB2620FFF76BFB01904D
:1031E000002801D12B780193D0232370029B20006B
:1031F00063700A23294EA370039BBD00A371AB59D2
:10320000A780196A1830002905D01C22A06005F09B
:1032100077FA200034307359996A002907D00300E7
:1032200014221433E060029305F06AFA02980B9BB3
:10323000002B08D003001C221C330B992061029341
:1032400005F05EFA02987359596A002903D01622D4
:10325000606105F055FA6B462100187905F0A0F879
:103260003800FFF7E3FC05B0F0BD10220D9B0D996F
:103270001B69A018236205F043FA2CE70B9B002B77
:1032800000D13FE7012D00D03CE7606A002801D063
:1032900005F096F81C210B982AE7C0467062FF1FC4
:1032A00010B5044C2068002803D005F089F80023ED
:1032B000236010BD6462FF1F0B4B07B51A68002A1C
:1032C00001D100200EBD6946531C01201278073140
:1032D000FFF772FC0028F4D0027801231000184098
:1032E0001A42EED0EEE7C0468062FF1FF0B51F4FD6
:1032F00001203B6887B0002B25D09B78059300F018
:10330000DDFB002821D00A20FFF7D4FA04000B20AF
:10331000FFF7D0FA164B05001E78731E9E413B68DE
:10332000F6B2191DD878FFF757FB3B682900DA7A07
:10333000043303929A7901930292009033002000A3
:10334000059A05F0A5F807B0F0BDFFF7B5FF002816
:1033500005D00620FFF7AEFA04000720D8E70820C2
:10336000FFF7A8FA04000920D2E7C0466462FF1FF5
:103370006062FF1F70B50A4E040033780D00FF2B0A
:103380000DD0042005F024F8011E08D0D0230370CE
:10339000CE3B45708370C470307805F001F870BD85
:1033A000DC3FFF1F70B5040006200D0005F010F88B
:1033B000011E0AD0D0230370CD3B8370054B4470AF
:1033C0001B688580187804F0EBFF002C01D0FFF714
:1033D00067FF70BD6462FF1FF8B5264F06003B68AB
:1033E0000D001124002B05D10522234B1B7813421D
:1033F00002D112242000F8BD204A10241268002AAD
:10340000F8D01278002AF5D0DB0719D52B789A1E50
:10341000012A1AD80C2005F02BF913243860002853
:10342000E8D000230A22437029000670023005F01C
:1034300067F9FFF75BFF041E0AD0FFF731FFD9E7FA
:1034400000F03CFB0028E1D1E4E7002BE2D0D0E71C
:103450000B4B1B78032BCDD11D20FFF72BFA094B0B
:1034600018800028C6D0084B04211878074A04F0B9
:10347000FFFFBFE76462FF1F6162FF1F8062FF1FE3
:103480006062FF1F5E62FF1F8C62FF1F60EA000028
:10349000F7B50193194B14001A78052306000F00A5
:1034A00012201A4221D0012920D1154B1D68002D70
:1034B0001BD002201F2C18D8002C02D0019B002BFF
:1034C00013D0104B1F221E706E1C0021300005F01F
:1034D000A7F901992200300005F012F9310020000F
:1034E0002C70002F06D005F023F9FEBD064B1220EC
:1034F0001D68DCE704F014FFF7E7C0466162FF1FB8
:103500008062FF1FDC3FFF1F7C62FF1FF8B50F4E7C
:1035100012243368002B17D01B780F3C834213D141
:1035200000250B4F0221387805F072F9094B042170
:1035300038781D8005F06CF9074B28001D80336832
:103540005C7004F065FF04002000F8BD6462FF1F9A
:103550008C62FF1F7862FF1F5E62FF1F70B501283B
:1035600023D11B4C2388002B03D01A4A1578002D39
:1035700007D0194B1B68002B02D01878FFF7C6FF45
:1035800070BD3B2B02D93C3B2380F9E7134E02214F
:10359000307805F03DF9FA222388920002215A433F
:1035A000307805F065F92580EAE70B4B1B68002BA6
:1035B000E6D00B4B1B785B07E2D5084B022118784D
:1035C00005F026F90022024B1A80FFF769FED7E7C3
:1035D0007862FF1F5C62FF1F6462FF1F8C62FF1F27
:1035E0006162FF1FF8B51E4D2868002803D004F063
:1035F000E7FE00232B601B4E3068002803D004F048
:10360000DFFE00233360184F05243B78180020406C
:10361000234221D0154800F055FA3B78234213D0BD
:10362000202005F025F82860002813D02022002152
:1036300005F0F6F8202005F01BF8041E306005D0D8
:103640002022002105F0ECF8002004E0286804F0B6
:10365000B7FE2C601320F8BD00F034FAF4E7C04642
:103660008062FF1F7C62FF1F6162FF1FD03FFF1F50
:1036700010B50A4C23681A1E0ED0002808D101305C
:10368000587004F0C5FE002805D02368002B02D036
:103690000021FFF787FE0122100010BD6462FF1FAA
:1036A000F7B5274E050033680191181E21D05C78CC
:1036B000244F012C30D1FFF7FFFD002825D020003A
:1036C000FFF7F8F80400412814D91F4B022118789D
:1036D0001E4A04F0CDFE1E4B3C3C1C800222336887
:1036E0005A703B78002B14D128000199FFF75AFE3D
:1036F0000120FEBDFA2292004243002AEED0124B76
:103700000221187805F0B4F8E8E7FFF7D3F80200D3
:10371000F3E700233B70EBE73B78002BE8D1032075
:1037200004F056FE011E08D0D0230370CC3B457038
:1037300083703368187804F033FEFFF7B1FDD7E7E4
:103740006462FF1F5C62FF1F8C62FF1F60EA000063
:103750007862FF1F10B5204B8188994234D016D86B
:103760001E4B994207D81E4B994221D81D4B9942B6
:1037700019D0002010BD1C4B9942FAD1836899786A
:103780005A78090218781143FFF78AFFF2E7174BBE
:1037900099421DD0164B0020CB18052BEAD81548AE
:1037A00003F04AFC0EE083681878FFF761FFE1E759
:1037B000114A83688818424250411B78C0B21900F0
:1037C000FFF7D8FD0120D5E783680C481978E7E7B3
:1037D00083680B481978E3E75120000009200000B6
:1037E00007200000062000000A20000052200000F0
:1037F000ADDFFFFFC98C0111F8DFFFFFF68C01116F
:103800000F8D0111014B18707047C046DD3FFF1F3F
:1038100010B5064C207001F0A7FA207804F098FE4D
:103820000521207800F06CFD10BDC0468C62FF1FA2
:103830000BB273B50D00002B00DBCBE08B4B18787F
:1038400004F08EFD041E0ED00378912B0FD0A22B16
:1038500000D1A8E0864B1878FF2852D0210004F050
:103860009FFD00284DD180200002684076BD43783E
:103870000F2B76D013D8052B70D00E2BEAD1808871
:103880007C4B98422BD87C4B98421BD87B4B984260
:10389000E0D1A3681878591CFFF754F838E03E2BA4
:1038A000D8D18378032B79D06CD8012B73D0022B1D
:1038B000D0D1734B1B68002B23D05B68002B20D02A
:1038C00098471EE06F4BC0180C28C3D804F020FDA9
:1038D0001DC2C2150BC20B0B0B3223C23C006A4B3C
:1038E000C0180728B6D8694B1B68002B09D01B6885
:1038F000002B06D0200098470AE0A3681878FFF74D
:10390000A7F8200004F004FFADE7A068FFF742F835
:1039100000289FD0F5E7A3681B78002BF1D0584B07
:103920001B68002BEDD01B68002BEAD02100584803
:103930009847EDE7524B1B68002BE2D01B68002B29
:10394000DFD021005348F3E7534B1B68002BD8D03E
:103950005B68002BD5D021004648E9E7FFF7CAF99C
:10396000CFE780884D4B984203D04D4B984200D012
:1039700070E7494B1B68002BC3D05B68002BC0D09D
:103980002100D5E7152B0CD04648162B00D061E757
:1039900003F052FBB5E7FFF773FAB2E7FFF758FA07
:1039A000AFE74148F4E7414B1B78042B07D10023D4
:1039B0006A4613800179408800F0C8FCA1E7364BC5
:1039C0001B68002B9DD05B68002B9AD00100384803
:1039D000984796E7012421420AD0294B1B68002B07
:1039E00004D05B68002B01D00020984701203CE701
:1039F0008B070AD5254B1B68002B04D05B68002B76
:103A000001D02000984702202FE704212800084019
:103A10000D4200D12AE7274E3388002B21D0013BED
:103A20009BB23380002B1AD1FFF7B4F800280AD0DC
:103A3000214B1C70154B1B68002B04D05B68002BBE
:103A400001D020009847FFF79FF8694601F086FDF6
:103A50006846FEF7D7FF1D20FEF72CFF30800420BC
:103A600003E7024B187804F0D3FEF8E78C62FF1FDF
:103A7000DD3FFF1F0E2000000120000009100000A4
:103A80008462FF1FFEDFFFFFAFDFFFFF8862FF1FC3
:103A90000C2000000B2000006C62FF1F0D200000B6
:103AA00013200000658D0111298D01116162FF1F36
:103AB000FFFF00005E62FF1F5C62FF1F10B501F098
:103AC000F7F910BD014B18607047C0468862FF1FB0
:103AD0000B880020162B01D817230420014A1380DD
:103AE0007047C0463662FF1F00207047074A030038
:103AF0001188814207D091880020994202D101307B
:103B00008000101870470020FAE7C0469462FF1F3B
:103B1000F0B58F7806000D00C5B01E2F15D1FFF748
:103B2000E5FF051E03D10024200045B0F0BD0022B2
:103B30003B003100C078009200F0B2FB0400A81CEA
:103B400000F0D2FBFF23EB70EEE7264B0624039335
:103B50001B78FF2BE8D0182FE6D87B08224A013BC0
:103B6000DB0002929A589446002ADDD0029AD318BC
:103B70005B68002BD8D00878002802D14B78012B45
:103B800002D10624122FCFD107AFAB8869780097F6
:103B90006446AA68A047041EC6D1AB78029A5B08A7
:103BA000013BDB00D318390030005B689847041EE6
:103BB0000BD1AB78042BB6D0039A310010782200D9
:103BC000009700F06DFB0400AEE76A78002AABD1E5
:103BD000AA7805A93B88087130000A704B80FEF76F
:103BE00017FBA0E7E03FFF1FD89001111D4B37B531
:103BF000050098420BD000290AD1FFF777FF002873
:103C000005D11948FFF772FF002800D0058037BDA5
:103C100001291AD1FFF76AFF041EF8D001235B4285
:103C20000380A378FF2BF2D0FE2B07D00023E0788F
:103C30001422009329001E3300F032FBA01C00F078
:103C400053FB01235B426380E1E70229DFD10139A5
:103C500001F01AF90028DAD12800FFF747FF041E07
:103C6000DFD1D4E7FEFF0000FFFF0000022210B505
:103C7000074B52421A80074801325A809A80DA80F4
:103C800000F07EFA044801F081F8002010BDC04623
:103C90009462FF1F113B0111ED3B01110388F7B541
:103CA0000400002B02D102252800FEBD426802213B
:103CB000137825485268FEF775FD00282ED0234F53
:103CC00001253A88002AEFD0802321885B02012554
:103CD0009B1A9942E8DC0C2004F0CAFC061E31D085
:103CE0003B8822889C4600231800019561469DB2BE
:103CF000491989B2AA421BD8002801D062443A80EF
:103D000000233000082208C0210004F0F9FC104A0A
:103D10001368002B13D100251660C5E762680221E5
:103D200013780C485268FEF73DFD0028C7D1BAE76A
:103D300060681D014019418101330198D6E71A00DE
:103D40001B68E6E71325AFE746910111DE3FFF1F31
:103D50009062FF1F44910111014B18707047C046DB
:103D6000E03FFF1F14230A0010B51A40194204D087
:103D70000122102101F0A4F810BD4B06F9D4012056
:103D800088434000F8E710B514008B0604D50122E3
:103D9000102101F095F810BD08230A001A401942BD
:103DA00002D14BB2002B0FDA102101F089F8002864
:103DB00008D02300F2331B78002BECD0F1342378A9
:103DC000012BE8D10020E6E703208907FAD4E2E7D7
:103DD000F0B51F00184B85B01C680190029103924A
:103DE000002C27D1200005B0F0BDA5683301ED18E7
:103DF0006B89019A934211D3029A93420ED8002FF5
:103E000004D10A9B002B10D12C00EBE73B00297852
:103E1000039A6868FEF7C6FC0028F2D10136B6B2F4
:103E2000A388B342E1D82468DAE7A3680A9A5B89D9
:103E30001380E9E70026F3E79062FF1F37B50C0017
:103E40000A8849880123914217D3002A15D0651D9D
:103E500023792A0002210A48FEF7A4FC1023002837
:103E60000BD023796188208800242A000094FFF772
:103E7000AFFF0A23A04200D0230018003EBDC04679
:103E80004691011113B50A00088849880123884228
:103E90000BD8002809D00024137905320094FFF7CD
:103EA00097FF0A23A04200D02300180016BD13B5C7
:103EB0000A0008884988012388420BD8002809D0C5
:103EC0000024137905320094FFF782FF0A23A042F1
:103ED00000D02300180016BDF0B58BB003904A88BF
:103EE00008880E000123824255D3002853D00023B6
:103EF000012704AC23700022718813000092FFF7A1
:103F000067FF051E3ED02078002835D12B78022B84
:103F100018D167706A8983000130E31880005A80E5
:103F200069680222201804F0EBFB23780133DBB22E
:103F30002370042B19D93B006889013080B2002B13
:103F4000D9D01FE002236370122358436A892318D3
:103F500004305A8069681022201804F0D1FB2378BD
:103F60000133DBB22370002BE5D10C4A6B899B181F
:103F70005A425341DBB2DFE76378012BE4D12B785F
:103F8000022BC7D022780A23002A04D021000398EC
:103F9000FEF768F9002318000BB0F0BD0100FFFF29
:103FA0000F4BF0B504001868002816D083685D89AF
:103FB000A54207D88288AE18B44203DA12019A18D3
:103FC000934201D10068EFE71E005F891036A742D7
:103FD00004D1002900D00D801800F0BD3300EFE7B8
:103FE0009062FF1F70B505000C0008880021FFF7E4
:103FF000D7FF03000120002B04D022002800197AEB
:10400000FFF7C1FE70BDF7B50C000025019023003D
:10401000EE331B78AB4201D800200AE06B00E65A71
:1040200000213000E718FFF7BBFF002802D12680EF
:104030000130FEBD017A0198FFF794FE002802D0FE
:104040003B882380F5E70135EDB2E0E710B50400C9
:1040500008880021FFF7A4FF03000120002B03D0F4
:104060002000197AFFF77EFE10BD0000054B1B688B
:10407000002B01D1180004E09A6852898242F6D1DF
:10408000988870479062FF1FF0B50E27002687B012
:10409000039302ABFF183E8005001F4B40891400BC
:1040A000984207D02B78013000976A6880B2FFF7FA
:1040B0008FFE060002212B7818486A68FEF772FB13
:1040C00000280FD06C892000FFF7D0FF002802D015
:1040D000013C0419A4B2039B002B00D01C803000CB
:1040E00007B0F0BD02212B780D486A68FEF75AFB35
:1040F0000028E7D102212B780A486A68FEF752FBB4
:10410000002807D0002EDED03B88A342DBD1748983
:10411000013CDFE76C89DEE7FFFF000046910111FB
:10412000449101114291011110B50C00FFF7DEFC22
:1041300003000220002B0AD0002C00D023609B78C3
:104140001720FE2B03D00138FF2B00D1002010BD1B
:1041500073B50D0001A904001600FFF7E5FF17284D
:1041600005D0002E04D129002000FEF7F7F876BD17
:1041700001221021200000F0A3FE0028F3D0F6E772
:10418000014B18607047C046A062FF1F37B56B46F1
:104190009D1D010004000222280004F039FA2B883A
:1041A000B02B0ED12379122B09D12300FA331B78BF
:1041B000012B06D10121608800F0E0F801E01B2B03
:1041C000F8D037BD10B5054B0421187000F098F8F1
:1041D000FFF74CFDFEF746FB10BDC046A462FF1F73
:1041E0000020F0B50BB20F0087B0834234DA274BC2
:1041F000187804F0B5F8051E2BD00378A02B25D134
:1042000003AE3100FEF7B4F8041E0BD1B378DB0720
:1042100024D51F4B06341B68002B03D0310068885F
:1042200098470400A868002801D004F061F9002C28
:1042300008D1184A039B1340174A934206D0B3781B
:104240001B2B03D00121688800F098F8280004F0A7
:104250005FFA80200002784007B0F0BD0F4B1B686A
:10426000002B10D0310068889847041EDAD073788C
:10427000002BD7D1B27801A90A704B800C716888E5
:10428000FDF7C6FFCEE70624F1E7C046A462FF1F94
:104290009C62FF1F00FFFF0000011200A062FF1FD1
:1042A000F7B50190FC200D0017001E0004F090F8F7
:1042B00004001320002C12D0B02320002370089B90
:1042C000F4226770658026710830002B08D0190031
:1042D00004F016FA2100019804F062F80020FEBDF7
:1042E000089904F09DFAF5E710B5041E06D0007891
:1042F000FD2803D804F01CF9FF23237010BD000033
:104300000A1F93B210B504000220032B05D8824087
:104310000020024BD1529B189C7010BDC462FF1F3D
:104320000B8870B5043B04000D000220032B0BD852
:104330000121200000F0A8FD03001420002B03D071
:104340002900200000F028FC70BD000007B5130014
:10435000034A00920A00012100F088FC0EBDC0460D
:104360008945011107B5019203220092024B0A0010
:10437000122100F0A5FC0EBD0746011107B56B46E2
:1043800001AA11800449D88008780633012802D197
:10439000190004F025F807BDA562FF1F0C4B10B5EE
:1043A00018700023FF210B4A13801381938193809F
:1043B000094A53801370517293819372D174D382DE
:1043C0001375517704F0DCF800F0FCF910BDC0461D
:1043D000D462FF1FC462FF1FA662FF1FF0B58DB03D
:1043E0006B46002003910C229B5E834200DBB0E011
:1043F0005D4B187803F0B4FF051E00D1A4E00378EC
:10440000902B00D09DE006AF01004688380000F0F8
:104410001FFA79680400002900D19CE03B88052B35
:104420006ED13B89032B1CD905AC200000F0A2F80B
:104430006288172A61D83989131D994231D1796868
:10444000237804310291D90738D5607800F08EF9CD
:10445000071E06D0002303712378012B08D0132BED
:1044600023D0A868002800D178E004F041F875E076
:104470006288029909A800F0A6F80290380000F0BE
:104480008BF909AA2378387A019200223100009230
:10449000029A00F012F9380000F064F9029B002B38
:1044A000DFD0300000F080F9DBE70378032BD8D1B0
:1044B0006288029909A800F0D6F8DEE7122B13D122
:1044C000029909A800F0B5F8021EEAD127498B88A5
:1044D000002BC6D0887909A92378019161780091D1
:1044E000310000F0EAF8BCE7002302AA9383300011
:1044F000617809AAFFF72AFFB3E71D4B0993F6E796
:10450000042B02D09A1F012AABD8184A043B9B0007
:10451000995A0029A5D0D218907831003A0000F0BD
:10452000AEF800289DD13B88042B03D00121300038
:10453000FFF724FF012C04D1A868002801D003F064
:10454000D7FF280004F0E4F88020039B00024340DA
:1045500018000DB0F0BD012800D182E70121300024
:10456000FFF70CFFEDE7C046D462FF1FC462FF1FD8
:10457000010017000B7803704B784370CB788A7872
:104580001B021343438070470A88030002700A88A5
:10459000120A42700A88012A06D14A8882704A8823
:1045A000120AC2700420704702208242FBD14A885E
:1045B00004309A704A88120ADA708A881A718A88D6
:1045C000120A5A71EFE710B50400012082420CD99B
:1045D0004B780A781B0213432380834206D1CB78A1
:1045E0008A781B0213436380002010BD022BFBD18D
:1045F000CB788A781B02134363804B790A791B02BC
:104600001343A380F0E70B8803700B881B0A4370E9
:104610004B8883704B881B0AC3708B8803718B880F
:104620001B0A4371CB888371CB881B0AC371082096
:10463000704703000120082A14D14A780878120232
:1046400002431A80CA788878120202435A804A7953
:104650000879120202439A80CA79887912020243C9
:104660000020DA80704710B504000120022A05D12D
:1046700000204B780A781B021343238010BDF8B545
:10468000060010200F00150003F0A2FE0400012018
:10469000002C0ED0A0230C22290023806780201D2F
:1046A000002D07D004F02CF82100300003F078FE34
:1046B0000020F8BD04F0B4F8F6E7F7B51E0000904E
:1046C00008AB142017001D78019103F081FE041E31
:1046D00012D0A2230370019B47704380099B057190
:1046E00046710C220830002B07D0190004F008F89E
:1046F0002100009803F054FEF7BD099904F090F8EA
:10470000F6E737B5041E0FD04388002B0CD00025E8
:10471000C1881323007A172201950095FFF7CDFF7A
:10472000FF2365806372257037BD000010B50C490A
:1047300004004A88002A09D08B89002B05D000206C
:10474000CB8A0222834201D010BD012213000A202D
:10475000434300204032C854C81842800472F3E733
:10476000A662FF1F0023438003707047094B00219E
:104770001A0010B55C88002C06D01C79844203D145
:104780000A234B43D01810BD01310A330329F1D15C
:104790000020F8E7A662FF1F10B50400407A03F07E
:1047A000C7FEFF23637210BD7047043010B580B29E
:1047B00003F03EFF002803D00421494203F068FDC6
:1047C00010BD000070B50025124CA0682580A581A1
:1047D000A580A84202D003F08BFEA56000250E4CF8
:1047E0000E4B606D1D80230058331D70A84202D00F
:1047F00003F07EFE656500256068002801D003F0A7
:1048000077FE013508340A2DF6D1054802F014FC74
:1048100070BDC0466C63FF1F1063FF1F6063FF1F06
:104820009D8D011170B5041E0CD1074D2880A88103
:10483000A880A868002802D003F05AFEAC600348A4
:1048400002F0FAFB70BDC0466C63FF1FA98D011119
:104850000023F0B54E8843600A7904000F0089B048
:10486000022A00D08BE0C98803291ED9BB685A7878
:104870001878120202430592DA789D7812021543E5
:10488000DA791B7A67481B0213435BBA9AB203803A
:10489000059B04338B4227D1042D08D06B1F022BBC
:1048A00016D92900604802F0C7FB01201AE05F4BCF
:1048B0003101CB5A002B0BD0F4215D48FF3102F0BF
:1048C000BBFB3000FFF7AEFF5A4A13690133136197
:1048D0000421059BB86823812580494203F0D8FC58
:1048E0006060002009B0F0BD524C042D0CD06B1F4D
:1048F000022B18D983212B004D48890002F09CFB24
:10490000E3680133E360D0E7484B3101CB5A002B19
:1049100009D04748484902F08FFB3000FFF782FF7B
:10492000236901332361414B360106930023069A24
:10493000B3529319059A9D80100007939A81FFF74F
:1049400034FF079B051E986015D00421B8684942C2
:1049500003F09EFCFA880100043A280003F0D0FE20
:10496000069AFB88B25A043B9B18069AB3522368F6
:104970000133236099E7A3690133A36195E72B4BCA
:104980003101059333010693059B3001CB5A0599FC
:104990000D18A968002B30D000292ED0012A2CD167
:1049A000FA880598944663449BB232011352A88951
:1049B00098421AD362469B1AC818B96803F0A0FE41
:1049C000059B0699AA89CB5A934200D06DE70A004D
:1049D00000212381AB882380AB686360059BD152A3
:1049E000144A5368013353605FE7124A93680133F6
:1049F00093603000FFF716FF57E70A4A059F1288B9
:104A0000029333019C466744BB8900919921094C6C
:104A1000019363690948890002F00EFB6369013361
:104A20006361E6E7D662FF1FB58D01116C63FF1F5E
:104A3000CE8D0111DC62FF1F13020000E58D011114
:104A400070B5051E18D10D4C0D4B1880230058333E
:104A50001870606D002802D003F04AFD65652500DE
:104A600050356068002801D003F042FD0834AC42A4
:104A7000F7D1044802F0E0FA70BDC0461063FF1F92
:104A80006063FF1F0C8E0111F0B51600A12285B0E6
:104A90009200019342433D4B05001B680C009B189C
:104AA000D933FF331F78FDF7D7FE0430874204DD8A
:104AB0002800FDF7D1FE0430C7B2B74207D3320059
:104AC00000212800019B03F003FD05B0F0BD390073
:104AD000300003F06DFD2300C5B250331D70039309
:104AE000019B39006365300003F0B2FBCBB2029347
:104AF000002B02D0039B01351D700026230050338C
:104B00001B78B34204D8606D002839D10020DCE75F
:104B1000029A3800002A04D0013B1000B34200D0B2
:104B20003800F5006519287003F0E2FB019B68600E
:104B300001001A78164802F07FFA686800280ED043
:104B40002A78019903F0DCFD019A2B780136D318FD
:104B5000104A0193D369F6B20133D361CEE7230043
:104B6000503318706065A54205D10A4A1320D36AF4
:104B70000133D362A9E7606803F0BAFC0834F2E7B6
:104B800003F0B6FC00236365C0E7C0463409FF1F8D
:104B9000188E0111DC62FF1FF7B50C00060004211E
:104BA000606803F075FB23890500037023891B0AE5
:104BB00043702388837023881B0AC37027890224CB
:104BC0000437FFB2F42F15D8224B9E4214D10C208B
:104BD00003F0FEFB1134011E0CD0902303708E3BBA
:104BE0000371043B43801C4B8560C780187803F039
:104BF000D7FB00242000FEBD5C217143174B5918E0
:104C000001930B0058331B78002B19D103003A0095
:104C10003000FFF739FF041E05D0114B2200114868
:104C2000D96A02F009FA5C237343019AD1180B0088
:104C300058331B78002BDDD1300003F081FDD9E71C
:104C4000074A0948536A07240133536202F0F4F912
:104C5000E9E7C046FEFF0000D462FF1F1063FF1F9C
:104C6000DC62FF1F2C8E0111478E0111F0B587B059
:104C7000009017200F0016000193FFF796FD1325F3
:104C8000041E19D00C98031E02D00199201D9847CC
:104C9000030AE370052302AAA070043090812770F4
:104CA0000098667003A993800494FFF775FF051EB2
:104CB00002D0200003F01CFC280007B0F0BD00006B
:104CC000F0B587B01F000CAB1B7803910593012151
:104CD0000DAB06001C78049200F0D6F814250028CD
:104CE00021D02000FFF722FD0135041E1BD0114901
:104CF000059B0A7803700132D2B2131EC68001D11F
:104D000001231A000B7022713000049B0399009755
:104D1000FFF7ACFF051E09D1230021000648074A12
:104D2000093303F0D5FA280007B0F0BD00236380F3
:104D30002370F8E7D862FF1F0347011130750000A8
:104D4000F8B505000E00064C064F2368002B02D074
:104D50003100280098470434BC42F6D1F8BDC04663
:104D60007C63FF1F9063FF1F0123064A5B42538051
:104D7000002313715362044A136053609360D3603D
:104D8000136170479063FF1F7C63FF1F02000023C5
:104D900010B506499C000859002801D1625010BD89
:104DA0000133052BF6D11320F9E7C0467C63FF1FC2
:104DB000034A5388181A43425841404210407047F2
:104DC0009063FF1FF0B585B002930AAB1F780CAB60
:104DD0001B88009008000E0001920393FFF7E8FF84
:104DE00005001120002D1BD10E48FFF7E1FF040044
:104DF0001520002C14D006220B99A771E01D03F09A
:104E00007FFC019B30002371029B29006371009B92
:104E100066802370039B6562E381FFF791FF2800A2
:104E200005B0F0BDFFFF000010B5FFF7C1FF0400A3
:104E30000220002C12D060880121FFF781FF606AF8
:104E4000002801D003F0BCFA28220021200003F042
:104E5000E7FC012300205B426380207110BD00004D
:104E600030B5074A074C5588010013780020A54249
:104E700004D05B1A59424B415842104030BDC046E5
:104E80009063FF1FFFFF0000084A10B501230C00CC
:104E9000904208D0FFF78CFF031E04D00379234013
:104EA0005A1E9341DBB2180010BDC046FEFF000041
:104EB000024B1879431E9841C0B270479063FF1FA0
:104EC00070B504000D001600FFF772FF002804D132
:104ED0000D4B9C4200D0143070BD416A037905200F
:104EE000002907D012221A40102A02D10520002ED4
:104EF000F2D10F20DB06EFD5897E0C20A942894133
:104F0000494249420840E7E7FEFF0000030010B5B0
:104F1000002800D110BD0348034A41889142F9D0CE
:104F20009847F7E79063FF1FFFFF0000002330B5AD
:104F3000C45CCD5C6C40D4540133102BF8D130BD2F
:104F40000F23002210B5C45C64002243CA54C25C23
:104F5000D209013BF7D210BD0200010010B520328A
:104F6000103103F0A5FB10BDF0B58BB003901020FD
:104F700005931700049103F07BFB0090102003F0D1
:104F800077FB009B13240190002B05D000280CD147
:104F90001324009803F014FA019B002B02D0180090
:104FA00003F00EFA20000BB0F0BD102003F060FB00
:104FB0000600102003F05CFB13240500002E00D136
:104FC000AEE0002819D01022002103F029FC3200A5
:104FD0002900039803F06CFB041E0ED133787F2B5D
:104FE00051D830000099FFF7ABFF009B1B787F2B57
:104FF00053D801990098FFF7A3FF300003F0E0F9C0
:10500000002D02D0280003F0DBF9002CC1D11020C4
:1050100003F02EFB0600102003F02AFB0290002E66
:105020007CD0002878D03A000F32230001251211DD
:1050300005D00F333B4015B25A4253411BB26A1E92
:105040001201002B33D0049BD2B298180099029A17
:10505000FFF76CFF013D10220021300003F0E0FB60
:10506000ADB2049F2D017D19AF4242D0002C33D048
:10507000300003F0A5F9029B002B00D189E718004E
:1050800003F09EF985E729003000FFF759FF28005B
:105090002549009AFFF74AFFA7E729000098FFF784
:1050A0004FFF28002049019AFFF740FFA5E70F2195
:1050B0000F4004998A18D9B28F4208D9D15C06A84A
:1050C00019540133102BF6D1029A0199C0E7791ACD
:1050D00048424141C901F2E73900300006AAFFF712
:1050E00025FF3200039806A903F0E2FA1037040006
:1050F000BAE7002CBCD13000029906AAFFF716FFD0
:10510000320006A9039803F0D3FA08220400310004
:10511000059803F0F5FAABE71324A9E71324AAE7EF
:10512000002800D06EE733E75C910111F0B58BB039
:105130000F0016000225009000283FD0002A3DD025
:105140000B1DDBB21800029303F092FA1135041E16
:1051500034D0FDF7C1FC05003A000099201D03F092
:105160001FFAEBB20393E3702B0CDBB22F0A009310
:105170006370FFB22B0E2370A7700193FDF7A6FC9E
:105180001022010006A803F00BFA2100029A04ABDA
:1051900006A8FFF7E9FE051E0DD1039B0822337018
:1051A000009B04A9B370019B7770F370301D03F06E
:1051B000F7F9FDF797FC200003F002F928000BB087
:1051C000F0BDF0B58FB00D00149E039004920593CE
:1051D000002A03D1022420000FB0F0BD002EF9D028
:1051E0000398FFF7E5FD1424071EF4D07278337896
:1051F00012021A43B3781B041343F27812061A43BF
:10520000036A0192934201D30133E3D1002D03D00D
:105210003B7901249B07DED50822002106A803F074
:10522000FFFA059B13240433DBB21800029303F04A
:105230001FFA051ECFD0059A0499043003F0B0F987
:1052400004223100280003F0ABF93900102210319C
:105250000AA803F0A5F92900029A06AB0AA8FFF7ED
:1052600083FE041E0FD1082206A908A803F098F9AE
:105270000822311D08A803F0D3F9012807D10199AC
:105280000398FDF743FC280003F09AF8A3E70124F4
:10529000F9E7000070B51C4C05002368181E10D0FB
:1052A000002D14D11A78002A0CD1981C083203F072
:1052B00027FA03F08DFA0135002808D123681D7004
:1052C000012070BD0A331800082203F019FA236880
:1052D000002BF5D0122003F07BF8061E0DD0C12361
:1052E00021680370457002311022023003F008FA81
:1052F00023683100587803F053F8206803F060F811
:1053000000232360DCE7C046B863FF1FF8B5040044
:105310002020FDF7CFFA154FA600F3590500002B0A
:105320001FD000280ED0D878FF280CD0290003F019
:1053300047F9002807D1F3590D49DB780D482200C1
:1053400001F07AFEF8BD0C492A000C55BB596118D2
:1053500003330A4802F0BCFFBB590549DB78084813
:10536000EDE72100074801F067FEEBE7D463FF1F7C
:105370004C910111598E0111BC63FF1FB1650111E0
:10538000838E0111AC8E011170B50B4C85002B5929
:105390000100002B0BD0DA78084801F04DFE2B59A4
:1053A000D87803F0C5F8FF222B59DA7070BD044895
:1053B00001F042FEFAE7C046D463FF1FC68E01111A
:1053C000AC8E011170B506008CB00C0015000021E8
:1053D0003022684603F024FA31001022684603F0B8
:1053E000DFF81D2021000322684403F0D9F8684645
:1053F000FFF7B2FD2D21040003222800694403F0C9
:10540000CFF820000CB070BDF0B50700160097B0C3
:1054100001931CAB1D7830221EAB00910AA800211D
:105420001C7803F0FDF9102239000AA803F0B8F83F
:105430001022002102A803F0F3F90722310002A88C
:1054400003F0AEF8072202AB9818631E9C41019945
:1054500003F0A6F802AB9C732B005A1E934102AADC
:10546000D3730021102206A803F0DAF906221D9951
:1054700007A803F095F81A2002ABC01806221F995E
:1054800003F08EF8102200990EA803F089F810227C
:1054900002AB0EA908781C78013A6040D2B20870BD
:1054A00001330131002AF5D10AA8FFF755FD10227A
:1054B00012A904000EA803F023F9102206AB0EA9CE
:1054C00008781D78013A6840D2B208700133013182
:1054D000002AF5D10AA8FFF73FFD044310222098C7
:1054E000E4B212A903F05CF8200017B0F0BD70B56B
:1054F0000E0014008CB00100102268461D0003F05D
:105500004FF83100082204A803F04AF821000822CD
:1055100006A803F045F86846FFF71EFD04001022B8
:10552000280008A903F03CF820000CB070BDF8B5C5
:1055300006000D0000243719AC4200D3F8BD02F07C
:1055400037FF030A3B70631CDBB201379D4203D96E
:105550000234F054E4B2EEE71C00EDE773B5060048
:105560000C000225002819D0002917D0032101A81A
:10557000FFF7DDFF6B469A793F231A40013313434F
:105580006A463000937101A92200FFF71BFF051E38
:1055900004D10322E01C01A903F0B2F8280076BD73
:1055A00003785807DA08C00FD20080009B07104329
:1055B0009B0F1843C0B2704707230B40C908C900AE
:1055C0000B4303707047000070B50400FFF7DCFE6A
:1055D000134DA4006359002B21D0186A002801D074
:1055E00002F0EEFE2B59986E002801D002F0E8FE82
:1055F0002B59D86E002801D002F0E2FE2B59186F0B
:10560000002801D002F0DCFE2B59586F002801D091
:1056100002F0D6FE285902F0D3FE00232B5170BDB4
:10562000D463FF1F0E4B8000C35870B50C00002BD5
:105630000FD09D68002D0CD02B78201D0B706B783F
:105640004B70A97CFFF7B8FF2B7E23726B69E36078
:1056500070BD10220021200003F0E2F8F8E7C046F8
:10566000D463FF1F014B18607047C046D063FF1F13
:10567000074A03008000825810B5002A06D0D0885F
:10568000984203D1012901D1FFF79EFF10BDC0460A
:10569000D463FF1FF0B5264E95B087000B93BB591E
:1056A0000500099112200A92002B31D0D888FFF70B
:1056B0007FFB04001420002C2AD0280010A9FFF73B
:1056C000B1FFBB591E781D6A002E23D00895FDF747
:1056D00043FA07000020FDF745FA0790A379E61D7D
:1056E000069310AD0CA9089800F0E2FA0EA9280064
:1056F00000F0D7FA0B9B0A990493069B0998029332
:10570000079B0396019300970EAB0CAAFFF77CFE54
:1057100015B0F0BDFDF720FA06903000FDF722FA33
:10572000E31DA779079310AB06000893DAE7C0469C
:10573000D463FF1F30B50C4C85002A59030085B097
:105740000120002A0ED018006946FFF76BFF2B5985
:105750001A78D888054B002A00D1054B6A460721E4
:1057600000F0D9FB05B030BDD463FF1FA35C01116D
:10577000B15C011130B5094C8500295985B0102262
:105780006846253102F0BCFF2A591121044BD0880C
:105790006A4600F0C0FB05B030BDC046D463FF1FB1
:1057A0004D5D011130B5094C8500295985B0102295
:1057B0006846353102F0A4FF2A591121044BD088E4
:1057C0006A4600F0A8FB05B030BDC046D463FF1F99
:1057D0008B5D0111F7B54D4F86001020F4590D0077
:1057E00002F046FFF3592062186A132200286CD099
:1057F000033A29009C6802F083FFF3591A7801925A
:10580000002A58D11E6A227D317B944651400122E4
:10581000019F114201D167461740217D91433943D1
:105820002175377B4F40BC4660460027800701D476
:105830004F081740012102208F40227D82433A43C6
:105840002275377B5740BC4660460027400701D48D
:1058500097080F400420227DBF0082433A432275FF
:10586000627D002794466046727B42400A4201D125
:1058700067460F400121627D8A433A436275777B18
:105880005740BC4660460027800701D457080F40A8
:105890000220627D7F00824317436775767B00227A
:1058A0007E40760701D4BA080A400426617D920042
:1058B000B1430A4362756A78002A08D06278002AE8
:1058C00005D005220533DA7700221000FEBD042240
:1058D0002979114205D1A17C114202D10533033A45
:1058E000F1E7019A21782C78002A02D10A002100E0
:1058F000140018220429E8D8042CE6D805206043B7
:10590000034A05331218525CDDE7C046D463FF1F1B
:105910006C91011110B50A001121024B00F0FBFA45
:1059200010BDC046E75D01110B0030B587B001AD79
:105930002B806B4604001100981D082202F0E0FE47
:105940002A000B212000024B00F0E5FA07B030BD21
:105950000F5E011110B50A001121024B00F0DBFAB5
:1059600010BDC046635E011113B50B0011006A46FD
:1059700013706B4604000622581C02F0C1FE6A46F2
:1059800008212000014B00F0C6FA13BD835E01110F
:1059900010B50A001121024B00F0BDFA10BDC0463F
:1059A000D35E01117FB505000B4BAA00D458080047
:1059B000002C0FD0666F237FE28821780396266F34
:1059C0000296E66E0196A46E0094FDF75DFB28003A
:1059D000FFF7FAFD7FBDC046D463FF1F10B5172146
:1059E000FFF7E0FF10BD000070B50A000D00064B88
:1059F0000221040000F08FFA060029782000FFF74A
:105A0000D1FF300070BDC046B35D011170B586B0E6
:105A100000236A461370836804001D78681E0A28F4
:105A200059D801A902F01CFC060633373B3F434717
:105A30004B4F5300180000F042F9062312284BD0B8
:105A400000281BD16088FFF7B3F90823002813D082
:105A50004279002A47D1264B1A78072312070BD523
:105A6000244B1A680723002A06D01668002E03D09C
:105A7000290001AAB04703006A4613706B461B78E1
:105A80006088002B2AD1FFF741FC06B070BD1800DA
:105A900000F06CF9D4E7180000F087F9D0E718009F
:105AA00000F093F9CCE7180000F0ADF9C8E7180052
:105AB00000F0C3F9C4E7180000F0F6F9C0E71800D9
:105AC00000F0F6F9BCE7180000F013FAB8E7180088
:105AD00000F013FAB4E707236A461370694660883A
:105AE000FFF782FFD1E70523012AC5D1024BB8E7B2
:105AF0006162FF1FCC63FF1FD063FF1FF8B52C4FFF
:105B00008600F35904000D00002B40D0DA88824251
:105B10003DD15A78062A33D11A78002A2ED0012096
:105B200099681A6A097D014206D0157B054203D0A7
:105B300007225A700120F8BD0220014204D0157BD3
:105B4000054201D00922F4E70420014204D0127B6F
:105B5000024201D00B22ECE7164B1B68002BE9D068
:105B60005B68002BE6D020009847BB5900215B788A
:105B7000122BDFD12000FFF715FFDBE70E4BECE720
:105B8000112A04D1002900D032252900F2E7002D86
:105B900008D12000FFF70CF9002803D01023027968
:105BA0001343037121002800FDF7ECF9C2E7C0465A
:105BB000D463FF1FCC63FF1FD063FF1F70B50E4E71
:105BC0008500AB590400002B13D01B78002B11D19A
:105BD0000A4B1B68002B04D05B68002B01D020000F
:105BE000984773595B78122B03D100212000FFF7EF
:105BF000D9FE70BD024BECE7D463FF1FD063FF1FDB
:105C0000CC63FF1F094B8000C3581020002B0CD021
:105C10001A6A002A09D09B68002B06D0127A1B7ED4
:105C2000101C9A4200D9181CC0B27047D463FF1FE1
:105C300070B503000D0014000220002A30D00029A6
:105C40002ED013700B78081D53704B789370FFF7AC
:105C5000A7FCE070012002212B7A23716B7B0340AB
:105C600063716A7B0A401343042263716E7B1640A2
:105C7000334363716E7BF608F600334363712B7B0D
:105C80000340A371287B014000200B43A371297BB3
:105C90000A401343A3712A7BD208D2001343A37195
:105CA00070BD10B50A0001000120FFF7C1FF10BD53
:105CB00010B50A0001000220FFF7BAFF10BD70B551
:105CC00006000C000220002E30D000292ED0737860
:105CD000201D0B70B3784B70F178FFF76DFC01223B
:105CE0003579257271794B100800134093401040AC
:105CF0000343881010408000C9080343C9000B43C8
:105D00006373B1794B100800134093401040034374
:105D1000881002409200C9081343C9000B43212098
:105D20002373FCF7C7FD854201D2122070BD2220EB
:105D3000257AFCF7BFFD8542F7D823781820042B7D
:105D4000F4D86378012BF1D80020EFE7030010B5F9
:105D50000220002909D0002B07D00322481C0A701A
:105D600019000D3202F0CCFC002010BD030002220D
:105D7000080010B5002B06D0002904D00E32591CA3
:105D800002F0BEFC0022100010BD030010B502207E
:105D9000002909D0002B07D00422481C0A701900E2
:105DA0000C3202F0ADFC002010BD10B5FFF7DEFF95
:105DB00010BD03000220002906D0002B04D00522CC
:105DC00000200A701B784B70704703000220002BE4
:105DD00008D0002906D05B7800200B70013B082B0F
:105DE00000D918307047030010B50220002909D0EF
:105DF000002B07D00622481C0A7019000A3202F054
:105E00007FFC002010BD10B5FFF7B0FF10BD0200F1
:105E10000B00022010B500290ED0002A0CD007215B
:105E20001970118859701188090A9970111808227F
:105E3000D81C02F065FC002010BD03000A000220FF
:105E400010B5002B0CD000290AD099785878090297
:105E500001431180901CD91C082202F051FC002043
:105E600010BD030010B50220002909D0002B07D077
:105E70000822481C0A701900921802F041FC002008
:105E800010BD02000B00022010B500290BD0002A23
:105E900009D009211970117818185970511C06225F
:105EA00002F02EFC002010BD10B5FFF75FFF10BD03
:105EB00002000B00022010B5002A09D0002907D0EB
:105EC0005178197011180622581C02F019FC002094
:105ED00010BD030010B50220002909D0002B07D007
:105EE0000A22481C0A701900063202F009FC002040
:105EF00010BD10B5FFF73AFF10BD02000B000220E5
:105F000010B5002A06D0002904D018005178FFF7F8
:105F100053FB002010BDF0B585B017001E006A4687
:105F200006230500080091819380FEF73EFC1324B0
:105F3000011E02900CD03800B047041E05D1280085
:105F400001A9FEF7EDF9041E02D0029802F0D0FA82
:105F50002800FFF7DBF9200005B0F0BDF0B5040024
:105F60008BB0019115000021102202A802F058FC0C
:105F7000334EA700B85900283CD0C388A34239D17A
:105F80000378002B36D14278062A18D1020001008E
:105F9000553235310C3006ABFFF7A9FA002829D16C
:105FA0002000FFF72FFE020006A902A802F0A8FBBE
:105FB000200002A902F064FB01200BB0F0BD816E4D
:105FC000002917D00B8A112A28D19D420ED10198A1
:105FD0001231093A02F024FB012807D1BB592000F5
:105FE0009D6EFFF70FFE29000200DEE73221200040
:105FF000FFF7D8FC2000FEF7DBFE061E1BD0416A2F
:10600000002918D00B8AAB4215D108220198123111
:1060100002F006FB01280ED1716A0AE09D42E9D127
:1060200008220198123102F0FBFA0128E2D1BB5993
:10603000996E8A7EB9E7200002F002F9BCE7C046FB
:10604000D463FF1FF0B56B4D87007E5985B0337860
:1060500002900393002B00D087E0B368346A019369
:106060007078062817D101221B7D134202D0217BB4
:10607000114218D10222134202D0217B114251D188
:106080000422134203D0237B134200D08BE0019BF8
:106090005A7DEB5991E007380428F8D802F0E0F86F
:1060A000032E42678300B36E002B03D11C2002F045
:1060B000DFFAB066EB599C6E002C1CD01022002138
:1060C000200002F0ADFB0298FFF79CFD01002000CC
:1060D000FFF72DFA02F06CF920822000082112301F
:1060E000FFF725FA0298FFF78DFDA076EB59210006
:1060F000D888FFF70FFC0822EB591CE0B36E002B89
:1061000005D01A00198AF0881232FFF70DFC02221E
:10611000019B197DEB5911423DD0207B10423AD0B2
:10612000073208E0F488FCF72FFD01002000FFF79C
:1061300011FC0A22EB595A70029B9C002A59537891
:10614000073B042B11D8D088FEF732FE00284ED032
:10615000C3895A08D2182849029B0298CB542B595C
:1061600041180433254802F0B3F805B0F0BDFCF740
:10617000F3FC03000120834201D100200393EB597B
:10618000DE88FCF7EFFC039902003000FFF7ECFB20
:10619000019AEB59117D042211420CD0217B11424E
:1061A00009D00B22C7E7F688FCF790FC010030000D
:1061B000FFF7EEFB6BE7019A527D01210A4204D002
:1061C000607B084201D00C22B5E702210A4204D0CC
:1061D000607B084201D00E22ADE704210A4204D0C0
:1061E000627B0A4201D01022A5E71222A3E7FA221D
:1061F0005200B0E7D463FF1FD863FF1FBB650111D6
:1062000010B5064B1A780423100018401A4200D02B
:106210000348FFF727FA002010BDC0466162FF1F48
:10622000E43FFF1F70B50400FFF7D4FA051E43D109
:106230002000FFF77FFA234EA400A0598268937CC8
:10624000DB0708D50321036A1B790B40012B02D120
:10625000017F0B430377431DD97F8B1E022B0DD883
:10626000022900D00121C088FCF7E4FE0421335943
:106270001A7F59700A431A77280070BD01290CD182
:1062800002231022437000210C3002F0C9FA305969
:1062900010213530FFF74BF9EEE70529ECD1022349
:1062A000D118437010220C3002F02AFA042332591C
:1062B000117F0B431377EAE708251828DCD1053D49
:1062C000DAE7C046D463FF1FF0B58BB00591438871
:1062D0007E4F9E00F45915000493002C15D101291E
:1062E00002D000200BB0F0BD101D57781678FFF7D4
:1062F00057F9EB68320002932B7A049901930090CE
:106300003B002000FCF760FEEBE7E388049A934231
:1063100001D00820E6E72378012B00D1D4E0059BCB
:10632000581E092800D9CFE001F09AFF05CE0A29AE
:10633000CC506C859AB229000498FFF773FFD1E71F
:10634000200029001022453002F0DAF9B9594B78C3
:10635000042B02D1013B4B70C3E70B000A0025332D
:1063600035320C310498FFF795F90498FFF702FADB
:106370000522431E9841BB59C0005A70B2E7200065
:1063800029001022553002F0BBF9049B4F4C9D00B0
:10639000295904980A0006AB55320C31FFF77AF9F7
:1063A00029591022453106A802F03AF9012808D1EE
:1063B0000498FFF7F7F90590002804D106222B591D
:1063C0005A7005988EE708230593FAE763780C2B3B
:1063D0007AD1E36E002B03D11C2002F049F9E0666C
:1063E000BB59D86E00286FD01022290002F088F91E
:1063F000BB590498DC6EFFF705FC0D22A076BB5953
:106400005A706EE7E06E00285ED063780D2B5BD18A
:106410002B8808220382A91C123002F071F9BB59A3
:106420009A68517D0222114226D0186A407B1042A0
:1064300022D00C32E4E763780E2B45D1236F002B7A
:1064400003D1162002F014F92067BB59186F0028F9
:1064500003D01022290002F053F90F22BB59CFE7D5
:1064600063780F2B30D1206F0622691C103002F0A8
:1064700047F9BB599A68517D0422114203D0196A29
:10648000497B1142D5D100210498FFF78BFA28E708
:10649000636F002B0DD0BB59586F0028F3D010222A
:1064A000290002F02DF90122BB5952425B6F1A619B
:1064B000E9E7142002F0DCF8BB5960675B6F002B42
:1064C000E9D126E72978DFE707200BE7D463FF1F30
:1064D00010B5064C207002F0E3F806212078FDF795
:1064E0000FFF0348FEF752FC10BDC046E763FF1FD5
:1064F0007156011100200BB270B50D00834216DAFF
:10650000264B187801F02CFF041E0DD00378922B37
:106510000ED0A02B37D0224B1878FF283AD021007C
:1065200001F03EFF002835D180200002684070BD98
:1065300043780E2B0BD03E2BEDD18378052B12D058
:10654000082BE8D181798088FFF7D8FA08E0154B4D
:1065500082889A42DFD183681878591CFEF79AFE28
:10656000002817D1D7E7104B1B785B0712D50F4BCC
:106570001B68002B0ED09B68002B0BD0C289811D9D
:1065800080889847ECE7FFF741FAA068002801D01F
:1065900001F0AEFF200002F0BBF8C5E7E763FF1F84
:1065A000DD3FFF1F182000006162FF1FD063FF1F47
:1065B00010B50078FFF712FA10BD10B50078FFF79C
:1065C000FDFA10BD0C234343084A10B59B185A68C6
:1065D000002A03D0012901D1904710BD9B68002BF0
:1065E000FBD00029F9D19847F7E7C0460464FF1FA4
:1065F00001238340094A10B5946B1C439463506B8C
:1066000098435063D46B20009843012901D12000A6
:106610001843D063116B0B43136310BD008000401F
:10662000064B01215A68C2400A4204D01B68C3408D
:106630001800084070471B6DF9E7C0460080004015
:106640000122064B8240002903D0D9680A43DA6050
:106650007047D9689143D960FAE7C04600380040D6
:1066600030B5032444430F4BE25C1B199C785D78E2
:1066700001232D1B0135AB40013BA340A140DB436F
:106680000C00122807D808499200521811681940C6
:106690002143116030BD054A11680B40234313604C
:1066A000F8E7C046B391011108F0004014F0004033
:1066B000C21F70B5D4B20623092C0BD80125084C93
:1066C0009540002908D00021FFF7CAFF23682B431B
:1066D00023600023180070BD2368AB43F8E7C04671
:1066E00000380040214BF0B51B185B78022B21D1FC
:1066F000032444431E4A1F4EA35C121994780122BE
:1067000015008540B76B013CE4B23D43A240B56340
:10671000194C122815D89B0000290CD117495B1879
:1067200099680A439A600123205C154A83401168E6
:106730000B431360F0BD11495B1899689143996050
:10674000F1E70E4B00290DD159690A435A61225CC9
:106750001328E8D00123203A93400A4908680343EC
:106760000B60E7E7596991435961F0E7E863FF1F60
:10677000B391011100800040F891011100F0004038
:10678000A0F00040A4F00040F8B500241B4E1C4DC2
:106790001C4B1B5D012B1FD1194A9269E2401A4222
:1067A0000BD00122B25693402200143AD2B2022AF0
:1067B00009D815494A6913434B61013402360C3537
:1067C000172CE5D1F8BD0022B2560F49920052189D
:1067D00091680B439360F0E7022BEED1E7B23800EB
:1067E000FFF71EFF01235840C1B23800FFF77AFFC0
:1067F0003800FFF715FF6877DFE7C0468591011184
:10680000E863FF1FE963FF1F00F000400122023828
:106810008240054B002903D059690A435A617047E9
:10682000596991435961FAE700380040F8B50E0004
:1068300001210F008740114A0400D368FD43BB4388
:10684000D360831E8B4201D8FFF7E0FF00212000B8
:10685000FFF72EFF0A4A0B4B5168012E05D1394331
:106860001B1951605E700020F8BD29405160022262
:106870001C1962709A6915409D61F4E70038004068
:1068800000800040E863FF1F012210B58240074BE3
:10689000002906D019680A431A600121FFF7C6FFD4
:1068A00010BD196891431960F7E7C04600800040A9
:1068B0000C2370B5002543430A4A29009B181D701C
:1068C000094B04001B185D70FFF7B0FF0123A340C4
:1068D000064928000A681A430A6005490A689A436B
:1068E0000A6070BD0464FF1FE863FF1F348000402E
:1068F0003080004070B504000E00FF2813D003253F
:106900000540FFF7D5FF084AA3089B009B183F22CC
:10691000ED00AA40AE401968200091433143196050
:106920000121FFF78DFE70BD18380040F8B50C242A
:106930004443134B0500E4186368002B03D1A3689C
:106940001220002B1AD0022201270E4B00215B19C6
:106950005A7028002770FFF769FF63681E1E08D071
:10696000A3683E00002B04D02800FFF759FE4640E4
:10697000F6B228003100FFF73BFE0020F8BDC0460C
:106980000464FF1FE863FF1FF7B5C420FF222B4BF1
:1069900080001958002491433F3A0A431A5080223C
:1069A000274F5202274E1A60274B1D5D002D21D024
:1069B000A31E012B03D80121E0B2FFF727FF012D11
:1069C00018D11F4B9B69E3402B4213D0E3B2180050
:1069D0000193FFF725FE01000198FFF755FFE3B291
:1069E000143B022B1DD801217156184A8D40536962
:1069F000AB4353613B7F002B0DD0E5B22800FFF77E
:106A000095FF2800FFF70CFE7B7F0100834202D038
:106A10002800FFF7D7FD01340C370236172CC3D1FD
:106A2000F7BD012100237156F3568D40074A9B00A4
:106A30009B189A68AA439A60DCE7C04600E100E030
:106A4000E863FF1F85910111E963FF1F00F000401B
:106A500070B5134D07202C78002C1FD198222100EF
:106A60005200280001F0FCFD0123C420FF222B70FE
:106A70000C4B80001C635C630B4B1C605C600B4B1D
:106A8000195891433F3A0A431A50802252021A6021
:106A90000D20074A074901F053FC200070BDC04695
:106AA000E863FF1F00800040A0F0004000E100E02C
:106AB0008969011189670111F8B50600012826D0FE
:106AC0000B220827164C01239340164A164DD36714
:106AD0007301ED18287C0021FFF7B2FD0021687CCE
:106AE000FFF7AEFD00258023380023732571257044
:106AF00025732572656001F093FC380001F080FE7B
:106B00000A4BAE4207D1EB2292009E50F8BD1122F3
:106B10001927074CD7E7F12292009D50F6E7C046AF
:106B20000040004004E100E09C65FF1F0000FF1FE3
:106B300000900040F0B587B0050001F0B9FC04906A
:106B40002800FFF7B9FF012D00D17DE005230427C0
:106B500008260393444C06330193444B6A019B1867
:106B60001A7CFF2A02D15B7CFF2B6BD0300001F036
:106B7000F7FD300001F054FC3C4B6A0102936B01BD
:106B80000593029B02219E18307CFFF769FD0221CC
:106B9000707CFFF765FD39000027307CFFF7AAFE07
:106BA000707C0399FFF7A6FE27737169049B181187
:106BB0004B08C01801F0FCFC802327612373030AF3
:106BC000DBB22371F37EC0B22070BB4244D01B23E2
:106BD0002373029B6A019B181A7E0123002A3DD071
:106BE00087222272636062687F3313436A0194468E
:106BF0006360029B63449B7E002B03D00223626888
:106C0000134363601A4A002D2AD1EB21194B8900E6
:106C10005350019B184A9B089B009B180322019C20
:106C2000C0202240FF24D200944080001958A14384
:106C30008024944022000A431A500123019A934071
:106C40000D4A136007B0F0BD092308270393DB1931
:106C500019260A4C019380E70323B9E72272C5E79E
:106C6000F121074BD3E7C046004000409C65FF1F61
:106C70000000FF1F591AFF1F00E100E000900040D4
:106C8000991AFF1F10B50020FFF754FF10BD10B573
:106C90000120FFF74FFF10BDF0B587B005930CAB97
:106CA0001D78174F6E01F35D029002AC1120039125
:106CB0000492002B1ED1637A0C380193002B19D15A
:106CC00019002022F01901F0CBFC0E4BF31807CC71
:106CD00007C39C466246236828001360FFF72AFF1B
:106CE0000123F355002D07D129000820064A01F0A1
:106CF00027FB002007B0F0BD1920044A0199F6E7F0
:106D00009C65FF1FAC65FF1F856C01118F6C011125
:106D1000F0B5504B87B0009343010193009B1500E1
:106D200042019E18B37E04000F00002B59D00620AC
:106D3000002D1DD000291BD033790338002B17D02C
:106D40007289954214D8012B14D033895B19934270
:106D50000EDC01F04DFB3389F0682A00C0183900C1
:106D600001F056FC3389EB18338101F001FC00205F
:106D700007B0F0BD2A00F06801F04AFC0023F38060
:106D800002333371F16835812B1C102D00D910238B
:106D9000651E6A425541A0220220D2016D42154073
:106DA0002D4A013BAD186A682C4E8243600184462F
:106DB0006A60009A9BB2624406321088013B471C0D
:106DC0001780085C9BB22870B342F6D10820002CD3
:106DD00000D0192001F044FB02236A6813436B6062
:106DE000C5E7013C62425441A02203930123D20132
:106DF00064421440184A1A48A418E26F110019405E
:106E00001A420FD120221648002D12D140221449D7
:106E10000595237D1342AAD1059B581C05908B42F2
:106E2000F7DD04E0039A511C03918242E5DD0D2059
:106E30009EE70491237D134205D03B78013DADB21E
:106E400023700137E0E7049B5E1C04968342F1DD6A
:106E5000EDE7C0469C65FF1F00400040FFFF0000BB
:106E6000A0860100030010B50620072B09D8054AAB
:106E7000137001F08DFBD7210020034B034A8900DA
:106E80005A5010BD0C40FF1F0000FF1FD91AFF1FF2
:106E900010B50A0001000020FFF73AFF10BD000006
:106EA000F0B599B01E9F1400614E019103937B06CB
:106EB00000D4604E10233A001A40049201221F426F
:106EC0004BD09743DB1806AA5370002206AB02335F
:106ED0001A70BA0705D5002844DA2D2240421A70EC
:106EE000013C20233A001A4005921F4203D0019B27
:106EF000102B40D1023C002843D13022012507ABA2
:106F00001A70039B2E009D4200DA1E001123A41B61
:106F10001F4207D12700002F41DCE343DB17621E2D
:106F20001C40141B06AB981C0378002B02D00121D7
:106F3000FFF7AEFF059B002B09D0019B082B37D133
:106F400006ABD81C302301210370FFF7A1FF049B7F
:106F50002700002B42D030274FE020231742B2D029
:106F60001033B0E77A0702D52B221A70B8E73A0738
:106F7000B7D52022F9E7019B083B5A425341E41A56
:106F8000B9E700250199029001F062F9725C07A946
:106F90004A55019B029A01359342F3D9B1E706ABFA
:106FA000D81C202301210370013FFFF771FFB2E7D6
:106FB000019B102BCBD106AA2033D01C0121D3700A
:106FC000FFF766FF782306AA0121D370D01CBCE727
:106FD000012106AB5818FFF75BFF013F002FF7DCDC
:106FE000E343DB17621E1C40141BB4E706ABD81C3E
:106FF00001210770FFF74CFF013EAE42F6DC013D78
:1070000004D22025002C0ADC19B0F0BD06ABD81C38
:1070100007ABEB5C01210370FFF73AFFEFE706AB2C
:10702000D81C01210570013CFFF732FFEAE7C0469A
:107030001A8F0111F58E01110FB40021F0B589B03E
:107040000EAC40CC039107943378002B0AD1002971
:1070500003D0039889B2FFF71BFF09B0F0BC08BC4E
:1070600004B01847252B08D0039B002B01D1002129
:107070000396370001317E1CE6E7002905D003980E
:1070800089B2FFF705FF0023039300227378771C72
:107090002B2B2DD00DD8202B2CD0232B2CD02A2BD2
:1070A00033D120CCB71C002D12DA1A3B6D421A43A3
:1070B0000EE02D2B18D0302B20D0180030380025B2
:1070C0000A210928EBD83B7818003038092817D94D
:1070D0003B782E2B57D17B78791C18003038092843
:1070E0004CD800230A2717E010233E001A43CDE7AF
:1070F0000423FAE70823F8E72023F6E70123F4E75F
:107100004D43ED180137303DDDE701256D42DFE7E6
:107110007B431B180131303B08780600303E092EB6
:10712000F6D9D8430F00C01703403978682903D037
:10713000202081434C2900D101373E78782E09D890
:10714000622E26D80021412E95D0582E00D1B8E0CD
:10715000252E07D00B2004ABC01825230121037076
:10716000FFF796FE3978002900D1B9E00B2004AB77
:10717000C01801700121FFF78BFE4BE02A2B05D1CF
:1071800008CCB91CCDE701235B42CEE70F000023FA
:10719000CBE7300063381528DAD801F059F916002A
:1071A0009D00D9FFD9FFD9FFD9FF9D00D9FFD9FF95
:1071B000D9FFD9FF3B00A3008600D9FFD9FF4700C4
:1071C000D9FF9F00D9FFD9FF9400D20615D42E0015
:1071D00009E0202204ABDA720B2304AA9B180121D8
:1071E0001800FFF755FE013E002EF2DC01236A1E57
:1071F000002D00DC1D005D1B551908CC04AAD372BC
:107200000B239B1801211800FFF742FE2026013DA9
:10721000002D01DC00212EE704ABDE720B2304AA53
:107220009B1801211800FFF733FEF0E7210040C949
:107230000491002E00D12C4E3400F318217800293F
:1072400001D09C421AD1A41BD2060ED40595059BF1
:107250009C4215DBE10FEB17A5424B410021DBB24D
:107260006A1E8B4200D0611B55183000A1B2FFF797
:107270000FFE2026A5420FDC049CCBE70134DDE79E
:107280000B2004ABC018202301210370FFF700FE80
:10729000059B013B0593DAE70B2004ABC0180121E5
:1072A0000670013DFFF7F4FDE4E7691C02D10121FE
:1072B00009350A43009210212A0001CCFFF7F0FDA6
:1072C000A8E740210A4310212068261D00922A00C9
:1072D000FFF7E6FD34009DE702210A430A21F3E7A8
:1072E000013FC8E60821EFE73F8F011130B587B0B5
:1072F00002AA1100064B31CB31C11B680B60002183
:1073000002980091049A0399FFF7C6FC07B030BDBC
:107310001092011170B506000C001D00042909D05F
:107320000C2904D0012905D00224200070BD094891
:10733000FFF782FE21003000FBF7C8FA041EF4D1EB
:10734000059A04992800FBF7DDFAFCF74BF9FEF7E4
:1073500057FFEAE7468F011130B50D7802232C0064
:107360009C43184201D02B431C0008252300AB434B
:10737000284201D02B00234320241D00A543204296
:1073800001D01C4325002A230D70184204D0117827
:107390001E3B0B43137030BD0028FCD10C21137829
:1073A0008B43F7E7F8B51D0006AB1B88140007AA4E
:1073B0000E000B201778002B27D10A78022A49D11A
:1073C0004A68507811780002244A0843801804283B
:1073D00040D800F045FF03121D1B2300F06800F0A9
:1073E0004FFF021CC0B2B84200D93A1CD2B22000F2
:1073F000F1682A8001F084F906E00222F3681B8814
:107400002A8023701B0A63700020F8BD0622EEE775
:1074100001232B80F3681B782370F5E7F368002BBA
:1074200016D008222A801A8822701A88120A6270DE
:107430005A88A2705A88120AE2709A8822719A8831
:10744000120A6271DA88A271DB881B0AE371DBE73A
:107450002B80D9E701202B80D7E7C04600D6FFFF5D
:10746000F7B516000A781D0008AB1F880C00012331
:10747000022A18D14A685078117800022B4A084332
:10748000801803280FD800F0EBFE02254439E0688D
:1074900000F0F6FEC0B20723B84204D37B19019373
:1074A000152B02DD0D231800FEBDE0682A00310017
:1074B000C01901F025F96B4600209B88E268D05482
:1074C0001B4B1B68834203D01B68834200D0984744
:1074D0000023E8E70B23002FE5D1022DE2D17378DA
:1074E00032781B021343E2681380114B1B68002B98
:1074F000EED01B68002BEBD00120E8E70B23002F18
:10750000D1D1062DCED12A003100E06801F0F8F883
:10751000DEE70B23002FC6D1012DC3D1327875339E
:10752000012AC0D8E3681A70D2E7C04600D6FFFF30
:10753000F465FF1F70B50C001500072837D800F060
:107540008FFE041436361B36242E182015290BD82E
:10755000184E16220021300001F062F922002900A5
:10756000300001F0CDF8002070BD18200229FBD1B9
:107570001288114B1A80F6E718200829F4D10A0066
:107580000E48290001F044F8EDE718200129EBD15D
:107590000B4B10780B49DA69FFF7DEFEE3E71820A2
:1075A0000129E1D1064B10780749DA6BF4E7022094
:1075B000DAE7C046DC65FF1F8A40FF1F8040FF1FDF
:1075C0001040FF1F3840FF1F5840FF1F030010B539
:1075D0000020DB0704D50721024A034800F08CF89D
:1075E00010BDC046209201111040FF1F054A030044
:1075F0001068002803D082889A4201D180687047C1
:107600000068F6E7EC67FF1F0A88030008009A424B
:1076100004D08A8804309A4200D0002070470000CD
:10762000F8B5F22200230D4F0D4E79680500424354
:107630003370994200D07B600A4C0021200001F099
:10764000EFF800231A007C60AB4202D100203370B7
:10765000F8BD01332280DBB2F234F5E7E468FF1FA6
:10766000E268FF1FF067FF1F73B56B4601900600CD
:10767000684615001980FCF711FB041E11D1002D7E
:107680000FD07689002E11D00C2000F0F1FF0028D9
:107690000ED0084A0460136886808560002B02D1F2
:1076A0001060200076BD1A001B68F7E70224F8E797
:1076B0001324F6E7EC67FF1F012100220A4B10B5E7
:1076C00049420A4C198099809A719A70084B20702F
:1076D000012019805A60FFF7A3FF2078FCF73CFBDC
:1076E0000448FDF753FB10BDFC65FF1FEC68FF1F4E
:1076F000E468FF1FA5770111022310B5002802D00E
:10770000FFF7B2FF0300180010BD0000030010B522
:107710000020DB0704D50421024A0348FFF7A4FF39
:1077200010BDC046349201119040FF1FF0B50E26E7
:1077300087B003930CAB1F8802ABF6180500080056
:1077400031000292FCF72CFC04000120002C0FD029
:107750003088FFF74BFF03000E20002B08D05E6837
:10776000002E05D021002800039B029A0097B04705
:1077700007B0F0BD0A4B10B5984207D10122002393
:1077800052420A808B708A808B7110BDFFF73CFFDC
:107790000028FAD001235B42038000238370F4E7C2
:1077A000FFFF0000F8B5050001290AD1134E00249F
:1077B0003388F227AB4219D028001149FFF7DAFFCE
:1077C00006E0022904D10139FDF75EFB0028EDD067
:1077D000F8BD3B0063437268D018D35A002B09D020
:1077E0003A00002101F01CF80134E4B2054B1B788B
:1077F000A342EED801235B423380DDE7E468FF1F3C
:10780000FC65FF1FE268FF1F10B5FFF7FDFE0300D8
:107810000020834200D0987810BD0000F0B589B0F8
:107820001C000EAB80CB03901E8810AB1B7804921B
:1078300002930B7A0D00DB0616D42B780593022BEE
:1078400024D00498FFF7D2FE002812D003689C468B
:10785000002B0ED0029B2200019329003B006446BE
:1078600003980096A04705E00498FFF7BFFE0028A4
:1078700002D10E2009B0F0BD8368002BF9D00A2296
:107880002900039898470028D7D0F3E76B68587809
:107890001A786B4B000210439842D2D8043B9842AE
:1078A00010D2684B984242D015D8674BC0180128B7
:1078B000C7D80B20002EDDD1EB681A7859683A80C2
:1078C000200028E0614BC018032800D979E000F0BF
:1078D000C7FC846A789E5E4B9842B2D10B20002E82
:1078E000C8D101233B80EB6831001B782370688985
:1078F000013080B2FCF754FB3A88031E0ED00178A9
:1079000002328A183A80428962704289120AA27051
:1079100059680278E01C00F0F3FE06E004323A8079
:1079200031000422601C00F07BFF0020A2E70B2046
:10793000002E9FD1EB6807A91E8804233B80330AE1
:10794000300026706370FCF72BFB051E28D004ABBB
:107950009A890E2304A95B183E49C668FCF794FB7C
:1079600000280BD12B783C486A680599FAF71AFF72
:10797000002803D1012304AA5B42D3813278022A72
:1079800006D17168201D00F0BBFE3B8802333B80AE
:107990000E2304AA9B181B88A3701B0AE370C4E77C
:1079A00004ABDE81F4E70B20002E00D062E7E9682B
:1079B0000398FFF729FF02233B802070000A6070C4
:1079C000B3E70B20002E00D054E70222EB681B889F
:1079D0003A8023701B0A6370A7E7E86800F050FC48
:1079E000C2B203000720B24200D243E70DD0029991
:1079F000DBB27118994202DB921BD3B20293029B55
:107A0000E9681A003B8089195AE70023F6E70B2042
:107A1000002E00D02EE70722EB683A801A782270F9
:107A20005A7862705A88A2705A88120AE2701A79DB
:107A30002271DA886271DB881B0AA37175E7C04680
:107A4000042900000228000000D8FFFFFFD6FFFF36
:107A500003280000FFFF000044910111F0B58DB034
:107A60006B460020089120229B5E83423DDAA64BA4
:107A7000187800F075FC071E32D00378B02B2CD19B
:107A80000079023816281FD800F092FE17001E0059
:107A90001E001E0031001E0096001E001D011E006B
:107AA00052011E0073011E00CD011E0050021E0077
:107AB0001E001E008E021E00E302944B94491B8898
:107AC00078880B80FAF7AEFB3800FCF75FFB914B30
:107AD0001B68002B01D038009847380000F018FED2
:107AE0008020089B0002434018000DB0F0BDEE223C
:107AF0000021874800F094FE0BAA3B7B79893889E6
:107B000000923A000D32FCF763F90400804B1B78B9
:107B1000002C3FD146E0804B788805937F4B410095
:107B2000CB5A0BAE073BDBB23288029300230193A2
:107B30007B4B210006930093059BFFF76FFE744D6E
:107B4000002810D1069B3A8A1B889A420BD1380034
:107B50000599123000F064FD002804D02B7862896A
:107B60009B00EB185A80162306A81B1832882000A9
:107B70007989FCF789FA2B7804009A00AA185188B1
:107B80000029C3D00133DBB22B70002807D006A92F
:107B9000C98A9180634A12889A42BCD802E00121C6
:107BA00049429180002B04D059497888FAF76EFB3E
:107BB0008AE73E890A2479E000253E89574B0693DF
:107BC0007B88069A5B009B5A033B9D4202DB002D9B
:107BD000F0D05BE0162206A812183B7B7989009250
:107BE0003A0030000D32FCF7F3F80590002858D029
:107BF0004689017A7888FCF7B5F8041E44D1464BD3
:107C000078880793069B4100C95A454B0439C9B28D
:107C100006AAD28A06930291019400930599079BC4
:107C2000FFF7FCFD041E2FD1069B39491A88931CCF
:107C3000002D26D14B807988384B4900CB5A5119F9
:107C4000033B8B4220DD059B31485B8941190B7159
:107C5000A91C0135C9B2EDB2059145191B0A2B715A
:107C6000059B2D490433181800F04AFD2C4B059A4A
:107C70001B88D318DDB22C4B9E4205D00136B6B21C
:107C80009CE749889942D6D0002D0CD0204C280082
:107C9000618800F035FB207021007888FAF706FB38
:107CA00012E7059CF0E7002C00D183E77B78142BCA
:107CB00000D109E716493B794E800B700C7178882A
:107CC000FAF7A6FA00E7162406ABE4182100388973
:107CD000FCF766F9011E00D1B7E1788822880F4CC5
:107CE00045002C5B0A4D013CE4B2029400240F4B8A
:107CF00001940095FFF792FD041E00D014E12900C5
:107D00007888FAF7E3FADFE6EC68FF1F7E3FFF1F93
:107D10000466FF1FF865FF1FF866FF1F3462FF1F30
:107D2000E867FF1F7C3FFF1FFFFF00000666FF1F85
:107D3000162406ABE41821003889FCF731F9011E3E
:107D400000D182E178882288AE4C45002C5BAE4D94
:107D5000013CE4B202947C89AC4B01940095FFF79E
:107D60005DFD041E00D0DFE029007888FAF7B8FA3C
:107D7000AAE60025A44B1D803B00F6331B78A24ADF
:107D800078880792AB4208D99E4B128806930699D1
:107D900043005B5A013B9A4203DB0799FAF7AAFAC0
:107DA00092E616246B00FB18059306ABE418059BBE
:107DB00021001889FCF7F4F8011E03D1059B01246A
:107DC0001E8973E77888924B2288069C09934300AA
:107DD0001B5B904E013BDBB20293002300960193A4
:107DE000099BFFF71BFD041E02D0059B1E895DE762
:107DF0007B88069A5B009B5A079A10883288121873
:107E0000934202DC1B1A013B33807F4C02303288E4
:107E10000999001900F074FC2388328801359B18F9
:107E20002380EDB2A8E70BAA3B7B798938890092C1
:107E30003A000D32FBF7CCFF00250590059B002B87
:107E400004D10A24002D00D16EE060E0059B788803
:107E5000197AFBF787FF0100041E63D1694C6C4B54
:107E6000788806940993069B4400E45A694B063CC3
:107E7000E4B20BAE32880793029401910093059906
:107E8000099BFFF7CBFC041E4CD1079B5E491B8866
:107E90001A1D002D30D14A80059B5B4C5A8963190D
:107EA0001A716B1C9BB2E318120A1A71162306A8EA
:107EB00032881B1879890598FCF7E6F8FF21AA1C7F
:107EC0002E1D03350B00059092B2B6B2ADB200285C
:107ED00003D006ABDB8AD9B21B0AA218651911714F
:107EE0002B714C4D301D2A884949201800F008FCA0
:107EF0002B88F618B5B2A1E74988914207D17A8854
:107F000006995200525AEB18053A9A42C4DC3E4C8C
:107F10002800618800F04CFB207021007888FAF777
:107F2000F3F9D1E5002DF2D13E89BFE6162606AB66
:107F3000F61831003889FCF733F83D000400FA35B3
:107F400000282DD0037A9B060CD400227B89398926
:107F5000788800923A000C32FFF7E8FB041E10D03C
:107F60003E8915E03088FFF741FB00281AD083686E
:107F7000002B17D02100122278889847041EE4D0E5
:107F8000EEE72B78002B02D17888FAF7CDF900269E
:107F90002B78002B00D097E5002C00D194E585E6E6
:107FA0000124DDE70E24DBE7162506ABED182900DA
:107FB0003889FBF7F5FF041E47D0037A9B0611D4DE
:107FC000154A7B881188994203D01448814207D111
:107FD0001380134BF2261D780023D9B2A94221D376
:107FE0000924A1E72888FFF701FB00282FD0836828
:107FF000002B2CD02100122278889847041EDFD055
:1080000092E7C0463462FF1F0466FF1F0666FF1F2B
:10801000F866FF1FE867FF1FE468FF1FFFFF00000F
:10802000E268FF1F31005943546801336018615AF8
:108030000029D2D13C0008342100F22200F060FB7C
:1080400021007888FAF778F93EE501246CE70E24E0
:108050006AE71D4B1A887B889A4231D07888FAF7F4
:1080600075F931E5F223059851684343CD18C95A93
:1080700000291FD03B7A012B0BD16C88AB88788804
:10808000AA1D0094FFF752FB041E02D000233B728E
:108090002E88F2220021280000F0C2FB00232B8052
:1080A000059B0133DBB20593084B05991B78064A03
:1080B0008B42D7D801235B421380002CCED0F5E54C
:1080C000002634000596EFE7E468FF1FE268FF1F13
:1080D00070B504000E001500FFF796FA031E08D1D4
:1080E00031000548FFF790FA03001120002B02D061
:1080F0001C8000209D7070BDFFFF0000F8B50B4F85
:1081000006003B780D001400FF2B0ED00A2000F073
:108110005FF9011E09D0B12303800023468003715B
:10812000C5800481387800F03BF9F8BDD140FF1FCD
:10813000F7B50F0008A90600088809A90B240988CB
:10814000002821D10234022B1ED1557813782D023C
:108150001D432B008B4301937334002B14D1FB6818
:10816000300019000093FFF74FFB019C85420BD0B4
:108170002A0030000099FFF7ABFF041E04D12A004B
:1081800030007989FFF7BAFF2000FEBDF0B50E7808
:1081900085B003900AA805880120022E0DD14C68F5
:1081A0002778647824023C43054FBC4205D10398EC
:1081B000DBB201960095FFF7BBFF05B0F0BDC046EE
:1081C0000229000010B504000C4800F0D1FA0C4858
:1081D000A16B00F0CDFA0B48E16B00F0C9FA0A4838
:1081E000216C00F0C5FA094B0948196800F0C0FA83
:1081F000084B1B68002B00D09847FEE7858F0111C4
:108200009B8F0111AA8F0111B98F011104ED00E0BC
:10821000C88F0111F068FF1F002307B501A8019363
:10822000FFF7D0FF044A05480021121A00F018FA9F
:10823000F8F792FAFEE7C046F468FF1FD440FF1F2C
:1082400001B40248844601BC604700BF091B00001E
:1082500001B40248844601BC604700BF090E00001B
:1082600001B40248844601BC604700BFB538FF1F17
:1082700001B40248844601BC604700BF512500009C
:1082800001B40248844601BC604700BFDD520100D2
:1082900001B40248844601BC604700BF5549010053
:1082A00001B40248844601BC604700BF212400009D
:1082B00001B40248844601BC604700BFD534FF1FAB
:1082C00001B40248844601BC604700BF455000002D
:1082D00001B40248844601BC604700BFA9460100C2
:1082E00001B40248844601BC604700BFC51D0000C0
:1082F00001B40248844601BC604700BF017F000012
:1083000001B40248844601BC604700BF350E00003E
:1083100001B40248844601BC604700BFA138FF1F7A
:1083200001B40248844601BC604700BF55220000EA
:1083300001B40248844601BC604700BF156B0100D0
:1083400001B40248844601BC604700BF5930FF1F9A
:1083500001B40248844601BC604700BFDD660100ED
:1083600001B40248844601BC604700BFF54E0100DD
:1083700001B40248844601BC604700BF056A0000A2
:1083800001B40248844601BC604700BF8935FF1F25
:1083900001B40248844601BC604700BF3138FF1F6A
:1083A00001B40248844601BC604700BF594F010038
:1083B00001B40248844601BC604700BF2951010056
:1083C00001B40248844601BC604700BF014C010073
:1083D00001B40248844601BC604700BF1D4D010046
:1083E00001B40248844601BC604700BFE1170000A9
:1083F00001B40248844601BC604700BF75A9000073
:1084000001B40248844601BC604700BF2146010018
:1084100001B40248844601BC604700BF691F0000E8
:1084200001B40248844601BC604700BF4937FF1FC2
:1084300001B40248844601BC604700BF35550000C6
:1084400001B40248844601BC604700BF7D36FF1F6F
:1084500001B40248844601BC604700BFC938FF1F11
:1084600001B40248844601BC604700BFD12FFF1F02
:1084700001B40248844601BC604700BF5952010064
:1084800001B40248844601BC604700BFF94C0100BA
:1084900001B40248844601BC604700BF851F00004C
:1084A00001B40248844601BC604700BFADAE000085
:1084B00001B40248844601BC604700BFD1A500005A
:1084C00001B40248844601BC604700BF8538FF1FE5
:1084D00001B40248844601BC604700BF5118FF1F29
:1084E00001B40248844601BC604700BFF30E00009F
:1084F00001B40248844601BC604700BFD94901006D
:1085000001B40248844601BC604700BFC9A900000D
:1085100001B40248844601BC604700BF5133FF1FCD
:1085200001B40248844601BC604700BF456B0100AE
:1085300001B40248844601BC604700BF11470100F6
:1085400001B40248844601BC604700BFA54F01004A
:1085500001B40248844601BC604700BF5D170000BB
:1085600001B40248844601BC604700BFF931FF1FD7
:1085700001B40248844601BC604700BF9DA90000C9
:1085800001B40248844601BC604700BF791800006E
:1085900001B40248844601BC604700BFD91AFF1FDE
:1085A00001B40248844601BC604700BF4551010048
:1085B00001B40248844601BC604700BF090E0000B8
:1085C00001B40248844601BC604700BF5147010026
:1085D00001B40248844601BC604700BF055E00004C
:1085E00001B40248844601BC604700BFB134FF1F9C
:1085F00001B40248844601BC604700BFB54C01008D
:1086000001B40248844601BC604700BF8D120000DF
:1086100001B40248844601BC604700BF810E0000DF
:1086200001B40248844601BC604700BFCD4C010044
:1086300001B40248844601BC604700BFE92800003D
:1086400001B40248844601BC604700BFB537FF1F34
:1086500001B40248844601BC604700BF9136FF1F49
:1086600001B40248844601BC604700BFB70E000059
:1086700001B40248844601BC604700BF3D4B010085
:1086800001B40248844601BC604700BF311B0000B2
:1086900001B40248844601BC604700BF6DBC0000C5
:1086A00001B40248844601BC604700BFC9260000EF
:1086B00001B40248844601BC604700BFE5480000A1
:1086C00001B40248844601BC604700BF85520100E6
:1086D00001B40248844601BC604700BFED4A010076
:1086E00001B40248844601BC604700BF0124000079
:1086F00001B40248844601BC604700BF1D4B010025
:1087000001B40248844601BC604700BFE94C010047
:1087100001B40248844601BC604700BF434D0100DC
:1087200001B40248844601BC604700BFB92FFF1F57
:1087300001B40248844601BC604700BF4D1F0000E1
:1087400001B40248844601BC604700BF7D18FF1F8A
:1087500001B40248844601BC604700BF0D520100CD
:1087600001B40248844601BC604700BFC936FF1F00
:1087700001B40248844601BC604700BFE53A0100ED
:1087800001B40248844601BC604700BF792DFF1F39
:1087900001B40248844601BC604700BFC94A0100D9
:1087A00001B40248844601BC604700BF2132FF1F6C
:1087B00001B40248844601BC604700BFDD38FF1F9A
:1087C00001B40248844601BC604700BF3D18000068
:1087D00001B40248844601BC604700BFD91B0000B9
:1087E00001B40248844601BC604700BF5D38FF1FEA
:1087F00001B40248844601BC604700BF2526000042
:1088000001B40248844601BC604700BF0937FF1F1E
:1088100001B40248844601BC604700BFB352010066
:1088200001B40248844601BC604700BF154D0100F9
:1088300001B40248844601BC604700BF291C000007
:1088400001B40248844601BC604700BFEDA50000AA
:1088500001B40248844601BC604700BFB14E00002D
:1088600001B40248844601BC604700BFC521000036
:1088700001B40248844601BC604700BF8B5201002E
:1088800053444B2056657273696F6E20494420250E
:10889000303878200A007266436C6B2025642072A1
:1088A00063436C6B20256420737973436C6B2025C4
:1088B000642074704361705B25303278202530323B
:1088C000785D0A0073697A656F66287374727563E0
:1088D00074206C6C5F706B745F6465736329203DFA
:1088E0002025642C206275662073697A65203D20FE
:1088F00025640A0073697A656F6628675F70436F45
:108900006E6E656374696F6E427566666572292066
:108910003D2025642C2073697A656F662870436F4B
:108920006E6E436F6E7465787429203D2025642C2B
:108930002073697A656F66286C6172676548656146
:1089400070293D2564200A005B5245535420434161
:108950005553455D2025640A20004D454C423A2080
:108960004C6F74757320777269746520636D643D14
:1089700030782530327820703D253032782025300F
:108980003278202530327820253032782025303258
:1089900078206C656E3D25750A004D454C423A20A5
:1089A0004C6F747573206672616D652072656A65BF
:1089B000637465640A004D454C423A2073746174D7
:1089C0006520706F7765723D2575206D6F64653D1C
:1089D0002575206272696768743D2575207370651E
:1089E00065643D2575207267623D25752C25752CC3
:1089F00025750A004D454C423A20627574746F6EBD
:108A000020737461746520706F7765723D257520E1
:108A10006D6F64653D2575206272696768743D25D8
:108A2000752073706565643D2575207267623D250C
:108A3000752C25752C25750A006F6B004641494C35
:108A4000004D454C423A2057533238313220535072
:108A500049312F50333420696E69743D25730A0003
:108A60004D454C423A2057533238313220626C61C6
:108A7000636B20626F6F74206672616D6520736531
:108A80006E740A00476170726F6C655F7374617217
:108A9000740A00476170726F6C655F61647665721D
:108AA0007374696E670A00476170726F6C655F432B
:108AB0006F6E6E65637465640A00476170726F6CF7
:108AC000655F446973636F6E6E656374696F6E0A88
:108AD00000476170726F6C655F7761697474696E6D
:108AE000675F61667465725F74696D65726F7574D6
:108AF0000A00476170726F6C65206572726F722137
:108B00000A005B47415020524F4C452025645D0AC6
:108B1000000A4D454C4220626F6F743A204D7573C8
:108B200069632D4C696768742D56332D32323131AB
:108B30003031202F2053543137483636420A004D09
:108B4000454C423A2055415254302050392F503133
:108B500030203131353230300A004D454C423A2018
:108B6000424C4520696E697420626567696E0A002F
:108B70004D454C423A20424C45206E616D653D2585
:108B8000730A004D454C423A2061647620696E7448
:108B9000657276616C20756E6974733D25750A0087
:108BA0004D454C423A207265676973746572204C7A
:108BB0006F74757320464646302F464646330A008A
:108BC0003D3D3D3D3D53696D706C65424C45506582
:108BD000726970686572616C5F496E697420446F78
:108BE0006E653D3D3D3D3D3D3D0A006164764E254F
:108BF000750A003D3D3E204843495F434F4D4D417E
:108C00004E445F434F4D504C4554455F4556454E8D
:108C1000545F434F44453A2025780A004D454C4265
:108C20003A205342505F52455345545F4144565F8A
:108C3000455654202D3E20656E61626C652061644E
:108C4000766572746973696E670A0054494D4552BE
:108C50005F4556540A00566261743A202564206DBF
:108C6000562C2025642025250A004D454C423A20EB
:108C7000474150526F6C655F5374617274446576FE
:108C80006963650A00434D44206461746120657620
:108C9000656E74730A003031323334353637383903
:108CA000414243444546005B48434920444C455DAE
:108CB00025642025642025640A005B4154545F4DDF
:108CC00054555D202564200A006761705065726903
:108CD00050726F63657373484349436D64436F6DAE
:108CE000706C657465457674204F70636F646520A1
:108CF000307825580A0043544520506172616D2038
:108D0000737461747573203078253032580A0043CB
:108D1000544520656E61626C65207374617475736F
:108D2000203078253032580A0067617050726F63C6
:108D3000657373424C454576656E747320484349AC
:108D40005F4C455F434F4E4E454354494F4E4C4553
:108D500053535F49515F5245504F52545F455645FA
:108D60004E54200A0067617050726F6365737342DE
:108D70004C454576656E7473204843495F4C455FAA
:108D8000434F4E4E454354494F4E5F49515F524504
:108D9000504F52545F4556454E54200A005B534194
:108DA000525F465245455D0A005B5245415F46525F
:108DB00045455D0A005B5341525F5258204552526F
:108DC0005D204E6F53617220632025780A005B534B
:108DD00041525F5258204552522025645D2025643F
:108DE0002025640A005B5341525F5258204552527D
:108DF0002025642025645D20256420702530387886
:108E0000204C20256420432025640A005B534547FD
:108E10005F465245455D0A005B5345475F505254DB
:108E20005D2530387820253032780A005B53425572
:108E3000462046554C4C5D2045525220256420303A
:108E400078253032780A005B53425546204652411D
:108E5000472046554C4C5D0A0025732C75706461A3
:108E6000746520636F6E6E656374696F6E48616EC2
:108E7000646C652025642074696D65724944202501
:108E8000640A0025732C737461727420636F6E6EB4
:108E9000656374696F6E48616E646C65202564203B
:108EA00074696D657269642025640A007050616997
:108EB00072696E67506172616D735B25645D204EEF
:108EC000554C4C200A00736D53746F70527370547C
:108ED000696D657220636F6E6E656374696F6E484D
:108EE000616E646C652025642074696D6572494407
:108EF0002025640A00303132333435363738396151
:108F000062636465666768696A6B6C6D6E6F7071C9
:108F100072737475767778797A00303132333435FC
:108F2000363738394142434445464748494A4B4C15
:108F30004D4E4F505152535455565758595A003C64
:108F40004E554C4C3E004741505F44657669636521
:108F5000496E69743A204741505F50524F46494C20
:108F6000455F43454E5452414C207C204741505F61
:108F700050524F46494C455F504552495048455222
:108F8000414C200A005B48617264206661756C7414
:108F90002068616E646C65725D0A004C522020206E
:108FA0003D203078253038780A0050432020203D7D
:108FB000203078253038780A0050535220203D2048
:108FC0003078253038780A0049435352203D20300C
:108FD00078253038780A00020003000400050006F6
:108FE000000700080009000C000D0016000000003A
:108FF00071090111A5090111000000000200000023
:1090000006900111192A0F180A000000F1590000FA
:10901000FD24000041460100DD430111F56401110A
:1090200031380111E1410111E51D01115D7A011194
:10903000F1190111370B01110D0D01110000000094
:109040000C000000020000004E900111F3FFF0FF41
:10905000FF000000FF000000FFFFFFFF00FFFFFF19
:1090600000FFFFFF00FF6010C513011100000000AA
:10907000000000004449590056322E310030303291
:1090800030006769746875622E636F6D2F70767635
:109090007800454C4B2D424C45444F4D2D4D454C91
:1090A0004200000002000000B8900111292A282A7D
:1090B000272A262A252A242A0A180000050000004B
:1090C0001F501D10023CB400FB349B5F80000080E9
:1090D0000010000000000000E7230111D13A011147
:1090E0000B240111D93E01118F240111AF3E011152
:1090F00005250111853E0111572501114D40011132
:10910000BF2501114D400111F12501110740011149
:10911000052501113D3E01117D250111E53F01119C
:10912000000000000000000063260111E53F01116E
:10913000C5260111E93A0111052A042A012A002A4B
:10914000022903280128002801180018736D5374A0
:1091500061727452737054696D6572000000000092
:109160000000000000000000000000870101020173
:1091700002010102010203030401030101010101D3
:109180000303020103000D000E0010001100130084
:109190001401070108010A010B011C011D02040250
:1091A00005020702080219021A021C021D0301032C
:1091B000020317000201000504000807000B0A0063
:1091C0001716001D1C010201010504010E0D0111FD
:1091D00010011413011716011A19020201020B0AD9
:1091E000020E0D02111002141302171603050403D8
:1091F0000807030B0A030E0D0001020307090A0BFF
:109200000E0F101112141718191A1B1F20212200FB
:109210000506FFFF00C20100010000000000000081
:10922000A57301116174011100000000020000002B
:109230004A910111000000008D8101110000000021
:08924000020000004891011139
:020000041FFFDC
:1000000000000000D10A01110C90011108900111AB
:10001000E05DFF1F00000000000000000000000085
:1000200000000000000000000000000000000000D0
:1000300000000000000000000000000000000000C0
:1000400000000000000000000000000000000000B0
:1000500000000000000000000000000000000000A0
:100060000000000000000000000000000000000090
:100070000000000000000000000000000000000080
:100080000000000000000000000000000000000070
:100090000000000000000000000000000000000060
:1000A0000000000000000000000000000000000050
:1000B0000000000000000000000000000000000040
:1000C0000000000000000000000000000000000030
:1000D0000000000000000000000000000000000020
:1000E0000000000000000000000000000000000010
:1000F0000000000000000000000000000000000000
:1001000000000000000000000000000000000000EF
:1001100000000000000000000000000000000000DF
:1001200000000000000000000000000000000000CF
:1001300000000000000000000000000000000000BF
:1001400000000000000000000000000000000000AF
:10015000000000000000000000000000000000009F
:10016000000000000000000000000000000000008F
:10017000000000000000000000000000000000007F
:10018000000000000000000000000000000000006F
:100190004532FF1FA530FF1FC166010000000000AF
:1001A000000000000000000000000000000000004F
:1001B000000000000000000000000000000000003F
:1001C000000000000000000000000000000000002F
:1001D000000000000000000000000000000000001F
:1001E000000000000000000000000000000000000F
:1001F00000000000000000000000000000000000FF
:1002000000000000000000000000000000000000EE
:1002100000000000000000000000000000000000DE
:1002200000000000000000000000000000000000CE
:1002300000000000000000000000000000000000BE
:1002400000000000000000000000000000000000AE
:10025000000000000000000000000000000000009E
:10026000000000000000000000000000000000008E
:10027000000000000000000000000000000000007E
:10028000000000000000000000000000000000006E
:10029000000000000000000000000000000000005E
:1002A000000000000000000000000000000000004E
:1002B000000000000000000000000000000000003E
:1002C000000000000000000000000000000000002E
:1002D000000000000000000000000000000000001E
:1002E000000000000000000000000000000000000E
:1002F00000000000000000000000000000000000FE
:1003000000000000000000000000000000000000ED
:1003100000000000000000000000000000000000DD
:1003200000000000000000000000000000000000CD
:1003300000000000000000000000000000000000BD
:1003400000000000000000000000000000000000AD
:10035000000000000000000000000000000000009D
:10036000000000000000000000000000000000008D
:1003700019820111000000000000000000000000D0
:10038000000000000000000000000000000000006D
:10039000000000000000000000000000000000005D
:1003A000000000000000000000000000591AFF1FBC
:1003B000000000000000000000000000000000003D
:1003C000000000000000000000000000000000002D
:1003D000000000000000000000000000000000001D
:1003E000000000000000000000000000000000000D
:1003F00000000000000000000000000000000000FD
:08183800006DFF1F4118FF1FA6
:10184000024981F3088802F053F80000006DFF1F81
:1018500010B502F0CDF8072804D0122808D00228CD
:1018600008D010BD044A0420136B01331363F8E75A
:101870000220F6E71420F4E7DC62FF1FF8B507004A
:101880000C0026002500503630785135002804D150
:101890000300287058342370F8BD2978CA00481E08
:1018A0008141A3183800A25C5B68C9B2FFF7D0FF82
:1018B00000280DD12B78DA00A218013350602B706C
:1018C0003378044A013B3370136A01331362D8E75B
:1018D0000123DFE7DC62FF1F5C234343074910B5A8
:1018E000C9180B0058331B78012B05D1FFF7C6FF31
:1018F000034A936A0133936210BDC0461063FF1F11
:10190000DC62FF1F10B502F0F3F8064A0121130054
:1019100010CB4942D967044B136002F0D9F920007B
:1019200010BDC04600E100E01000100010B504003A
:1019300002F0DEF8024B1C6002F0CAF910BDC0468E
:1019400000E100E0431E5A425341A022F0B5D2010B
:101950005B421340154D164A40019B182A18127E0F
:101960008BB00191002A1BD01A000832D46F0022DC
:10197000E6B206AFE4B294420EDC2818C369002B2D
:1019800008D0019902AA117106AA049202AA16733C
:1019900003A898470BB0F0BD1978B9540132EAE7B3
:1019A0001A7D1A7806AB01261A70E6E79C65FF1FC0
:1019B00000400040F0B5254B04004001C25C85B0FA
:1019C000002A2BD01A18117E002927D0917E0029D9
:1019D00024D01179022921D11689D788D168F51B25
:1019E000ADB22A1C102D00D9102292B2BE4217D1DE
:1019F0001818012303710023C269C38003819A422E
:101A000006D06846032103730171029301A8904731
:101A10000820002C00D0192001F0FAFA05B0F0BD22
:101A2000013C65426C41A0256442ED012C40084D0B
:101A30001B186419074D0633013A92B2AA42EDD041
:101A40001888461C1E80085C2070F5E79C65FF1F07
:101A500000400040FFFF00000F220E4B10B59868B9
:101A6000104002380A280BD801F024FF0D0A0B0A97
:101A70000A110A0A0A0A060002210020FFF762FF83
:101A800010BD0121F9E70020FFF794FFF8E7DB6FB5
:101A9000F6E7C046004000400F220E4B10B5986894
:101AA000104002380A280BD801F004FF0E0A0B0A76
:101AB0000A120A0A0A0A060002210120FFF742FF61
:101AC00010BD01210800F9E70120FFF773FFF7E7D8
:101AD000DB6FF5E70090004013B5334C2378072BFC
:101AE0003DD8324B1A78324B002A39D180221968FE
:101AF00052020A431A60252001F0E6FD20232D4AF8
:101B000011680B43802113606B460422C9050868E5
:101B10000733104228D080210422C905C86810422A
:101B20002ED080212020C905CA688243CA601422B1
:101B30001A701A78002A2FD18021C905C86820326E
:101B40000243CA6014221A701A78002A28D11A4B4C
:101B50001A7D22785A601D221A705932DA6013BD3C
:101B60001A6816490A40C5E7086802430A60142249
:101B70001A701A78002ACED01A78013AD2B2F7E752
:101B8000C8680243CA6014221A7019784A1ED2B279
:101B90001A700029F9D1C4E71A78013AD2B2C7E71E
:101BA0001A78013AD2B2CEE70C40FF1FD440FF1F93
:101BB0003CF000400440FF1F00200040FFFFFEFFFC
:101BC000564B70B51B68012B03D1554A936D0133F9
:101BD000936501F0FDFE534B534A1860534B544C30
:101BE0001A600123534A1360534A13602378002B71
:101BF00006D006225149524801F08AFE0023237084
:101C0000504A514B10681B78C1B2002B0ED14F4C7B
:101C1000C0B223785BB2002B4FDB237824785BB211
:101C200064B21B0424021B191B1813600B1C5029DF
:101C30004ED95023464A47491078DBB2FF2202288A
:101C40004BD10868444C454D267890432A789642FB
:101C500054D9227824782E78023B5D10A31B6B4365
:101C60005201D31A10335B111843086001F070FE63
:101C7000031F012B45D83A4B1B78002B06D0394B5C
:101C80001B78002B02D0002002F012F8A122364B64
:101C900092009978354B4A431B689B188322920027
:101CA0009B181B78033B012B03D8AF20400002F0A8
:101CB00007F801222E4BDA8270BD237824785BB2BC
:101CC00064B2FF33FF341B0424021B190138ABE755
:101CD000CAB2022AAED20223ACE70868254C264DD0
:101CE000267890432A78964208D9227824782D784D
:101CF000023B5B10641B63435201B2E72378DBB203
:101D0000B2E70228D5D11D4B1B78013B022B03D92A
:101D10001B4B1B78022BCCD16C20C8E79809FF1F06
:101D2000FC0FFF1F2862FF1FFF3F0000141003403D
:101D30002C62FF1F0C10034000100340D50BFF1F47
:101D40007211FF1FB40003408C09FF1F680AFF1FB8
:101D5000490AFF1F94000340460AFF1F470AFF1F5E
:101D6000F908FF1F2209FF1F300DFF1F3409FF1F55
:101D7000BC0BFF1F440AFF1F450AFF1F1C09FF1F62
:101D80002309FF1F10B501F0CBFE0022014B1A8082
:101D900010BDC0462462FF1F10B501F041FEA12115
:101DA000054A89009478054A61431268044B521829
:101DB000528C1A8010BDC046300DFF1F3409FF1F22
:101DC0002462FF1F10B50D4B0D4A9978A1239B008B
:101DD0004B431268D218531DD97F0A4B1B88994276
:101DE00009D2441C07D0C82805D0D2695B1A5A43CF
:101DF000054B5343C01801F0CBFD10BD300DFF1F44
:101E00003409FF1F2462FF1F7102000070B5244DCA
:101E10002B68002B28D001F013FF2B68D8402B68CB
:101E20000400002B27D001F0A3FE2B68D8401D4BE7
:101E30001D4A9978A1239B004B431268D118D25CAC
:101E400091239B00002A20D0CA580132CA50174B58
:101E500017491B680868834214D3D23B181A012A19
:101E60001AD0144B186070BD01F0EAFE124B1968CD
:101E700001F00EFFD3E701F07BFE0F4B196801F074
:101E800007FFD4E70D495B18E8E7CA500C4B1B6805
:101E9000DB68E418201AE4E7F530FF30E1E7C046DC
:101EA0001C08FF1F300DFF1F3409FF1F9C09FF1F77
:101EB0002862FF1FA009FF1F1808FF1F2DFF3F000A
:101EC0003062FF1F70B504000D00282916D10300F1
:101ED000A433C2881B889B1A0B4A9BB293420DD92C
:101EE00006006A3605223100653001F011FF002836
:101EF00004D13100200001F0D3FE70BD2900200084
:101F000001F00EFFF9E7C046FE7F0000F8B50500BE
:101F1000012001F0E5FE134CA36AA26A9342FBD1B3
:101F2000114E336001F03CFD104903000860104879
:101F3000426894460F4A17680022BC4501D24268A5
:101F4000BA1A0D4802603268AD18A422E562606AD0
:101F5000520302436262094A1278002A01D00F3B01
:101F60000B60F8BD00F00040340AFF1FE408FF1FBB
:101F700028100040180AFF1F1C0AFF1F1C09FF1F22
:101F800070B580241025E405A3682B43A36001F0FD
:101F900057FDA368AB43A36070BD0000F7B5160002
:101FA00080221C001023D2050191916805000B438B
:101FB000936000225A4BD7301A6001F0F1FE9D2346
:101FC0002A002F009B00EB58CA3201210092FC37F7
:101FD000002B01D00021009A386801F019FE290079
:101FE000009BCB311A784F4BD3351A604B780A7867
:101FF0001B0213438A7812041A43CB781B0613433F
:10200000494A1BBA13604B790A791B0213438A7938
:1020100012041A43CB7931001B061343434A1BBAFF
:1020200013606B782A781B021343AA7812041A43B0
:10203000EB781B0613433E4A1BBA1360019A330226
:1020400013433C4A13603C4B22001B1B9C46032954
:102050003DDCB3089A0013005142B21A032A46D15C
:10206000354AE018511A827840781204000202437F
:10207000E05C043302430A600022FF2B4BDDF022B8
:102080002E4B12011A600F222D4B1A602D4A136835
:10209000002BFCD00023224A27491360091B321D64
:1020A0000B191B68043A180A23706070180C1B0E79
:1020B000A070E3700434002AF2DC802210213B6817
:1020C000D20501333B6093688B439360F7BD634651
:1020D000D578981893782D061B042B43157804396E
:1020E0002B43557804322D022B430360AFE7022ABD
:1020F0000AD1114AE05C511AE218527812020243E6
:102100000A6004339BB2B7E7012AB5D10A4A521AD2
:10211000E15C1160F5E7084959180A600433ACE73F
:10212000000004403C0004403800044034000440F7
:10213000300004400C00044000010440040004404E
:102140001000044014000440F7B5150080221C0064
:102150001023D2050091916807000B439360002380
:10216000654AD730136001F01BFE9D233E009B00A3
:10217000F9583B00CA363200FC33002900D07FE01A
:10218000586801F045FD390032785C4BCB311A605C
:102190004B780A781B0213438A78AC4612041A4320
:1021A000CB78281D1B061343554A1BBA13604B7985
:1021B0000A791B0213438A7912041A43CB791B064E
:1021C0001343504A1BBA13604B7A0A7A1B0213431B
:1021D0008A7A12041A43CB7A21001B0613434A4A17
:1021E0001BBA1360009A2B021343484A1360220063
:1021F000474B1B1B0093009BCE785B1801938B7899
:1022000036061B0433430E78043833434E780431CA
:1022100036023343019E33600328ECDC0321A80817
:10222000431C9B002940800003292BD13849E51825
:102230005E18A9786D78E35C09042D0229431943DF
:102240003160030008330021FF2B2DDD314B324973
:1022500019600F21314B1960012327490B60304B66
:1022600019680029FCD006211B680B40042B20D0E4
:1022700080220020D20593680A318B439360FEBD13
:1022800001217DE7022908D121495D18E11849782B
:10229000E35C090219432960D3E70129D3D11C4922
:1022A0005918E35C0B60CCE7194818180160043337
:1022B000CAE7002310490B606346002B0CDC3B008F
:1022C000FC335A68102101325A608022D20593688B
:1022D00001208B439360D2E7009B9B181B68190A6F
:1022E00013705170190C1B0ED37004235B42917054
:1022F0009C440432E0E7C046000004403C00044037
:102300003800044034000440300004400C00044015
:102310000001044004000440080F000010000440C5
:102320001400044070B5061E19D002225A4B9B7946
:102330009343012B13D1594B1A78FF2A0FD15A78A6
:10234000FF2A0CD19A78FF2A09D1DA78FF2A06D120
:102350001A79FF2A03D15B79FF2B00D199E0504B0A
:102360000C201A78012A08D000224E4D1A702978C4
:102370000B00093B042B01D8212070BD4B1F012B02
:10238000FAD9454CA37B042B00D982E0A279032A19
:1023900000D97EE09A1ED2B2012A02D860881F2896
:1023A00077D9002E56D0012E73D1A0880128E3D012
:1023B000002907D1581E032803D801F07BFA121711
:1023C00015122E702978481E032811D80025364B87
:1023D0001D602823237501F03BFBA84227D0A58070
:1023E000CAE702212970EDE70421FBE70321F9E7A1
:1023F00007390129C0D82D490968C96A8906BBD5A2
:102400002B4908780028B7D1012A01D9002BB3D174
:1024100002230B708021274D2633890128782375EC
:1024200001F07EFA80212878890101F059FB01230F
:10243000A380214B1B78002B0AD0FA2280211F4B4E
:1024400092001B8809025A431A4B187801F0B8FC15
:10245000002092E701F04CFB2B78A680073B012B74
:1024600003D917482E7001F06BFC114B114C1A78F0
:10247000002A06D080210022207889011A7001F0FC
:102480004FFA01F025FC80212078090201F048FA7A
:10249000DEE7122071E7C046A60BFF1F6B09FF1F86
:1024A0001A09FF1F1C09FF1F4809FF1F3062FF1F89
:1024B0002309FF1F1B09FF1F2109FF1F2C09FF1FF5
:1024C0000010004010B5002901D001F051FC10BDF2
:1024D000F7B5604B01919978A1239B004B435E4A6D
:1024E000060014681022E418D6235B00E058362357
:1024F000FF33E35C00279343222B41D1574B0F3A24
:102500001A600760012501F08BFB019B1880E8230E
:102510005B00E35C002B01D0B34258DD0023504F39
:10252000FB70AD33FF33E3581A68002A03D09B8851
:10253000DB439B071DD03823FF33E35C002B18D00F
:102540009B235B00E35C002B13D1D133FF33E35CAF
:10255000B3420EDAA4235B00E15AE018090A023103
:1025600001F0CEFB23000122FE33013E01351A8724
:10257000FA70E8235B00E35C002B2AD0A8B2FEBD12
:1025800003683D00002BBED081880430090A023167
:1025900001F0B6FBD6235B00E3581F60B2E72300CF
:1025A000B133BA00FF339858013781880430090AE3
:1025B000023101F0A5FBE8235B00E35CBB42EEDCEB
:1025C000E822F61AED1800235200A354A6E70027CC
:1025D000F1E7200001F044FB00281FD0002E1DDD94
:1025E0007319882647190193B600200001F000FBFB
:1025F0005A30800020184068013581880430090A6B
:10260000023101F07DFB200001F03AFBA3590133B8
:10261000A351BD4202D0019B9D42E6D1114BE35C28
:10262000002BABD095239B00E35C002BA6D00E4B78
:10263000E15A0029A2D00D4AA35C994202D9013384
:10264000A3549BE700231A212000A35401F030FA81
:1026500094E7C046300DFF1F3409FF1F00140340EC
:10266000E010FF1F5A020000720200005E0200002C
:102670000D4970B54A6E0D4CD2038B69D20BA24244
:1026800006D80B4D0224AA4204D901F0A9FB70BD63
:1026900002246442E21815007E2425402242F4D030
:1026A000A3432B438B61F0E700F000400A200000B9
:1026B000FC1C0000F8B51D4B1D4F1A78002A10D1E4
:1026C000BA7B002A02D101321A7003E0032AFAD041
:1026D000022AF8D001F0BCF900220120154B1A7033
:1026E000F8BD154B154D1C68154B9E7801232B70BA
:1026F0002878C0B200F09EFBBB7B002B0BD101F011
:1027000087F9A1239B007343E41883239B00E418FB
:1027100023782B70E4E7032B02D101F0F1F9F0E705
:102720000020022BDCD101F06BF9EAE71C09FF1F46
:10273000A60BFF1F2309FF1F3409FF1F490AFF1FB4
:10274000300DFF1FF0B587B00EAD2F780FAD2D788F
:102750000593AC46634614000E4D0CAA12782E78F1
:1027600003930D9B009201932200059B029701F0B9
:102770007FFA2E70012C01D0042C08D1802206494A
:102780008B889343054A1278D20113438B8007B09C
:10279000F0BDC0461C09FF1F6C11FF1F7809FF1F09
:1027A0000B001B3B70B504003020E02B0DD813004C
:1027B000E025493BFF3B9BB2ED00AB4205D8034B04
:1027C000200019825A8201F0CBF870BD8410FF1FDF
:1027D00010B501F0FDF8054B00205B68052B04D90E
:1027E000034A5268D20200D4980810BD001000407D
:1027F000FCE100E070B501F07BF90D4B1B68FC3388
:10280000DC691D6AFFF7E4FF6419844204D2094BB6
:1028100001241B68002B07D004220024064B1A70E9
:10282000064A93690133936101F052FA200070BDAA
:102830003062FF1F9809FF1F2309FF1FFC0FFF1FB6
:1028400070B50C4D2B68FC335C6A01F051F9FFF751
:10285000BFFF2B680025FC339B6AE318834204D238
:10286000054B1B68AB4200D1051B01F031FA280073
:1028700070BDC0463062FF1F9809FF1FD722044B6E
:1028800092009B5810B5002B00D0984710BDC04651
:102890000000FF1F10B500F0F5FFFFF7EFFF27491D
:1028A000274BCA6D274C1A4084235B001343CB652A
:1028B000254B1B68186A01F013FA244B244A1A604E
:1028C000244B254A1A60A022244B52001A60244B44
:1028D000187801F04DF82000224901F059FA002340
:1028E000A3600233A360204B2049236003232048C8
:1028F000A36001F04DFA10221E4BFF201A608022C7
:1029000052031A60802292031A60802212041A6015
:1029100001F0CEF9012001F00BFAFA20400001F09D
:1029200037F9582001F0CCF9134801F059F901208A
:1029300001F0A6F8072001F00BFA10BD00F00040EE
:1029400000FEFEFF141000403062FF1F0000034035
:102950000180063DBC00034034080000A400034091
:102960004A0AFF1F71020000C3090000FFFF3F0079
:102970002810004000E100E030750000674E336829
:1029800088331B6883F3088801F062F9644A65495B
:10299000136800200B401360634B644A1B6893422A
:1029A00000D1A6E001F0ECF80221614A13688B43E4
:1029B0001360FFF76FFF5F4B5F4C1878C0B201F0F8
:1029C0004FF80023A3600233A3605C4B0120236017
:1029D00001F086F90323A36000F0D2FF040000F0A9
:1029E000F7FF050000F0CCFF554B186001F0D8F858
:1029F000544B1968621A531EA14200D21300802260
:102A0000D203934201D39B029B0A3268D16AC90761
:102A100000D471E04C491C0C09689BB24C435943EB
:102A20002402090A641803264849FC3293680A689C
:102A300047489B1A474A0768126847499B18474A04
:102A40009A1833409208DB190A600360042B03D9FB
:102A5000013233400A6003600E684149A619300014
:102A600001F016F93F4F3E493B68C3183B60300008
:102A7000019301F075F83C4E306808183849306011
:102A8000884205D9019B01333B6001F069F8316050
:102A900001F09EF9354B1B78002B0DD000F098FF0C
:102AA000334B621B196812188A4232D24919091B2A
:102AB000091A304801F06CF92F4E337A002B0ED0F2
:102AC00000F086FF621BF1681218914224D949195F
:102AD000091B091A294801F05BF900233372284BBE
:102AE00083F3088801F074F8002001F049F800F041
:102AF0005FFF01F045F85CE7DC0199000234641ADD
:102B00005900641A09214B438033CB40A408E418D0
:102B100089E7FA218900CCE71A49DBE73062FF1F19
:102B20001CF00040FFFFC1FF0C0AFF1FB64121034C
:102B300010000040490AFF1F14100040C3090000A4
:102B4000100AFF1F340AFF1F380AFF1F200AFF1F49
:102B5000280AFF1F1C0AFF1F240AFF1FC4090000C8
:102B6000710200006008FF1F2C0AFF1F1C09FF1FD5
:102B7000E408FF1F00100040740BFF1F3C100040D2
:102B800000000020DC050000A022054B92009B58AD
:102B900010B5002B01D0984710BD00F091FFFBE766
:102BA0000000FF1FA122054B92009B5810B5002B7F
:102BB00001D0984710BD00F083FFFBE70000FF1F26
:102BC000A222054B92009B5810B5002B01D09847CC
:102BD00010BD00F075FFFBE70000FF1FA322054BAF
:102BE00092009B5810B5002B01D0984710BD00F003
:102BF00067FFFBE70000FF1FA422054B92009B58D4
:102C000010B5002B01D0984710BD00F059FFFBE72D
:102C10000000FF1F70B500F0DBFE4F4B186000F0A6
:102C200097FF0400C30702D401F0C2F870BD002270
:102C30004A4B1A604A4B18780138042829D800F00A
:102C400039FE0320181C2400200000F041FF012859
:102C5000ECD0444C2378042B6ED100F0D1FF002837
:102C6000E4D001F045F8582001F02AF8022323703F
:102C7000DCE7200000F05CFFE9E7200000F0A0FFA7
:102C8000E5E7200000F05CFFE1E7200000F0A8FE8F
:102C9000DDE700F05DFE0500012808D1324B1B780E
:102CA000053B012B03D82000FFF76EFFD1E72D4B2A
:102CB0001B78022B01D0052B20D1022D28D12B4BC4
:102CC0009B7BAB431CD12000FFF76CFF264B187891
:102CD0000128BED16405BCD4244925224B7B034284
:102CE00005D1233A13405A42534126331A000B7D33
:102CF0009342AED9322001F033F8AAE7022D07D172
:102D0000194B1B78052B11D12000FFF759FFDDE788
:102D1000012D0BD1012B03D12000FFF75FFF98E7B6
:102D2000062B03D12000FFF767FF92E7200000F099
:102D3000C7FE022D8DD1C9E7032B04D10C4B987C23
:102D400001F01EF872E7072B00D06FE7094B987B64
:102D500000F0DEFE6AE7C0469C09FF1F9809FF1FCE
:102D60009009FF1F2309FF1F1C09FF1FA60BFF1F50
:102D7000BC0BFF1FD40BFF1FFA210A4B0A4A490064
:102D80001A640A4A5A500A4A04395A50094A083100
:102D90009A64094A5A50094A5C315A50084ADA661C
:102DA0007047C0460000FF1F4527FF1F4128FF1F37
:102DB000F527FF1F2523FF1FB526FF1FC51DFF1F7A
:102DC000991DFF1FF7B50B0CFF270122009300236D
:102DD0003C001E001D009446019089B262469A4054
:102DE0001000084018413618B6B2FF2F02D1012E4C
:102DF00000D19FB2009802401A41AD18ADB2FF2C2D
:102E000002D1012D00D19CB20133102BE6D1032059
:102E1000012E07D1012D04D1019B2401E4191C705E
:102E20000138FEBD102EFCD10238102DF9D0023031
:102E3000F7E700008023F7B59C46264B264F019309
:102E40002649274A274D284C284B02281AD160468C
:102E500038600868264E30408026360330430860CC
:102E600001990978002909D11660224A2A60224A6C
:102E70002260E02219689143A03A1BE08021C90238
:102E80001160F2E766463E600F68194E3E408027AB
:102E9000FF023E430E600199097800290DD11760A9
:102EA00001280ED1154A2A60154A2260E0221968CD
:102EB0009143C03A0A431A60F7BD8021890211602C
:102EC000EEE7E0210F4A02432A600F4A22601A68A7
:102ED0008A43F0E74B0AFF1FE0000340D80003409D
:102EE00090000340000003405000034040000340B6
:102EF000FFFFE3FF0280063D804508220180063D7A
:102F0000806608220080069880550822F8B51E4B7E
:102F100080261A68002014003440324232D11A68E8
:102F20001A4F32431A6001223B68063093433B60DC
:102F300000F0D6FE0122164D2B681E432E603B6822
:102F40000A2613433B608027BF00124B1B683B429D
:102F500011D1013EF6B2FF2E09D17E220E4B1C6824
:102F60002B68E40B1440934323432B6005E00820B7
:102F700000F0B6FEE9E7002EEFD180222B68600852
:102F800093432B60F8BDC046C4F000405CF00040A5
:102F900018F0004068F0004060F0004010B500F00C
:102FA0000FFD01215820034A00F002FEFFF7AEFF9B
:102FB00010BDC046600AFF1F10B5782200210348EB
:102FC00000F0BEFC00F06CFD002010BD2465FF1F6A
:102FD00070B5040000F08CFD00230C200B4A0100AA
:102FE00059438D18515C00290DD0A14208D101230D
:102FF00000246B7000F09CFC00F06AFE200070BDA5
:1030000001330A2BEBD11224F6E7C0462465FF1FDB
:1030100070B5040000F06CFD002319001D000D4A7E
:103020001078002806D0A0420CD1557001310C3226
:103030000A29F5D1002B0AD100F032FD00F048FE3C
:10304000002070BD5078461EB0411B18EEE700F01E
:103050006FFCF3E72465FF1FF7B504000C20002385
:1030600084460E4D019267465F43E85D7E19A0429B
:1030700012D000280BD10A4B9C4662461B780833BD
:103080001370019B70707C557160B360FEBD01339D
:103090000A2BE8D10320F9E70720F7E72465FF1F93
:1030A0002065FF1F8020F8B5484BC0051B68C12470
:1030B0008360474BFF251A68012313434361454B47
:1030C000A4001A68444B40211A60444B1A68444BD0
:1030D0001A60444B1A59AA431A51C52292009E58AD
:1030E000AE433143802699509F583F49F6010F4027
:1030F0003E439E509E5880273602360A30439850F1
:1031000080201A5900020A4002431A5104341A5905
:10311000364E3F04324080263A431A511A59360639
:103120001202120A32431A5108341A5980260A40F0
:1031300002431A51C32292009F58B446AF4337430B
:103140009F509F58294E0F4007439F509F5837402C
:1031500080263604374380269F509F5836063F020C
:103160003F0A37439F50C0221F59AF433A431A5179
:103170001A591202120A1643C6221E5192009C5876
:10318000AC4365462C439C509C5800250C40204382
:103190009850C72080001A58154C1140C0221202C6
:1031A0000A431A50134B1B78DB08AB4201DC0020AA
:1031B000F8BD2378002B06D0A368002B00D09847D9
:1031C00001350C34EEE71220F2E7C0460840FF1F3D
:1031D0000440FF1FB0F000401C65FF1FB4F000402A
:1031E0001865FF1F00E100E0FF00FFFFFFFF00FF89
:1031F0002465FF1F2065FF1F030010B51F2809D895
:10320000072200201340072404490A78A2431343ED
:103210000B7010BD00230620F5E7C0462065FF1F98
:10322000054B06491B780A6805485B0702401B0BE3
:10323000134300200B6070472065FF1F1CF0004007
:10324000FFFFC1FF70B50C25FFF7EAFF0A4B1C78A2
:103250000A4BE4086543ED18002C01D1200070BD35
:103260002B78002B06D06B68002B00D09847013CD0
:103270000C3DF1E71220F2E72065FF1F1865FF1FE4
:103280001FB5002102220B0001910091052000F0E2
:10329000EFFB02230B490A681A42FCD12023039357
:1032A000039B5A1E0392002BFAD1074A1368002B86
:1032B000FCDA0B246C442000012100F0B9FB2078DB
:1032C00004B010BD90C8004000C8004013B5040011
:1032D0000A4B0193019B002B01D1112016BDFFF772
:1032E000CFFF23000340044205D0052000F0F8FC86
:1032F000019B013BEDE71800F0E7C046FFFFFF0729
:1033000007B500F0F5FB80220821D205936A0191F0
:10331000002B01D10739916202210C4A11600199F9
:10332000481E01900029FAD1033111600531019145
:103330000199481E01900029FAD11160002B02D199
:103340008022D205936200F0C3FC07BD00C000409C
:10335000F0B52D4C89B02378002B4FD1FEF7D2FA6F
:1033600002232A4F03903A681A42FCD12023069385
:10337000069B5A1E0692002BFAD1254E3368002B6D
:10338000FCDA0120FFF7A2FF011E02D0112009B0D4
:10339000F0BD030003220190009005AD9F2000F0D6
:1033A00067FB0321280000F043FB02233A681A421E
:1033B000FCD120230793079B5A1E0792002BFAD1BA
:1033C0003368002BFCDA0120FFF780FF0028DDD1F5
:1033D0000398FEF7ABFAAA786B7811041B020B4333
:1033E00029780B4363601300113B0A49052B07D86A
:1033F00001239340A3600B60012323700020C6E7E4
:1034000080231B03F6E7C046F03FFF1F90C8004033
:1034100000C800409808FF1F1E4B30B55A68187846
:103420001D4B85B0D31859424B4101210093002315
:1034300000F02EFB194B1A4A02259A6300221A65E6
:1034400010325A658022C4219D65164B1648D2025F
:10345000DA6789004258154B80241A4080231B04E8
:1034600013434350642341200393E40500F02CF9F7
:10347000402000F029F96562039D6B1E0393002D27
:10348000FAD103236362FFF73BFFA562FFF760FFFA
:1034900005B030BDFC3FFF1F95FFFEF700C80040A0
:1034A000050001FF04E100E000E100E0FFFF00FF94
:1034B00010B5064B18705960FFF7AEFF00211320BE
:1034C000034AFFF7C9FD002010BDC046FC3FFF1FA7
:1034D0001934FF1FF0B587B0029103920400FEF784
:1034E00011FA019000F004FB802302250122234EF3
:1034F000DB0535605D629A6200F0EAFB204F3B68B5
:103500002B42FCD120230493049B5A1E0492002BCF
:10351000FAD11C4D2B68002BFCDA0120FFF7D6FEF8
:10352000002802D0112007B0F0BD2000039A0299B4
:1035300000F0E6F9022304003A681A42FCD1202385
:103540000593059B5A1E0592002BFAD12B68002B80
:10355000FCDA0120FFF7BAFE051EE3D100F0C8FA3D
:1035600080230322DB0535605A629D6200F0B0FBC8
:103570000198FEF7DBF9E0B2D5E7C04600C0004095
:1035800090C8004000C80040F0B5802489B0060013
:10359000FEF7B8F9E405A36A02250393029000F050
:1035A000A7FA0123304F3D606562A36200F090FBF3
:1035B0002E4C23682B42FCD120230593059B5A1ED9
:1035C0000592002BFAD12A4D2B68002BFCDA012042
:1035D000FFF77CFE002803D01124200009B0F0BDC5
:1035E000244B2360022322681A42FCD12023069335
:1035F000069B5A1E0692002BFAD12B68002BFCDA90
:103600000120FFF763FE021EE6D11B4B03211E6063
:10361000030001900090202000F02AFA0223226883
:103620001A42FCD120230793079B5A1E0792002BB6
:10363000FAD12B68002BFCDA0320FFF747FE041EAB
:10364000CAD100F055FA80230322DB053C605A62A0
:103650009C6200F03DFB039B002B01D1FFF750FE65
:103660000298FEF763F9B8E700C0004090C8004038
:1036700000C800400100000694C8004007B50002E1
:1036800001910422000A01A9FFF724FF0EBD0000EA
:1036900073B5050005240B4AA3005B429B1819680B
:1036A0006B46DE1D3000FFF78DFB022804D1337816
:1036B0002B55013CEFD276BD052CFCD00128FAD168
:1036C0000230F8E7140900111F2807D801238022CF
:1036D0008340D20591680B43936070473F2808D818
:1036E0000123802220388340D20551690B43536166
:1036F000F3E75F28F1D80123802240388340D205C8
:10370000116A0B431362E8E71F2807D801228021C2
:103710008240C9058B6893438B6070473F2808D867
:103720000122802120388240C9054B6993434B61B7
:10373000F3E75F28F1D80122802140388240C90593
:103740000B6A93430B62E8E71F2810D8802302001E
:10375000DB05153A1968012A06D820229143196021
:1037600019680A431A60704701228240F6E73F2831
:1037700011D880230200DB05353AD968032A06D820
:1037800010229143D960D9680A43DA60EBE701223D
:1037900020388240F5E75F28E5D842238022181AB6
:1037A000413B8340D205516A99435162516A0B43B0
:1037B0005362D8E710B50400012813D1A02218499C
:1037C00092050B685B015B0913430B60154B164AAE
:1037D00019681140154A0A431A60402219680A43C1
:1037E0001A6010BD0028FCD101000A2000F020FA68
:1037F00021000B2000F01CFAC0220A4B920019682D
:103800000A4340211A601A688A431A60B0220449A8
:1038100012060B685B015B0913430B60E1E7C046CE
:1038200014F000401CF000407F00FEFF80FD01000E
:1038300072B6074A1368013313600422054B1A60FD
:103840000023054A13608022D2055360FEE7C0467C
:103850007808FF1FC0F00040C4F0004005490B6825
:10386000002B05D1044A0A6004490A60044A136027
:103870007047C046140AFF1F841E0000380AFF1F4D
:10388000C4F000400023034A1360034A1360034A54
:103890001360704754F0004040F1004044F1004094
:1038A00002B4714649084900095649008E4402BCD9
:1038B0007047C04602B4714649084900095C490096
:1038C0008E4402BC7047C04603B4714649084000AC
:1038D0004900095E49008E4403BC704703B4714639
:1038E000490840004900095A49008E4403BC70470A
:1038F00001B40248844601BC604700BF2582011123
:1039000001B40248844601BC604700BF95730100C2
:1039100001B40248844601BC604700BFE94C010085
:1039200001B40248844601BC604700BFB3520100A5
:1039300001B40248844601BC604700BF21A90000D1
:1039400001B40248844601BC604700BFB70E0000C6
:1039500001B40248844601BC604700BFDD0C010091
:1039600001B40248844601BC604700BF116E0000EC
:1039700001B40248844601BC604700BFEDA50000C9
:1039800001B40248844601BC604700BF156B0100CA
:1039900001B40248844601BC604700BF893701007A
:1039A00001B40248844601BC604700BFBD5C010011
:1039B00001B40248844601BC604700BF8552010043
:1039C00001B40248844601BC604700BFED680100B5
:1039D00001B40248844601BC604700BFC95C0100D5
:1039E00001B40248844601BC604700BFF9350100BC
:1039F00001B40248844601BC604700BFE9270000CB
:103A000001B40248844601BC604700BF19FA0000B7
:103A100001B40248844601BC604700BFE9F60000DB
:103A200001B40248844601BC604700BFF9ED0000C4
:103A300001B40248844601BC604700BF3D710100EB
:103A400001B40248844601BC604700BFDD3F00006E
:103A500001B40248844601BC604700BFA9D80000F9
:103A600001B40248844601BC604700BF89140100CC
:103A700001B40248844601BC604700BF496D0100A3
:103A800001B40248844601BC604700BFE512010052
:103A900001B40248844601BC604700BFC56D010007
:103AA00001B40248844601BC604700BFADAE0000CF
:103AB00001B40248844601BC604700BF53B900000E
:103AC00001B40248844601BC604700BFE917010009
:103AD00001B40248844601BC604700BF01340100C4
:103AE00001B40248844601BC604700BF0D5201008A
:103AF00001B40248844601BC604700BF75A90000BC
:103B000001B40248844601BC604700BF75F800005C
:103B100001B40248844601BC604700BFC1F7000001
:103B200001B40248844601BC604700BF8D8200009A
:103B300001B40248844601BC604700BF093401005B
:103B400001B40248844601BC604700BFF53501005E
:103B500001B40248844601BC604700BFBD0B0100B0
:103B600001B40248844601BC604700BF090E000052
:103B700001B40248844601BC604700BF6D0B0100E0
:103B800001B40248844601BC604700BF016C0100DB
:103B900001B40248844601BC604700BF85120100A1
:103BA00001B40248844601BC604700BFC166010001
:103BB00001B40248844601BC604700BF01670100B0
:103BC00001B40248844601BC604700BF05340100CF
:103BD00001B40248844601BC604700BF79970000E9
:103BE00001B40248844601BC604700BF8D1101004A
:103BF00001B40248844601BC604700BFD9B0000050
:103C000001B40248844601BC604700BF01D70000F0
:103C100001B40248844601BC604700BF2144000053
:103C200001B40248844601BC604700BFCD0C0100CE
:103C300001B40248844601BC604700BF61660111BF
:103C400001B40248844601BC604700BFE90B010093
:103C500001B40248844601BC604700BFC9A9000006
:103C600001B40248844601BC604700BF71B0000047
:103C700001B40248844601BC604700BF9D6A000051
:103C800001B40248844601BC604700BF5976010078
:103C900001B40248844601BC604700BF090E000021
:103CA00001B40248844601BC604700BF85C10000E2
:103CB00001B40248844601BC604700BFED6B0100BF
:103CC00001B40248844601BC604700BF791201007C
:103CD00001B40248844601BC604700BF9DA90000B2
:103CE00001B40248844601BC604700BF018900005E
:103CF00001B40248844601BC604700BF6DF6000075
:103D000001B40248844601BC604700BFC1150100F0
:103D100001B40248844601BC604700BFCD4C01009D
:103D200001B40248844601BC604700BF51B800009E
:103D300001B40248844601BC604700BF691101001C
:103D400001B40248844601BC604700BFC1A5000021
:103D500001B40248844601BC604700BFF90D010070
:103D600001B40248844601BC604700BF61370100CE
:103D700001B40248844601BC604700BFE9D400009A
:103D800001B40248844601BC604700BF4DF9000001
:103D900001B40248844601BC604700BF2D6C01009D
:103DA00001B40248844601BC604700BF894400005A
:103DB00001B40248844601BC604700BFDD0A01002F
:103DC00001B40248844601BC604700BF8B52010029
:103DD00001B40248844601BC604700BFD5440100DD
:103DE00001B40248844601BC604700BFD1AE000068
:103DF000020000004691011101000000FC8F01113A
:103E0000020000004291011101000000303EFF1F3E
:103E1000020000000490011101000000C85FFF1FB4
:103E2000020000004091011103000000D45DFF1F5B
:103E30001200000002000000469101110100000084
:103E400044900111020000004291011101000000A4
:103E500040900111020000004C900111020000008E
:103E6000E45DFF1F02000000469101110100000007
:103E7000A490011102000000429101110100000014
:103E8000393FFF1F02000000B69001110100000041
:103E90009290011102000000429101110100000006
:103EA000383FFF1F02000000B49001110100000024
:103EB000AC5FFF1F020000004291011101000000F1
:103EC000373FFF1F02000000B29001110100000007
:103ED00082900111020000004291011101000000D6
:103EE000363FFF1F02000000B090011101000000EA
:103EF0007D900111020000004291011101000000BB
:103F0000353FFF1F02000000AE90011101000000CC
:103F1000789001110200000042910111010000009F
:103F2000343FFF1F02000000AC90011101000000AF
:103F30007490011102020202020200003516011102
:103F400031160111968C011190011D001800180006
:103F5000FFFF07010203040506020106000000003E
:103F60000000000000000000000000000000000051
:103F7000000000000000000003000B000500F0003E
:103F80000000B4000028002800283075A000A00020
:103F9000A000A00000080008E001F00010001000E0
:103FA00010001000100010005000500050001000D1
:103FB0001000D0070000000000000F000100050005
:103FC000307507001000010081FF00000000FF00B5
:103FD000553701115D350111ED320111FFFF01006F
:103FE000FF000000C9620111456001115D5F011110
:103FF00000000000000000000000080004000000B5
:104000003B0001085902E00188212800FF00000060
:104010000200000046910111010000002C920111E4
:104020000200000042910111010000008D40FF1FBD
:10403000020000003E91011101000000DC65FF1F3D
:104040000200000042910111010000008C40FF1F9E
:10405000020000003C910111010000008A40FF1F96
:104060000200000042910111010000008840FF1F82
:10407000020000003A910111010000008040FF1F82
:10408000180018001D009001020000030202000049
:104090000200000046910111010000004092011150
:1040A000020000004291011101000000D040FF1FFA
:1040B0000200000038910111000000000000000023
:1040C000020000004091011103000000FC65FF1F89
:0240D00020FFCF
:040000051FFF184180
:00000001FF
